descriptor,variance,std,range,n_unique_values,unique_value_ratio,dominant_value,dominant_value_ratio,is_constant,dominant_value_ge_90pct,dominant_value_ge_95pct,unique_ratio_le_1pct,is_near_constant,descriptor_numeric_type,is_integer_like,is_binary_like,is_low_cardinality,is_continuous_like,is_rare_binary_like
nB,0.0,0.0,0.0,1,0.0005065856129685917,0.0,1.0,True,True,True,True,False,binary_like,True,True,True,False,False
nBondsQ,0.0,0.0,0.0,1,0.0005065856129685917,0.0,1.0,True,True,True,True,False,binary_like,True,True,True,False,False
nHsNH3p,0.0,0.0,0.0,1,0.0005065856129685917,0.0,1.0,True,True,True,True,False,binary_like,True,True,True,False,False
nHssNH2p,0.0,0.0,0.0,1,0.0005065856129685917,0.0,1.0,True,True,True,True,False,binary_like,True,True,True,False,False
nHsssNHp,0.0,0.0,0.0,1,0.0005065856129685917,0.0,1.0,True,True,True,True,False,binary_like,True,True,True,False,False
nHmisc,0.0,0.0,0.0,1,0.0005065856129685917,0.0,1.0,True,True,True,True,False,binary_like,True,True,True,False,False
nsLi,0.0,0.0,0.0,1,0.0005065856129685917,0.0,1.0,True,True,True,True,False,binary_like,True,True,True,False,False
nssBe,0.0,0.0,0.0,1,0.0005065856129685917,0.0,1.0,True,True,True,True,False,binary_like,True,True,True,False,False
nssssBem,0.0,0.0,0.0,1,0.0005065856129685917,0.0,1.0,True,True,True,True,False,binary_like,True,True,True,False,False
nsBH2,0.0,0.0,0.0,1,0.0005065856129685917,0.0,1.0,True,True,True,True,False,binary_like,True,True,True,False,False
nssBH,0.0,0.0,0.0,1,0.0005065856129685917,0.0,1.0,True,True,True,True,False,binary_like,True,True,True,False,False
nsssB,0.0,0.0,0.0,1,0.0005065856129685917,0.0,1.0,True,True,True,True,False,binary_like,True,True,True,False,False
nssssBm,0.0,0.0,0.0,1,0.0005065856129685917,0.0,1.0,True,True,True,True,False,binary_like,True,True,True,False,False
nddC,0.0,0.0,0.0,1,0.0005065856129685917,0.0,1.0,True,True,True,True,False,binary_like,True,True,True,False,False
nsNH3p,0.0,0.0,0.0,1,0.0005065856129685917,0.0,1.0,True,True,True,True,False,binary_like,True,True,True,False,False
nssNH2p,0.0,0.0,0.0,1,0.0005065856129685917,0.0,1.0,True,True,True,True,False,binary_like,True,True,True,False,False
nsssNHp,0.0,0.0,0.0,1,0.0005065856129685917,0.0,1.0,True,True,True,True,False,binary_like,True,True,True,False,False
nddsN,0.0,0.0,0.0,1,0.0005065856129685917,0.0,1.0,True,True,True,True,False,binary_like,True,True,True,False,False
naOm,0.0,0.0,0.0,1,0.0005065856129685917,0.0,1.0,True,True,True,True,False,binary_like,True,True,True,False,False
nsSiH3,0.0,0.0,0.0,1,0.0005065856129685917,0.0,1.0,True,True,True,True,False,binary_like,True,True,True,False,False
nssSiH2,0.0,0.0,0.0,1,0.0005065856129685917,0.0,1.0,True,True,True,True,False,binary_like,True,True,True,False,False
nsssSiH,0.0,0.0,0.0,1,0.0005065856129685917,0.0,1.0,True,True,True,True,False,binary_like,True,True,True,False,False
nssssSi,0.0,0.0,0.0,1,0.0005065856129685917,0.0,1.0,True,True,True,True,False,binary_like,True,True,True,False,False
nsPH2,0.0,0.0,0.0,1,0.0005065856129685917,0.0,1.0,True,True,True,True,False,binary_like,True,True,True,False,False
nssPH,0.0,0.0,0.0,1,0.0005065856129685917,0.0,1.0,True,True,True,True,False,binary_like,True,True,True,False,False
nsssP,0.0,0.0,0.0,1,0.0005065856129685917,0.0,1.0,True,True,True,True,False,binary_like,True,True,True,False,False
nddsP,0.0,0.0,0.0,1,0.0005065856129685917,0.0,1.0,True,True,True,True,False,binary_like,True,True,True,False,False
nsssssP,0.0,0.0,0.0,1,0.0005065856129685917,0.0,1.0,True,True,True,True,False,binary_like,True,True,True,False,False
nssssssS,0.0,0.0,0.0,1,0.0005065856129685917,0.0,1.0,True,True,True,True,False,binary_like,True,True,True,False,False
nSm,0.0,0.0,0.0,1,0.0005065856129685917,0.0,1.0,True,True,True,True,False,binary_like,True,True,True,False,False
nsGeH3,0.0,0.0,0.0,1,0.0005065856129685917,0.0,1.0,True,True,True,True,False,binary_like,True,True,True,False,False
nssGeH2,0.0,0.0,0.0,1,0.0005065856129685917,0.0,1.0,True,True,True,True,False,binary_like,True,True,True,False,False
nsssGeH,0.0,0.0,0.0,1,0.0005065856129685917,0.0,1.0,True,True,True,True,False,binary_like,True,True,True,False,False
nssssGe,0.0,0.0,0.0,1,0.0005065856129685917,0.0,1.0,True,True,True,True,False,binary_like,True,True,True,False,False
nsAsH2,0.0,0.0,0.0,1,0.0005065856129685917,0.0,1.0,True,True,True,True,False,binary_like,True,True,True,False,False
nssAsH,0.0,0.0,0.0,1,0.0005065856129685917,0.0,1.0,True,True,True,True,False,binary_like,True,True,True,False,False
nsssAs,0.0,0.0,0.0,1,0.0005065856129685917,0.0,1.0,True,True,True,True,False,binary_like,True,True,True,False,False
ndsssAs,0.0,0.0,0.0,1,0.0005065856129685917,0.0,1.0,True,True,True,True,False,binary_like,True,True,True,False,False
nddsAs,0.0,0.0,0.0,1,0.0005065856129685917,0.0,1.0,True,True,True,True,False,binary_like,True,True,True,False,False
nsssssAs,0.0,0.0,0.0,1,0.0005065856129685917,0.0,1.0,True,True,True,True,False,binary_like,True,True,True,False,False
nsSeH,0.0,0.0,0.0,1,0.0005065856129685917,0.0,1.0,True,True,True,True,False,binary_like,True,True,True,False,False
ndSe,0.0,0.0,0.0,1,0.0005065856129685917,0.0,1.0,True,True,True,True,False,binary_like,True,True,True,False,False
nssSe,0.0,0.0,0.0,1,0.0005065856129685917,0.0,1.0,True,True,True,True,False,binary_like,True,True,True,False,False
naaSe,0.0,0.0,0.0,1,0.0005065856129685917,0.0,1.0,True,True,True,True,False,binary_like,True,True,True,False,False
ndssSe,0.0,0.0,0.0,1,0.0005065856129685917,0.0,1.0,True,True,True,True,False,binary_like,True,True,True,False,False
nssssssSe,0.0,0.0,0.0,1,0.0005065856129685917,0.0,1.0,True,True,True,True,False,binary_like,True,True,True,False,False
nddssSe,0.0,0.0,0.0,1,0.0005065856129685917,0.0,1.0,True,True,True,True,False,binary_like,True,True,True,False,False
nsSnH3,0.0,0.0,0.0,1,0.0005065856129685917,0.0,1.0,True,True,True,True,False,binary_like,True,True,True,False,False
nssSnH2,0.0,0.0,0.0,1,0.0005065856129685917,0.0,1.0,True,True,True,True,False,binary_like,True,True,True,False,False
nsssSnH,0.0,0.0,0.0,1,0.0005065856129685917,0.0,1.0,True,True,True,True,False,binary_like,True,True,True,False,False
nssssSn,0.0,0.0,0.0,1,0.0005065856129685917,0.0,1.0,True,True,True,True,False,binary_like,True,True,True,False,False
nsPbH3,0.0,0.0,0.0,1,0.0005065856129685917,0.0,1.0,True,True,True,True,False,binary_like,True,True,True,False,False
nssPbH2,0.0,0.0,0.0,1,0.0005065856129685917,0.0,1.0,True,True,True,True,False,binary_like,True,True,True,False,False
nsssPbH,0.0,0.0,0.0,1,0.0005065856129685917,0.0,1.0,True,True,True,True,False,binary_like,True,True,True,False,False
nssssPb,0.0,0.0,0.0,1,0.0005065856129685917,0.0,1.0,True,True,True,True,False,binary_like,True,True,True,False,False
SHsNH3p,0.0,0.0,0.0,1,0.0005065856129685917,0.0,1.0,True,True,True,True,False,binary_like,True,True,True,False,False
SHssNH2p,0.0,0.0,0.0,1,0.0005065856129685917,0.0,1.0,True,True,True,True,False,binary_like,True,True,True,False,False
SHsssNHp,0.0,0.0,0.0,1,0.0005065856129685917,0.0,1.0,True,True,True,True,False,binary_like,True,True,True,False,False
SHmisc,0.0,0.0,0.0,1,0.0005065856129685917,0.0,1.0,True,True,True,True,False,binary_like,True,True,True,False,False
SsLi,0.0,0.0,0.0,1,0.0005065856129685917,0.0,1.0,True,True,True,True,False,binary_like,True,True,True,False,False
SssBe,0.0,0.0,0.0,1,0.0005065856129685917,0.0,1.0,True,True,True,True,False,binary_like,True,True,True,False,False
SssssBem,0.0,0.0,0.0,1,0.0005065856129685917,0.0,1.0,True,True,True,True,False,binary_like,True,True,True,False,False
SsBH2,0.0,0.0,0.0,1,0.0005065856129685917,0.0,1.0,True,True,True,True,False,binary_like,True,True,True,False,False
SssBH,0.0,0.0,0.0,1,0.0005065856129685917,0.0,1.0,True,True,True,True,False,binary_like,True,True,True,False,False
SsssB,0.0,0.0,0.0,1,0.0005065856129685917,0.0,1.0,True,True,True,True,False,binary_like,True,True,True,False,False
SssssBm,0.0,0.0,0.0,1,0.0005065856129685917,0.0,1.0,True,True,True,True,False,binary_like,True,True,True,False,False
SddC,0.0,0.0,0.0,1,0.0005065856129685917,0.0,1.0,True,True,True,True,False,binary_like,True,True,True,False,False
SsNH3p,0.0,0.0,0.0,1,0.0005065856129685917,0.0,1.0,True,True,True,True,False,binary_like,True,True,True,False,False
SssNH2p,0.0,0.0,0.0,1,0.0005065856129685917,0.0,1.0,True,True,True,True,False,binary_like,True,True,True,False,False
SsssNHp,0.0,0.0,0.0,1,0.0005065856129685917,0.0,1.0,True,True,True,True,False,binary_like,True,True,True,False,False
SddsN,0.0,0.0,0.0,1,0.0005065856129685917,0.0,1.0,True,True,True,True,False,binary_like,True,True,True,False,False
SaOm,0.0,0.0,0.0,1,0.0005065856129685917,0.0,1.0,True,True,True,True,False,binary_like,True,True,True,False,False
SsSiH3,0.0,0.0,0.0,1,0.0005065856129685917,0.0,1.0,True,True,True,True,False,binary_like,True,True,True,False,False
SssSiH2,0.0,0.0,0.0,1,0.0005065856129685917,0.0,1.0,True,True,True,True,False,binary_like,True,True,True,False,False
SsssSiH,0.0,0.0,0.0,1,0.0005065856129685917,0.0,1.0,True,True,True,True,False,binary_like,True,True,True,False,False
SssssSi,0.0,0.0,0.0,1,0.0005065856129685917,0.0,1.0,True,True,True,True,False,binary_like,True,True,True,False,False
SsPH2,0.0,0.0,0.0,1,0.0005065856129685917,0.0,1.0,True,True,True,True,False,binary_like,True,True,True,False,False
SssPH,0.0,0.0,0.0,1,0.0005065856129685917,0.0,1.0,True,True,True,True,False,binary_like,True,True,True,False,False
SsssP,0.0,0.0,0.0,1,0.0005065856129685917,0.0,1.0,True,True,True,True,False,binary_like,True,True,True,False,False
SddsP,0.0,0.0,0.0,1,0.0005065856129685917,0.0,1.0,True,True,True,True,False,binary_like,True,True,True,False,False
SsssssP,0.0,0.0,0.0,1,0.0005065856129685917,0.0,1.0,True,True,True,True,False,binary_like,True,True,True,False,False
SssssssS,0.0,0.0,0.0,1,0.0005065856129685917,0.0,1.0,True,True,True,True,False,binary_like,True,True,True,False,False
SSm,0.0,0.0,0.0,1,0.0005065856129685917,0.0,1.0,True,True,True,True,False,binary_like,True,True,True,False,False
SsGeH3,0.0,0.0,0.0,1,0.0005065856129685917,0.0,1.0,True,True,True,True,False,binary_like,True,True,True,False,False
SssGeH2,0.0,0.0,0.0,1,0.0005065856129685917,0.0,1.0,True,True,True,True,False,binary_like,True,True,True,False,False
SsssGeH,0.0,0.0,0.0,1,0.0005065856129685917,0.0,1.0,True,True,True,True,False,binary_like,True,True,True,False,False
SssssGe,0.0,0.0,0.0,1,0.0005065856129685917,0.0,1.0,True,True,True,True,False,binary_like,True,True,True,False,False
SsAsH2,0.0,0.0,0.0,1,0.0005065856129685917,0.0,1.0,True,True,True,True,False,binary_like,True,True,True,False,False
SssAsH,0.0,0.0,0.0,1,0.0005065856129685917,0.0,1.0,True,True,True,True,False,binary_like,True,True,True,False,False
SsssAs,0.0,0.0,0.0,1,0.0005065856129685917,0.0,1.0,True,True,True,True,False,binary_like,True,True,True,False,False
SdsssAs,0.0,0.0,0.0,1,0.0005065856129685917,0.0,1.0,True,True,True,True,False,binary_like,True,True,True,False,False
SddsAs,0.0,0.0,0.0,1,0.0005065856129685917,0.0,1.0,True,True,True,True,False,binary_like,True,True,True,False,False
SsssssAs,0.0,0.0,0.0,1,0.0005065856129685917,0.0,1.0,True,True,True,True,False,binary_like,True,True,True,False,False
SsSeH,0.0,0.0,0.0,1,0.0005065856129685917,0.0,1.0,True,True,True,True,False,binary_like,True,True,True,False,False
SdSe,0.0,0.0,0.0,1,0.0005065856129685917,0.0,1.0,True,True,True,True,False,binary_like,True,True,True,False,False
SssSe,0.0,0.0,0.0,1,0.0005065856129685917,0.0,1.0,True,True,True,True,False,binary_like,True,True,True,False,False
SaaSe,0.0,0.0,0.0,1,0.0005065856129685917,0.0,1.0,True,True,True,True,False,binary_like,True,True,True,False,False
SdssSe,0.0,0.0,0.0,1,0.0005065856129685917,0.0,1.0,True,True,True,True,False,binary_like,True,True,True,False,False
SssssssSe,0.0,0.0,0.0,1,0.0005065856129685917,0.0,1.0,True,True,True,True,False,binary_like,True,True,True,False,False
SddssSe,0.0,0.0,0.0,1,0.0005065856129685917,0.0,1.0,True,True,True,True,False,binary_like,True,True,True,False,False
SsSnH3,0.0,0.0,0.0,1,0.0005065856129685917,0.0,1.0,True,True,True,True,False,binary_like,True,True,True,False,False
SssSnH2,0.0,0.0,0.0,1,0.0005065856129685917,0.0,1.0,True,True,True,True,False,binary_like,True,True,True,False,False
SsssSnH,0.0,0.0,0.0,1,0.0005065856129685917,0.0,1.0,True,True,True,True,False,binary_like,True,True,True,False,False
SssssSn,0.0,0.0,0.0,1,0.0005065856129685917,0.0,1.0,True,True,True,True,False,binary_like,True,True,True,False,False
SsPbH3,0.0,0.0,0.0,1,0.0005065856129685917,0.0,1.0,True,True,True,True,False,binary_like,True,True,True,False,False
SssPbH2,0.0,0.0,0.0,1,0.0005065856129685917,0.0,1.0,True,True,True,True,False,binary_like,True,True,True,False,False
SsssPbH,0.0,0.0,0.0,1,0.0005065856129685917,0.0,1.0,True,True,True,True,False,binary_like,True,True,True,False,False
SssssPb,0.0,0.0,0.0,1,0.0005065856129685917,0.0,1.0,True,True,True,True,False,binary_like,True,True,True,False,False
minHsNH3p,0.0,0.0,0.0,1,0.0005065856129685917,0.0,1.0,True,True,True,True,False,binary_like,True,True,True,False,False
minHssNH2p,0.0,0.0,0.0,1,0.0005065856129685917,0.0,1.0,True,True,True,True,False,binary_like,True,True,True,False,False
minHsssNHp,0.0,0.0,0.0,1,0.0005065856129685917,0.0,1.0,True,True,True,True,False,binary_like,True,True,True,False,False
minHmisc,0.0,0.0,0.0,1,0.0005065856129685917,0.0,1.0,True,True,True,True,False,binary_like,True,True,True,False,False
minsLi,0.0,0.0,0.0,1,0.0005065856129685917,0.0,1.0,True,True,True,True,False,binary_like,True,True,True,False,False
minssBe,0.0,0.0,0.0,1,0.0005065856129685917,0.0,1.0,True,True,True,True,False,binary_like,True,True,True,False,False
minssssBem,0.0,0.0,0.0,1,0.0005065856129685917,0.0,1.0,True,True,True,True,False,binary_like,True,True,True,False,False
minsBH2,0.0,0.0,0.0,1,0.0005065856129685917,0.0,1.0,True,True,True,True,False,binary_like,True,True,True,False,False
minssBH,0.0,0.0,0.0,1,0.0005065856129685917,0.0,1.0,True,True,True,True,False,binary_like,True,True,True,False,False
minsssB,0.0,0.0,0.0,1,0.0005065856129685917,0.0,1.0,True,True,True,True,False,binary_like,True,True,True,False,False
minssssBm,0.0,0.0,0.0,1,0.0005065856129685917,0.0,1.0,True,True,True,True,False,binary_like,True,True,True,False,False
minddC,0.0,0.0,0.0,1,0.0005065856129685917,0.0,1.0,True,True,True,True,False,binary_like,True,True,True,False,False
minsNH3p,0.0,0.0,0.0,1,0.0005065856129685917,0.0,1.0,True,True,True,True,False,binary_like,True,True,True,False,False
minssNH2p,0.0,0.0,0.0,1,0.0005065856129685917,0.0,1.0,True,True,True,True,False,binary_like,True,True,True,False,False
minsssNHp,0.0,0.0,0.0,1,0.0005065856129685917,0.0,1.0,True,True,True,True,False,binary_like,True,True,True,False,False
minddsN,0.0,0.0,0.0,1,0.0005065856129685917,0.0,1.0,True,True,True,True,False,binary_like,True,True,True,False,False
minaOm,0.0,0.0,0.0,1,0.0005065856129685917,0.0,1.0,True,True,True,True,False,binary_like,True,True,True,False,False
minsSiH3,0.0,0.0,0.0,1,0.0005065856129685917,0.0,1.0,True,True,True,True,False,binary_like,True,True,True,False,False
minssSiH2,0.0,0.0,0.0,1,0.0005065856129685917,0.0,1.0,True,True,True,True,False,binary_like,True,True,True,False,False
minsssSiH,0.0,0.0,0.0,1,0.0005065856129685917,0.0,1.0,True,True,True,True,False,binary_like,True,True,True,False,False
minssssSi,0.0,0.0,0.0,1,0.0005065856129685917,0.0,1.0,True,True,True,True,False,binary_like,True,True,True,False,False
minsPH2,0.0,0.0,0.0,1,0.0005065856129685917,0.0,1.0,True,True,True,True,False,binary_like,True,True,True,False,False
minssPH,0.0,0.0,0.0,1,0.0005065856129685917,0.0,1.0,True,True,True,True,False,binary_like,True,True,True,False,False
minsssP,0.0,0.0,0.0,1,0.0005065856129685917,0.0,1.0,True,True,True,True,False,binary_like,True,True,True,False,False
minddsP,0.0,0.0,0.0,1,0.0005065856129685917,0.0,1.0,True,True,True,True,False,binary_like,True,True,True,False,False
minsssssP,0.0,0.0,0.0,1,0.0005065856129685917,0.0,1.0,True,True,True,True,False,binary_like,True,True,True,False,False
minssssssS,0.0,0.0,0.0,1,0.0005065856129685917,0.0,1.0,True,True,True,True,False,binary_like,True,True,True,False,False
minSm,0.0,0.0,0.0,1,0.0005065856129685917,0.0,1.0,True,True,True,True,False,binary_like,True,True,True,False,False
minsGeH3,0.0,0.0,0.0,1,0.0005065856129685917,0.0,1.0,True,True,True,True,False,binary_like,True,True,True,False,False
minssGeH2,0.0,0.0,0.0,1,0.0005065856129685917,0.0,1.0,True,True,True,True,False,binary_like,True,True,True,False,False
minsssGeH,0.0,0.0,0.0,1,0.0005065856129685917,0.0,1.0,True,True,True,True,False,binary_like,True,True,True,False,False
minssssGe,0.0,0.0,0.0,1,0.0005065856129685917,0.0,1.0,True,True,True,True,False,binary_like,True,True,True,False,False
minsAsH2,0.0,0.0,0.0,1,0.0005065856129685917,0.0,1.0,True,True,True,True,False,binary_like,True,True,True,False,False
minssAsH,0.0,0.0,0.0,1,0.0005065856129685917,0.0,1.0,True,True,True,True,False,binary_like,True,True,True,False,False
minsssAs,0.0,0.0,0.0,1,0.0005065856129685917,0.0,1.0,True,True,True,True,False,binary_like,True,True,True,False,False
mindsssAs,0.0,0.0,0.0,1,0.0005065856129685917,0.0,1.0,True,True,True,True,False,binary_like,True,True,True,False,False
minddsAs,0.0,0.0,0.0,1,0.0005065856129685917,0.0,1.0,True,True,True,True,False,binary_like,True,True,True,False,False
minsssssAs,0.0,0.0,0.0,1,0.0005065856129685917,0.0,1.0,True,True,True,True,False,binary_like,True,True,True,False,False
minsSeH,0.0,0.0,0.0,1,0.0005065856129685917,0.0,1.0,True,True,True,True,False,binary_like,True,True,True,False,False
mindSe,0.0,0.0,0.0,1,0.0005065856129685917,0.0,1.0,True,True,True,True,False,binary_like,True,True,True,False,False
minssSe,0.0,0.0,0.0,1,0.0005065856129685917,0.0,1.0,True,True,True,True,False,binary_like,True,True,True,False,False
minaaSe,0.0,0.0,0.0,1,0.0005065856129685917,0.0,1.0,True,True,True,True,False,binary_like,True,True,True,False,False
mindssSe,0.0,0.0,0.0,1,0.0005065856129685917,0.0,1.0,True,True,True,True,False,binary_like,True,True,True,False,False
minssssssSe,0.0,0.0,0.0,1,0.0005065856129685917,0.0,1.0,True,True,True,True,False,binary_like,True,True,True,False,False
minddssSe,0.0,0.0,0.0,1,0.0005065856129685917,0.0,1.0,True,True,True,True,False,binary_like,True,True,True,False,False
minsSnH3,0.0,0.0,0.0,1,0.0005065856129685917,0.0,1.0,True,True,True,True,False,binary_like,True,True,True,False,False
minssSnH2,0.0,0.0,0.0,1,0.0005065856129685917,0.0,1.0,True,True,True,True,False,binary_like,True,True,True,False,False
minsssSnH,0.0,0.0,0.0,1,0.0005065856129685917,0.0,1.0,True,True,True,True,False,binary_like,True,True,True,False,False
minssssSn,0.0,0.0,0.0,1,0.0005065856129685917,0.0,1.0,True,True,True,True,False,binary_like,True,True,True,False,False
minsPbH3,0.0,0.0,0.0,1,0.0005065856129685917,0.0,1.0,True,True,True,True,False,binary_like,True,True,True,False,False
minssPbH2,0.0,0.0,0.0,1,0.0005065856129685917,0.0,1.0,True,True,True,True,False,binary_like,True,True,True,False,False
minsssPbH,0.0,0.0,0.0,1,0.0005065856129685917,0.0,1.0,True,True,True,True,False,binary_like,True,True,True,False,False
minssssPb,0.0,0.0,0.0,1,0.0005065856129685917,0.0,1.0,True,True,True,True,False,binary_like,True,True,True,False,False
maxHsNH3p,0.0,0.0,0.0,1,0.0005065856129685917,0.0,1.0,True,True,True,True,False,binary_like,True,True,True,False,False
maxHssNH2p,0.0,0.0,0.0,1,0.0005065856129685917,0.0,1.0,True,True,True,True,False,binary_like,True,True,True,False,False
maxHsssNHp,0.0,0.0,0.0,1,0.0005065856129685917,0.0,1.0,True,True,True,True,False,binary_like,True,True,True,False,False
maxHmisc,0.0,0.0,0.0,1,0.0005065856129685917,0.0,1.0,True,True,True,True,False,binary_like,True,True,True,False,False
maxsLi,0.0,0.0,0.0,1,0.0005065856129685917,0.0,1.0,True,True,True,True,False,binary_like,True,True,True,False,False
maxssBe,0.0,0.0,0.0,1,0.0005065856129685917,0.0,1.0,True,True,True,True,False,binary_like,True,True,True,False,False
maxssssBem,0.0,0.0,0.0,1,0.0005065856129685917,0.0,1.0,True,True,True,True,False,binary_like,True,True,True,False,False
maxsBH2,0.0,0.0,0.0,1,0.0005065856129685917,0.0,1.0,True,True,True,True,False,binary_like,True,True,True,False,False
maxssBH,0.0,0.0,0.0,1,0.0005065856129685917,0.0,1.0,True,True,True,True,False,binary_like,True,True,True,False,False
maxsssB,0.0,0.0,0.0,1,0.0005065856129685917,0.0,1.0,True,True,True,True,False,binary_like,True,True,True,False,False
maxssssBm,0.0,0.0,0.0,1,0.0005065856129685917,0.0,1.0,True,True,True,True,False,binary_like,True,True,True,False,False
maxddC,0.0,0.0,0.0,1,0.0005065856129685917,0.0,1.0,True,True,True,True,False,binary_like,True,True,True,False,False
maxsNH3p,0.0,0.0,0.0,1,0.0005065856129685917,0.0,1.0,True,True,True,True,False,binary_like,True,True,True,False,False
maxssNH2p,0.0,0.0,0.0,1,0.0005065856129685917,0.0,1.0,True,True,True,True,False,binary_like,True,True,True,False,False
maxsssNHp,0.0,0.0,0.0,1,0.0005065856129685917,0.0,1.0,True,True,True,True,False,binary_like,True,True,True,False,False
maxddsN,0.0,0.0,0.0,1,0.0005065856129685917,0.0,1.0,True,True,True,True,False,binary_like,True,True,True,False,False
maxaOm,0.0,0.0,0.0,1,0.0005065856129685917,0.0,1.0,True,True,True,True,False,binary_like,True,True,True,False,False
maxsSiH3,0.0,0.0,0.0,1,0.0005065856129685917,0.0,1.0,True,True,True,True,False,binary_like,True,True,True,False,False
maxssSiH2,0.0,0.0,0.0,1,0.0005065856129685917,0.0,1.0,True,True,True,True,False,binary_like,True,True,True,False,False
maxsssSiH,0.0,0.0,0.0,1,0.0005065856129685917,0.0,1.0,True,True,True,True,False,binary_like,True,True,True,False,False
maxssssSi,0.0,0.0,0.0,1,0.0005065856129685917,0.0,1.0,True,True,True,True,False,binary_like,True,True,True,False,False
maxsPH2,0.0,0.0,0.0,1,0.0005065856129685917,0.0,1.0,True,True,True,True,False,binary_like,True,True,True,False,False
maxssPH,0.0,0.0,0.0,1,0.0005065856129685917,0.0,1.0,True,True,True,True,False,binary_like,True,True,True,False,False
maxsssP,0.0,0.0,0.0,1,0.0005065856129685917,0.0,1.0,True,True,True,True,False,binary_like,True,True,True,False,False
maxdsssP,0.0,0.0,0.0,1,0.0005065856129685917,0.0,1.0,True,True,True,True,False,binary_like,True,True,True,False,False
maxddsP,0.0,0.0,0.0,1,0.0005065856129685917,0.0,1.0,True,True,True,True,False,binary_like,True,True,True,False,False
maxsssssP,0.0,0.0,0.0,1,0.0005065856129685917,0.0,1.0,True,True,True,True,False,binary_like,True,True,True,False,False
maxssS,0.0,0.0,0.0,1,0.0005065856129685917,0.0,1.0,True,True,True,True,False,binary_like,True,True,True,False,False
maxaaS,0.0,0.0,0.0,1,0.0005065856129685917,0.0,1.0,True,True,True,True,False,binary_like,True,True,True,False,False
maxdssS,0.0,0.0,0.0,1,0.0005065856129685917,0.0,1.0,True,True,True,True,False,binary_like,True,True,True,False,False
maxddssS,0.0,0.0,0.0,1,0.0005065856129685917,0.0,1.0,True,True,True,True,False,binary_like,True,True,True,False,False
maxssssssS,0.0,0.0,0.0,1,0.0005065856129685917,0.0,1.0,True,True,True,True,False,binary_like,True,True,True,False,False
maxSm,0.0,0.0,0.0,1,0.0005065856129685917,0.0,1.0,True,True,True,True,False,binary_like,True,True,True,False,False
maxsGeH3,0.0,0.0,0.0,1,0.0005065856129685917,0.0,1.0,True,True,True,True,False,binary_like,True,True,True,False,False
maxssGeH2,0.0,0.0,0.0,1,0.0005065856129685917,0.0,1.0,True,True,True,True,False,binary_like,True,True,True,False,False
maxsssGeH,0.0,0.0,0.0,1,0.0005065856129685917,0.0,1.0,True,True,True,True,False,binary_like,True,True,True,False,False
maxssssGe,0.0,0.0,0.0,1,0.0005065856129685917,0.0,1.0,True,True,True,True,False,binary_like,True,True,True,False,False
maxsAsH2,0.0,0.0,0.0,1,0.0005065856129685917,0.0,1.0,True,True,True,True,False,binary_like,True,True,True,False,False
maxssAsH,0.0,0.0,0.0,1,0.0005065856129685917,0.0,1.0,True,True,True,True,False,binary_like,True,True,True,False,False
maxsssAs,0.0,0.0,0.0,1,0.0005065856129685917,0.0,1.0,True,True,True,True,False,binary_like,True,True,True,False,False
maxdsssAs,0.0,0.0,0.0,1,0.0005065856129685917,0.0,1.0,True,True,True,True,False,binary_like,True,True,True,False,False
maxddsAs,0.0,0.0,0.0,1,0.0005065856129685917,0.0,1.0,True,True,True,True,False,binary_like,True,True,True,False,False
maxsssssAs,0.0,0.0,0.0,1,0.0005065856129685917,0.0,1.0,True,True,True,True,False,binary_like,True,True,True,False,False
maxsSeH,0.0,0.0,0.0,1,0.0005065856129685917,0.0,1.0,True,True,True,True,False,binary_like,True,True,True,False,False
maxdSe,0.0,0.0,0.0,1,0.0005065856129685917,0.0,1.0,True,True,True,True,False,binary_like,True,True,True,False,False
maxssSe,0.0,0.0,0.0,1,0.0005065856129685917,0.0,1.0,True,True,True,True,False,binary_like,True,True,True,False,False
maxaaSe,0.0,0.0,0.0,1,0.0005065856129685917,0.0,1.0,True,True,True,True,False,binary_like,True,True,True,False,False
maxdssSe,0.0,0.0,0.0,1,0.0005065856129685917,0.0,1.0,True,True,True,True,False,binary_like,True,True,True,False,False
maxssssssSe,0.0,0.0,0.0,1,0.0005065856129685917,0.0,1.0,True,True,True,True,False,binary_like,True,True,True,False,False
maxddssSe,0.0,0.0,0.0,1,0.0005065856129685917,0.0,1.0,True,True,True,True,False,binary_like,True,True,True,False,False
maxsSnH3,0.0,0.0,0.0,1,0.0005065856129685917,0.0,1.0,True,True,True,True,False,binary_like,True,True,True,False,False
maxssSnH2,0.0,0.0,0.0,1,0.0005065856129685917,0.0,1.0,True,True,True,True,False,binary_like,True,True,True,False,False
maxsssSnH,0.0,0.0,0.0,1,0.0005065856129685917,0.0,1.0,True,True,True,True,False,binary_like,True,True,True,False,False
maxssssSn,0.0,0.0,0.0,1,0.0005065856129685917,0.0,1.0,True,True,True,True,False,binary_like,True,True,True,False,False
maxsI,0.0,0.0,0.0,1,0.0005065856129685917,0.0,1.0,True,True,True,True,False,binary_like,True,True,True,False,False
maxsPbH3,0.0,0.0,0.0,1,0.0005065856129685917,0.0,1.0,True,True,True,True,False,binary_like,True,True,True,False,False
maxssPbH2,0.0,0.0,0.0,1,0.0005065856129685917,0.0,1.0,True,True,True,True,False,binary_like,True,True,True,False,False
maxsssPbH,0.0,0.0,0.0,1,0.0005065856129685917,0.0,1.0,True,True,True,True,False,binary_like,True,True,True,False,False
maxssssPb,0.0,0.0,0.0,1,0.0005065856129685917,0.0,1.0,True,True,True,True,False,binary_like,True,True,True,False,False
n9Ring,0.0,0.0,0.0,1,0.0005065856129685917,0.0,1.0,True,True,True,True,False,binary_like,True,True,True,False,False
n10Ring,0.0,0.0,0.0,1,0.0005065856129685917,0.0,1.0,True,True,True,True,False,binary_like,True,True,True,False,False
n11Ring,0.0,0.0,0.0,1,0.0005065856129685917,0.0,1.0,True,True,True,True,False,binary_like,True,True,True,False,False
nF4Ring,0.0,0.0,0.0,1,0.0005065856129685917,0.0,1.0,True,True,True,True,False,binary_like,True,True,True,False,False
nF5Ring,0.0,0.0,0.0,1,0.0005065856129685917,0.0,1.0,True,True,True,True,False,binary_like,True,True,True,False,False
nHsSH,0.0005063289839853334,0.02250175513121884,1.0,2,0.0010131712259371835,0.0,0.9994934143870314,False,True,True,True,True,binary_like,True,True,True,False,True
nssssNp,0.0005063289839853278,0.022501755131218715,1.0,2,0.0010131712259371835,0.0,0.9994934143870314,False,True,True,True,True,binary_like,True,True,True,False,True
nsSH,0.0005063289839853334,0.02250175513121884,1.0,2,0.0010131712259371835,0.0,0.9994934143870314,False,True,True,True,True,binary_like,True,True,True,False,True
ndssS,0.000506328983985344,0.022501755131219076,1.0,2,0.0010131712259371835,0.0,0.9994934143870314,False,True,True,True,True,binary_like,True,True,True,False,True
SHsSH,0.0001908712163289914,0.013815614945741336,0.613979436945055,2,0.0010131712259371835,0.0,0.9994934143870314,False,True,True,True,True,continuous_float_like,False,False,True,True,False
SssssNp,0.0003821661629169767,0.019549070640748543,0.868779814141093,2,0.0010131712259371835,0.0,0.9994934143870314,False,True,True,True,True,continuous_float_like,False,False,True,True,False
SsSH,4.604483910161826e-05,0.00678563476040512,0.301560243671434,2,0.0010131712259371835,0.0,0.9994934143870314,False,True,True,True,True,continuous_float_like,False,False,True,True,False
SdssS,0.00564695500023463,0.07514622412493278,3.33957167726314,2,0.0010131712259371835,0.0,0.9994934143870314,False,True,True,True,True,continuous_float_like,False,False,True,True,False
minHsSH,0.0001908712163289914,0.013815614945741336,0.613979436945055,2,0.0010131712259371835,0.0,0.9994934143870314,False,True,True,True,True,continuous_float_like,False,False,True,True,False
minssssNp,0.0003821661629169767,0.019549070640748543,0.868779814141093,2,0.0010131712259371835,0.0,0.9994934143870314,False,True,True,True,True,continuous_float_like,False,False,True,True,False
minsSH,4.604483910161826e-05,0.00678563476040512,0.301560243671434,2,0.0010131712259371835,0.0,0.9994934143870314,False,True,True,True,True,continuous_float_like,False,False,True,True,False
mindssS,0.00564695500023463,0.07514622412493278,3.33957167726314,2,0.0010131712259371835,0.0,0.9994934143870314,False,True,True,True,True,continuous_float_like,False,False,True,True,False
maxHsSH,0.0001908712163289914,0.013815614945741336,0.613979436945055,2,0.0010131712259371835,0.0,0.9994934143870314,False,True,True,True,True,continuous_float_like,False,False,True,True,False
maxssssNp,0.0003821661629169767,0.019549070640748543,0.868779814141093,2,0.0010131712259371835,0.0,0.9994934143870314,False,True,True,True,True,continuous_float_like,False,False,True,True,False
maxsSH,4.604483910161826e-05,0.00678563476040512,0.301560243671434,2,0.0010131712259371835,0.0,0.9994934143870314,False,True,True,True,True,continuous_float_like,False,False,True,True,False
n12Ring,0.0005063289839853305,0.022501755131218777,1.0,2,0.0010131712259371835,0.0,0.9994934143870314,False,True,True,True,True,binary_like,True,True,True,False,True
nP,0.001012144710004147,0.031814221819874,1.0,2,0.0010131712259371835,0.0,0.9989868287740629,False,True,True,True,True,binary_like,True,True,True,False,True
ndsssP,0.001012144710004147,0.031814221819874,1.0,2,0.0010131712259371835,0.0,0.9989868287740629,False,True,True,True,True,binary_like,True,True,True,False,True
SdsssP,0.033546657370851905,0.18315746605271624,5.76270855641639,3,0.001519756838905775,0.0,0.9989868287740629,False,True,True,True,True,continuous_float_like,False,False,True,True,False
mindsssP,0.033546657370851905,0.18315746605271624,5.76270855641639,3,0.001519756838905775,0.0,0.9989868287740629,False,True,True,True,True,continuous_float_like,False,False,True,True,False
nI,0.005056617486288301,0.07110989724565984,2.0,3,0.001519756838905775,0.0,0.9979736575481256,False,True,True,True,True,integer_low_cardinality,True,False,True,False,False
nsI,0.005056617486288301,0.07110989724565984,2.0,3,0.001519756838905775,0.0,0.9979736575481256,False,True,True,True,True,integer_low_cardinality,True,False,True,False,False
SsI,1.0367040076945712e-05,0.0032197888248991905,0.0970584326211876,5,0.0025329280648429585,0.0,0.9979736575481256,False,True,True,True,True,continuous_float_like,False,False,True,True,False
minsI,4.543528882557375e-06,0.0021315555077354603,0.059350263780409,5,0.0025329280648429585,0.0,0.9979736575481256,False,True,True,True,True,continuous_float_like,False,False,True,True,False
ETA_dPsi_B,1.2856544682698861e-06,0.0011338670417072217,0.03763,5,0.0025329280648429585,0.0,0.9979736575481256,False,True,True,True,True,continuous_float_like,False,False,True,True,False
n8Ring,0.002022236388142066,0.04496928271767369,1.0,2,0.0010131712259371835,0.0,0.9979736575481256,False,True,True,True,True,binary_like,True,True,True,False,True
nG12Ring,0.002526512340261321,0.0502644242010323,1.0,2,0.0010131712259371835,0.0,0.997467071935157,False,True,True,True,True,binary_like,True,True,True,False,True
nF7Ring,0.005049431874756686,0.07105935459006567,2.0,3,0.001519756838905775,0.0,0.9964539007092199,False,True,True,True,True,integer_low_cardinality,True,False,True,False,False
SCH-3,0.0004892962099728284,0.0221200409125487,0.288675134594812,3,0.001519756838905775,0.0,0.9934143870314083,False,True,True,True,True,continuous_float_like,False,False,True,True,False
VCH-3,0.0004892962099728284,0.0221200409125487,0.288675134594812,3,0.001519756838905775,0.0,0.9934143870314083,False,True,True,True,True,continuous_float_like,False,False,True,True,False
n3Ring,0.006542242670419788,0.08088413114090914,1.0,2,0.0010131712259371835,0.0,0.9934143870314083,False,True,True,True,True,binary_like,True,True,True,False,True
nHdNH,0.04692537947727657,0.2166226661207838,8.0,4,0.002026342451874367,0.0,0.9924012158054711,False,True,True,True,True,integer_low_cardinality,True,False,True,False,False
ndNH,0.04692537947727657,0.2166226661207838,8.0,4,0.002026342451874367,0.0,0.9924012158054711,False,True,True,True,True,integer_low_cardinality,True,False,True,False,False
SHdNH,0.012530990719883218,0.1119419077909753,4.02478287780452,15,0.007598784194528876,0.0,0.9924012158054711,False,True,True,True,True,continuous_float_like,False,False,True,True,False
SdNH,2.730155804997717,1.6523183122503111,61.4886756289317,15,0.007598784194528876,0.0,0.9924012158054711,False,True,True,True,True,continuous_float_like,False,False,True,True,False
minHdNH,0.0022426020076778113,0.04735611900987888,0.663650388587482,15,0.007598784194528876,0.0,0.9924012158054711,False,True,True,True,True,continuous_float_like,False,False,True,True,False
mindNH,0.4230146642189657,0.6503957750623582,8.78142118073124,15,0.007598784194528876,0.0,0.9924012158054711,False,True,True,True,True,continuous_float_like,False,False,True,True,False
maxHdNH,0.002398666800352067,0.04897618605355124,0.663650388587482,15,0.007598784194528876,0.0,0.9924012158054711,False,True,True,True,True,continuous_float_like,False,False,True,True,False
maxdNH,0.4355143992563773,0.6599351477655795,8.78142118073124,15,0.007598784194528876,0.0,0.9924012158054711,False,True,True,True,True,continuous_float_like,False,False,True,True,False
nHtCH,0.008537789644302404,0.09240016041275255,1.0,2,0.0010131712259371835,0.0,0.9913880445795339,False,True,True,True,True,binary_like,True,True,True,False,True
ntCH,0.008537789644302404,0.09240016041275255,1.0,2,0.0010131712259371835,0.0,0.9913880445795339,False,True,True,True,True,binary_like,True,True,True,False,True
SHtCH,0.0022309211784573867,0.04723262832468025,0.630461517749126,17,0.008611955420466059,0.0,0.9913880445795339,False,True,True,True,True,continuous_float_like,False,False,True,True,False
StCH,0.2741796275173284,0.52362164538656,6.07662359851348,17,0.008611955420466059,0.0,0.9913880445795339,False,True,True,True,True,continuous_float_like,False,False,True,True,False
minHtCH,0.0022309211784573867,0.04723262832468025,0.630461517749126,17,0.008611955420466059,0.0,0.9913880445795339,False,True,True,True,True,continuous_float_like,False,False,True,True,False
mintCH,0.2741796275173284,0.52362164538656,6.07662359851348,17,0.008611955420466059,0.0,0.9913880445795339,False,True,True,True,True,continuous_float_like,False,False,True,True,False
maxHtCH,0.0022309211784573867,0.04723262832468025,0.630461517749126,17,0.008611955420466059,0.0,0.9913880445795339,False,True,True,True,True,continuous_float_like,False,False,True,True,False
maxtCH,0.2741796275173284,0.52362164538656,6.07662359851348,17,0.008611955420466059,0.0,0.9913880445795339,False,True,True,True,True,continuous_float_like,False,False,True,True,False
nsOm,0.013564638168531418,0.1164673266136534,2.0,3,0.001519756838905775,0.0,0.9908814589665653,False,True,True,True,True,integer_low_cardinality,True,False,True,False,False
SsOm,1.687010327785242,1.2988496170786061,22.5693674643834,19,0.009625126646403243,0.0,0.9908814589665653,False,True,True,True,True,continuous_float_like,False,False,True,True,False
minsOm,1.1290417715994663,1.0625637729564594,12.3609114386495,19,0.009625126646403243,0.0,0.9908814589665653,False,True,True,True,True,continuous_float_like,False,False,True,True,False
maxsOm,1.1386039716810024,1.0670538747790583,12.3609114386495,19,0.009625126646403243,0.0,0.9908814589665653,False,True,True,True,True,continuous_float_like,False,False,True,True,False
n4Ring,0.010545654809381083,0.10269203868548468,2.0,3,0.001519756838905775,0.0,0.9908814589665653,False,True,True,True,True,integer_low_cardinality,True,False,True,False,False
nT4Ring,0.010545654809381083,0.10269203868548468,2.0,3,0.001519756838905775,0.0,0.9908814589665653,False,True,True,True,True,integer_low_cardinality,True,False,True,False,False
C2SP1,0.020554185156786017,0.14336730853575377,2.0,3,0.001519756838905775,0.0,0.9883485309017224,False,True,True,True,True,integer_low_cardinality,True,False,True,False,False
MDEN-11,0.005696944760809259,0.07547810782478095,1.40668130855742,12,0.0060790273556231,0.0,0.9883485309017224,False,True,True,True,True,continuous_float_like,False,False,True,True,False
SCH-4,0.0006205236536883589,0.024910312195722456,0.333333333333333,9,0.004559270516717325,0.0,0.9842958459979737,False,True,True,True,True,continuous_float_like,False,False,True,True,False
VCH-4,0.0004887580385485917,0.0221078727730325,0.333333333333333,13,0.006585612968591692,0.0,0.9842958459979737,False,True,True,True,True,continuous_float_like,False,False,True,True,False
ndS,0.0164378562651868,0.12821020343633655,1.0,2,0.0010131712259371835,0.0,0.9832826747720365,False,True,True,True,True,binary_like,True,True,True,False,True
SdS,0.0034937678647623846,0.05910810320727933,0.903523525493873,34,0.017223910840932118,0.0,0.9832826747720365,False,True,True,False,True,continuous_float_like,False,False,False,True,False
mindS,0.0034937678647623846,0.05910810320727933,0.903523525493873,34,0.017223910840932118,0.0,0.9832826747720365,False,True,True,False,True,continuous_float_like,False,False,False,True,False
maxdS,0.0034937678647623846,0.05910810320727933,0.903523525493873,34,0.017223910840932118,0.0,0.9832826747720365,False,True,True,False,True,continuous_float_like,False,False,False,True,False
nwHBd,0.018917662130492605,0.13754149239590432,2.0,3,0.001519756838905775,0.0,0.9822695035460993,False,True,True,True,True,integer_low_cardinality,True,False,True,False,False
SwHBd,0.014910522036180332,0.12210864849051574,2.07883996672889,30,0.015197568389057751,0.0,0.9822695035460993,False,True,True,False,True,continuous_float_like,False,False,False,True,False
minwHBd,0.012980385231830566,0.11393149359080028,1.3565347573939,30,0.015197568389057751,0.0,0.9822695035460993,False,True,True,False,True,continuous_float_like,False,False,False,True,False
maxwHBd,0.013713808238946258,0.11710597012512325,1.39251081543682,30,0.015197568389057751,0.0,0.9822695035460993,False,True,True,False,True,continuous_float_like,False,False,False,True,False
nHCHnX,0.02086598937145408,0.14445064683639905,2.0,3,0.001519756838905775,0.0,0.9802431610942249,False,True,True,True,True,integer_low_cardinality,True,False,True,False,False
SHCHnX,0.015267232706129764,0.12356064383989655,2.07883996672889,34,0.017223910840932118,0.0,0.9802431610942249,False,True,True,False,True,continuous_float_like,False,False,False,True,False
minHCHnX,0.013338303178561038,0.11549157189406091,1.3565347573939,34,0.017223910840932118,0.0,0.9802431610942249,False,True,True,False,True,continuous_float_like,False,False,False,True,False
maxHCHnX,0.014071113941436815,0.11862172626225272,1.39251081543682,34,0.017223910840932118,0.0,0.9802431610942249,False,True,True,False,True,continuous_float_like,False,False,False,True,False
MDEN-13,0.0026499084426884418,0.051477261414030584,0.814325284978472,28,0.014184397163120567,0.0,0.9772036474164134,False,True,True,False,True,continuous_float_like,False,False,False,True,False
nHdCH2,0.022759911267961435,0.15086388324566433,1.0,2,0.0010131712259371835,0.0,0.9766970618034447,False,True,True,True,True,binary_like,True,True,True,False,True
ndCH2,0.022759911267961435,0.15086388324566433,1.0,2,0.0010131712259371835,0.0,0.9766970618034447,False,True,True,True,True,binary_like,True,True,True,False,True
SHdCH2,0.004591964490844903,0.06776403537898923,0.551784766860524,42,0.02127659574468085,0.0,0.9766970618034447,False,True,True,False,True,continuous_float_like,False,False,False,True,False
SdCH2,0.343778397985378,0.5863261873610781,4.29965868291761,43,0.021783181357649443,0.0,0.9766970618034447,False,True,True,False,True,continuous_float_like,False,False,False,True,False
minHdCH2,0.004591964490844903,0.06776403537898923,0.551784766860524,42,0.02127659574468085,0.0,0.9766970618034447,False,True,True,False,True,continuous_float_like,False,False,False,True,False
mindCH2,0.343778397985378,0.5863261873610781,4.29965868291761,43,0.021783181357649443,0.0,0.9766970618034447,False,True,True,False,True,continuous_float_like,False,False,False,True,False
maxHdCH2,0.004591964490844903,0.06776403537898923,0.551784766860524,42,0.02127659574468085,0.0,0.9766970618034447,False,True,True,False,True,continuous_float_like,False,False,False,True,False
maxdCH2,0.343778397985378,0.5863261873610781,4.29965868291761,43,0.021783181357649443,0.0,0.9766970618034447,False,True,True,False,True,continuous_float_like,False,False,False,True,False
nHsNH2,0.1643493069477682,0.4054001812379568,12.0,5,0.0025329280648429585,0.0,0.9746707193515705,False,True,True,True,True,integer_low_cardinality,True,False,True,False,False
nsNH2,0.1643493069477682,0.4054001812379568,12.0,5,0.0025329280648429585,0.0,0.9746707193515705,False,True,True,True,True,integer_low_cardinality,True,False,True,False,False
SHsNH2,0.043558427123110116,0.20870655745114985,6.15643612124961,50,0.025329280648429583,0.0,0.9746707193515705,False,True,True,False,True,continuous_float_like,False,False,False,True,False
SsNH2,5.193862528445256,2.2790047232169695,67.4424527975803,50,0.025329280648429583,0.0,0.9746707193515705,False,True,True,False,True,continuous_float_like,False,False,False,True,False
minHsNH2,0.0065564111069690515,0.0809716685450476,0.651294851082459,50,0.025329280648429583,0.0,0.9746707193515705,False,True,True,False,True,continuous_float_like,False,False,False,True,False
minsNH2,0.8139699015299865,0.9022028050998215,6.66731670445956,50,0.025329280648429583,0.0,0.9746707193515705,False,True,True,False,True,continuous_float_like,False,False,False,True,False
maxHsNH2,0.007177584501931346,0.08472062618944307,0.651294851082459,50,0.025329280648429583,0.0,0.9746707193515705,False,True,True,False,True,continuous_float_like,False,False,False,True,False
maxsNH2,0.8504992477088041,0.9222251610690332,6.66731670445956,50,0.025329280648429583,0.0,0.9746707193515705,False,True,True,False,True,continuous_float_like,False,False,False,True,False
nF8Ring,0.08071931050977625,0.2841114403007669,3.0,3,0.001519756838905775,0.0,0.9701114488348531,False,True,True,True,True,integer_low_cardinality,True,False,True,False,False
nF6Ring,0.13061414395243504,0.36140578848772614,4.0,4,0.002026342451874367,0.0,0.9696048632218845,False,True,True,True,True,integer_low_cardinality,True,False,True,False,False
nT8Ring,0.08256703918929789,0.28734480887828456,3.0,3,0.001519756838905775,0.0,0.9680851063829787,False,True,True,True,True,integer_low_cardinality,True,False,True,False,False
MDEN-12,0.11133104073189501,0.3336630646803673,6.36254335018726,39,0.019756838905775075,0.0,0.9650455927051672,False,True,True,False,True,continuous_float_like,False,False,False,True,False
ntN,0.04580827351311728,0.2140286745114245,2.0,3,0.001519756838905775,0.0,0.9599797365754813,False,True,True,True,True,integer_low_cardinality,True,False,True,False,False
StN,4.008190408820056,2.0020465551080613,19.1824459558904,79,0.04002026342451875,0.0,0.9599797365754813,False,True,True,False,True,continuous_float_like,False,False,False,True,False
mintN,3.368927425695995,1.835463817593797,10.7069960501808,79,0.04002026342451875,0.0,0.9599797365754813,False,True,True,False,True,continuous_float_like,False,False,False,True,False
maxtN,3.3714993686247934,1.836164308722069,10.7069960501808,79,0.04002026342451875,0.0,0.9599797365754813,False,True,True,False,True,continuous_float_like,False,False,False,True,False
maxsBr,0.0013709981410821607,0.03702699206095684,0.40849790739341,78,0.03951367781155015,0.0,0.9594731509625126,False,True,True,False,True,continuous_float_like,False,False,False,True,False
nF12Ring,0.062020296273025036,0.24903874452186156,3.0,4,0.002026342451874367,0.0,0.9594731509625126,False,True,True,True,True,integer_low_cardinality,True,False,True,False,False
nT12Ring,0.06247786575019004,0.24995572758028578,3.0,4,0.002026342451874367,0.0,0.958966565349544,False,True,True,True,True,integer_low_cardinality,True,False,True,False,False
nF11Ring,0.1192968057903739,0.3453936968017423,2.0,3,0.001519756838905775,0.0,0.9579533941236069,False,True,True,True,True,integer_low_cardinality,True,False,True,False,False
nT11Ring,0.1192968057903739,0.3453936968017423,2.0,3,0.001519756838905775,0.0,0.9579533941236069,False,True,True,True,True,integer_low_cardinality,True,False,True,False,False
MDEC-44,0.017245976653483867,0.13132393785400995,1.10520944959211,15,0.007598784194528876,0.0,0.9544072948328267,False,True,True,True,True,continuous_float_like,False,False,True,True,False
C1SP1,0.053613130781207614,0.2315450944874618,2.0,3,0.001519756838905775,0.0,0.9513677811550152,False,True,True,True,True,integer_low_cardinality,True,False,True,False,False
n7Ring,0.05982329554727913,0.24458801186337634,2.0,3,0.001519756838905775,0.0,0.9493414387031408,False,True,False,True,True,integer_low_cardinality,True,False,True,False,False
nBondsT,0.056332371487904556,0.23734441532908365,2.0,3,0.001519756838905775,0.0,0.9483282674772037,False,True,False,True,True,integer_low_cardinality,True,False,True,False,False
ntsC,0.06511216226342598,0.25517084916468413,2.0,3,0.001519756838905775,0.0,0.9483282674772037,False,True,False,True,True,integer_low_cardinality,True,False,True,False,False
nT7Ring,0.06442927253895343,0.2538292192379621,2.0,3,0.001519756838905775,0.0,0.9457953394123607,False,True,False,True,True,integer_low_cardinality,True,False,True,False,False
nBr,0.06463175280674782,0.25422775774243817,3.0,4,0.002026342451874367,0.0,0.9417426545086119,False,True,False,True,True,integer_low_cardinality,True,False,True,False,False
nsBr,0.06463175280674782,0.25422775774243817,3.0,4,0.002026342451874367,0.0,0.9417426545086119,False,True,False,True,True,integer_low_cardinality,True,False,True,False,False
nddssS,0.058427490507292214,0.24171779104420968,1.0,2,0.0010131712259371835,0.0,0.9376899696048632,False,True,False,True,True,binary_like,True,True,True,False,False
ndsN,0.06759812722433126,0.25999639848338524,2.0,3,0.001519756838905775,0.0,0.9371833839918946,False,True,False,True,True,integer_low_cardinality,True,False,True,False,False
nHaaNH,0.07297527431071851,0.27013936090603036,2.0,3,0.001519756838905775,0.0,0.9275582573454914,False,True,False,True,True,integer_low_cardinality,True,False,True,False,False
naaNH,0.07297527431071851,0.27013936090603036,2.0,3,0.001519756838905775,0.0,0.9275582573454914,False,True,False,True,True,integer_low_cardinality,True,False,True,False,False
nCl,0.13157881230053164,0.3627379388767208,6.0,5,0.0025329280648429585,0.0,0.9123606889564336,False,True,False,True,True,integer_low_cardinality,True,False,True,False,False
nsCl,0.13157881230053164,0.3627379388767208,6.0,5,0.0025329280648429585,0.0,0.9123606889564336,False,True,False,True,True,integer_low_cardinality,True,False,True,False,False
naaS,0.1113022997036417,0.33361999296151557,2.0,3,0.001519756838905775,0.0,0.9052684903748733,False,True,False,True,True,integer_low_cardinality,True,False,True,False,False
naasN,0.09307856234390564,0.30508779448530166,2.0,3,0.001519756838905775,0.0,0.903242147922999,False,True,False,True,True,integer_low_cardinality,True,False,True,False,False
nAcid,0.12097284968008766,0.34781151458812815,4.0,5,0.0025329280648429585,0.0,0.9017223910840932,False,True,False,True,True,integer_low_cardinality,True,False,True,False,False
LipinskiFailures,0.21311522949303813,0.4616440506418751,4.0,5,0.0025329280648429585,0.0,0.89209726443769,False,False,False,True,True,integer_low_cardinality,True,False,True,False,False
nssS,0.1417628768725006,0.37651411244799393,6.0,4,0.002026342451874367,0.0,0.8880445795339412,False,False,False,True,True,integer_low_cardinality,True,False,True,False,False
C4SP3,0.1824182970306021,0.4271045504681519,2.0,3,0.001519756838905775,0.0,0.8632218844984803,False,False,False,True,True,integer_low_cardinality,True,False,True,False,False
naaO,0.14645533783152345,0.38269483643174945,3.0,4,0.002026342451874367,0.0,0.8556231003039514,False,False,False,True,True,integer_low_cardinality,True,False,True,False,False
nHAvin,0.1904474480300625,0.4364028506209171,2.0,3,0.001519756838905775,0.0,0.8449848024316109,False,False,False,True,True,integer_low_cardinality,True,False,True,False,False
nF,0.5859683997335365,0.765485727975079,6.0,7,0.0035460992907801418,0.0,0.8348530901722391,False,False,False,True,True,integer_low_cardinality,True,False,True,False,False
nsF,0.5859683997335365,0.765485727975079,6.0,7,0.0035460992907801418,0.0,0.8348530901722391,False,False,False,True,True,integer_low_cardinality,True,False,True,False,False
nHssNH,0.8682192206896198,0.9317828184129711,26.0,8,0.004052684903748734,0.0,0.8302938196555217,False,False,False,True,True,integer_low_cardinality,True,False,True,False,False
nssNH,0.8682192206896198,0.9317828184129711,26.0,8,0.004052684903748734,0.0,0.8302938196555217,False,False,False,True,True,integer_low_cardinality,True,False,True,False,False
nHBint3,4.5065725248905855,2.122868937285245,59.0,11,0.005572441742654508,0.0,0.7938196555217831,False,False,False,True,True,integer_low_cardinality,True,False,True,False,False
nFG12Ring,0.9420421405321149,0.9705885536787021,6.0,6,0.00303951367781155,0.0,0.7836879432624113,False,False,False,True,True,integer_low_cardinality,True,False,True,False,False
nHBint2,4.193406893465123,2.0477809681372476,68.0,12,0.0060790273556231,0.0,0.7826747720364742,False,False,False,True,True,integer_low_cardinality,True,False,True,False,False
nTG12Ring,0.9423128841094102,0.9707280175772255,6.0,6,0.00303951367781155,0.0,0.7811550151975684,False,False,False,True,True,integer_low_cardinality,True,False,True,False,False
nssssC,0.3205329362769624,0.5661562825554111,3.0,4,0.002026342451874367,0.0,0.779128672745694,False,False,False,True,True,integer_low_cardinality,True,False,True,False,False
nHdsCH,0.5928789049949109,0.7699863018229032,6.0,7,0.0035460992907801418,0.0,0.7781155015197568,False,False,False,True,True,integer_low_cardinality,True,False,True,False,False
ndsCH,0.5928789049949109,0.7699863018229032,6.0,7,0.0035460992907801418,0.0,0.7781155015197568,False,False,False,True,True,integer_low_cardinality,True,False,True,False,False
C3SP3,1.0120330763963923,1.0059985469156465,7.0,7,0.0035460992907801418,0.0,0.7639311043566362,False,False,False,True,True,integer_low_cardinality,True,False,True,False,False
naaN,0.5325300332899225,0.729746554147344,6.0,7,0.0035460992907801418,0.0,0.7583586626139818,False,False,False,True,True,integer_low_cardinality,True,False,True,False,False
nHBint9,7.778095227830139,2.7889236683405554,93.0,15,0.007598784194528876,0.0,0.7548125633232016,False,False,False,True,True,integer_low_cardinality,True,False,True,False,False
nHBint8,6.364457296423995,2.5227876043028266,88.0,13,0.006585612968591692,0.0,0.7330293819655522,False,False,False,True,True,integer_low_cardinality,True,False,True,False,False
nS,0.3162862398618736,0.5623933142044575,6.0,5,0.0025329280648429585,0.0,0.7325227963525835,False,False,False,True,True,integer_low_cardinality,True,False,True,False,False
nX,0.7428228572249828,0.8618717173831514,6.0,7,0.0035460992907801418,0.0,0.7077001013171226,False,False,False,True,True,integer_low_cardinality,True,False,True,False,False
nBase,0.7786659706888741,0.8824205180575042,26.0,8,0.004052684903748734,0.0,0.6621073961499493,False,False,False,True,True,integer_low_cardinality,True,False,True,False,False
nHBint7,2.3056020054015445,1.5184208920459257,49.0,11,0.005572441742654508,0.0,0.6514690982776089,False,False,False,True,True,integer_low_cardinality,True,False,True,False,False
naaaC,1.4179059280268729,1.1907585515237222,6.0,6,0.00303951367781155,0.0,0.6448834853090172,False,False,False,True,True,integer_low_cardinality,True,False,True,False,False
nHBint5,2.228314594284985,1.4927540300682443,39.0,15,0.007598784194528876,0.0,0.6388044579533941,False,False,False,True,True,integer_low_cardinality,True,False,True,False,False
nHCsatu,1.352474006050262,1.162959159235724,20.0,12,0.0060790273556231,0.0,0.6170212765957447,False,False,False,True,True,integer_low_cardinality,True,False,True,False,False
nsssCH,2.5246717971933093,1.5889215830849894,20.0,13,0.006585612968591692,0.0,0.6063829787234043,False,False,False,True,True,integer_low_cardinality,True,False,True,False,False
nF9Ring,0.6120860446185253,0.7823592810330336,4.0,5,0.0025329280648429585,0.0,0.6058763931104356,False,False,False,True,True,integer_low_cardinality,True,False,True,False,False
nT9Ring,0.6120860446185253,0.7823592810330336,4.0,5,0.0025329280648429585,0.0,0.6058763931104356,False,False,False,True,True,integer_low_cardinality,True,False,True,False,False
nHBint4,1.324929247389299,1.15105570994166,9.0,9,0.004559270516717325,0.0,0.5785207700101317,False,False,False,True,True,integer_low_cardinality,True,False,True,False,False
nFRing,3.837931611455419,1.959063963084263,12.0,11,0.005572441742654508,1.0,0.5668693009118541,False,False,False,True,True,integer_low_cardinality,True,False,True,False,False
nsssN,0.47246730290123456,0.6873625701922055,3.0,4,0.002026342451874367,0.0,0.5536980749746707,False,False,False,True,True,integer_low_cardinality,True,False,True,False,False
nHBint6,7.896396826423303,2.8100528155932056,86.0,14,0.0070921985815602835,0.0,0.538500506585613,False,False,False,True,True,integer_low_cardinality,True,False,True,False,False
nHBint10,2.739986593701943,1.6552904861993085,50.0,13,0.006585612968591692,0.0,0.5015197568389058,False,False,False,True,True,integer_low_cardinality,True,False,True,False,False
nF10Ring,0.4659540593059216,0.68260827661692,3.0,4,0.002026342451874367,0.0,0.4989868287740628,False,False,False,True,True,integer_low_cardinality,True,False,True,False,False
nT10Ring,0.4659540593059216,0.68260827661692,3.0,4,0.002026342451874367,0.0,0.4989868287740628,False,False,False,True,True,integer_low_cardinality,True,False,True,False,False
C1SP2,1.6938110841137612,1.3014649761379524,20.0,13,0.006585612968591692,0.0,0.4868287740628166,False,False,False,True,True,integer_low_cardinality,True,False,True,False,False
PetitjeanNumber,0.0005186107967780477,0.022773027835095792,0.125,19,0.009625126646403243,0.5,0.47922998986828774,False,False,False,True,True,continuous_float_like,False,False,True,True,False
nHBDon,2.370888418744589,1.5397689497923346,46.0,13,0.006585612968591692,2.0,0.47720364741641336,False,False,False,True,True,integer_low_cardinality,True,False,True,False,False
nHBd,2.3819994272041,1.5433727440913618,46.0,13,0.006585612968591692,2.0,0.47416413373860183,False,False,False,True,True,integer_low_cardinality,True,False,True,False,False
nssO,0.9669739028854545,0.9833483120875606,5.0,6,0.00303951367781155,0.0,0.47315096251266464,False,False,False,True,True,integer_low_cardinality,True,False,True,False,False
nHBDon_Lipinski,3.5260114004859626,1.8777676641389804,58.0,12,0.0060790273556231,2.0,0.4726443768996961,False,False,False,True,True,integer_low_cardinality,True,False,True,False,False
ndO,1.2830535564157715,1.1327195400520693,20.0,9,0.004559270516717325,0.0,0.46808510638297873,False,False,False,True,True,integer_low_cardinality,True,False,True,False,False
n5Ring,0.610104612238744,0.7810919358428584,4.0,5,0.0025329280648429585,0.0,0.43566362715298884,False,False,False,True,True,integer_low_cardinality,True,False,True,False,False
nT5Ring,0.610104612238744,0.7810919358428584,4.0,5,0.0025329280648429585,0.0,0.43566362715298884,False,False,False,True,True,integer_low_cardinality,True,False,True,False,False
nHsOH,0.8928155689618416,0.9448891834293806,6.0,7,0.0035460992907801418,2.0,0.42907801418439717,False,False,False,True,True,integer_low_cardinality,True,False,True,False,False
nsOH,0.8928155689618416,0.9448891834293806,6.0,7,0.0035460992907801418,2.0,0.42907801418439717,False,False,False,True,True,integer_low_cardinality,True,False,True,False,False
nAtomLAC,4.835929135499155,2.1990746088978326,18.0,16,0.008105369807497468,0.0,0.4088145896656535,False,False,False,True,True,integer_low_cardinality,True,False,True,False,False
ndssC,2.409320148762678,1.552198488841771,28.0,12,0.0060790273556231,0.0,0.38247213779128675,False,False,False,True,True,integer_low_cardinality,True,False,True,False,False
nN,3.556916715682814,1.8859789807107645,46.0,14,0.0070921985815602835,1.0,0.3799392097264438,False,False,False,True,True,integer_low_cardinality,True,False,True,False,False
n6Ring,1.1963440121785898,1.093775119564616,6.0,7,0.0035460992907801418,3.0,0.37031408308004055,False,False,False,True,True,integer_low_cardinality,True,False,True,False,False
nsCH3,1.6140569552100392,1.2704554125234144,11.0,12,0.0060790273556231,0.0,0.36423505572441744,False,False,False,True,True,integer_low_cardinality,True,False,True,False,False
nT6Ring,1.295549334869026,1.1382220059676522,7.0,8,0.004052684903748734,3.0,0.36322188449848025,False,False,False,True,True,integer_low_cardinality,True,False,True,False,False
ETA_Beta_ns_d,0.34816937564221667,0.5900587899880966,4.0,9,0.004559270516717325,1.0,0.32066869300911854,False,False,False,True,True,continuous_float_like,False,False,True,True,False
nBondsD2,2.3066513613140787,1.5187663945828136,28.0,13,0.006585612968591692,0.0,0.32016210739615,False,False,False,True,True,integer_low_cardinality,True,False,True,False,False
nRing,1.3179245592910545,1.1480089543601366,7.0,8,0.004052684903748734,3.0,0.31155015197568386,False,False,False,True,True,integer_low_cardinality,True,False,True,False,False
nHBAcc,7.205878292164928,2.6843767045936247,66.0,17,0.008611955420466059,1.0,0.2968591691995947,False,False,False,True,True,integer_low_cardinality,True,False,True,False,False
nO,2.5565443470280806,1.5989197437733016,20.0,12,0.0060790273556231,3.0,0.29533941236068895,False,False,False,True,True,integer_low_cardinality,True,False,True,False,False
nHBAcc3,3.9774505244983214,1.994354663669008,46.0,18,0.00911854103343465,4.0,0.270516717325228,False,False,False,True,True,integer_low_cardinality,True,False,True,False,False
nHBAcc_Lipinski,6.358084942140401,2.5215243290796145,65.0,18,0.00911854103343465,4.0,0.25379939209726443,False,False,False,True,True,integer_low_cardinality,True,False,True,False,False
nTRing,6.71166630225353,2.5906883838573735,17.0,17,0.008611955420466059,6.0,0.24873353596757852,False,False,False,True,True,integer_low_cardinality,True,False,True,False,False
naasC,3.94837984990288,1.9870530566401292,14.0,13,0.006585612968591692,7.0,0.24113475177304963,False,False,False,True,True,integer_low_cardinality,True,False,True,False,False
nHBAcc2,6.633641596068027,2.5755856802032477,66.0,18,0.00911854103343465,5.0,0.23606889564336372,False,False,False,True,True,integer_low_cardinality,True,False,True,False,False
C1SP3,5.0924103004714825,2.2566369447634864,22.0,15,0.007598784194528876,0.0,0.22036474164133737,False,False,False,True,True,integer_low_cardinality,True,False,True,False,False
C3SP2,2.687554212872677,1.6393761657632688,12.0,10,0.005065856129685917,2.0,0.21681864235055726,False,False,False,True,True,integer_low_cardinality,True,False,True,False,False
nHBa,7.0671546723412915,2.6584120584178237,68.0,19,0.009625126646403243,5.0,0.19655521783181357,False,False,False,True,True,integer_low_cardinality,True,False,True,False,False
nBondsD,6.820959453647209,2.6116966618746535,28.0,19,0.009625126646403243,9.0,0.171225937183384,False,False,False,True,True,integer_low_cardinality,True,False,True,False,False
StsC,0.3722406995370595,0.610115316589462,6.28201345899037,101,0.05116514690982776,0.0,0.9483282674772037,False,True,False,False,False,continuous_float_like,False,False,False,True,False
mintsC,0.25563247169188097,0.5056010993776427,3.20084537981859,101,0.05116514690982776,0.0,0.9483282674772037,False,True,False,False,False,continuous_float_like,False,False,False,True,False
maxtsC,0.25892943063453305,0.5088510888605163,3.24104900118653,101,0.05116514690982776,0.0,0.9483282674772037,False,True,False,False,False,continuous_float_like,False,False,False,True,False
SsBr,0.0021407151086535133,0.04626786259006908,1.193352215439356,113,0.057244174265450865,0.0,0.9417426545086119,False,True,False,False,False,continuous_float_like,False,False,False,True,False
minsBr,0.0018073624901367216,0.04251308610459516,0.92119026331383,113,0.057244174265450865,0.0,0.9417426545086119,False,True,False,False,False,continuous_float_like,False,False,False,True,False
SddssS,1.8328963949386752,1.3538450409624712,6.54382611700266,121,0.061296859169199594,0.0,0.9376899696048632,False,True,False,False,False,continuous_float_like,False,False,False,True,False
minddssS,1.8328963949386752,1.3538450409624712,6.54382611700266,121,0.061296859169199594,0.0,0.9376899696048632,False,True,False,False,False,continuous_float_like,False,False,False,True,False
SdsN,1.2218879554913922,1.1053904086300876,9.35400263153419,125,0.06332320162107397,0.0,0.9371833839918946,False,True,False,False,False,continuous_float_like,False,False,False,True,False
mindsN,1.061674279168681,1.0303757951197616,5.13755626942134,125,0.06332320162107397,0.0,0.9371833839918946,False,True,False,False,False,continuous_float_like,False,False,False,True,False
maxdsN,1.0657050456936041,1.032329911265582,5.13755626942134,125,0.06332320162107397,0.0,0.9371833839918946,False,True,False,False,False,continuous_float_like,False,False,False,True,False
SHaaNH,0.014165052909641975,0.11901702781384677,0.961079110214488,130,0.06585612968591692,0.0,0.9275582573454914,False,True,False,False,False,continuous_float_like,False,False,False,True,False
SaaNH,0.7486751764493945,0.8652601784719984,6.79194710831863,132,0.0668693009118541,0.0,0.9275582573454914,False,True,False,False,False,continuous_float_like,False,False,False,True,False
minHaaNH,0.013113401239925875,0.11451376004623146,0.743763742360718,130,0.06585612968591692,0.0,0.9275582573454914,False,True,False,False,False,continuous_float_like,False,False,False,True,False
minaaNH,0.6853317224688401,0.8278476444786445,3.70972904745767,132,0.0668693009118541,0.0,0.9275582573454914,False,True,False,False,False,continuous_float_like,False,False,False,True,False
maxHaaNH,0.013215549726862275,0.1149589045131445,0.743763742360718,130,0.06585612968591692,0.0,0.9275582573454914,False,True,False,False,False,continuous_float_like,False,False,False,True,False
maxaaNH,0.6868366446718935,0.8287560827359842,3.70972904745767,132,0.0668693009118541,0.0,0.9275582573454914,False,True,False,False,False,continuous_float_like,False,False,False,True,False
ETA_dAlpha_A,4.792474044321428e-05,0.0069227697089542335,0.11161,100,0.05065856129685917,0.0,0.9275582573454914,False,True,False,False,False,continuous_float_like,False,False,False,True,False
maxssssC,0.0032558362113526374,0.057059935255419254,0.664809724335245,137,0.06940222897669707,0.0,0.9199594731509625,False,True,False,False,False,continuous_float_like,False,False,False,True,False
SsCl,0.06642813946942298,0.2577365699108743,4.65095648295898,172,0.08713272543059777,0.0,0.9123606889564336,False,True,False,False,False,continuous_float_like,False,False,False,True,False
minsCl,0.03951129673581402,0.19877448713507984,1.04387687317123,172,0.08713272543059777,0.0,0.9123606889564336,False,True,False,False,False,continuous_float_like,False,False,False,True,False
maxsCl,0.04032266384458034,0.2008050393904006,1.04387687317123,172,0.08713272543059777,0.0,0.9123606889564336,False,True,False,False,False,continuous_float_like,False,False,False,True,False
SaaS,0.25330643447876694,0.5032955736729332,3.11093332218026,186,0.09422492401215805,0.0,0.9052684903748733,False,True,False,False,False,continuous_float_like,False,False,False,True,False
minaaS,0.2136803918519123,0.46225576454157097,2.32355162362051,186,0.09422492401215805,0.0,0.9052684903748733,False,True,False,False,False,continuous_float_like,False,False,False,True,False
SaasN,0.398394125535523,0.6311847000169784,4.62783025836597,190,0.09625126646403243,0.0,0.903242147922999,False,True,False,False,False,continuous_float_like,False,False,False,True,False
minaasN,0.37526797690613123,0.6125911988480828,2.48652391597207,190,0.09625126646403243,0.0,0.903242147922999,False,True,False,False,False,continuous_float_like,False,False,False,True,False
maxaasN,0.3767996352166759,0.6138400729967668,2.48652391597207,189,0.09574468085106383,0.0,0.903242147922999,False,True,False,False,False,continuous_float_like,False,False,False,True,False
SssS,0.31154670953628216,0.558163694211906,4.22412997815475,202,0.10233029381965553,0.0,0.8880445795339412,False,False,False,False,False,continuous_float_like,False,False,False,True,False
minssS,0.2529769992490415,0.5029681891024933,2.45409785793604,201,0.10182370820668693,0.0,0.8880445795339412,False,False,False,False,False,continuous_float_like,False,False,False,True,False
MDEN-33,0.01180750643661084,0.10866235059398835,1.0,27,0.013677811550151976,0.0,0.8708206686930091,False,False,False,False,False,continuous_float_like,False,False,False,True,False
SaaO,4.428597224790734,2.1044232522928303,16.8805345386802,277,0.1403242147922999,0.0,0.8556231003039514,False,False,False,False,False,continuous_float_like,False,False,False,True,False
minaaO,3.746471933119876,1.9355805157936148,6.57830915642198,277,0.1403242147922999,0.0,0.8556231003039514,False,False,False,False,False,continuous_float_like,False,False,False,True,False
maxaaO,3.766470962276609,1.9407397976742295,6.57830915642198,277,0.1403242147922999,0.0,0.8556231003039514,False,False,False,False,False,continuous_float_like,False,False,False,True,False
SHAvin,0.061554106825757966,0.2481010012590799,1.61313947686512,285,0.14437689969604864,0.0,0.8449848024316109,False,False,False,False,False,continuous_float_like,False,False,False,True,False
minHAvin,0.043807033982819106,0.2093012995249172,0.820826955782312,285,0.14437689969604864,0.0,0.8449848024316109,False,False,False,False,False,continuous_float_like,False,False,False,True,False
maxHAvin,0.04439764460458856,0.21070748587695826,0.820826955782312,285,0.14437689969604864,0.0,0.8449848024316109,False,False,False,False,False,continuous_float_like,False,False,False,True,False
SsF,106.04608727347538,10.297868093614104,82.417014886968,315,0.1595744680851064,0.0,0.8348530901722391,False,False,False,False,False,continuous_float_like,False,False,False,True,False
minsF,25.50419700874509,5.050168017872781,15.4779912333897,314,0.1590678824721378,0.0,0.8348530901722391,False,False,False,False,False,continuous_float_like,False,False,False,True,False
maxsF,25.857676495877822,5.085044394681114,15.4779912333897,315,0.1595744680851064,0.0,0.8348530901722391,False,False,False,False,False,continuous_float_like,False,False,False,True,False
SHssNH,0.09691217163355267,0.31130719817176195,7.98073468632543,321,0.16261398176291794,0.0,0.8302938196555217,False,False,False,False,False,continuous_float_like,False,False,False,True,False
SssNH,6.552617511537955,2.5598081005297946,67.5741177957172,326,0.1651469098277609,0.0,0.8302938196555217,False,False,False,False,False,continuous_float_like,False,False,False,True,False
minHssNH,0.022203772332973548,0.1490093028403715,0.689662695408325,320,0.16210739614994935,0.0,0.8302938196555217,False,False,False,False,False,continuous_float_like,False,False,False,True,False
minssNH,1.2689493511497167,1.126476520460909,3.83768624373617,326,0.1651469098277609,0.0,0.8302938196555217,False,False,False,False,False,continuous_float_like,False,False,False,True,False
maxHssNH,0.024075597383770384,0.1551631315221834,0.689662695408325,321,0.16261398176291794,0.0,0.8302938196555217,False,False,False,False,False,continuous_float_like,False,False,False,True,False
maxssNH,1.3089708301090694,1.1441026309335494,3.83768624373617,325,0.1646403242147923,0.0,0.8302938196555217,False,False,False,False,False,continuous_float_like,False,False,False,True,False
MDEN-23,0.1798008856998663,0.42402934532867687,5.42161202165907,134,0.06788247213779129,0.0,0.8247213779128673,False,False,False,False,False,continuous_float_like,False,False,False,True,False
MDEN-22,0.40702271143630514,0.6379833159545045,6.86318803707633,86,0.04356636271529889,0.0,0.8196555217831814,False,False,False,False,False,continuous_float_like,False,False,False,True,False
MDEC-14,0.27103254276028554,0.5206078589113744,4.67043677451134,122,0.06180344478216818,0.0,0.8115501519756839,False,False,False,False,False,continuous_float_like,False,False,False,True,False
maxHBint3,4.252546461960278,2.0621703280670776,9.86926500070229,367,0.18591691995947315,0.0,0.8095238095238095,False,False,False,False,False,continuous_float_like,False,False,False,True,False
SHBint3,20.658967054311677,4.545213642317782,107.20533962540298,397,0.2011144883485309,0.0,0.7938196555217831,False,False,False,False,False,continuous_float_like,False,False,False,True,False
minHBint3,3.68873231808121,1.9206072784619999,11.05940227487944,397,0.2011144883485309,0.0,0.7938196555217831,False,False,False,False,False,continuous_float_like,False,False,False,True,False
maxHBint2,6.755110385319975,2.5990595193877293,7.99550579406501,404,0.20466058763931105,0.0,0.7847011144883486,False,False,False,False,False,continuous_float_like,False,False,False,True,False
SHBint2,47.19662364832505,6.86997988703934,202.14308888457188,408,0.2066869300911854,0.0,0.7826747720364742,False,False,False,False,False,continuous_float_like,False,False,False,True,False
minHBint2,5.789075839384455,2.40604984141735,9.17413163266345,408,0.2066869300911854,0.0,0.7826747720364742,False,False,False,False,False,continuous_float_like,False,False,False,True,False
SssssC,1.174364510024665,1.0836810001216524,11.597892060666274,405,0.20516717325227962,0.0,0.779128672745694,False,False,False,False,False,continuous_float_like,False,False,False,True,False
minssssC,0.859660547503404,0.927178810965503,6.399597847918005,405,0.20516717325227962,0.0,0.779128672745694,False,False,False,False,False,continuous_float_like,False,False,False,True,False
MDEC-24,4.483438617057604,2.1174131899696866,12.2088577064528,283,0.14336372847011145,0.0,0.779128672745694,False,False,False,False,False,continuous_float_like,False,False,False,True,False
MDEC-34,2.1901935252315408,1.4799302433667407,8.36223133716937,198,0.10030395136778116,0.0,0.779128672745694,False,False,False,False,False,continuous_float_like,False,False,False,True,False
SHdsCH,0.1842519757334856,0.429245822033815,3.5928834404132,401,0.20314083080040526,0.0,0.7781155015197568,False,False,False,False,False,continuous_float_like,False,False,False,True,False
SdsCH,1.7085363589874967,1.3071099261299703,9.57288588120433,410,0.2077001013171226,0.0,0.7781155015197568,False,False,False,False,False,continuous_float_like,False,False,False,True,False
minHdsCH,0.054465486374840555,0.23337841882839244,0.820826955782312,396,0.2006079027355623,0.0,0.7781155015197568,False,False,False,False,False,continuous_float_like,False,False,False,True,False
mindsCH,0.4355132536463414,0.6599342797933302,2.57859083679768,409,0.207193515704154,0.0,0.7781155015197568,False,False,False,False,False,continuous_float_like,False,False,False,True,False
maxHdsCH,0.06293644204610518,0.25087136553641426,0.84592056932966,398,0.2016210739614995,0.0,0.7781155015197568,False,False,False,False,False,continuous_float_like,False,False,False,True,False
maxdsCH,0.5277559250687949,0.7264681170352866,2.57859083679768,409,0.207193515704154,0.0,0.7781155015197568,False,False,False,False,False,continuous_float_like,False,False,False,True,False
SaaN,9.925639249345261,3.1504982541409636,24.0235920309481,454,0.22998986828774062,0.0,0.7583586626139818,False,False,False,False,False,continuous_float_like,False,False,False,True,False
minaaN,3.380790257344364,1.838692540188371,5.05441121819098,453,0.22948328267477203,0.0,0.7583586626139818,False,False,False,False,False,continuous_float_like,False,False,False,True,False
maxaaN,3.5110903582904265,1.8737903720241564,5.05441121819098,453,0.22948328267477203,0.0,0.7583586626139818,False,False,False,False,False,continuous_float_like,False,False,False,True,False
maxHBint9,5.313671747029949,2.305140287928253,10.3780078926588,453,0.22948328267477203,0.0,0.7563323201621074,False,False,False,False,False,continuous_float_like,False,False,False,True,False
SHBint9,78.11162345796478,8.838078040952388,288.942544888836,457,0.2315096251266464,0.0,0.7548125633232016,False,False,False,False,False,continuous_float_like,False,False,False,True,False
minHBint9,3.7475987897967493,1.9358715840150011,11.127889488077109,457,0.2315096251266464,0.0,0.7548125633232016,False,False,False,False,False,continuous_float_like,False,False,False,True,False
SC-6,0.007553947943296108,0.0869134508766975,1.26532933224898,68,0.034447821681864235,0.0,0.7477203647416414,False,False,False,False,False,continuous_float_like,False,False,False,True,False
VC-6,0.0013935725139379651,0.03733058416282774,0.43261205263853,115,0.05825734549138804,0.0,0.7477203647416414,False,False,False,False,False,continuous_float_like,False,False,False,True,False
maxsssCH,0.062379550270249544,0.24975898436342495,0.977518833285118,441,0.22340425531914893,0.0,0.7416413373860182,False,False,False,False,False,continuous_float_like,False,False,False,True,False
maxHBint8,6.180104057692187,2.4859815079143663,9.28813271316488,474,0.24012158054711247,0.0,0.7406281661600811,False,False,False,False,False,continuous_float_like,False,False,False,True,False
SHBint8,71.12898709688848,8.433800276084826,278.9562833879445,491,0.24873353596757852,0.0,0.7330293819655522,False,False,False,False,False,continuous_float_like,False,False,False,True,False
minHBint8,5.359685232492797,2.31509940013227,10.939864095238748,491,0.24873353596757852,0.0,0.7330293819655522,False,False,False,False,False,continuous_float_like,False,False,False,True,False
SC-4,0.01060521650311058,0.10298163187243918,0.577350269189625,50,0.025329280648429583,0.0,0.7223910840932117,False,False,False,False,False,continuous_float_like,False,False,False,True,False
VC-4,0.0030178726377834745,0.05493516758674242,0.5,81,0.041033434650455926,0.0,0.7223910840932117,False,False,False,False,False,continuous_float_like,False,False,False,True,False
ETA_Shape_X,0.0007142034773852526,0.026724585635426654,0.1561,335,0.1697061803444782,0.0,0.7223910840932117,False,False,False,False,False,continuous_float_like,False,False,False,True,False
MDEO-22,0.031274369051962445,0.17684560795214124,1.91917979735163,76,0.03850050658561297,0.0,0.7137791286727457,False,False,False,False,False,continuous_float_like,False,False,False,True,False
maxHBint4,4.590927545446882,2.1426449881972705,10.0821151432209,569,0.28824721377912865,0.0,0.6940222897669707,False,False,False,False,False,continuous_float_like,False,False,False,True,False
MDEC-11,0.14209489324447153,0.3769547628621656,5.04994951620736,167,0.0845997973657548,0.0,0.6732522796352584,False,False,False,False,False,continuous_float_like,False,False,False,True,False
maxHBint7,6.032500707711935,2.4561149622344502,10.7970186463229,603,0.30547112462006076,0.0,0.6636271529888551,False,False,False,False,False,continuous_float_like,False,False,False,True,False
maxHBint5,3.6570477005321167,1.9123408954817958,11.5553243676601,648,0.3282674772036474,0.0,0.6524822695035462,False,False,False,False,False,continuous_float_like,False,False,False,True,False
SHBint7,23.05288613752739,4.801342118358927,110.2253605866449,628,0.3181357649442756,0.0,0.6514690982776089,False,False,False,False,False,continuous_float_like,False,False,False,True,False
minHBint7,4.590784275158089,2.142611554892321,12.03378188532179,628,0.3181357649442756,0.0,0.6514690982776089,False,False,False,False,False,continuous_float_like,False,False,False,True,False
maxaaaC,0.23047940069326048,0.4800827019308866,1.57839462362869,665,0.33687943262411346,0.0,0.6474164133738601,False,False,False,False,False,continuous_float_like,False,False,False,True,False
SaaaC,1.4385882812372794,1.1994116396122223,9.0858126824265,649,0.32877406281661603,0.0,0.6448834853090172,False,False,False,False,False,continuous_float_like,False,False,False,True,False
minaaaC,0.18155556952784038,0.4260933812297961,2.033682550180559,667,0.33789260385005065,0.0,0.6448834853090172,False,False,False,False,False,continuous_float_like,False,False,False,True,False
SHBint5,19.34287113433288,4.398053107266087,96.68306074984599,676,0.342451874366768,0.0,0.6388044579533941,False,False,False,False,False,continuous_float_like,False,False,False,True,False
minHBint5,2.2362230269673784,1.4954006242366553,12.75339779779366,676,0.342451874366768,0.0,0.6388044579533941,False,False,False,False,False,continuous_float_like,False,False,False,True,False
maxdssC,0.2591144521573604,0.5090328596047218,2.34058823066263,667,0.33789260385005065,0.0,0.6266464032421479,False,False,False,False,False,continuous_float_like,False,False,False,True,False
SHCsatu,0.8117854769225027,0.9009913855983878,19.4581489559383,509,0.25785207700101315,0.0,0.6170212765957447,False,False,False,False,False,continuous_float_like,False,False,False,True,False
minHCsatu,0.10436565541206143,0.3230567371408023,1.11827699829931,509,0.25785207700101315,0.0,0.6170212765957447,False,False,False,False,False,continuous_float_like,False,False,False,True,False
maxHCsatu,0.131084285620645,0.362055638846635,1.11827699829931,504,0.2553191489361702,0.0,0.6170212765957447,False,False,False,False,False,continuous_float_like,False,False,False,True,False
maxHBint6,6.231209294707103,2.496239029962296,8.58685084195811,740,0.37487335359675783,0.0,0.6099290780141844,False,False,False,False,False,continuous_float_like,False,False,False,True,False
SsssCH,1.2502342989804993,1.1181387655297974,29.025086121170858,674,0.3414387031408308,0.0,0.6063829787234043,False,False,False,False,False,continuous_float_like,False,False,False,True,False
minsssCH,0.12087164962420224,0.3476660029744097,4.0446399097891,679,0.34397163120567376,0.0,0.6063829787234043,False,False,False,False,False,continuous_float_like,False,False,False,True,False
SHBint4,22.87005144807727,4.782264259540377,47.8758386774956,779,0.39463019250253295,0.0,0.5785207700101317,False,False,False,False,False,continuous_float_like,False,False,False,True,False
minHBint4,2.939913090470484,1.7146174764274638,11.27344168448294,778,0.3941236068895643,0.0,0.5785207700101317,False,False,False,False,False,continuous_float_like,False,False,False,True,False
SsssN,2.3242936960697844,1.524563444422627,7.78547037907882,792,0.4012158054711246,0.0,0.5536980749746707,False,False,False,False,False,continuous_float_like,False,False,False,True,False
minsssN,1.216324021565976,1.102870809100493,2.73477211777987,789,0.39969604863221886,0.0,0.5536980749746707,False,False,False,False,False,continuous_float_like,False,False,False,True,False
maxsssN,1.2644557486063583,1.1244802126344235,2.73477211777987,788,0.39918946301925023,0.0,0.5536980749746707,False,False,False,False,False,continuous_float_like,False,False,False,True,False
SHBint6,47.82250764428778,6.915381959392249,178.84694126509933,865,0.4381965552178318,0.0,0.538500506585613,False,False,False,False,False,continuous_float_like,False,False,False,True,False
minHBint6,3.9036395554577856,1.975763031200297,8.7207205279822,864,0.4376899696048632,0.0,0.538500506585613,False,False,False,False,False,continuous_float_like,False,False,False,True,False
maxHBint10,7.608344327072044,2.7583227380188933,10.594322165605,899,0.4554204660587639,0.0,0.502532928064843,False,False,False,False,False,continuous_float_like,False,False,False,True,False
SHBint10,42.10716496984118,6.489003388028179,115.05506087734537,903,0.4574468085106383,0.0,0.5015197568389058,False,False,False,False,False,continuous_float_like,False,False,False,True,False
minHBint10,5.579698418431222,2.3621385265117754,12.08201885363137,902,0.4569402228976697,0.0,0.5015197568389058,False,False,False,False,False,continuous_float_like,False,False,False,True,False
SssO,33.50231519481171,5.788118450309367,30.0251293492558,970,0.49138804457953394,0.0,0.47315096251266464,False,False,False,False,False,continuous_float_like,False,False,False,True,False
minssO,8.168881776506021,2.858125570458027,6.72636643178851,965,0.488855116514691,0.0,0.47315096251266464,False,False,False,False,False,continuous_float_like,False,False,False,True,False
maxssO,8.8791207984839,2.979785361143299,6.72713738366627,962,0.48733535967578523,0.0,0.47315096251266464,False,False,False,False,False,continuous_float_like,False,False,False,True,False
SdO,218.83674033482419,14.793131525637977,283.941443039521,1006,0.5096251266464032,0.0,0.46808510638297873,False,False,False,False,False,continuous_float_like,False,False,False,True,False
mindO,37.406472377525596,6.116083091123403,14.3911753890187,1004,0.5086119554204661,0.0,0.46808510638297873,False,False,False,False,False,continuous_float_like,False,False,False,True,False
maxdO,39.2000385747629,6.260993417562656,14.9641563312341,1002,0.5075987841945289,0.0,0.46808510638297873,False,False,False,False,False,continuous_float_like,False,False,False,True,False
SCH-5,0.006861699772067991,0.08283537753923736,0.556186217847897,72,0.0364741641337386,0.0,0.4265450861195542,False,False,False,False,False,continuous_float_like,False,False,False,True,False
VCH-5,0.0024979747882258306,0.04997974377911346,0.487170824512628,207,0.10486322188449848,0.0,0.4265450861195542,False,False,False,False,False,continuous_float_like,False,False,False,True,False
MDEO-12,0.1824942610520233,0.42719347028252114,3.53266685975417,325,0.1646403242147923,0.0,0.39463019250253295,False,False,False,False,False,continuous_float_like,False,False,False,True,False
SdssC,1.7182005460850236,1.310801489961399,34.8609312507069,1123,0.5688956433637284,0.0,0.38247213779128675,False,False,False,False,False,continuous_float_like,False,False,False,True,False
mindssC,0.3188624000646574,0.5646790239283352,3.92920677541753,1133,0.5739614994934144,0.0,0.38247213779128675,False,False,False,False,False,continuous_float_like,False,False,False,True,False
SsCH3,6.562298200335988,2.561698303925735,19.8154654456301,1181,0.5982776089159068,0.0,0.36423505572441744,False,False,False,False,False,continuous_float_like,False,False,False,True,False
minsCH3,0.9080412692040626,0.9529119944696166,2.52400292543555,1174,0.5947315096251267,0.0,0.36423505572441744,False,False,False,False,False,continuous_float_like,False,False,False,True,False
maxsCH3,0.9879523379194547,0.9939579155675832,2.58351946334089,1178,0.596757852077001,0.0,0.36423505572441744,False,False,False,False,False,continuous_float_like,False,False,False,True,False
MDEC-12,5.8162126807717645,2.411682541457678,13.9763870471012,1039,0.5263424518743668,0.0,0.35207700101317124,False,False,False,False,False,continuous_float_like,False,False,False,True,False
MDEC-13,5.9073529333201735,2.430504666385188,25.63607388946,932,0.47213779128672745,0.0,0.35207700101317124,False,False,False,False,False,continuous_float_like,False,False,False,True,False
C2SP3,10.778291035744271,3.2830307698442716,41.0,23,0.01165146909827761,0.0,0.342451874366768,False,False,False,False,False,integer_count_like,True,False,False,False,False
nAromBond,31.740192923404692,5.633843530255761,34.0,25,0.012664640324214792,18.0,0.32978723404255317,False,False,False,False,False,integer_count_like,True,False,False,False,False
nHCsats,26.568424985808708,5.154456808026303,64.0,31,0.015704154002026342,0.0,0.30749746707193515,False,False,False,False,False,integer_count_like,True,False,False,False,False
SHCsats,6.570605637267057,2.563319261673633,46.2575899535936,1147,0.5810536980749746,0.0,0.30749746707193515,False,False,False,False,False,continuous_float_like,False,False,False,True,False
minHCsats,0.04614397663118569,0.2148114909197962,1.10846139613252,977,0.4949341438703141,0.0,0.30749746707193515,False,False,False,False,False,continuous_float_like,False,False,False,True,False
maxHCsats,0.10931585473940235,0.33062948256228203,1.28711880353993,804,0.4072948328267477,0.0,0.30749746707193515,False,False,False,False,False,continuous_float_like,False,False,False,True,False
naAromAtom,26.56935911530811,5.154547420997125,30.0,25,0.012664640324214792,18.0,0.2806484295845998,False,False,False,False,False,integer_count_like,True,False,False,False,False
maxssCH2,0.2810036879986772,0.5300978098414265,1.52018929545879,1312,0.6646403242147924,0.0,0.26494427558257344,False,False,False,False,False,continuous_float_like,False,False,False,True,False
nssCH2,13.860446185415507,3.7229620177239933,39.0,23,0.01165146909827761,0.0,0.2548125633232016,False,False,False,False,False,integer_count_like,True,False,False,False,False
SssCH2,16.012464579885695,4.001557769155119,29.29805060738744,1363,0.6904761904761905,0.0,0.2548125633232016,False,False,False,False,False,continuous_float_like,False,False,False,True,False
minssCH2,0.14018674549924467,0.3744152046849122,2.65034822886148,1284,0.6504559270516718,0.0,0.2548125633232016,False,False,False,False,False,continuous_float_like,False,False,False,True,False
BCUTw-1l,0.0031536318654341255,0.056157206709683535,0.20899999999999963,395,0.2001013171225937,11.85,0.25379939209726443,False,False,False,False,False,continuous_float_like,False,False,False,True,False
WTPT-5,31.289139240673418,5.593669568420485,125.7376884388,1218,0.6170212765957447,0.0,0.24924012158054712,False,False,False,False,False,continuous_float_like,False,False,False,True,False
nAtomLC,24.93761041462018,4.993757144137086,128.0,27,0.013677811550151976,3.0,0.24670719351570417,False,False,False,False,False,integer_count_like,True,False,False,False,False
MDEO-11,0.18174325673161856,0.4263135662064,4.68832530774116,190,0.09625126646403243,0.0,0.24417426545086118,False,False,False,False,False,continuous_float_like,False,False,False,True,False
MLFER_A,0.2636429186065234,0.5134617012071333,8.61,220,0.11144883485309018,1.089,0.232016210739615,False,False,False,False,False,continuous_float_like,False,False,False,True,False
SHsOH,0.26586758452502285,0.5156234910523597,2.74466093795004,1387,0.7026342451874367,0.0,0.21580547112462006,False,False,False,False,False,continuous_float_like,False,False,False,True,False
SsOH,84.97230932906496,9.218042597485919,65.6253256657348,1436,0.7274569402228976,0.0,0.21580547112462006,False,False,False,False,False,continuous_float_like,False,False,False,True,False
minHsOH,0.048446171778178775,0.2201049108452121,0.8858693380933631,1319,0.6681864235055724,0.0,0.21580547112462006,False,False,False,False,False,continuous_float_like,False,False,False,True,False
minsOH,15.747738174546269,3.968341993143518,11.7323364427012,1422,0.7203647416413373,0.0,0.21580547112462006,False,False,False,False,False,continuous_float_like,False,False,False,True,False
maxHsOH,0.0581446452706507,0.24113200797623424,0.852772150813952,1274,0.6453900709219859,0.0,0.21580547112462006,False,False,False,False,False,continuous_float_like,False,False,False,True,False
maxsOH,16.704622957972262,4.087128938261217,12.470850049922,1432,0.7254305977710233,0.0,0.21580547112462006,False,False,False,False,False,continuous_float_like,False,False,False,True,False
nHaaCH,12.617412379166254,3.552099714136169,19.0,20,0.010131712259371834,11.0,0.20516717325227962,False,False,False,False,False,integer_count_like,True,False,False,False,False
naaCH,12.617412379166254,3.552099714136169,19.0,20,0.010131712259371834,11.0,0.20516717325227962,False,False,False,False,False,integer_count_like,True,False,False,False,False
nBondsM,29.279095310977933,5.411016107070643,34.0,35,0.01773049645390071,18.0,0.1752786220871327,False,False,False,False,False,integer_count_like,True,False,False,False,False
nRotB,20.594916282492886,4.538162214211044,101.0,31,0.015704154002026342,6.0,0.171225937183384,False,False,False,False,False,integer_count_like,True,False,False,False,False
nHother,12.69587746068687,3.5631274830809616,20.0,21,0.010638297872340425,11.0,0.16666666666666666,False,False,False,False,False,integer_count_like,True,False,False,False,False
C2SP2,19.2922511391761,4.392294518719812,24.0,25,0.012664640324214792,15.0,0.14944275582573455,False,False,False,False,False,integer_count_like,True,False,False,False,False
HybRatio,0.03626980003410309,0.19044631798515585,1.0,218,0.11043566362715299,0.0,0.13576494427558258,False,False,False,False,False,continuous_float_like,False,False,False,True,False
nwHBa,23.92766142219681,4.891590888677917,32.0,30,0.015197568389057751,20.0,0.12360688956433637,False,False,False,False,False,integer_count_like,True,False,False,False,False
nAtomP,39.72511237783149,6.302786080602093,36.0,33,0.016717325227963525,17.0,0.11904761904761904,False,False,False,False,False,integer_count_like,True,False,False,False,False
ETA_BetaP_ns_d,0.0005806475228879436,0.024096628869780593,0.19048,108,0.0547112462006079,0.0,0.10283687943262411,False,False,False,False,False,continuous_float_like,False,False,False,True,False
ETA_Epsilon_3,9.037541803629564e-06,0.0030062504559050904,0.020620000000000027,98,0.04964539007092199,0.44286,0.08308004052684904,False,False,False,False,False,continuous_float_like,False,False,False,True,False
nC,43.952642713943874,6.629678929928951,88.0,41,0.02077001013171226,17.0,0.08257345491388045,False,False,False,False,False,integer_count_like,True,False,False,False,False
nHeavyAtom,65.15452554946845,8.071835327202137,149.0,42,0.02127659574468085,21.0,0.0795339412360689,False,False,False,False,False,integer_count_like,True,False,False,False,False
VAdjMat,0.14359848296428943,0.378943904772579,3.54137323217347,42,0.02127659574468085,5.39231742277876,0.0795339412360689,False,False,False,False,False,continuous_float_like,False,False,False,True,False
ETA_BetaP_s,0.0007457533927545677,0.027308485727966823,0.19436999999999993,266,0.1347517730496454,0.625,0.07649442755825735,False,False,False,False,False,continuous_float_like,False,False,False,True,False
ETA_dAlpha_B,0.0001460305219562528,0.012084308915128445,0.08524,640,0.3242147922998987,0.0,0.07598784194528875,False,False,False,False,False,continuous_float_like,False,False,False,True,False
nBonds,76.86152017771057,8.76707021631004,149.0,48,0.0243161094224924,22.0,0.06788247213779129,False,False,False,False,False,integer_count_like,True,False,False,False,False
FMF,0.009007267473586641,0.09490662502474019,0.677419354838709,467,0.23657548125633232,0.5,0.0673758865248227,False,False,False,False,False,continuous_float_like,False,False,False,True,False
SHBd,0.4505041288000035,0.671196043492513,18.1619536853795,1679,0.8505572441742655,0.0,0.06332320162107397,False,False,False,False,False,continuous_float_like,False,False,False,True,False
minHBd,0.0243126408962502,0.15592511310321439,0.8858693380933631,1608,0.8145896656534954,0.0,0.06332320162107397,False,False,False,False,False,continuous_float_like,False,False,False,True,False
maxHBd,0.02617774644794331,0.16179538450754183,0.852772150813952,1561,0.7907801418439716,0.0,0.06332320162107397,False,False,False,False,False,continuous_float_like,False,False,False,True,False
ETA_dEpsilon_D,0.00035375565337307795,0.018808393162975882,0.16015,987,0.5,0.0,0.06332320162107397,False,False,False,False,False,continuous_float_like,False,False,False,True,False
ETA_Beta_ns,28.54241518925359,5.342510195521726,42.0,94,0.047619047619047616,19.5,0.06332320162107397,False,False,False,False,False,continuous_float_like,False,False,False,True,False
nBondsS3,59.17211413009447,7.692341264536726,135.0,44,0.022289766970618033,20.0,0.06281661600810537,False,False,False,False,False,integer_count_like,True,False,False,False,False
MLogP,0.45965851417977965,0.6779812048868167,4.29,60,0.030395136778115502,3.88,0.05876393110435663,False,False,False,False,False,continuous_float_like,False,False,False,True,False
Kier1,50.67672356008924,7.118758568745624,149.8950238582139,139,0.07041540020263425,14.9173553719008,0.057750759878419454,False,False,False,False,False,continuous_float_like,False,False,False,True,False
nBondsS,313.5940860877316,17.70858791907846,298.0,83,0.04204660587639311,24.0,0.05521783181357649,False,False,False,False,False,integer_count_like,True,False,False,False,False
nH,116.05238824064418,10.772761402752971,175.0,61,0.03090172239108409,14.0,0.05369807497467072,False,False,False,False,False,integer_count_like,True,False,False,False,False
TopoPSA,1986.8796969942287,44.57442873435652,1195.34999999999,630,0.3191489361702128,40.46,0.05319148936170213,False,False,False,False,False,continuous_float_like,False,False,False,True,False
MDEC-22,82.78504478766406,9.098628731169553,35.3207053361756,1144,0.5795339412360689,0.0,0.047619047619047616,False,False,False,False,False,continuous_float_like,False,False,False,True,False
nBonds2,347.9393690930428,18.653132956504727,321.0,88,0.044579533941236066,32.0,0.04508611955420466,False,False,False,False,False,integer_count_like,True,False,False,False,False
nBondsS2,324.37734135453,18.01047865423154,305.0,84,0.0425531914893617,14.0,0.044072948328267476,False,False,False,False,False,integer_count_like,True,False,False,False,False
nAtom,327.0527331499964,18.08459933617542,322.0,87,0.044072948328267476,30.0,0.04305977710233029,False,False,False,False,False,integer_count_like,True,False,False,False,False
WPOL,176.47487140321635,13.284384494707172,216.0,73,0.036980749746707196,35.0,0.04154002026342452,False,False,False,False,False,integer_count_like,True,False,False,False,False
ETA_Beta_s,26.961195901327223,5.1924171540167325,96.75,94,0.047619047619047616,12.5,0.03596757852077001,False,False,False,False,False,continuous_float_like,False,False,False,True,False
SC-5,0.0676679629426944,0.2601306651333026,2.61946656420175,574,0.2907801418439716,0.274971652376843,0.03546099290780142,False,False,False,False,False,continuous_float_like,False,False,False,True,False
Zagreb,1716.8546781923833,41.43494513321314,686.0,98,0.04964539007092199,182.0,0.034954407294832825,False,False,False,False,False,integer_count_like,True,False,False,False,False
ETA_dBeta,22.885428439521196,4.783871699734557,72.75,105,0.05319148936170213,-1.75,0.03292806484295846,False,False,False,False,False,continuous_float_like,False,False,False,True,False
SHaaCH,3.3618047189318694,1.8335224893444502,9.57880393700869,1788,0.9057750759878419,0.0,0.028875379939209727,False,False,False,False,False,continuous_float_like,False,False,False,True,False
SaaCH,50.41957476727464,7.100674247370783,40.1465416539112,1813,0.9184397163120568,0.0,0.028875379939209727,False,False,False,False,False,continuous_float_like,False,False,False,True,False
minHaaCH,0.010493143251335744,0.10243604468806741,0.789241951505885,1742,0.8824721377912867,0.0,0.028875379939209727,False,False,False,False,False,continuous_float_like,False,False,False,True,False
minaaCH,0.14256275702949459,0.3775748363298256,2.3257346987977425,1777,0.9002026342451874,0.0,0.028875379939209727,False,False,False,False,False,continuous_float_like,False,False,False,True,False
maxHaaCH,0.015318809805904762,0.1237691795476756,0.992777777777777,1696,0.8591691995947315,0.0,0.028875379939209727,False,False,False,False,False,continuous_float_like,False,False,False,True,False
maxaaCH,0.1509790622836284,0.3885602427984989,2.48260545267489,1783,0.903242147922999,0.0,0.028875379939209727,False,False,False,False,False,continuous_float_like,False,False,False,True,False
maxaasC,0.10707480444534626,0.32722286662968136,1.77349151234567,1798,0.9108409321175278,0.0,0.028875379939209727,False,False,False,False,False,continuous_float_like,False,False,False,True,False
Kier2,16.780164214086103,4.096359873605602,90.5695795242694,326,0.1651469098277609,12.0299038803844,0.028875379939209727,False,False,False,False,False,continuous_float_like,False,False,False,True,False
ETA_Eta_B,0.05121512397869156,0.22630758709926532,4.66606,591,0.2993920972644377,0.33433,0.027862208713272545,False,False,False,False,False,continuous_float_like,False,False,False,True,False
ETA_Eta_B_RC,0.0571245134741385,0.23900735025128098,4.55913,597,0.30243161094224924,0.59233,0.027862208713272545,False,False,False,False,False,continuous_float_like,False,False,False,True,False
SaasC,4.6435633209168605,2.1548928792208817,22.690552467386098,1830,0.9270516717325228,0.0,0.02684903748733536,False,False,False,False,False,continuous_float_like,False,False,False,True,False
minaasC,0.19287032903996867,0.43917004569980483,3.40928742021499,1803,0.9133738601823708,0.0,0.02684903748733536,False,False,False,False,False,continuous_float_like,False,False,False,True,False
SP-0,32.825778869990984,5.72937857624987,112.7000622035388,577,0.2922998986828774,23.4929885848168,0.02634245187436677,False,False,False,False,False,continuous_float_like,False,False,False,True,False
VC-5,0.022654255090437902,0.15051330536015048,1.48105865354369,1079,0.5466058763931104,0.140258306820984,0.025329280648429583,False,False,False,False,False,continuous_float_like,False,False,False,True,False
WTPT-4,19.142650427348745,4.375231471287976,50.7947290311316,1581,0.8009118541033434,0.0,0.025329280648429583,False,False,False,False,False,continuous_float_like,False,False,False,True,False
SCH-6,0.02595511436183506,0.16110591038765482,1.09973280437804,489,0.24772036474164133,0.268728739282632,0.0243161094224924,False,False,False,False,False,continuous_float_like,False,False,False,True,False
ETA_dBetaP,0.02923978878733502,0.17099645840582495,1.07461,695,0.35207700101317124,0.0,0.0243161094224924,False,False,False,False,False,continuous_float_like,False,False,False,True,False
ETA_AlphaP,0.0002512207199428432,0.015849943846677917,0.19684999999999997,738,0.3738601823708207,0.48333,0.023809523809523808,False,False,False,False,False,continuous_float_like,False,False,False,True,False
ETA_BetaP,0.03245623531581305,0.18015614148791334,1.06175,702,0.3556231003039514,1.5,0.022796352583586626,False,False,False,False,False,continuous_float_like,False,False,False,True,False
VCH-6,0.01046660321451237,0.10230641824691337,1.02177932677184,815,0.41286727456940225,0.0876305705105347,0.022289766970618033,False,False,False,False,False,continuous_float_like,False,False,False,True,False
hmax,0.06556017269178917,0.2560472079359374,1.425708919927703,1453,0.7360688956433638,0.839556038464768,0.022289766970618033,False,False,False,False,False,continuous_float_like,False,False,False,True,False
ETA_Beta,88.12179374164025,9.387320903305705,135.25,182,0.09219858156028368,40.75,0.021783181357649443,False,False,False,False,False,continuous_float_like,False,False,False,True,False
ETA_BetaP_ns,0.030102228804601425,0.17349993891814897,1.06818,500,0.25329280648429586,0.57353,0.021783181357649443,False,False,False,False,False,continuous_float_like,False,False,False,True,False
ETA_Alpha,14.492864167380999,3.8069494568986597,67.73327,796,0.403242147922999,16.56665,0.018743667679837893,False,False,False,False,False,continuous_float_like,False,False,False,True,False
MDEC-33,19.300842377558045,4.393272399653593,49.7661509387742,844,0.4275582573454914,7.3520743525686,0.016717325227963525,False,False,False,False,False,continuous_float_like,False,False,False,True,False
SCH-7,0.07967242120549427,0.28226303549259557,2.15052415993689,1003,0.5081053698074974,0.297409508396028,0.016210739614994935,False,False,False,False,False,continuous_float_like,False,False,False,True,False
Kier3,9.158171883561923,3.026247161677632,76.92062017734925,561,0.28419452887537994,6.29716326125768,0.016210739614994935,False,False,False,False,False,continuous_float_like,False,False,False,True,False
ETA_Psi_1,0.001864348551206541,0.043178102681875,0.38002,931,0.4716312056737589,0.60169,0.015704154002026342,False,False,False,False,False,continuous_float_like,False,False,False,True,False
ETA_dPsi_A,0.001851610845170316,0.043030347955487366,0.34239,928,0.47011144883485306,0.1126,0.015704154002026342,False,False,False,False,False,continuous_float_like,False,False,False,True,False
ATSm1,244.26729744531124,15.629052992593992,227.8262632401951,1006,0.5096251266464032,43.5856094818902,0.015197568389057751,False,False,False,False,False,continuous_float_like,False,False,False,True,False
ETA_Epsilon_2,0.0021603859066563497,0.046479951663661936,0.39857,908,0.45997973657548125,0.8098,0.015197568389057751,False,False,False,False,False,continuous_float_like,False,False,False,True,False
BCUTw-1h,255.34032154109423,15.979371750513042,112.9024441331136,1296,0.6565349544072948,31.9720727115545,0.014690982776089158,False,False,False,False,False,continuous_float_like,False,False,False,True,False
VCH-7,0.03164785940799866,0.17789845251715558,1.66045784334877,1395,0.7066869300911854,0.067578115420929,0.014690982776089158,False,False,False,False,False,continuous_float_like,False,False,False,True,False
SC-3,0.5344516121376481,0.7310619755791216,12.081893466402356,942,0.47720364741641336,1.38009969934424,0.014184397163120567,False,False,False,False,False,continuous_float_like,False,False,False,True,False
ETA_Epsilon_5,0.001829832544748188,0.04277654199147224,0.34252000000000016,954,0.48328267477203646,0.78148,0.014184397163120567,False,False,False,False,False,continuous_float_like,False,False,False,True,False
bpol,174.21491293847635,13.199049698310722,218.37801800000102,1071,0.5425531914893617,39.7950029999999,0.013677811550151976,False,False,False,False,False,continuous_float_like,False,False,False,True,False
ETA_Epsilon_1,0.003561977131714315,0.05968230166233801,0.37052999999999997,1185,0.6003039513677811,0.56667,0.013677811550151976,False,False,False,False,False,continuous_float_like,False,False,False,True,False
ETA_EtaP_B,3.420146526375308e-05,0.0058482018829511245,0.04476,811,0.41084093211752787,0.01592,0.013171225937183385,False,False,False,False,False,continuous_float_like,False,False,False,True,False
ETA_EtaP_B_RC,2.9828706752036834e-05,0.005461566327715597,0.042510000000000006,861,0.43617021276595747,0.02821,0.012664640324214792,False,False,False,False,False,continuous_float_like,False,False,False,True,False
ATSm2,102.79329281018252,10.138702718305854,175.7458942706678,1236,0.6261398176291794,43.8306680714426,0.01165146909827761,False,False,False,False,False,continuous_float_like,False,False,False,True,False
SP-1,15.312605418356373,3.9131324304649304,70.1366542461138,997,0.5050658561296859,10.0797186981189,0.01165146909827761,False,False,False,False,False,continuous_float_like,False,False,False,True,False
ETA_Eta_R_L,15.312498595291157,3.913118781137516,70.13636,1068,0.541033434650456,10.07967,0.01165146909827761,False,False,False,False,False,continuous_float_like,False,False,False,True,False
ETA_Epsilon_4,0.0013619278821104192,0.036904307094300245,0.33828,1143,0.5790273556231003,0.50884,0.011144883485309016,False,False,False,False,False,continuous_float_like,False,False,False,True,False
ETA_dEpsilon_C,0.0014106672359046773,0.03755885030062392,0.34638,1266,0.6413373860182371,-0.06415,0.011144883485309016,False,False,False,False,False,continuous_float_like,False,False,False,True,False
fragC,7427052.024969989,2725.2618268654464,90969.62,974,0.49341438703140833,3639.06,0.011144883485309016,False,False,False,False,False,continuous_float_like,False,False,False,True,False
apol,378.10105305358263,19.444820725673523,329.00080999999705,1324,0.6707193515704154,77.1585829999999,0.010638297872340425,False,False,False,False,False,continuous_float_like,False,False,False,True,False
ECCEN,267944.35156938847,517.6334142705516,15112.0,788,0.39918946301925023,375.0,0.010638297872340425,False,False,False,False,False,integer_count_like,True,False,False,False,False
ETA_dEpsilon_A,0.003599956904462701,0.05999964086944772,0.37997,1330,0.6737588652482269,0.12199,0.010638297872340425,False,False,False,False,False,continuous_float_like,False,False,False,True,False
ETA_dEpsilon_B,0.0009307712119516221,0.03050854326170986,0.17581,1313,0.6651469098277609,0.05783,0.010638297872340425,False,False,False,False,False,continuous_float_like,False,False,False,True,False
McGowan_Volume,0.8256676115268392,0.9086625399601544,16.719300000000008,1294,0.6555217831813577,3.6219,0.010638297872340425,False,False,False,False,False,continuous_float_like,False,False,False,True,False
VABC,12846.682483638278,113.34320660559361,2101.624135398123,1414,0.7163120567375887,439.30029748188,0.010638297872340425,False,False,False,False,False,continuous_float_like,False,False,False,True,False
MW,12447.381354852023,111.56783297551326,2155.29804985196,1319,0.6681864235055724,477.197379472,0.010638297872340425,False,False,False,False,False,continuous_float_like,False,False,False,True,False
MLFER_BH,0.7532821027196002,0.8679182580863247,23.09,1096,0.5552178318135765,2.159,0.010131712259371834,False,False,False,False,False,continuous_float_like,False,False,False,True,False
MLFER_BO,0.7651952894110258,0.8747544166284762,23.34,984,0.49848024316109424,0.849,0.010131712259371834,False,False,False,False,False,continuous_float_like,False,False,False,True,False
ETA_Shape_Y,0.0039542741561417035,0.06288301961691807,0.43838,1087,0.5506585612968592,0.375,0.009625126646403243,False,False,False,False,False,continuous_float_like,False,False,False,True,False
VC-3,0.19001312623049352,0.4359049509130328,4.72722869419019,1453,0.7360688956433638,0.953122902008384,0.00911854103343465,False,False,False,False,False,continuous_float_like,False,False,False,True,False
SPC-4,1.8314580840907393,1.3533137419278425,19.847814168416015,1258,0.6372847011144883,5.08579870278406,0.00911854103343465,False,False,False,False,False,continuous_float_like,False,False,False,True,False
MLFER_S,0.8032730891795963,0.8962550357903694,20.919,1078,0.5460992907801419,2.862,0.008611955420466059,False,False,False,False,False,continuous_float_like,False,False,False,True,False
SPC-5,5.283248263658063,2.298531762594997,24.477678589967546,1337,0.6773049645390071,8.75969394888554,0.008105369807497468,False,False,False,False,False,continuous_float_like,False,False,False,True,False
hmin,0.03979759681519359,0.1994933503031958,0.9771455735071801,1663,0.8424518743667679,-0.401857146103732,0.007598784194528876,False,False,False,False,False,continuous_float_like,False,False,False,True,False
MLFER_E,0.5034561706184955,0.7095464541652614,11.3979999999999,1071,0.5425531914893617,3.199,0.007598784194528876,False,False,False,False,False,continuous_float_like,False,False,False,True,False
VPC-4,0.9117436643526818,0.9548526924885753,6.768876033429646,1661,0.8414387031408308,2.11303177715416,0.0070921985815602835,False,False,False,False,False,continuous_float_like,False,False,False,True,False
sumI,377.46633222995524,19.42849279357396,412.2962962962957,1021,0.5172239108409321,50.1666666666666,0.0070921985815602835,False,False,False,False,False,continuous_float_like,False,False,False,True,False
ETA_Shape_P,0.004307230470318701,0.06562949390570295,0.45499,1230,0.6231003039513677,0.04149,0.0070921985815602835,False,False,False,False,False,continuous_float_like,False,False,False,True,False
BCUTc-1l,0.0008586421088341167,0.029302595598924622,0.233025659425847,1853,0.9387031408308004,-0.361307652214093,0.006585612968591692,False,False,False,False,False,continuous_float_like,False,False,False,True,False
VP-0,23.473473606171417,4.844943096277955,87.14290305288748,1528,0.7740628166160081,10.9460414996703,0.0060790273556231,False,False,False,False,False,continuous_float_like,False,False,False,True,False
SHother,3.567978934808192,1.8889094564875766,10.618879441577,1825,0.9245187436676798,0.0,0.0060790273556231,False,False,False,False,False,continuous_float_like,False,False,False,True,False
minHother,0.0065165425359804815,0.08072510474431409,0.789241951505885,1777,0.9002026342451874,0.0,0.0060790273556231,False,False,False,False,False,continuous_float_like,False,False,False,True,False
maxHother,0.010090864421473613,0.10045329472682124,0.992777777777777,1739,0.8809523809523809,0.0,0.0060790273556231,False,False,False,False,False,continuous_float_like,False,False,False,True,False
MDEC-23,89.55411475061933,9.463303585462073,54.0201510618835,1377,0.6975683890577508,22.5675746959816,0.0060790273556231,False,False,False,False,False,continuous_float_like,False,False,False,True,False
WPATH,51734976.904104225,7192.703031830539,301341.0,1236,0.6261398176291794,1022.0,0.0060790273556231,False,False,False,False,False,integer_count_like,True,False,False,False,False
ATSm3,199.61149796785102,14.12839332577668,237.0011993021139,1438,0.7284701114488349,60.3177394811799,0.005572441742654508,False,False,False,False,False,continuous_float_like,False,False,False,True,False
ATSm5,326.2542484376898,18.06250947232111,307.7849330153165,1667,0.8444782168186423,60.3924271789232,0.005572441742654508,False,False,False,False,False,continuous_float_like,False,False,False,True,False
SPC-6,12.899656679379783,3.5916092047130883,35.003426513501346,1419,0.7188449848024316,15.4939568612525,0.005572441742654508,False,False,False,False,False,continuous_float_like,False,False,False,True,False
SP-2,12.496153577647574,3.5349898978140764,63.7276578152776,1356,0.6869300911854104,14.4731943090861,0.005572441742654508,False,False,False,False,False,continuous_float_like,False,False,False,True,False
SP-3,7.759118696309631,2.7855194661516247,42.86879431252839,1438,0.7284701114488349,12.2142275195341,0.005572441742654508,False,False,False,False,False,continuous_float_like,False,False,False,True,False
SP-4,5.640907170766574,2.375059403629007,31.32299868200669,1457,0.7380952380952381,8.4911432357048,0.005572441742654508,False,False,False,False,False,continuous_float_like,False,False,False,True,False
SP-6,2.6044174668620195,1.6138207666472815,16.599751229260594,1477,0.74822695035461,5.49110735212221,0.005572441742654508,False,False,False,False,False,continuous_float_like,False,False,False,True,False
ETA_Eta_R,570.1563884980139,23.87794774468723,609.47538,1457,0.7380952380952381,41.41897,0.005572441742654508,False,False,False,False,False,continuous_float_like,False,False,False,True,False
WTPT-1,272.90334013260633,16.519786322244194,290.9062921536634,1491,0.7553191489361702,47.5757529378021,0.005572441742654508,False,False,False,False,False,continuous_float_like,False,False,False,True,False
WTPT-2,0.0009927206727355616,0.0315074701100479,0.21488237988894987,1470,0.7446808510638298,2.06851099729574,0.005572441742654508,False,False,False,False,False,continuous_float_like,False,False,False,True,False
ATSm4,247.90909253639688,15.745129168615826,263.6928528654359,1589,0.8049645390070922,63.0368392329703,0.005065856129685917,False,False,False,False,False,continuous_float_like,False,False,False,True,False
SP-5,4.436012459541219,2.1061843365530044,25.37452927358218,1471,0.7451874366767984,4.93387102041771,0.005065856129685917,False,False,False,False,False,continuous_float_like,False,False,False,True,False
SP-7,1.8437336485581999,1.3578415402977624,12.150766372370303,1471,0.7451874366767984,4.67112360646429,0.005065856129685917,False,False,False,False,False,continuous_float_like,False,False,False,True,False
ETA_Eta_F_L,4.017347321674032,2.0043321385623774,27.55848,1523,0.7715298885511651,7.4627,0.005065856129685917,False,False,False,False,False,continuous_float_like,False,False,False,True,False
ALogP,2.0560316421623197,1.433886900059527,28.2867,1625,0.8232016210739616,1.8579,0.004559270516717325,False,False,False,False,False,continuous_float_like,False,False,False,True,False
ALogp2,164.60032924734315,12.829665983467502,533.84102464,1623,0.8221884498480243,3.45179241,0.004559270516717325,False,False,False,False,False,continuous_float_like,False,False,False,True,False
AMR,995.9994286202783,31.559458623688055,463.3624,1631,0.8262411347517731,148.8682,0.004559270516717325,False,False,False,False,False,continuous_float_like,False,False,False,True,False
VPC-5,2.6875219508222266,1.6393663259998439,11.96892975269549,1755,0.8890577507598785,1.93522242034709,0.004559270516717325,False,False,False,False,False,continuous_float_like,False,False,False,True,False
VPC-6,5.367491990904911,2.31678483914776,18.217963912571495,1822,0.922998986828774,2.42141543877228,0.004559270516717325,False,False,False,False,False,continuous_float_like,False,False,False,True,False
VP-1,9.604932408157588,3.0991825386959038,51.22531009795138,1685,0.853596757852077,12.3580576634998,0.004559270516717325,False,False,False,False,False,continuous_float_like,False,False,False,True,False
ETA_Eta_L,7.262774601812533,2.694953543535126,45.86024,1734,0.878419452887538,8.72791,0.004559270516717325,False,False,False,False,False,continuous_float_like,False,False,False,True,False
ETA_EtaP_L,0.0025178129065638794,0.05017781289139533,0.29852,1631,0.8262411347517731,0.24937,0.004559270516717325,False,False,False,False,False,continuous_float_like,False,False,False,True,False
ETA_EtaP_F_L,0.0025254592107117166,0.050253947215235906,0.30484,1611,0.8161094224924013,0.23306,0.004559270516717325,False,False,False,False,False,continuous_float_like,False,False,False,True,False
XLogP,2.607753891090764,1.6148541392617366,17.87500000000001,1501,0.7603850050658562,2.701,0.004559270516717325,False,False,False,False,False,continuous_float_like,False,False,False,True,False
CrippenLogP,2.3519460761907,1.5336055803858761,25.3366299999998,1607,0.8140830800405269,6.00918,0.004052684903748734,False,False,False,False,False,continuous_float_like,False,False,False,True,False
CrippenMR,986.2423742993435,31.404496084149216,559.5278,1629,0.8252279635258358,138.6108,0.004052684903748734,False,False,False,False,False,continuous_float_like,False,False,False,True,False
MLFER_L,19.53113375710268,4.4194042310138,90.19300000000001,1554,0.7872340425531915,17.662,0.004052684903748734,False,False,False,False,False,continuous_float_like,False,False,False,True,False
ATSc1,0.055811483951141126,0.23624454269070666,4.538724611200565,1842,0.9331306990881459,0.460906173717337,0.0035460992907801418,False,False,False,False,False,continuous_float_like,False,False,False,True,False
ATSc2,0.019514212654496134,0.13969328063473968,2.3640058861893762,1857,0.9407294832826748,-0.179918657372592,0.0035460992907801418,False,False,False,False,False,continuous_float_like,False,False,False,True,False
VP-2,6.269147860341767,2.503826643428368,39.024958563164446,1794,0.9088145896656535,9.8852009991334,0.0035460992907801418,False,False,False,False,False,continuous_float_like,False,False,False,True,False
minHBa,11.084145310810031,3.3292860061595837,16.11914576060384,1842,0.9331306990881459,2.49927370796827,0.0035460992907801418,False,False,False,False,False,continuous_float_like,False,False,False,True,False
maxwHBa,0.24346780532239215,0.49342456902995024,6.07662359851348,1827,0.925531914893617,2.04571218610901,0.0035460992907801418,False,False,False,False,False,continuous_float_like,False,False,False,True,False
gmin,2.4326310765066976,1.5596894166809934,7.719942897048011,1846,0.9351570415400202,-0.353792586415242,0.0035460992907801418,False,False,False,False,False,continuous_float_like,False,False,False,True,False
MAXDN,1.6534604362067662,1.2858695253433632,6.494238236961445,1847,0.9356636271529889,1.68712591974857,0.0035460992907801418,False,False,False,False,False,continuous_float_like,False,False,False,True,False
MAXDN2,1.2506498870730678,1.1183245893179081,6.494238236961445,1847,0.9356636271529889,1.68712591974857,0.0035460992907801418,False,False,False,False,False,continuous_float_like,False,False,False,True,False
WTPT-3,60.52795309050981,7.779971278257382,180.15905032929754,1687,0.8546099290780141,14.7238902460969,0.0035460992907801418,False,False,False,False,False,continuous_float_like,False,False,False,True,False
ATSc3,0.00978618929623461,0.0989251701855226,0.910667034348472,1860,0.9422492401215805,-0.0977188073666495,0.00303951367781155,False,False,False,False,False,continuous_float_like,False,False,False,True,False
ATSc4,0.021480260554964686,0.14656145658038708,2.725597455342673,1858,0.9412360688956434,0.104661651975973,0.00303951367781155,False,False,False,False,False,continuous_float_like,False,False,False,True,False
ATSc5,0.02354949039704869,0.15345843214710844,3.49443382923497,1856,0.9402228976697061,0.00506106482882497,0.00303951367781155,False,False,False,False,False,continuous_float_like,False,False,False,True,False
ATSp1,443973.2968927579,666.3132123054127,10178.429354947706,1877,0.9508611955420466,2647.25302612238,0.00303951367781155,False,False,False,False,False,continuous_float_like,False,False,False,True,False
ATSp2,633584.2838532833,795.9800775479769,11281.34349187345,1877,0.9508611955420466,3160.12256266664,0.00303951367781155,False,False,False,False,False,continuous_float_like,False,False,False,True,False
ATSp3,1361640.902341908,1166.8936979613472,14316.996245382203,1877,0.9508611955420466,4544.94430705338,0.00303951367781155,False,False,False,False,False,continuous_float_like,False,False,False,True,False
ATSp4,1761096.1685517284,1327.0629859022247,16334.087089002425,1877,0.9508611955420466,4787.18190068281,0.00303951367781155,False,False,False,False,False,continuous_float_like,False,False,False,True,False
ATSp5,1918893.2597657929,1385.2412280053582,18700.029084668837,1877,0.9508611955420466,4530.53461157194,0.00303951367781155,False,False,False,False,False,continuous_float_like,False,False,False,True,False
BCUTc-1h,0.0073306319932142806,0.08561910997677026,0.45550376952761235,1877,0.9508611955420466,0.116045981659362,0.00303951367781155,False,False,False,False,False,continuous_float_like,False,False,False,True,False
BCUTp-1l,0.3250329572412175,0.5701166172295081,4.06443490869326,1877,0.9508611955420466,5.13412524561892,0.00303951367781155,False,False,False,False,False,continuous_float_like,False,False,False,True,False
BCUTp-1h,1.7609969977116446,1.3270256205935305,8.77889181717166,1877,0.9508611955420466,12.362930680668,0.00303951367781155,False,False,False,False,False,continuous_float_like,False,False,False,True,False
VP-3,3.8927692779981524,1.9730102072716584,24.51362299157299,1850,0.9371833839918946,7.18801906950559,0.00303951367781155,False,False,False,False,False,continuous_float_like,False,False,False,True,False
VP-4,2.60497339943596,1.6139929985709232,16.531754073596243,1869,0.9468085106382979,5.14797380251439,0.00303951367781155,False,False,False,False,False,continuous_float_like,False,False,False,True,False
VP-5,1.6917320519327983,1.3006660032201958,11.119171364332756,1873,0.9488348530901722,3.60984239331995,0.00303951367781155,False,False,False,False,False,continuous_float_like,False,False,False,True,False
VP-6,0.8970193345926986,0.9471110466005022,7.094648591229886,1876,0.950354609929078,2.05837491576754,0.00303951367781155,False,False,False,False,False,continuous_float_like,False,False,False,True,False
VP-7,0.508113914799828,0.7128210959278829,4.850659514333012,1877,0.9508611955420466,1.1592821080854,0.00303951367781155,False,False,False,False,False,continuous_float_like,False,False,False,True,False
SHBa,459.5550490761445,21.43723510801112,480.1607737703056,1870,0.9473150962512664,35.2804357101628,0.00303951367781155,False,False,False,False,False,continuous_float_like,False,False,False,True,False
SwHBa,76.3173083038207,8.735977810401117,71.7284031509617,1864,0.9442755825734549,27.1412532619275,0.00303951367781155,False,False,False,False,False,continuous_float_like,False,False,False,True,False
minwHBa,0.2929481026924191,0.5412468038634677,4.05694610417372,1847,0.9356636271529889,0.194006280889616,0.00303951367781155,False,False,False,False,False,continuous_float_like,False,False,False,True,False
maxHBa,4.65401983438678,2.157317740711085,15.4779912333897,1844,0.9341438703140831,10.136089473515,0.00303951367781155,False,False,False,False,False,continuous_float_like,False,False,False,True,False
gmax,3.812282096808419,1.9525066188897846,11.89903715175705,1847,0.9356636271529889,10.136089473515,0.00303951367781155,False,False,False,False,False,continuous_float_like,False,False,False,True,False
LipoaffinityIndex,11.851766981351403,3.442639536947109,27.592561248390272,1875,0.9498480243161094,11.9912002152442,0.00303951367781155,False,False,False,False,False,continuous_float_like,False,False,False,True,False
MAXDP,1.340407524164911,1.1577597005272342,6.88520224960148,1845,0.9346504559270516,4.13608947351504,0.00303951367781155,False,False,False,False,False,continuous_float_like,False,False,False,True,False
DELS,273.46723224512215,16.536844688305028,371.0054006971135,1866,0.9452887537993921,29.8823514905369,0.00303951367781155,False,False,False,False,False,continuous_float_like,False,False,False,True,False
MAXDP2,1.3147789551916749,1.1466381099508576,6.88305503730259,1846,0.9351570415400202,4.13608947351504,0.00303951367781155,False,False,False,False,False,continuous_float_like,False,False,False,True,False
DELS2,269.8134572978577,16.42599943071525,368.8447647620015,1864,0.9442755825734549,29.8823514905369,0.00303951367781155,False,False,False,False,False,continuous_float_like,False,False,False,True,False
ETA_Eta,199.1020360791053,14.1103520891261,346.51347999999996,1875,0.9498480243161094,35.23951,0.00303951367781155,False,False,False,False,False,continuous_float_like,False,False,False,True,False
ETA_EtaP,0.04860299860143579,0.22046087771175138,1.6997299999999997,1859,0.9417426545086119,1.00684,0.00303951367781155,False,False,False,False,False,continuous_float_like,False,False,False,True,False
ETA_Eta_F,135.249056479361,11.62966278442161,271.36244,1874,0.9493414387031408,34.64078,0.00303951367781155,False,False,False,False,False,continuous_float_like,False,False,False,True,False
ETA_EtaP_F,0.03316995171780612,0.18212619723094786,1.5566900000000001,1845,0.9346504559270516,0.98974,0.00303951367781155,False,False,False,False,False,continuous_float_like,False,False,False,True,False
