PCA_score_1,PCA_score_2,PCA_score_3,PCA_score_4,PCA_score_5,PCA_score_6,PCA_score_7,PCA_score_8,PCA_score_9,PCA_score_10,PCA_score_11,PCA_score_12,PCA_score_13,PCA_score_14,PCA_score_15,PCA_score_16,PCA_score_17,PCA_score_18,PCA_score_19,PCA_score_20
3.6918152200516587,-8.765577116966291,-0.6024822557907287,3.3926339329746513,3.4733457863121755,-2.101555274251076,-3.4459835581725273,0.48299291920510823,1.3056253058098388,2.3257147108577247,3.583397347333866,-0.04387125240521353,-0.44866233883414586,-0.19336523144821502,-1.636827942136502,0.5246701226847957,-0.6721076219526867,2.4557783975868617,4.086902418331765,-1.2015728934614667
5.368016116807686,-9.824068950555318,-0.7398445662981281,3.4848326126785922,4.798304189676401,-1.7175940789834494,-4.313091891999267,1.3978387816675406,-0.25400753547478383,1.1624471814386643,3.196537942055973,-1.1320581829008773,0.5157687601010426,0.73649337468537,-0.2717010520777739,1.850450120472722,-1.3505647992669358,0.5269188352762191,3.6818464800278665,0.8629862720287234
7.080976933615911,-1.5384222217913734,-5.7653346720698515,0.37649196628101256,4.615432415185877,0.15553321187429356,-3.3018905113677786,1.0354085445444143,-0.9662658219157274,3.128990580812104,1.3777836497833484,2.0246194457750413,-0.41798266766103054,0.006115468024755544,-0.1699385766777688,-0.8600360823170735,0.998478214135537,-1.0932566091894573,3.354643522054301,-1.1355364455378492
5.336125936813076,-9.605703920817064,-1.0296484430195685,3.4677972044759287,4.935728652187834,-2.7554734586811103,-2.724620393613922,0.6034794838586475,0.5171465240978692,1.869456633028744,3.276656909342236,-0.028809873515022538,-0.1736576657124601,-0.28515530664503486,-0.8649273541551653,1.1504457686147116,-0.42059246414687407,2.7220523121952516,3.898790592198267,-0.6299993658627486
4.237009310426428,-7.314643565637543,-4.113720567709587,3.507650052442469,3.8167872046747506,-1.4756558479347732,-1.6499390296377632,0.9710137216018785,-0.5225970016109243,1.7668700434049502,1.8745536981662436,-0.5620921354262224,-0.011019830784419343,0.23866975671063173,-0.6739969735379128,0.6100313542483442,0.21705477638177473,-1.212101909540093,4.071414555565394,-2.2294866916915925
3.456959422611673,-4.837867459193955,-4.345943137616979,4.350772595571868,2.6011991066859803,-1.2017586557016284,-2.2753922413049574,1.3074244163056563,1.0712008380699574,1.519149504097117,2.8108833997491964,-0.1623888488529126,-0.40239687432595483,-1.019898744435391,0.08931430139967517,0.5500540428229781,-1.121642385855489,0.3108365760805303,4.321080443001572,-1.7678897863504683
8.886113419782422,-5.409483403640536,-4.782625084501246,-3.016207926638414,-0.8548724540063287,3.847151658377798,2.2314580265973447,-0.6897590787675715,-2.4497827668118273,-0.3098038860095749,1.443395018388406,1.6402164491911124,-0.7611702200941101,0.16850921247191208,-1.0990417669117012,0.12870581585821395,1.309457912664952,-1.5706322621761606,0.9298927539740365,0.43672462324579736
2.5088231583433296,-3.763217580816905,-3.863852537850386,3.712801411107574,2.2552243804283463,-1.3882599185258662,-4.143394659211511,1.2495100444189833,1.7303723753656024,1.4798768983603459,3.407032788371824,-0.8847368837940778,-1.1394006824910772,0.49972897776806846,-1.7852633503978173,-0.7605269414363061,-1.3598816293593217,0.6505018882484762,4.315657151808924,-1.7665342090895166
-3.343429175806798,-5.675196382849318,-1.9120032882981977,-1.8354348021318003,-0.4735808273278783,4.016334444336308,5.8629299278612335,-2.5938644786894964,4.247700164418923,0.49984034580566533,-0.39158744895037306,-1.521648237651581,1.2169046546575117,-0.6966516640277144,-1.2485587863838066,-1.1396911968783001,-3.2850185218781336,-1.3815066920183168,0.4113264459399075,0.8838915608291349
-0.4034643456869066,1.282576229671535,-3.031336143397623,-6.736236727491968,-4.078543639260753,5.959530722902761,3.2399017952286338,-1.851731967583898,-3.6069180056858197,0.5434485577218451,-2.6013992688438865,-0.5462713044247631,1.785639306452115,-0.34601660364705056,-1.5209602251926386,-0.4029393044726193,1.0434701839550966,-3.129910530513884,-0.5032254313562894,0.6522745446888767
9.326369216024295,-2.156427420707166,-5.452523417980837,-6.735209909106794,-3.6869196257707273,3.327942725550983,-0.9959156957397702,-2.0809056679694855,2.878485105251473,-0.4663774670744621,-0.8883621784840359,1.3073585719984924,0.09460860605201231,-0.71355636130471,-0.7486913771280586,0.6325740873428118,-0.40497631854474603,2.240370598433801,-0.1382940922065118,0.8693786198172604
-3.336711964040834,-5.752106053884896,-1.0193046179325378,-1.5620717362186742,-0.7993094235741013,5.226695739086482,5.879172010924032,-1.0577078357577954,-2.9511217108448116,0.3233231717519705,-0.832747714963235,-1.4967544342335386,1.7768469715887152,-0.7661063127329147,-1.521868974943741,-0.20835935346578993,-0.5844144451188383,-3.255355692334514,1.2024013513611511,0.9906421896671757
4.067942775561676,-9.522204390527193,3.9651345383692034,-0.5751710762085822,3.6641337255282758,-3.2625890946424656,0.10006818429446573,-0.07806622724107334,-0.47209801826638526,2.7710239976884044,1.057793096525486,-1.957304754741937,1.2673853339842822,-2.3823868321019193,-1.2676988491253418,-2.225020930694659,0.8601087195336259,-1.4533511048508494,2.7105010714213864,-3.6227824801038575
4.445082997845892,-9.306506432962511,-0.602596906378147,3.3239848145450446,4.401483913333198,-1.4852423507553822,-3.925645908656923,1.325036464296949,0.09045250737997611,1.9196403817145002,3.026276743599789,-0.7241875942722925,0.30686550400166857,-0.13412926978581188,-0.8721939024002279,1.8618619902737654,-1.414252897253162,1.3518160535282622,3.6004436850623422,0.038902321244362936
3.1656603695927323,-4.975898003473482,-4.185894707335997,4.34858504215327,2.344919700091311,-0.4919112482076736,-2.6950447217442837,1.8619544126737664,0.24353357251972402,1.6054751694983196,2.7988929766708566,-0.6081157518800381,-0.24244504610778797,-0.7122465265315963,0.009465965704847507,1.5238769089382713,-1.4963913579852548,-0.5205893617004027,3.4912741439202,-1.6135903740937254
4.203309094937114,-7.199790963858222,-1.9471852069051963,2.1218002052669056,5.41780971024848,-4.2408857627446634,-2.0130659026208875,0.14893757415759284,0.2611606673793362,2.0394837034924755,1.7165705851065565,0.7289469136923454,-0.015591564613341907,-1.0211635743589007,-0.7919644509359743,1.0620774370563633,0.7654452537462666,0.8843805343300726,4.0901228607417774,-1.7191879061855486
5.502197058210493,-5.5882679862350715,-4.400007213728408,2.1234616394761097,4.482647559979841,-0.23375457029107782,-2.5460945313368857,0.37833615559757444,-0.7936719545742938,2.126929488157095,1.8487619997205296,-0.22559115022432308,0.11537118848797118,0.6442896899504695,-0.5508097738993024,0.0870953982231315,0.7965175824228912,-0.44802621694138905,3.474090495418154,-2.44261443470423
2.011553223526487,-6.693141710838555,1.942628388107051,2.488581300889316,4.9649123205444665,-3.3847155151877883,-2.543522409950941,-0.15973580284499794,-0.07248566605392093,1.5190775961981742,1.9163295885438192,0.4102639178891289,-0.5311399690561476,0.4772259786005051,-0.7416831377311278,-1.535171445128505,-0.4425393771221085,1.5198102413299401,2.7203773928195334,-3.430446233919037
-0.2255333581358694,3.3210289654626743,-0.3300756762913461,-6.916737076461959,-4.764319718570706,5.263789569579517,1.9265238015744024,-2.2413419718566083,-4.379726593326136,-0.6181273623667649,-2.6890597507816407,1.200355953598357,0.017701491359795526,-0.11643782313026585,-1.9014372717296324,-1.0995820792403803,-0.1605558976027026,-2.5053856454744,-1.7764322874339022,-1.1261468976976579
3.5784889988904993,-7.076590911529609,-2.675847264807374,3.8455869510067253,1.620110908695239,-0.8800422375303515,-2.189274586408141,1.0109982474117536,-2.257928460485733,4.273231929209898,2.7420241330222694,-1.1756974916410703,0.34331652333183266,1.468791666624354,-0.29911380755875466,-0.8339366777630702,0.4398279929230613,-0.8183244117386284,3.5317261086400196,-2.5684304220705676
4.143927759038922,-9.032558770514733,-0.4195264523489719,3.742569325125386,3.6038930874039816,-1.416930308376697,-3.985082572732427,1.3620010751223544,0.3079328754633444,2.321860525748264,3.0614354360146314,-0.6664552127548694,-0.17203443497282195,0.46486316109661324,-1.8407873253846736,1.452435699613647,-1.4027492412364568,1.625070763202567,3.7717671390501337,-0.11557319461394544
5.147193154741345,-2.006648050665513,-7.037736677413058,0.9166947565546737,-0.7749461350188175,2.871880527596053,-0.8796428709774295,-1.3138187910420054,1.4915107391707936,2.5484207976998734,-0.7106320238085481,-0.11357334893870616,0.8530088572466751,0.47559963802592686,-1.7698636244186412,1.640415668760391,-0.3337624676884176,2.475535990575251,-1.4626694124873865,-0.10535805344052099
5.914449998593064,-5.339636388992458,-4.477818088981814,1.906084935185015,4.683089545917154,0.1289115374450407,-2.724979011116036,0.4953411763190021,-0.8797421539481531,2.7321956865176347,2.3047076879288246,-0.16035467451200294,0.15779734099864945,0.8632991563365089,-0.5322025424639931,0.14369140036027206,1.0396908440869865,-0.7823004455629947,3.2703244822066493,-2.85800372884439
2.829374664661312,-3.666584305500554,-3.3696129188081025,1.3712684549271204,3.414839485879805,1.3889893459155025,0.5781759117294405,0.4750967568964318,-4.029343227777022,1.6004978149433773,1.538983381153899,2.2992095690578056,0.36736034755346175,0.5418169749800844,1.6907019880703127,-2.636540609460279,0.38845416811750677,1.5214132548860957,-1.535033324867207,2.542085969383676
3.969829778124442,-4.334379052737638,-4.409160191419752,2.077664045129296,3.9576680150157033,0.22684016573663843,-2.133685631375215,0.1510939472006051,1.2751325063097205,2.8926063012855936,2.1271491482358638,0.10344909809689706,0.7927342960360023,-2.589824429409865,0.23192329117238225,0.6792545527533913,0.38216995849119934,0.5762830656668647,2.4032062003557475,-3.792681612529051
0.20640974617421257,-4.859912772188764,0.40521038094415357,2.8598823695832034,5.973400030822816,-1.0452303685892477,-2.78628085143005,-0.5912425686440526,1.0173947459900214,2.8906298174328806,2.9569938927362727,0.3810266542046018,0.1180697366068092,-0.7116337030872484,-1.0151701577155279,1.688952264647543,-1.001617209043093,2.815982267398092,2.813360268589034,-1.9230045454372267
4.646050293937771,-6.439202142367311,-4.5199604899525285,2.662710740714366,4.804553336968285,0.767574261669227,-1.622708575645751,0.4728049751956698,0.6800996340925084,2.9819379148048633,2.022579528338124,-0.5295756277715347,0.7538432221229132,-0.47775182830412277,-0.4410928853050324,2.0641565460687197,-1.9058420652295587,1.1649900835878504,1.8577369832783956,-1.3285538763633489
4.870055780013128,-4.8995935076485075,-4.546066379458947,2.280800043549318,4.39637648420382,-0.18229575925845448,-2.385577419419171,0.25507074837510646,0.881306485633046,2.1877034172754315,2.396731886234119,0.49209168549356974,0.5546837483694379,-1.8221446876141023,0.7249313340456591,0.5929682231558839,0.16363150586928538,-0.0008110089711369506,2.4606495188485984,-2.7921271353532
3.0338779366419515,-4.35200068586392,-2.788540947502967,2.5616452419549587,3.910405757535763,1.037829265965243,-1.206066613454435,0.43484090238725515,-2.08120285827749,3.0877434993129445,1.3988309087934516,-0.6352119754594219,0.07338899815242547,1.7747223792385596,-1.1548568790746065,0.4400034496905168,1.2585553103867069,-2.1036208511905667,2.607075914386597,-1.3870535655111345
4.861381814016392,-5.7325648165302185,-3.8388999386491003,2.023055357629786,4.304468743042401,-0.9604691392320913,-1.7338136022966162,0.07475644172309592,0.08733906698110927,3.165440753032441,2.2771211221987544,-0.011112196517599121,-2.002453007384549,-1.3449512538890915,1.77563756738149,0.04706844163070334,0.662048624973862,1.0062557872152436,-3.867393979286915,-1.2486078921463009
3.292472318382308,-3.383093618455875,-3.579145918337339,3.1828017019977053,3.826564000495741,-0.5132624160880463,-1.9340730969919937,0.6302168768017911,-1.0755465903619166,3.392346468990151,2.456364862654101,0.3790884103109649,-0.6381256699348028,-0.905050741542815,2.7340721843394338,-1.8318503243792355,0.6504439711216399,1.2973547590942633,-2.275646670511924,0.3354869800561979
5.11578976070275,-2.9412506174635977,-5.921426312205853,0.4137215016143262,4.177203817317247,0.9186607359167163,-2.1881606130613265,0.47164700393543524,-1.307645741652395,3.5307998798347864,0.8947456561406772,2.722178022011797,-0.46524128373813434,-0.3566438974402172,-0.37527141548567455,-1.636820646494304,0.9165316283960295,-1.166977113269175,2.5670808840041506,-1.2719985073389388
4.209072340620329,-4.004228906927634,-3.6171997849422652,3.2921837831401017,4.224059053951391,-0.9143049499876412,-2.213015821178611,0.76903157528337,-0.8540090261097648,2.6174529082749305,2.4728389452278856,0.9092270039230645,-0.44200822750771995,-0.1073329003070409,2.5092169669530193,-1.5845079970440188,0.4392164189905243,1.6301149512813182,-1.447834586946036,0.9746747408906808
-4.4793938914282325,-11.43719368789301,10.387607624094677,-2.7600305420106768,2.3990701990697274,1.9076288147700666,-2.6682581605942852,-2.6054956803639193,0.9495963757070285,1.084209124598091,1.492149880153132,0.47632483387271657,0.9236969971300559,-2.524146104001857,-2.7123013406395184,-0.9686249302797427,-1.8264698693472572,0.5428554377392611,-0.08236563210334835,1.0887180232634113
15.90334843314417,-14.3764839473784,9.071258317754072,-3.6620829701020456,2.1489762165792308,-1.2753194660375913,-4.1846044210968945,-0.771950050762179,-0.4420432106938985,2.858147823972033,1.1499019373324078,1.2975917283451774,0.15438649922017506,0.5758302233485149,-2.9304918349500824,-0.7225216978638186,1.0242740847361271,4.979706485756625,-0.8214856615097537,2.7476900544165312
-3.614365758254696,-1.4097030893122966,-3.5644224092000454,0.19189651157776266,2.1362199728030253,-3.860618900597758,11.548884037424436,-0.7483682078420936,-1.1696676789280898,-3.30942248332228,-4.430385022043656,-2.0046632783750495,1.707876727711838,0.771076143677875,0.10205225882463687,0.76478788225051,0.15843742312078501,-1.9307984754059109,2.350394016640862,1.7105748582889548
5.778232422063446,-10.563158620279804,7.006950548386813,-3.3587958695649136,-0.7117949894924209,4.676455064861536,-1.862050481007375,-2.001143478639128,-3.8275943163932507,9.744368605582663,2.2116047278434388,-2.0765495466596313,4.430559139397313,-2.5627251257024453,-0.43505166748949753,0.3025754565116512,-0.5186275077748728,3.34673570170409,2.77857858286681,-0.7187019753157514
7.242353160582033,-8.689060259721312,2.9971761728210193,-7.998199375888487,-0.9826000178654077,0.22314745359804522,3.250360999212319,-1.7061360976014548,5.698924554282213,2.2881167852900655,1.403240034968763,-1.1223243260705726,1.8857291426094303,-3.4496866842867453,-2.896569446179452,-1.835270236647055,1.0959399826936211,2.025112094265464,2.9720085834414594,0.584921058560172
9.336056270609717,-10.820286180243999,5.226723078925723,-6.606795453309256,-1.6015134007989051,1.2642421281033305,3.223280412794786,-0.37142888381690176,-5.095046063356954,2.569713403837657,1.2856981386224715,-0.3805495538857844,1.232592224088667,-0.41366169445929607,-3.838285834124994,-2.4795102765290693,0.29960625213111614,1.9409670088074291,1.0248563806995705,-0.9308712805585236
16.045033428961563,-13.958074089487695,8.109940361865238,-3.853034236732042,1.3236438546062064,-2.773322973252438,-3.393201663770566,-1.2248807699954214,-0.4446658926836282,2.474019034680042,1.2612290545781817,-1.643645516438986,1.3868986703026218,0.6962949500165547,-3.038140309551515,-0.3468992303063334,2.4155549007951684,5.022310566379261,-1.7288747926641168,0.9360452292484226
15.652521438972354,-9.98962451165254,9.432297332666565,-16.16815758375492,-4.775052846592714,-4.0802678884006065,-2.182596792249116,0.5820329713732729,-11.494890719426229,7.697305854721798,3.1472465740460462,4.459979972885223,-1.891103981583546,-3.29710873163636,0.20183038080229365,-0.2900894361455973,-4.7513207926641705,-0.5006833517439284,2.782205670778554,7.970225525342743
14.204287814597336,-17.23159002679192,8.667911491002304,-2.4080406614642595,2.1415375327871518,-2.7199409718614587,-1.46398173904302,-1.1168806908244906,-0.5761137638849145,2.5723279498000364,1.9096586392906232,-1.3405895188884511,1.2807904469147529,0.20600556163843642,-2.9960936175404314,-0.10054126340465541,2.0818024108440234,4.86706924783897,-1.519937245069725,2.265268050641782
4.918268236721483,-7.000583730345808,-3.996706737794799,2.8804535750200913,2.8632368479512103,1.259570662722444,-1.5960811337949223,0.42303971971554,2.5437514594298536,5.853989774058365,3.3039795585361773,0.8558215137534346,-0.2051223352094817,-1.0325545986602698,-0.5816643321996484,0.4237772264174117,-0.7656058012699456,2.2931591759118084,3.1234741005012974,-2.598466060785579
5.832856516239168,-1.1031033444974838,-5.017845306651381,0.7707059142833399,3.7066534651816347,0.339436926376471,-3.2961882200357633,0.980007746833131,-1.2763236525776465,3.1163988369923827,1.1169962188671243,1.722897135371897,-0.5654734250608688,-0.17126112050938974,-0.06420458264311392,0.04817461185146754,0.3894592871350633,-1.1012830160838547,3.3828558037213257,-1.5198581741715593
5.832596856204369,-8.349586038580682,-3.3059265495998607,2.4740630011160283,4.133292844387668,-0.1470063792642869,-1.236624556355206,0.08034212626165263,-0.8704463412938499,5.858032650707679,2.484675355686285,1.7366290231852508,-1.3561916014093427,-1.0731992194326119,1.8058636512855404,-1.237894712105457,1.9774857366638199,2.4754532520153676,-2.8355697382048555,0.12162421539767365
5.88865391617742,-8.13528186678198,-3.190351396931556,2.442319842881626,4.068130656903364,-0.2669284419767199,-1.463612353010988,0.1285393361741287,-1.0029499391536283,5.746346768769888,2.2941200616149393,1.6445237813106477,-1.5796574695254628,-1.07873441852119,1.8563637978105063,-0.9636270583446522,1.810545865312914,2.434580314858409,-2.9139471941356327,-0.1297917319429379
7.638829215578172,-8.493952290761813,-2.932772711255372,2.338869613556254,2.5537394242991622,0.6418877354643613,-1.1694801927417298,0.2635405023534613,-2.7697898078472774,9.638824331658014,3.2907384180314025,-2.2736891058893254,3.1927504001903313,-1.793527897710184,0.5693682904392493,2.0887400348974903,1.4307906725289103,3.60230043521161,4.984597529090736,-2.803860865661379
7.4283113078339085,-8.304241804324532,-4.0951249775422,2.436031976926434,2.790205827242359,1.1199930220580838,-1.4399295668346084,-0.3871851468759543,2.603195530259146,10.269085527875067,3.278878280159721,3.2588870059557653,-0.1999340872656148,0.8347306281059537,2.5818913490164492,0.3858473447743789,3.329195137655928,1.2361130160758127,4.683571213885388,-1.7735371942179126
9.185546944292335,-5.100402611799049,-5.2179599455620576,1.2166219224068402,1.402613382975344,1.2894821274596604,-1.3450541356915704,-0.04724837092904438,-3.342949059744104,9.955375168037854,-0.6505800264043509,6.8901919204094,-1.5823136640153126,1.1921497127949612,2.898840229971836,1.9284993179845955,2.3957837389038628,3.5225896448288205,6.062734953482762,0.9804974060831587
4.916359162286591,-4.930375548265809,-4.449288457423789,1.8724568944009388,4.844300770342191,-1.1497106750012427,-2.6726605235628615,0.2767572412179154,-0.1408171251440426,2.648161968590745,1.7214946166532046,0.38778560942619184,-0.609933474594814,-0.25767379643391675,1.1577305792862316,-0.7169920992565335,1.0799013495511736,2.473692003087434,-2.6892830085051016,-0.3091528555747186
4.249147359101219,0.551708669618414,-0.6773272985800972,8.079185190868227,0.3613553167759656,-4.494885660616754,0.2451348278010158,1.3267919728134465,0.6824611202527433,1.2088911317972841,4.278128045695672,1.6422335308994451,-3.402868570588933,1.6351656888278407,-4.645738946973147,4.532280389180004,0.453207008448195,2.5964251954441258,-2.10443970698473,0.5048879728127499
4.2600539497885705,2.441375934595416,-0.9128823063431682,5.187346484153203,-0.008536864454396331,-4.135249252335243,1.335370917618898,2.511134761852233,3.1403699340230484,-1.028218520713378,4.791524630950848,-2.9950525652565596,-1.1340742232688936,-0.7357800364888384,5.565061051188497,0.5672255573524518,2.1567554494969823,-1.4354168220387877,1.4523576662578572,2.3214210387134826
5.072338757348964,-2.4676659230558466,-0.9130648768066709,8.010274643702815,-0.9966995743213547,-0.9446407174288468,-0.44682836832000616,1.3030963581046193,2.394645384798044,-0.21739557740789195,4.376989953610993,-2.3739591278995618,0.6558785275707097,-5.133196472547137,-1.8914479117592882,4.925280640039922,-0.8482525944757381,4.8493508928895555,6.529530143697029,-6.8480852921673545
10.14313348566974,-1.6952929840981914,-3.949169535376999,8.793742869404388,-2.934179149731306,-3.4927985328846782,0.8642597729260824,3.7940978575863706,-0.06531597351432623,3.3339958102832936,4.709900140953937,1.9420319417315863,-3.0526938324266655,-4.49085485163836,1.9912333488810836,4.051420481476604,2.8803737065098924,1.7086966711365146,-4.929019210892654,1.7254870064652164
8.44132864408509,2.404634793680598,-0.6945809567687227,8.10701327939601,2.5881857333841456,-2.3636871447739294,-0.5328459716695207,2.364411746901632,0.8703157818665349,4.571687375436673,6.4700536879613795,-1.0020079427091673,0.37255290448114653,-2.9134457040746167,-0.4890246679120853,-5.8257866714496345,1.3464624746680196,5.986219594483721,-4.4140509820110925,3.2960955266411895
3.485435519189409,0.25971398104132115,-0.8116493844507513,9.018079947556489,0.686895322549742,-2.656897190678022,0.9890362624043129,2.315910432651572,0.7205147241269647,3.500906180965565,4.6626328562433095,-1.1072527018510856,0.11732954104624645,-3.497950104379493,2.2085085155223023,4.755529113651711,0.5405154893965798,-0.4055375531537279,-1.6360607812040995,-0.8112760850834242
1.718382591530375,0.8247681257066635,-2.002145419397374,-0.39295467529181327,-3.482305440393074,-4.471997675852173,1.126057827203756,0.6263372835297455,-1.6750305748041332,4.724369396255015,-4.507959082220549,0.20630716453250458,-1.5439283185024455,4.261284933372718,-3.0622883572764215,0.11364920096318709,-3.6106998167812057,0.3694194003817034,-1.0926732553726364,-0.3598347993449449
-2.6339048314399367,5.282819227185183,-2.8148740134972234,-6.717561367471307,0.7432512511915291,-1.5509927667373515,1.6492223601421818,-0.8116859119043054,8.491709738836343,1.3551395165130469,-0.2276776256905757,0.9385264061926214,-1.1000743994330808,-1.658332492167623,0.5746021442559297,2.6461471877619474,1.03644297965952,-5.197058516540467,3.405034446744849,2.693149142430105
-9.527113779188383,-0.008320622477666184,-6.102628812829304,-0.8503760202450529,4.846757141539299,2.1046591993946935,7.627731151683537,-1.4240925946242802,-1.2011425854356965,-1.9337488308396407,-1.3087626793440423,0.9958721921245279,-1.1074325925353952,1.6003770961638404,0.1760884011416099,-1.9787013725600788,0.12722736586438854,-3.534462495931625,0.37364849933162325,1.3745268133877726
-2.2085095744951606,-7.22040790588029,-1.049996020739861,7.4665965436944814,3.7166769918353104,-2.876097006484526,6.286853895211381,1.0516144599027961,1.7779403507960112,-3.222147320355216,-2.0056047553117073,-0.5462299523148897,-0.5396424039769921,3.688518080423636,-1.157210652040781,-0.7235816201283627,-2.3370793137345305,0.8454971974784212,-0.48987672719470277,-0.3191504025197266
-6.072468247971049,-1.995532077407244,-2.1386549689270526,3.46992870084535,5.8591036984486875,1.549037033208698,4.650233814068735,-1.1994020122421833,-1.2316505087153498,-0.2962189010594538,-2.5853943714161263,0.9195756184582063,-0.4350238151886693,1.8166425640440613,1.0508779945688174,0.34544591411955555,-3.7020259028715383,-0.07212110245934089,-1.4592799625426744,0.5716299535308975
-4.1964031422838675,-3.773555355284408,-1.894436601292773,3.7099822264526088,6.326314383653762,-0.2473336227052143,4.724554884110134,-1.1671258636961586,2.0703146775516443,-0.6968549356130507,-2.767235482997334,-0.40929357656983145,0.7526149671409696,-0.054789657737767894,2.2249528328636803,1.0124162516871886,1.0139799431011682,-3.283962925492826,-0.3442262263472424,1.7581061434569951
-7.4493903490431235,-0.5622128330760627,-2.0366395299323665,3.148983581853175,5.521086218630828,2.161078963711543,4.46126692118137,-1.190938558130449,-0.9177800205096437,-0.19920577732246542,-2.5952742546113265,1.0222700129129754,-0.42405539967471706,1.3677669629248912,1.0918186666825154,-0.017178898841300583,-3.7353305472643488,-0.7740948917450692,-1.2939484349433727,0.35752379942422097
-5.197115403589497,-3.150882711910603,-1.8534489974342947,3.2530220660779463,6.2158216553252235,1.8857190184872759,4.288721410737918,-1.7615668238468958,1.5125366219961514,-1.112709153774554,-2.7749633546151675,0.4362934056725519,1.2697448860502993,2.5251852965018955,-0.05397645448771132,-3.150058317135292,-0.549946522394535,-0.9819242844767406,1.4689000451996739,0.7315413583083197
-7.460640544225454,-3.9110681794258833,-1.7965457093487658,5.327551809134619,5.098697104995423,-0.8361152997941631,5.527159767440017,-1.3936389620398666,-1.0373414756508859,-1.1613379408882338,-3.620147893951194,-1.0075827299616715,0.5986776801891052,1.783723490172835,0.4463030885497185,0.41270855991773064,-3.625435099989999,-2.586622739498549,-0.9641687024369096,0.7012441952399571
-9.291379280763294,-1.33760713916778,3.6411992172920384,3.198892604662481,7.1834791630960595,-0.7456237831603868,3.4834278352615375,-2.250332614155627,1.3261023615363503,-1.7936570183488143,-2.8276378206834876,0.21405042070953348,1.4420317637898823,1.3950012399331984,-0.35468885148939305,-2.0392163420792118,-0.4786675406362759,-0.6240423854410513,0.6979683629576515,0.7491542455363864
5.150776810651245,-3.5521372598955363,-7.571075898838572,3.1083619878631765,3.3474744706876107,1.1242804768746946,0.24723949019016672,0.1835322515390559,-0.30801996825516,-0.48583288471686226,0.2978292446315621,-2.130834436850679,-0.17804889477033214,0.8279807978783005,-1.2724146742027158,-1.413286388239253,0.34714663168590404,-0.7003520199137486,0.5529844194776927,0.08260931538752364
4.361205093300777,-5.564671225442367,-5.4428628071534995,3.5647791929674,2.288515897048545,2.997104927254197,0.3538449677856925,-1.0637788873581624,2.180326835032097,0.6637924329734842,1.814600540640633,-3.197473546910981,-0.7541023529925135,-1.2771716367869679,-0.9084864854177642,1.8505440396064148,-0.35110446444738075,-1.5695024311707906,1.5858955472767446,-1.046693667283941
5.200456718354227,-5.165996804705617,-6.356772440079875,4.117540279729204,2.66674198393881,3.0219969858545883,0.616339379958998,-0.6786292737298392,-1.6687664717232313,-0.14966745099840573,1.5960461663823935,-2.7517349527218204,1.519078298056078,-0.3534405437642186,-0.48478333829371045,-0.6015425287004674,1.259622151766687,-1.273513552502386,-1.3270275549236923,2.1209912787598273
0.30924842232551664,-5.676728984008185,0.3814657146031736,4.535771653877028,2.4958802984357704,2.0121368982157626,0.5548810833175299,-1.8262873739635013,2.341405207581894,1.1802193968469383,2.3109823228201902,-3.156443396092313,1.0638696193067751,-2.5501970751807894,-0.4564710003262135,0.9395253440626548,1.1074207378023062,-2.133912750406693,2.6213301413974137,-0.8507193392801646
8.463616592034034,14.824982703647539,0.6041229216254269,-9.919967051281825,5.798762960514925,0.9582327232944867,-13.987534137732457,-4.168727798717334,-3.0569866102510925,-0.7395503889505177,-2.5718960249929363,-1.3969968017176568,2.2782799636815967,-3.232261060944928,-1.0010869867220735,3.3908432358579734,-0.593540643015414,-3.6265112040804692,-2.602557964990031,1.3994924963920388
-9.05090701856747,10.047548953132587,-1.1159820467989037,-4.449728237838287,4.43037164821083,0.342672128894549,-3.566574118841269,-2.0706274594033593,-4.698207974103827,-2.489981521852173,-1.0919693745498273,0.18007306113135982,0.3026084245919628,-1.5932292096528429,1.7481769804151415,0.24200850071561059,0.01893430102353827,-0.9383845068957981,-0.007863530895624193,0.4329199319333415
-12.373031153979767,5.059112348498674,0.1550980527418799,-3.1921432618298438,3.525413070831868,-0.003993055740725837,-1.018001390076526,-1.1772322794143852,-3.5909809136398216,-2.9029517891519867,-1.1224091213644887,0.4136941523755701,-0.08596366325639304,-0.007826618247359612,-1.7382923313811263,-1.6257420297054352,-0.4354737609658082,-0.7535018108604118,0.02902219241052814,-0.38162905744587705
-7.838767306021502,10.171445967683859,2.043939799232503,-4.440174162553618,3.6908804559870245,0.6346418997527318,-6.1991728525049155,-3.156076984664809,-2.0660567073714353,-1.8294458018210449,-2.6942420183461766,-1.4180623209409207,-0.7659957964157597,-2.1546721516533878,0.2440760200075986,1.6729322647080687,-1.046177098774449,-2.088900606107491,-0.09056186193388871,-1.3707297653002901
-10.030389045179797,8.144249464259156,2.8159610801976167,-2.1658356336317865,3.5386525756911156,1.4192541390960498,-4.306986556423293,-2.144793685951387,0.6510574470108602,-1.030710674483546,-2.122874265640439,0.7647689375574589,0.6580577910656005,-1.6887312081371844,-0.707855450470857,0.14500365327881154,-0.9921147045033086,-0.530482034606991,0.7095994706083218,-0.7056532834736626
7.88764035816199,-3.1209661381859366,-3.403417717642763,-2.766157049956899,-1.8270327666899542,-3.611575987055676,-2.1738865321714904,-0.21582310781816944,0.30842431305395285,4.300060595780018,-2.863448055580867,1.0636076581714835,-1.2058662161612734,-1.3277275016200152,1.285845152691325,0.8869180454264018,-0.4461349096463458,-4.02847288768177,-1.2648285381724635,-2.4585469073471486
-2.6761974358733975,0.6652107970361198,-3.1896102425708706,0.5367208265984962,3.4416576491662054,0.9415542920512981,-0.6566796844060244,-1.0043411188798275,-0.044504436979936,0.6157040877961252,-1.1912443833190003,0.0460535074711203,-1.2263228614180859,0.17650001409045588,2.5817573740161253,-2.6590493099311985,-0.6764524265499989,-0.9440482270028477,-0.3254097612731218,-2.9053521993918325
-6.249511255102325,-4.474011185391394,-1.660709659266105,5.277011518017239,1.7609548570814115,0.7779731778714476,1.8332875796049692,0.02954179702767095,1.880197548429219,3.109598568910398,0.7290653219719048,1.7069486336785418,-1.137545426621803,-1.4334160045725735,0.20262632452401566,1.3372878516975544,-3.059257348957627,0.14467645071043636,1.9402260605137926,-0.20185233584476422
3.5584306575305167,-3.8668420809488335,-5.214762012080089,-0.24843125577739933,1.3386612489153227,-0.5442044289906975,4.431412548023941,1.1250260118593909,-3.3095043006693636,-2.2087285057534363,0.42450190508719854,1.3912377280814598,-2.1783010185430265,0.4379844377496047,2.8704339083571573,-0.8482548877906535,0.4912919453496435,2.3411953523216766,-0.795681368537132,-1.989286121435446
10.38009049588345,-4.017932861484737,-7.098379646160653,-2.979598148874236,-3.711483012762331,-0.756101581850939,-1.9014339578215909,0.25768745374960367,-0.11676953629922626,4.538272879474338,-2.952462407596463,0.6092464147007204,-1.0229209312205283,-2.1550560279683975,0.9854066461085653,2.18166735650014,-0.2098480472654257,-4.940532093527535,-1.4827330620160413,-1.0335038216187553
0.6363252850410148,-2.438205141443906,-3.716217681604318,-0.04999649573749387,1.547253027552662,-1.5261746013812791,6.771367107503634,0.14778349112223696,2.854300951577665,-2.0570200219667045,-1.4034303932888275,1.8135796719969153,-0.6899614205393976,-2.8387737918796576,1.1512279616191883,0.8440214332201337,0.41460528836796146,-0.43469906341033926,1.610082766307567,-0.5857412463401017
3.917010908957712,-6.2327095594330455,-7.241980559087833,1.8996489163820574,3.2402587228899575,-0.49419551389486205,0.5000308875899432,0.553728617381713,0.6461107970384179,0.19045228619308363,0.48708617421018363,1.0693287864298036,-0.31073742298265317,-0.630704676438803,-0.4460607359268913,-1.4060431059512415,-0.09663296737642868,-2.6073272002399834,1.6206324275200135,-0.08929351377148437
0.2700580557362512,2.6572004404835474,-2.6352070281383035,-3.5728293360971115,0.4965831495818447,-1.1094583133488305,-1.0074912631845847,-0.47237050231040373,0.6340648808209551,5.607433705449903,-3.158999599453719,-0.15402682838006856,0.8611614715009437,-0.9713877313047254,1.8062601927643436,1.5486080992322666,-6.100887010172261,-0.5055983990233738,-1.7528168098868062,-3.0255079324515637
8.411981062425108,-2.325436567988801,-6.165856177932173,2.0996974118935112,0.8755782138677234,-0.9410850341682369,-3.718369891236078,1.9856757155137532,-0.27828246038718896,-0.6520152216546018,1.962977942952152,0.8388590327993908,-0.002287326207434437,-1.7511124358811725,-0.5373347853368474,-0.08501660494290209,-0.471195892032912,-1.1285033213487052,2.290396221141058,-1.424745374021684
-3.3608058728316745,-9.711383087365242,-4.1665197492325525,2.384747626090185,5.045118082632383,-1.77253082145105,0.5528161116537158,-0.45168086539849206,0.5375280340273191,0.4024550242669096,0.6544967889843172,1.551118911005649,-0.33680726777846676,-0.5503618840161733,-1.2499802805072973,-3.130776936853996,0.507655778562305,-2.911970240358547,1.1094000588791584,0.5082158240671885
-5.467503105977871,-4.933258680848189,-3.0189537285541945,4.868500459426338,4.317161159040428,0.6290409275041475,2.5722927955085026,0.09641496535767898,0.09308468470669296,0.11895267699830345,-0.41401066334956366,1.4276982794053188,-0.45333675280153596,-2.0750460587988164,1.4854937733831024,1.5583113704970044,-3.819073052889209,-0.4801503988879584,1.9160578327854978,-0.21892644742771628
5.857751341667257,-1.0245668742500076,-4.9438039095850295,1.3734417427226824,0.7736654624606788,-1.5147393698292282,-1.665235495541909,0.5037075019217885,0.28979122247454886,-0.40089816026379305,-0.568149917016592,0.33081349197210896,0.23454166566783755,-0.4882132018886413,0.010556369469415433,-2.4738742893530725,0.08183170638074312,-1.6826469320651074,0.7502168899701545,-2.2552683278532877
-4.186707348695776,-2.5472664505287548,-2.863278570183637,3.2101747518800394,5.249725527634679,1.761355732134048,1.3019614081040938,-0.872839618442026,0.054962577795661494,0.5113363753175688,0.6247777409173731,-0.230639560789626,0.5759302317987567,-1.875753906085167,-0.1505974918167,1.8328088538112266,-2.951833380515783,-1.0769881738105813,0.4217991092247146,-1.1372700621035854
-4.944231744798842,-7.83146568928209,1.2490114143143438,4.280206849678962,5.060822149070816,-0.6346942554068353,0.6794381264867365,-0.36950554078904996,0.1769211975197959,0.17117752804364192,1.081234927162403,1.2935208354968926,-0.1611598922299775,-2.1262991226329437,0.36944017512888927,1.9040061123853396,-2.6460567927305343,1.1437515798465503,2.1650963537953096,0.43889266846907443
3.9012235150342383,0.5023437971341522,-6.040406448670644,-4.255665997433748,-1.3140615653496228,1.3446945376858603,-0.29069856640657865,-0.4005720009683128,-0.3203809859918114,5.988290182516881,-3.66541451339806,0.837351533903549,-0.457865758831524,-2.6052376356147633,-0.7811577400866141,3.1982072087861466,-0.38089303338078073,-6.508862312106092,-2.0782567607454827,-1.6510873030363022
-3.258326795401667,6.161288184741927,1.9113782352879163,-7.556485219966982,-3.139226101650859,-4.302965933340946,-1.723239094502969,-1.4991119647374855,7.081883629957528,6.422418156378733,2.0395289017288474,0.2497407711612034,0.587190136250964,-3.3272690235327387,-1.4039398086331574,3.986963252025512,0.011552096430224534,0.6464563815976854,5.758425131018297,0.6607804672809482
-2.698792723488154,9.039203819198972,1.759870395031014,-9.416597784921604,-0.32515246060037567,-1.6801499980268169,-2.744505684987514,-1.2200120928111808,-8.057734942115715,3.7519391462661758,2.416348770873982,2.2644290387066035,-0.22592292559290414,-3.1846690764657133,0.3375950247953031,2.917693268274983,-4.4877457665488505,-0.4627420971884675,2.537925100976908,1.0708317772297193
6.764436822181549,-2.1565122092318427,-4.661890560451176,-1.7460785186462044,-1.6151503133617573,-3.451924451196179,-1.8751806893428051,0.6834292284295509,0.1294736631631565,4.23658232444077,-2.369827088306807,-0.7363651248840857,0.3489039037632355,0.44132981708221003,1.438332968897923,1.1449109363045071,-5.227077402055609,0.05365164005613393,-0.4538811623499362,-1.4723577230204739
-2.934621359015339,9.251875343066985,1.5724675460351911,-9.552719308881823,-0.8436269608489324,-2.1253185865375404,-3.237312354079454,-1.5813503518298573,7.863265714368893,2.829525261329016,1.9965893134700772,2.337778725988341,-1.4892007717584317,-0.8417708717879866,-3.097225461749166,1.6877667747560028,1.1635639438179057,-2.296138903227447,4.0343559888267695,0.2696170493660559
10.123383557747394,-3.196413430150603,-7.762568519673475,-2.158529666447608,-3.3181518762158246,-0.9737543330577652,-1.5661834671340435,0.6606307106748015,0.0765243331036223,4.299081599354183,-2.9406125327325743,-0.9174141537612801,0.47857882858361306,-0.013518931513330446,2.0725544624828167,0.7471894329626305,-4.3618884388082115,-0.5946359534985596,-1.4540283175262263,-0.9538908919879026
-4.444191832713362,6.673118841225401,1.8415733681331663,-7.574805272010385,-1.7168786502739364,-3.9424433692482004,-1.6898179884077065,-0.30960544315864114,-8.488524305917684,2.556504747644787,1.7663027477160425,1.3671645829484862,0.0483113592857739,-3.5104341482334345,1.579116907113794,2.8810684910897875,-4.468358354090535,-2.054255416522685,3.220798344848991,1.1684166258604995
9.541315224858337,-3.843850451106493,-4.066087839001651,-1.9564354852596981,-1.3787110908394888,-4.233740851805061,-1.067501257310421,0.35880227740253573,-0.6510153135689523,3.998229634321956,-2.8817441522988387,-1.6258848520190452,0.7717628788130944,0.9879579173588384,0.9550573731072725,0.5216717911761599,-3.3331216278991893,0.16121214015195912,-1.2135012422795377,-1.6278028472991357
-6.264899804386513,-4.216387675049067,-3.1484243098195,4.674100857128389,4.008497387685088,0.8621805799822424,2.333528389371131,0.06754624439192013,0.24857260026667505,0.07381379256128656,-0.5443452798211745,1.6117621374553512,-0.5041900238479984,-2.2030857692239025,1.6060065001301345,1.4130537250904411,-3.9220435117321903,-0.8341234498224963,1.932328234694772,-0.3642353957782816
-4.481602123414417,6.6588347529008605,3.156992911766437,-6.923490952036435,-3.929010644265289,-3.9533015149248554,-2.4959742569882715,0.22856246991961138,-6.531257050628515,5.465004636083741,2.2166762416746915,1.0170063658300008,0.09808829443471295,-3.072163429027104,0.11990683189472084,2.5202665408984015,-3.637691976576156,-1.0451513794595777,3.358050348442388,0.8664921558329938
1.6455670001645246,-6.8007026018143595,-3.837257869932457,4.0932322421070735,3.42889820184842,-0.6832604743110249,-0.06791557902915768,0.7515542767113323,0.9063109341150526,0.07097773533204926,1.3046876712442514,-0.3015019018256447,-0.9645236291793712,0.6695138846182825,1.7466169951558626,-2.0480037549673193,0.09329442100844604,1.6219327957162692,-0.4574863481767787,-1.980007780406546
-7.786323124842209,-4.73446982135565,3.8676875251894955,3.5231505546954676,5.749692105550656,-1.6941315624468694,2.3887109273303744,-1.2031133875599846,1.0895381899536514,-0.7170935216001441,-0.381605476648906,-0.9054473044639298,-1.6126368931930717,-0.650553165367096,1.0025696081565665,-0.9824783672572012,-1.1469335741479254,1.0570289225071574,-1.31096821210605,-2.0745995904494294
4.560649965747267,-4.419944212833057,-6.873966234781972,2.949449199867453,3.2269217120807374,-1.083178872420444,-0.37975665586317076,1.0125154797416054,0.7438810110111104,0.19104735011795365,1.0149371163261338,0.9384441945448023,-0.01251367987736035,-1.2769903769944575,-0.12157030060787624,-2.0289342837583764,-0.0484909097592162,-1.7836220830783012,1.476211774669311,-1.3749531098563428
3.6562857869336307,3.5623199191147688,0.17180593581537199,-7.06765282116167,-1.8196859970088917,-5.539810712215562,-2.8913961398285153,0.9712491658622779,-7.763184238499007,2.065566080025257,3.4929849898773417,-2.074934502322135,1.8825429892615282,-2.9486597713298672,0.7682732816155811,1.8039768005806518,-2.525609479336814,1.450981366573778,5.520573121872815,2.379487425008648
1.7874617610042192,-2.082186257991352,-0.013918076493518214,1.4418049860614746,2.1111066254364275,-3.260409946336064,-3.9503833466838865,0.44153162501869836,-1.6110468691860835,-1.3709945877571381,0.5533602927628603,0.45374146661130255,-0.4761929421358232,-0.1631333611566697,-0.7712652646332735,1.4399142548779407,0.1105988704366602,0.8839620798816986,1.1833995208228694,-1.0310333046317592
5.9488683584846695,-1.2373227844493144,-5.294323003404059,-1.6666458903047912,3.768491231280824,-0.07674117532926017,-4.168071688121621,0.8537574692722649,-2.132816009562262,2.836022174788395,3.831346394959467,-0.6204986865250026,0.782246219235114,-0.6221414179200617,0.6074754287001166,1.3132436993296464,0.2535128304042082,2.8500433947972583,3.658224485120912,-1.6862918953206478
7.080976933615911,-1.5384222217913734,-5.7653346720698515,0.37649196628101256,4.615432415185877,0.15553321187429356,-3.3018905113677786,1.0354085445444143,-0.9662658219157274,3.128990580812104,1.3777836497833484,2.0246194457750413,-0.41798266766103054,0.006115468024755544,-0.1699385766777688,-0.8600360823170735,0.998478214135537,-1.0932566091894573,3.354643522054301,-1.1355364455378492
-9.930674455368058,7.46215629966513,1.4512414630250663,-0.542731259045991,5.940914406881991,0.4592437095526536,-4.984452635961068,-1.7118612815210927,2.8733049756528404,-2.590301659628832,0.0898838553611162,1.9639416302235049,0.8373780425778568,-1.138756645889777,0.12400204436371806,1.6544692109450487,-0.7794446880560209,-0.21659928441985177,-0.9191909948796866,-0.31595146287190745
8.521473703805754,-7.0628553495399,-4.4804840075026435,-0.000361084970337322,2.7557415902480304,-1.7244807376371352,1.5516907102356512,0.006709533048410668,2.3660797103615043,0.803715413709705,0.15629994238743736,0.26168379454719276,1.5312740612263347,-3.634521885874996,-0.243770056420936,-0.8599313667584443,-0.7314047362691884,0.1320635399497519,0.03430768053539948,-1.827089163878159
6.210550214664854,-4.87429138328633,-4.656262913261912,1.1218747704173238,3.9125321499295618,0.3552863199927535,-3.2079231710649845,0.42112120668885533,-0.984181919929288,4.997092973843524,3.0942982212721786,-0.4630685292228125,0.7751677367722904,-0.8634573048906256,-1.1765899262143156,1.486162150903298,0.2865244250400202,1.042335472476016,1.168214920178489,-2.7960703935614704
2.28757164573346,-2.3919211000794975,-3.0744804362829705,1.36606981276108,5.086046388566613,-1.6366807408296702,-1.1072288760286382,-0.4520929700236491,0.2632442190695671,2.143437408138403,0.626747735725394,-0.7081299537109917,-0.8593974815311323,-0.766389854159089,-0.3593862907092635,0.837363305534222,-0.3116837434702729,1.7902339510862784,-4.215603073022474,-0.5387421733988502
-8.509920502653912,2.265125965802522,1.8340976700904523,1.6883078882808822,5.509024235298839,-1.3727421282391201,-2.1261136319089755,-1.236431902769431,2.0301355703885355,-2.8106225639383586,-0.38939267928186555,1.99139673222124,0.5080832959878376,-0.40093795084216943,0.1703017035591567,0.8040845500826186,-0.9541114087628524,-0.9130510065925144,-0.09715601071147928,-0.6921927643410202
1.590740349975472,-8.504662228877816,-3.085586332648948,3.6723639884582115,3.8157513284865328,-0.022823799915151044,0.5972406964552661,0.31036220378998264,0.7547272787553004,0.21575269983133116,0.9400340310700437,-0.019522793420248208,-0.3654888850221817,0.42995083963155906,1.1933299588309718,-2.288887409083973,0.298452285413761,1.9850860507092216,0.04635323837355084,-1.1384201281191313
-8.759275330079891,2.069092323556765,1.30427097184817,0.004804882206186134,1.9382556799006845,3.263528674381134,-4.7949973643368935,-1.4014023815276286,3.5519077812604305,-3.615050833180582,1.6191078120342215,-1.011270196320407,1.8466782321230113,-0.19619239992567294,-0.6306248791498689,0.6759671778684746,-0.9659231688926634,-1.7073553497663527,0.019323673562145705,0.7330498998728616
11.236104358530174,-8.273666497563331,-3.7434930143843657,-0.23769042670860818,3.222842662604495,-2.054299657892839,2.324024501720458,-0.2833675620074022,2.7892424775532962,1.2469404074668184,0.5113687411452825,-0.6411434855955357,1.7870533795332677,-4.0083502095566965,-0.46327758467345614,-0.0789958351576604,-0.5193597119061775,0.9629743556515296,-0.015510465071240931,-1.6473560107986027
6.071157060313781,-5.657903889959455,-4.041355612420387,0.9831745225392053,4.449732037739607,-0.565517602819569,-2.6460327328120004,0.1542374378124567,-0.8798219190485403,1.9816464432535899,1.5213549992759001,0.2366903287701858,0.038189159313289756,-0.08839964718820251,-0.6698506908293205,-0.4556695633092585,0.28013984865734454,0.9095361119488513,1.8911936944056609,-3.05076704703162
-8.268336681066057,2.407582357237607,3.223623232275478,-1.1240869287362494,4.430929126456752,-1.319817285881069,-0.7426655004840108,-1.1710328411386635,-0.8994413990239722,-1.2332632098018668,-0.19485210562836397,-0.8063007730752823,-2.7448303453178937,-1.104680015511089,0.9773362350820436,-0.16584753435979838,-3.1402572351484173,-0.43704731472442093,-1.7206679908198468,0.6979816198847614
-0.854464495905496,-4.60196473551411,-2.574779730876093,4.145889301407969,5.529813709503541,-3.1643839334472155,3.6153458732767194,-0.5056100440252081,2.553976065575151,-1.5767015297609,-2.2383708436643506,0.061871259706235665,-0.261340590702501,-1.142278784575851,1.841650865040098,0.39063724942398664,-0.8365074986865715,-0.936365864476867,-0.5574354110184255,-0.4766966919873397
4.713977454556883,-4.320297971697494,-5.406185809345379,2.0308464321612325,4.750061768957357,-0.3090991371474104,-2.92227827895114,0.2315223338976291,1.2242335213910254,2.0790927622386524,1.9948036943745608,0.472772349301068,0.04019896586415289,-0.6751838511971786,0.16000648064630638,0.8996137627627756,-0.6584433399226992,1.0879863635474667,2.5116516244142613,-1.88045563674179
6.977072752620936,-1.4399212278820106,-5.311244080599243,0.4488271370571368,4.666621375809008,-0.07296846917384903,-3.1106208499521104,1.0040727229553383,-0.8806937706559288,2.7320946923091105,0.8705996869778796,1.9703916647426594,-0.29793892659627297,-0.5177374670084056,0.11026430851524954,-0.7264881075708739,0.6338639548235918,-0.626546166141049,3.18291332764157,-1.0073497691060345
6.2833310975800405,-5.578332576558083,-3.6277186246699573,1.0572052656164272,4.837849898092035,-0.31444814093229906,-2.301502853026784,0.20487494774403409,-0.6681107020344781,2.496084658103727,1.731711042144284,0.42307453427617003,-0.36065067481232904,0.1732129768302405,-0.7053251554612983,-0.8813117226084086,-0.050705902519603926,0.8843691826575837,2.363324878437547,-3.4139347535577924
-6.053755135725972,0.8665181074212683,2.4730602306807583,1.1313133655057273,4.510058098853196,-2.063992670685171,-1.589020660104274,-2.0104164513560594,-2.45496646868288,1.7594015156401,-1.5007618939253415,3.2739653265932427,-2.175730050442323,1.5289487794941283,0.27564990259296956,4.424225066453683,-0.9382560433872189,-0.14131206308090907,-1.1346199779957995,1.7267758669958764
-8.221539042805324,6.3967329093410505,1.6762353653801427,-1.4965993404549127,5.839725998719715,0.5603158836339112,-4.376645091514627,-1.4616495246909305,2.405243904227145,-3.3323098967497407,0.5748149678580458,0.2993457896298535,1.1166500593114965,-0.6883650912692999,-0.2115149496586485,1.0719609510046921,0.6282210717920459,-0.008359487684799438,-1.4991200499939517,-0.7589262704086692
5.947595774272235,-1.112750926190448,-5.407234364244624,-2.2828214192993066,3.559138061613832,1.4389226582105703,-4.303094108235196,1.2991357305570828,-2.674840983056258,3.242386062399219,3.694073752301173,0.10972233507807905,0.3112043661335911,0.0856527156023254,0.4158033766616741,2.5990705297095875,-1.1980921864423348,2.577597597897408,2.895951128081286,-0.9001681396518516
4.869524615341506,-8.995719636723265,-0.9833469157819392,0.9012662836057652,2.3543493376338125,-0.9098301462991791,1.5623521440461376,0.19135210787320983,2.250752723591919,0.5984272001746362,0.5455695452254159,-2.0277906823977454,-2.4887022965014776,-0.36870375892025237,-0.13190877882332075,-0.21309586879375214,-1.324478965388166,0.3999354785115286,-1.626419781551283,-1.8533925579980215
9.051063685400624,0.47820213872743067,-5.338289869743411,-4.518997035694083,0.8067125847232736,-3.253312585849825,-4.382244147240661,-0.21885159731639414,-0.4728336831585794,4.607607985951788,-2.344768746388082,-1.1939059787194464,0.42933714833295267,1.9727479100650116,-0.2599400674133801,-3.8945412761532747,-1.0905739959914444,-1.5063644859242724,-2.8425585605506187,-1.7210469824470187
7.997731031861367,-9.133291281560638,-2.946521618990716,1.0408652624107644,3.19385694054435,-1.7217656465361446,1.5653414750568766,0.9216923729908206,-1.7272713715563413,0.42969198646004514,0.09850537343956198,-1.7565794923679,1.93669627619348,-3.9836381053190415,1.459251684586599,-0.20676848875679982,1.1250286229667423,-1.574399935319157,0.6877401557837243,-1.2869114414897154
8.483160731966167,-2.367086362866869,-5.002010308868717,-0.10804442952530971,4.329532352766437,-0.691725573237397,-2.6928886985960854,0.4426887390981767,-0.9452393457711824,2.2980908907999495,0.9148964597177092,1.4621179465681022,0.1360503506712071,-0.8524370455983192,-0.23860133031965688,0.18130822159692211,0.7810983604470197,1.05972148715508,2.456036209695485,-1.2663209020194137
3.528333080057023,-6.810694477850388,-4.209671683938755,3.3688219649492783,3.5894085608382844,-1.2340736138689445,-1.8152331060595355,0.9895989394423984,-0.6630751895935602,1.8417378151533605,1.8163598217278119,-0.6271349326724216,0.1110287583793759,-0.005706340281716793,-0.8151039095581099,0.6532707188198005,-0.03314334852118571,-1.3082214755661692,4.004113458918441,-2.489235456458105
-7.408981331527649,5.164273741346025,0.9410678776108468,-0.5734845701736628,6.162607872696865,-1.279500553586569,-4.548584224502433,-1.399297112752501,-2.7810694883980283,-2.3245730736413965,-0.11205507156129879,0.35183883765604956,-0.4883638073855407,-1.1041995799102828,2.088995812063414,0.5973450137983871,-0.9757562016569982,-1.766404385588906,-0.792487991850981,2.554638650768286
5.464167025804057,-8.396016638033167,-3.2051024939373605,1.6691529677967702,2.6207028938730943,-0.9936150166750626,1.312469052826036,0.6741038389479485,-1.4191624594805043,3.168018255577056,1.2087044170597132,0.07523031713697628,1.3973802729197855,-4.121588172112528,3.160242640542461,1.0323615068224297,0.6158980990913369,-3.046727139477791,-0.6409972311933299,-1.2295186135883311
4.068324374723542,-3.5868802267379634,-6.137931205388454,2.3139765424991214,4.323037438688562,1.2043290602990415,-2.6370665952926116,0.8412325455519611,1.0342645585021506,1.7119694022957292,1.54522254047135,-0.7303622732155508,0.8018831182871584,0.4068098237175527,0.04038240455560932,1.5386188422209535,-1.8237291477686073,0.3740943574185458,1.7301436697510195,-1.4162775098101206
4.589444594184858,-7.873851873350338,-2.9062566800879255,1.853752179273432,1.545619321997219,-0.6582006324682244,1.0735270863483595,0.5997602449855983,-1.0301834350906296,3.531131030530064,1.497517659478281,-0.24854679533326046,1.1605150012431704,-3.6681682137825176,2.355741832952045,0.5803254385855519,0.34680183487101335,-3.0046883255118764,-0.688253179981533,-1.476795646757232
5.547970927804867,-8.452089548464738,-3.2089175151425104,1.642825339385773,2.564532752521086,-1.0250723180889245,1.3249596050433403,0.664584688300088,-1.3529406007985723,3.178228130086735,1.150651356125557,0.052552624167001544,1.3729025274549385,-4.092103062863645,3.15952329618608,0.9741747576689908,0.5814764731931987,-3.101789790195469,-0.6265582055656473,-1.202423076102259
5.974470580413897,-4.714299815154537,-4.673893799354933,1.2376049489410725,4.005360641480037,0.23347246990774456,-3.1629682339961462,0.4117792011085757,-0.9350908239927821,4.832173860712387,3.0536886032600963,-0.4407207214944152,0.6967387957496767,-0.7541724472821807,-1.1224730121025104,1.46402019652817,0.3000310078281207,0.9544695312181621,1.1850176859312547,-2.754686065074143
5.999088466839442,-5.404610506496798,-4.62412938251324,1.586946221021903,4.677308796551691,0.36889150977064156,-2.8369595502116427,0.45577134065962743,0.16019459879853654,2.372809660249866,1.8552176363333897,0.3125607961441465,0.16765775266936223,-0.33563779803648325,-0.18164459814391792,0.5520453075814868,0.07470897536648954,1.0599437680798782,2.064737532763793,-2.7094035214738876
6.175343896351273,-1.6597203005185892,-5.171562831475436,-2.2955321827135924,3.5923697501854264,-1.276937459366405,-4.746243891269038,0.5482292700357686,3.0521247423054056,3.3242376055865774,2.755676334153586,0.3103693649089775,-0.28480344698095794,-0.42068650000783886,2.318120561010636,0.09105385222134832,3.5864170117660583,1.76761697813946,-1.9806878995688952,-0.7360227228147508
4.95956985053136,-4.283654748442857,-5.304367811664212,2.167857787176895,4.906918843987448,0.16210364215806888,-2.904143258198995,0.2014339993385971,1.0401933666944356,2.6586527525832997,2.3506605179451876,0.037254305663738885,0.10296854236634012,-0.46919493252558664,-0.3294531666486411,0.7760721625738871,-0.935409672313244,1.4570769911816221,3.007476719106441,-2.5491487073766397
3.5686896402913035,-3.8619107864334357,-5.292855223562612,1.711255276772488,5.528558547835941,-0.13306685595312492,-2.479031204469721,-0.13861498290476976,0.03627073054755353,-0.691905572469627,0.8318804729479269,-0.050384839349672195,0.30154807584774507,-0.6899575852561609,0.24549328735044237,1.144897210504227,-0.9455366743454138,0.4883411008706996,1.2558584859995676,-0.28774890281438026
3.4386410373544773,-6.2107177159144555,-5.03725823900561,3.8156142991430393,3.792953335149957,-1.2213718364418131,-1.4621586412002248,0.9759680795284227,0.9591420003842471,1.9934174325864498,1.8843984918062606,0.5338616197775411,-0.5110334424737215,-0.7666100509681397,0.403444102664282,0.6330655673831942,-1.5616682338337777,0.5993295498195812,3.999041401793619,-1.8577020532616548
5.855056132925945,-4.285112787122046,-5.471958476756065,1.5855766545398393,3.963275017448389,-0.2666297164341742,-3.1738517977812872,0.130824406457221,1.1638154806727217,4.635920987295607,2.7620691168224,1.2545210113832337,0.42177687768470595,-1.813436116374884,1.8170033783550954,1.2289229174743392,1.1916848196723833,-0.7818460866980157,0.5766675832964161,-2.650820430351195
-7.0268717686947895,1.3127194188433093,3.57478372899288,-4.032857167555075,4.366170618791598,0.40884754370091536,-2.564446775709715,-2.385400234146253,-2.2438296664352952,3.1469427603283995,-1.1475930313370446,2.170391745569285,2.202648069759851,-1.4986315346711652,1.391526992149641,0.819686950450945,-0.12052499277335676,5.654449320356961,-0.7695434714770014,0.2728429909142558
7.078386760139322,-6.600436951214723,-4.818773036322216,0.378776679695798,2.5888480887153174,-1.5556642462321464,1.0742181716234362,0.3231960548090347,1.9999723080238876,0.8530862042288656,0.2545279755604185,0.34908292371748284,1.2265160646743842,-3.0928679819010316,-0.2144285905344772,-1.434386227917536,-0.6023282072097321,-0.7306471586116883,0.14006975079767806,-1.5026298750290485
5.420369855053615,-9.001925728835499,-2.97898957867727,1.916653975035467,3.6761570906394336,-1.2343806264753083,1.0329878659580305,0.7471331432319771,-1.7232225645628731,-0.23364467988320303,0.518603083176876,-0.6027594838022143,0.8800604848634394,-1.9892692823408082,1.6127794945434573,0.24999618625576264,-1.1831855472299202,-1.4483134057229003,1.3997680852804975,0.519705573596465
5.98857107228476,-2.2738227647090343,-5.390464066449504,-0.18036762471878462,5.185369454572801,1.4814136779904932,-4.711620171872328,0.4903632217283045,1.543880338205831,1.7426182550739377,2.2586665922947766,-0.12924499726663025,0.46594991798095414,-0.28772218891448964,-0.2401762730372044,1.5836767387342756,-0.3400672819275429,1.6718563260526778,0.9755359915573888,-1.2367568634639292
-7.793802869171671,0.6765911509222864,1.3253004498195697,0.21707449607757479,4.075075785239097,0.7132508672192266,-5.601304365466042,-1.0706942712947405,3.597495992654651,-3.7355883182612235,0.35990023732337795,3.70971045069494,0.27674057699969057,-1.914391497890691,1.0759003787893402,0.9109609633994605,-1.472371960678837,-1.9339163032569822,0.6860291268198329,0.704591057651437
2.540829227339012,-7.018151361544776,-4.002762969545787,3.875673972033936,4.185380662574497,-0.8483946103572966,-0.43116370922839736,0.6091891859817105,0.8149745319860734,-0.3072068080922427,1.0054036752040223,0.36453622663420093,-0.6447329577228531,-0.2963000453006584,-1.550720278614175,1.8121908965145321,0.4696417647289336,-1.4157003656790477,1.9731178188749683,-0.5484140871542269
7.742059462022148,-10.8376917125489,-1.78954999337271,1.0181949337508533,3.749431602377683,-1.5562482475361392,1.628805195009648,0.030911982529083983,-3.03726514829372,0.6236911136854019,0.4960999554461808,2.3579019090861246,-1.1696549736965145,-3.0526340316285996,1.8282279918956275,-0.5275830298826392,0.7981473974307167,-0.40342310136753406,0.12636032137508008,-1.634493445043589
5.819947353199984,-3.993423867263889,-7.065224263083675,1.991410266578785,3.4713593610903066,-1.7349596313498696,-1.4551470729144822,1.3832296269892423,-0.8010326629550338,1.887547426877621,0.2737046898449764,2.874694905742799,-0.5639848833409749,-0.8381559221369446,0.02808225741573782,-1.4135581285373133,0.30275386315286773,-1.7364695067246612,3.4217025984320983,-0.8518625253461299
-5.094507815368125,-13.774311695619302,4.7517461651988615,-2.803017650189184,0.3424542380343957,0.26561011291902153,-2.883338004352594,-1.9174075044669605,-1.2347677541556292,0.31823565882686833,-0.02875907717641532,0.7589809833657359,0.6938477232329671,-0.4338661154736422,-2.878890514202249,0.5316997086912882,-0.46747479098092914,-2.8429470721334593,-1.0039462808058048,0.8935590743182945
5.795477013245565,-1.6230864305244004,-5.326200662211178,-2.739018321035675,3.3301562386158494,-0.015708667658576148,-5.146325635396571,0.46339634201096846,0.8466784479551719,1.9665506350726223,3.1262888794446257,0.2691350257387095,0.02951842442813435,0.3619149729404661,-0.971651841106398,1.2085104569675207,2.5191683884814853,0.7796452958136962,2.717037023000673,-2.2721851962459594
-11.232569987914331,4.934825014508058,1.149223014691058,1.8699655858813984,4.865973685446283,0.30365190439134293,-2.674032632682529,-0.49464939384930234,2.522494607895121,-3.147563819611725,0.9123047447381316,-0.9218368613058978,1.5063991761452478,-0.7286133381851991,-0.22058498215943168,1.7861246747074104,-1.8933085067317768,-1.77485493831702,0.23804286640670896,0.038513851915900066
-5.786627214202643,4.144269283397637,1.8363942483379723,-1.1542673535043098,5.296116039736436,0.10373779563356453,-4.333163071716543,-1.6330573991341577,3.2675564353259796,1.1373445259417574,-0.3525460430771513,-0.1793385879915646,2.7005609464474145,0.9508505992648801,2.910234917329295,0.9660202270881065,2.6698769362770323,0.6112164284031172,-0.8879874282909145,-0.42112237769118266
-6.9316781020623734,2.0899434393913903,2.587688508095824,0.4945953436224889,4.156588549476381,-1.0997688055496286,-2.5818467265263223,-1.476203682930139,2.7214211821300323,1.697244971463882,-1.0414961426028864,-0.40570066550220774,3.111405211628178,0.7459034804539959,4.009196937979606,-0.0065615004747653916,3.0368371431592527,-0.9079253503991831,0.04285326251661751,-1.5042174723112356
-5.301350939241911,-1.8796469817347683,-3.484955032929132,0.847327638378699,2.9669576130594573,0.27365296532551553,1.0292530942173508,0.06063073778632841,2.965176103241241,0.463032669686312,0.9882649104553645,0.198176310929026,-0.13166406665112498,-1.013789774250456,-2.170119206694592,2.58663736063526,0.9214526138161367,-3.0320364064013976,2.0699216666974376,-0.427318045421981
7.14592792086047,-10.200740633652963,-0.4097406697921145,0.5438526006197489,2.467826265971718,-1.6315479461220863,1.5193608170882578,-0.09022587277449869,2.094142048467587,1.1084066478253822,0.2268516417121051,2.0680282860475785,-2.3158598719129206,-1.8203111387101776,-2.117237954112001,-1.0759715405124444,-1.3214205698590105,0.7837068957641063,-0.191430950621579,-2.0722781987572745
7.9401945611457805,-4.0348041830050825,-3.5043799358819294,-2.2291353116055648,1.2562894833236262,-2.3076100150176453,0.17513587142909837,0.943094587380706,4.291935738537325,0.9843170321791574,1.2173821114298455,1.08842296770007,1.3619723497849514,-3.522152276794881,-0.25768875350546,-1.9446932383940776,0.2963939273613476,-0.4162406802577956,0.7757055049338082,-1.1011039430633305
7.126278344754309,-8.630934373568845,-2.64261460886006,1.2253483807915542,2.129058628355655,-1.3982181849412236,1.3288916417407781,0.8454454348031503,-1.3409841300021597,0.7819032214817156,0.38443505673445666,-2.0834524509220316,1.7004285315751761,-3.5285072089952214,0.6488245884382922,-0.6554781356622099,0.8579560780140472,-1.5234234121218178,0.6395252222254946,-1.537531489613333
5.470134322256107,-0.8257133578697761,-5.309844727613426,-1.617061121860489,3.6284422665092917,-0.2319886510327126,-4.78279331691021,-0.2581120443097353,-1.2083276627919348,-1.7674449670072638,-1.336603004846106,0.21378055545565303,0.3998941814533942,0.28004558520009565,0.055548393131806095,1.3389507444315405,0.9900754513017045,-0.5108565715152757,-0.1511916155726284,-0.6530449640276547
5.0961451575284595,-4.164983016393835,-4.850608715874216,2.0753296740301956,4.03823034998188,-0.32476694425342734,-3.053843373864064,0.1395593060154109,0.9442483711090615,2.1449204954757417,1.6634964747807608,0.3614383875470436,-0.12329856844286585,-0.5001897667171593,0.103476003807223,0.7634642887126146,-0.5525364205913592,1.044949220212654,3.1342055642917073,-2.11893595000372
6.098670551876483,-7.140811450705854,-2.0378084324627483,-0.32019167232980816,4.007482970039665,0.0301617021732854,-0.200573879165732,-0.14048095047550346,1.5142107890987988,1.1093480060608132,0.5828606470703864,1.8900523007268921,-1.5668675067928923,-1.3347434576646902,-2.3027021360028668,0.4313554356674112,-0.13736972576551842,-0.4232139147420708,0.35848829802553606,-1.3946079271997003
6.752190453875766,-6.2038077694454685,-4.800804810023492,1.6126455961169608,4.550278926587572,-0.28580975061809044,-2.790278041673762,0.5975492495842163,0.2368874312913602,1.697895258040367,1.6929363864274167,0.06405475265389499,0.2854094983091748,-0.24392437622366508,0.28391883526450035,0.6454488174360548,0.3024745730142903,1.0507984098921865,1.7104141383134492,-1.9111137441274315
5.798680404960896,-4.3644860721489795,-5.304646776428843,1.77312671532234,3.964248554608374,0.7239848814697605,-3.4174893900286962,0.8981666182381671,1.0151662445448104,4.551157683862445,2.6963165763512076,-0.4891520247999065,1.1379954611306868,-1.2169084779188148,1.8241837664917866,1.940929178293489,-0.23394793577246548,-0.09417550207989878,0.09213172418055282,-1.2692546226453534
4.625438530426002,-6.1927147284182205,-2.0388287438745603,-1.7768334042851963,0.9732378268749162,-1.4830613013566345,0.30789645701749535,0.5622468361614784,4.279714491948708,0.6849641622033046,1.5992676559798227,-1.5082632951226587,-2.67417911254143,-0.15682612530987658,0.9550667535172089,-0.5169723338916803,0.17751801223518368,0.8369317929936828,-0.38913487879796427,-2.3362452903551576
5.485294276355554,-6.482213748440544,-4.431204280275005,2.5668898012518766,3.883716338113593,-2.865498087100815,-1.755097119821723,0.9758404084797758,0.33460823609503537,1.6878743718864677,1.8077244658983629,-0.11699014968780796,-0.424090552247546,-0.07904691945759118,0.20361505680899133,0.0024291673869740738,0.9074413991389472,3.1992282918684074,-3.253368413646295,-0.3222038134273111
7.476175044097536,-5.87538062459293,-3.9931709066700227,0.8199612057089308,4.826223533417087,-0.592985018752475,-1.8464573709286272,-0.09544957705422294,0.48869570233689574,2.4875147598099234,1.347498461947786,-0.9684953009830148,0.8054303442402324,-1.0371807573165592,-0.7213637243298296,-0.7392720380566585,1.6673537249383124,0.17313573522627163,2.479759923124582,-3.3934635314864274
-7.488325934659783,1.3990978217267829,1.828918005027071,1.8623035698609671,5.783839956265699,-1.7444856483806543,-1.7696551998927705,-1.2088779342330045,1.7901004804089022,-2.843638361195523,-0.4180791442680245,1.8459928565947317,0.49780462059693065,0.012316924919263561,0.07901014818308683,0.9797979758220889,-0.8387311185445288,-0.4508635843260087,-0.25219068083085977,-0.357115646584123
5.454791072027014,-4.430113247432331,-5.250912880065745,1.7004701686542298,3.727508636849185,0.23843230738778054,-3.288743432779148,1.0436325883175255,1.0435511797583867,3.941526798060102,2.5182542572900455,-0.6512714796999732,1.2177473645191592,-1.2832878180198628,2.2816858118289773,1.9445904420547124,-0.11267838851229862,-0.3891958364668819,-0.24518074377346566,-0.791890728782155
7.086601335069048,-6.001221436380979,-4.916172295527309,1.5365698378562875,4.624454904034007,-1.004883694439993,-2.3285020147450792,0.049924521682875755,0.7113104109765043,1.9314503700130883,1.4788631112201016,-0.14627943741138622,0.4196061229032757,-0.5580133099619323,-0.142308247701357,0.01944751214040641,1.01750784834721,0.6888112610763534,1.9825631669626387,-2.359666299862549
3.760551783195929,-8.549284981364629,-1.42840544285358,1.3373561344089522,2.287312587485827,-0.7276321977571751,1.218449789025519,0.43346273532104823,2.01735259418111,0.6663853962554982,0.769861293513497,-1.6131206331174248,-2.3006645688190734,-0.0628981972479743,0.496094952177881,-1.192386523135573,-1.1844603002357645,0.8099940891154194,-1.2352569119561962,-2.050738574952161
4.772307088765913,-8.146221958600497,-1.6356721526438371,1.3360767632081598,1.3641391302718273,-1.2314319196673744,0.6692431964688413,0.16891278789886574,1.496028328582193,3.591828579904144,1.5279367861868618,0.7483914808625973,-0.8833800765597071,-2.9552539739430883,-2.8685501674847185,2.013960605771073,-1.7573541527493537,0.8484373374667428,-1.561230791627867,-1.3192745335813476
6.975125183372081,0.35869992251854205,-4.963592060523334,0.2815528267307261,4.434577177176116,-0.41043819348417926,-4.196186572953455,1.5647504984967637,-1.0936007391880005,2.2982163952767674,0.9599626258543964,2.179188648672411,-0.14015968932330897,-1.0545523656524391,0.11094153298621018,-0.03501835899149974,0.13757749545403586,-0.42006685211536043,3.797259885088193,-1.5442704843239659
6.1080560430199125,-5.326959963538211,-4.74740132588466,1.3856522339258017,4.5405467080548085,-0.7800173051079966,-2.4423481363246715,-0.021892138734498356,0.8622816463502012,1.9795728999034201,1.4379451443972415,-0.08641423479289456,0.45541793094306937,-0.8047363002318619,-0.11349519484686271,-0.07056092143177684,0.9379497274365518,0.40310555967044237,2.0242948517810895,-2.580803627125558
-9.777788632066219,3.773681335361066,1.3457280750059768,1.4222205289151755,5.157358156033523,-0.6283569606307318,-2.3092057208708225,-0.7316596353668315,-2.1597160720689903,-2.6105034493295487,-0.4483105269507652,0.17271226185596616,1.8351377982582933,-0.17949708719251622,-1.402808035522147,0.9430954011371417,-1.5449788764850987,-0.7713218331331546,0.29905865997469866,-1.5231029221065573
5.07324297919968,-6.687677683289566,-1.747249933966888,-0.19333000394502486,3.0401042715485245,0.04539400087660633,-0.3506561316619513,-0.18429931131632699,1.7198356639066115,1.2528494948628583,1.0782788290291736,-1.847633266497932,-1.9880922564325094,-0.7613594780098102,0.3878797076754472,-0.6692480364972688,-0.7387956405629534,-0.03127388004288312,-1.4588946884658225,-0.8651065779828206
6.862780937796383,-3.5157717224918765,-3.0784652832716146,-2.252332603846852,0.27413840211852947,-1.6408455453470072,-0.20274467320186706,0.894383388517319,4.021951778416156,1.5334192935632667,1.5557177659682193,0.718884743250568,1.128802105894928,-2.9353075251290424,-0.37117269508670026,-1.2484576535108836,0.2306843715693485,-0.9416894871284834,0.7970298074112492,-1.686377318258225
9.201297590995075,-1.7390965952965405,-3.6866328955121777,2.1157285858832413,5.375604063312535,-0.3428803851279958,-2.688262555607952,1.3388691847619871,-1.0470205409405258,2.096499834570852,1.3947845369917689,0.552149287053888,-1.3743735885904376,1.5696844222572444,0.2590401265380504,-0.7614619754897404,0.6763689357401407,-1.323101091532382,2.2191187251140563,3.077367571206396
4.538795531449254,-4.390071020149462,-4.956424492659765,-0.0454073532764549,2.8438806360901783,-0.9379085923668529,-3.008206432063634,0.9537035650637709,1.7991880194599574,2.1845458179810593,3.414195332294726,-0.0743858561797121,-0.19555405138325865,0.20705927209360522,-0.44286608821899254,0.7663340112169911,1.6015008123122456,-0.4826136458657875,4.165800382231261,-2.303730093902977
-10.656672001868229,6.237807331483897,-0.004639868873552999,-3.0998790782148973,-0.187478116168883,4.181643384146927,-7.466748563089557,-0.3036209049008224,-2.4089435282448117,-2.0622946791464907,0.7522196465073366,-0.8956813102689646,0.18828345973464175,-0.04556722801443369,-1.6638914239593392,2.0312100319033606,-2.1120473913137663,-1.7071276196958631,-0.40319249525314105,0.4637702023023244
-6.594675139267887,8.142852916835693,-0.5479357016928896,-4.112839199265636,-0.6342398672069816,1.5697284701676444,-9.555521389892483,-2.369587101870275,1.9990317964170519,-3.4899452799483344,-0.9449499994160366,-0.9660742609490213,0.1866467597942823,0.501863010652297,-2.7561154499652316,-1.9444175207801424,1.765394742663339,-1.6721772728233097,-1.3038559275622796,1.1062594744431762
-8.683635843552374,10.843660643045666,3.542595754752173,-5.011211760720661,0.4835103975720334,7.10874347406033,-9.290639911908226,7.355394060131154,-1.2600308119368013,-2.368640867287625,-3.599870100803732,-1.1396868652869356,1.6478889018556075,1.0009324978113137,-4.579520662565043,5.703108979958733,5.581785089109319,1.8733234219501,-3.65714256571617,-1.0784581425328352
-8.126839941587605,4.550046015536374,-1.09334504912025,-1.6351264573286828,-1.72552073945373,5.091702965561271,-4.515561991366381,-1.88784021004493,-3.9730090821483235,0.9239469912400182,-1.0630256351459362,-0.618434495441704,1.4918305977610526,0.285692311170304,-1.1576045665483026,-0.45063139329614343,-0.3648234552650038,0.5531820124528845,-2.317952292654131,2.3873999205205565
-0.34961953675721813,-6.881730036808908,-3.8479224640804963,-2.417089090768032,-1.1916188491545412,5.346274069190585,2.0655883200761167,-2.4898894854130518,-0.07832623219829393,0.08838810588954082,-2.394871434486934,0.5612095871307775,0.3597639071108552,0.523995806555142,0.061055071170096946,1.0116001797856198,-0.7478307542632512,-2.870553806989024,-2.417334019524428,0.25058474748261217
-11.495619061667576,7.672698467462725,1.8814978221395937,-5.428888591765395,4.636927231911183,2.277673366921295,-3.060403769846093,-1.978735435100388,-3.256770643648419,-2.030513844754535,0.06262095098414139,-1.0222639326417036,0.4970840089976519,0.9709942316886638,-1.6996984909409982,-1.3826208021756479,0.7059270425486791,0.45741129986041,-0.9892779642341063,0.7611717587050645
-6.848802685577012,-3.565210589439903,7.782943870015515,-1.8392599338085185,5.169052555851044,-1.556348840122202,0.11374433198278172,-2.038978259398169,2.198106955540717,-1.7989609855074897,0.42433136194545934,1.139830402486787,-0.8379017144620579,0.5494032133341924,-1.4901518143381673,-0.18345992586850224,-2.3462541386895195,0.7619399755003384,0.25255145909157983,1.0361588208611017
-3.205066292666284,-7.73921781855738,-5.462160503755573,-1.6934929814366901,-2.328841365672533,4.122797774711049,6.640747514583431,-1.7223884635890907,-2.5377630404960785,-1.6839501877825347,-1.902601483996777,2.5627892642136096,-1.1399667869620305,0.12118552973040198,-0.5057088778692,-0.48097274269564594,-0.5515263751739519,-4.557906955466089,-0.45556194292323443,1.0808713671374113
-8.35656160000293,7.833644946356627,-1.8454140678621114,-1.5060037552534022,0.14139288145590934,3.0023708606107133,-8.868024791044386,-1.6899442552706416,-2.154502495473068,-1.5714801889039909,1.0531177979698136,-0.9175461653645466,1.85563934787452,-1.7908783715201855,-2.029194231135283,-0.41330897058709154,-1.2224747531909748,1.0599337158990951,0.5440537541909136,-1.286797235507377
-4.6045904061140375,-7.654183021473303,-1.5559384785179065,0.05054714173817776,-1.3268561262195242,2.604015205746115,6.910451766091601,-2.124381382927185,4.009582736021319,-0.2828601728046584,-1.0005022257781755,-2.189104901841043,1.3805757885825778,-0.7317113525983135,-0.5967560708060375,-0.9105741939660652,-3.6572178717241344,-2.468255234585259,0.8267589986797235,1.0706380000403575
-7.278139808634384,10.687170482578033,-0.9581370784286454,-5.870313788063871,0.3673178092019018,5.669448363696388,-8.399235284779671,-2.2372936484506454,3.2890528948141062,-3.318902225007791,0.5876782872243931,0.435542565339606,-0.7491594770821068,0.27732472826754,-2.2878411776545247,-1.8320638583514317,2.1918704593115255,0.023367503582771176,-1.2967224497694427,1.5781289284668554
-5.694258343648906,9.733072570342394,-1.582445201477463,-3.9681534382294705,-0.023366022892907345,2.8441047371433212,-10.75193319140089,-3.232094688443866,-3.691956475380408,1.87642237699808,-0.575927536969866,0.7395582334852407,0.41061861522698617,-1.160335140436958,-2.6385777830266344,4.448561854798546,-0.36818256047163556,-0.4278631849171217,0.748348366428494,0.8324268204842958
-7.1509608023568685,10.801796297071302,-0.4954205351512464,-5.15117178402443,0.5893160957143264,5.975475894042148,-8.622980403078602,-2.45223815959256,2.9746043862078473,-3.2990985909466297,0.6614568424366929,0.4378999988256702,-0.8315753291645497,0.05813706918901773,-2.057596714769266,-1.915049557573411,2.66244701496199,-0.2991049535977477,-0.392477684389438,0.9853264679862968
-8.484412534849259,-4.463874680617283,9.01379028442485,-0.3908690026623153,5.460722732611491,-0.06338861129827211,3.071081074291569,-1.4292757583820794,-2.3903740659867814,-0.23802735697446487,0.9467216959680691,-0.8918638612776308,1.164874344436434,2.3086606165735106,-1.6149681754954943,-0.4957737401568763,1.3396552716937649,-3.63374574124074,3.243114944393244,2.126350888134202
-3.3070143832660204,-5.7461935516763845,-0.991452716124857,-1.5988034872812305,-0.8808119044340861,5.195861622556341,5.835895743557209,-1.0349339878394832,-2.934096239132539,0.33100963340477135,-0.8484095794207548,-1.4958845127544027,1.7547025352631462,-0.8070089399575326,-1.4986904347554346,-0.18670809658690585,-0.5954294945725085,-3.2936488145427636,1.1737863398020048,0.9993507739393871
-9.78930413488039,9.457082026198155,2.257495645568079,-5.3676664963392895,1.1998015287326758,5.763506059655354,-10.00640234660453,-0.8533123446483359,-3.3399725564986302,-1.5834327594391042,1.512723845920478,-2.043518100199207,0.5823359736933718,0.3045910273954793,-2.0662427411854027,1.8505963827938723,-1.3521276851842412,0.17884439355088727,-1.4311661401431928,0.9630707601990136
-7.944383187017948,7.598394464595469,-0.12636654768908362,-1.7595295308709822,-0.04277206212931928,4.222111584981266,-8.167180330854274,-2.39818792049695,1.484770411059466,-1.699292686109984,0.3243924847902542,-0.9735675402087753,-0.06519618806332148,0.5906966306109113,-3.29188974977947,-1.5272259704110844,-0.9317925158029766,-0.795964195047548,0.5659943373942358,0.3819851513112822
-0.7168526032212696,0.49114793407105184,-3.602461731821345,0.2892703976566089,4.468684389130066,-0.6931668441507057,6.014687003374173,-0.73033402235988,-1.090703006620933,-2.388691622207115,-2.4877349901755714,0.709638258087989,3.092778703975925,1.3780238744558484,1.3031191139155998,-2.818824518526675,1.109827722640073,2.014004838034482,0.915764881407819,1.0388398500072245
-1.762184891316748,1.7742963679490644,-3.4329575178818628,0.552360314169883,3.7701406102117803,-1.4864177145746778,4.048578404486909,-0.6968742999566723,-1.5240089110137909,-1.1095030908492713,-3.552810701192348,0.5569068110491325,-0.8790229912205078,2.3741342519577193,-0.6754951109311492,0.5409390246782056,-2.0216180152641807,0.33602978701619635,0.5351513764926248,0.6812703093370227
-1.8622979212142274,1.3761632443361254,-3.5846768630977457,0.21562438093851866,3.641408104317429,-0.9110928813573062,3.964679978723024,-1.0749980057592332,0.9549854647280236,-2.173082768756986,-4.072288607913669,-0.08119187326784394,2.2276963362967344,1.3093427577878494,-0.07066017811102024,-1.5403648797144256,-0.3116635843248595,0.9909642660343312,0.8366796614183334,-0.17178965354036235
-0.7142192655966835,0.8269772142321539,-3.539356604784553,0.8442856178783507,4.860975392441504,-3.169751659234735,5.1970068484612355,-0.7463052139800498,0.6686219813930597,-1.734792444247864,-2.831574262010161,-1.5449051037497012,-0.12664453014146942,2.2754685289003524,-1.946773367398888,1.494189580099722,-2.566209026423949,-0.08258251337710887,1.6344561273165397,1.4403482668758065
3.3336515662153596,-1.9728945750177505,-0.3072926159262013,-1.804144414866046,3.8644698741565944,-2.43654662061742,4.995028924650278,-2.5570893575761215,2.4490299745493607,0.2603487167706708,-2.1118149887443907,-3.065952637796762,0.2222434233959515,0.8963967841902754,-0.9528369572827172,0.8299083921894973,-0.5126455268976884,-1.2456651094454452,0.7855151910927922,0.6275398921340798
7.913366829600797,2.8488103367616375,-3.4638804501954157,-1.137161064777757,5.141027650628189,1.4391660575224914,-5.333476211112212,0.3163725748348476,-2.0753015470888494,-1.8721228279012958,1.077109957769022,1.1207975047707708,0.8899858844443781,0.6473489883113192,0.19977810278481312,-3.209884297965619,1.2002297665487363,0.8236162932358433,0.22618471282846786,-0.8295345306573472
-0.044261523545033266,-1.4356764264698902,0.19456040472715275,0.32993966886805914,4.045679671671918,-2.6194258652025306,-4.6064270475049875,0.04431872308984908,-1.077655366200207,-2.6221780447090532,-0.10903788424773803,0.22911620090997725,-0.18760932209033168,0.5959688107251815,-0.07179017903479296,0.8582225657295801,0.44283250761153303,0.2872970432266595,0.5876688126276574,-0.4852967230034374
3.831505343622891,-2.5273785146711703,-5.343001518131571,0.31145636764723145,2.7832038891184943,-1.0999471774437697,-3.175305156462751,0.6662954085994504,-0.4649913384376795,-2.5667226173592264,-0.7155131925627825,-0.5770888195113374,0.36441266010698603,0.6789771316690928,0.6742217490765269,1.406575194047023,-1.1125763409830776,-0.5838101265892512,0.3681806785159297,0.10636291695916483
6.6032559472238095,-1.3646051156369587,-4.904274676989271,-1.8607810444379824,3.4155913123690675,-0.58598040648655,-4.238835284287085,-0.3198236807096034,-0.30580390205397245,-2.423410372753518,-0.9486737809141889,0.26096100571752867,0.42070210312442474,0.4437461860356807,0.5489513967665427,0.656953356852286,1.1243682679782545,0.7576037345920735,-0.5960949483934869,-1.1051983049108594
-0.00827634918157838,-1.482661020820641,0.38255217631005,0.28485217905487886,3.8417054998419973,-4.6548313990516625,-3.3006776199674164,0.03018697970658407,-0.06752096725591883,-2.4697772859344838,-0.7654670946303986,-0.8636371627043917,0.8419284351595385,0.25044362560202893,0.5504484050051555,0.3517904638871235,0.6352424637094011,0.332915935796266,-0.37987534610162543,-1.4454430009953285
-1.9139581868189506,5.045438318820883,-3.3616968769618074,-3.109929488417878,3.7365306408387937,1.714215756303507,-4.2636027204984,-2.5411858748174057,0.8161402214326005,-1.0620605042572653,-3.002023925704894,1.339340695823499,0.1607617124100687,0.9590185822571179,-0.03487568590096793,1.0941240058653101,-1.441857616033238,0.3916796355288906,-1.7388097139306669,-0.8928285838531496
7.553237581551832,-2.0743050582055047,-5.020213919348748,-1.703941184217718,3.4858256649488886,-0.7929100842454873,-4.1671102674205995,-0.2503400710591296,-0.468349989526746,-2.460508370299608,-0.9712489579029329,0.22365981920369785,0.39768384645025434,0.6928026718920326,0.5045958319043032,0.7515584699416502,1.078710997944952,0.9659645251683402,-0.6106280502067185,-0.8024692198899638
10.09496483716731,-3.59039060830973,-4.983141926529071,-1.3588091755486373,3.778031594044801,-1.4420759995556032,-3.914684203189698,-0.1661257821796046,-1.044984421197829,-2.383521130476792,-1.2038949230681644,0.36038563634955617,0.06536407264449909,1.656411244526592,0.2531024432969641,0.8862435382445546,1.1691381580747682,1.8173895506373763,-0.851822242183617,0.18462909476332892
7.498033857396796,-0.1328696726962444,-5.557593296661052,-2.259024228329751,3.461485929120962,-0.45883543578154834,-5.568243391544619,0.29221857669329543,-0.47657514348320457,-2.671880011910863,-0.7183845073384417,0.3145927946715106,0.03324790270824721,1.2456745019321378,0.40703770465175554,0.5326902681346386,1.215632704555817,0.6067235205540503,-0.030430489058768218,-0.8455232720531334
7.0833246914836305,2.811828896540593,-3.3753653143071545,-2.0623504811009052,3.386509135648755,-0.9763825424643766,-4.915757509320512,0.22740521691655557,-1.2514743259628482,-1.887355405451383,-0.9835657045841169,-0.22104255286537394,0.46556652304381274,0.4137866667935536,0.18564877556450496,-2.0209299978158235,0.12533885375704584,-0.2760877088675012,-0.058764578536302015,-1.0573565104000502
8.319200314834623,3.245741148385064,-2.8382444676800134,-2.3420641479689097,2.4844733915204755,-0.9694860433576944,-5.075317372520394,0.11478544880228314,-1.4034094454501127,0.4251607829548161,-1.3865822822127287,1.470701392022003,0.4513063523864963,-0.2230675614982828,1.292869197865542,-1.495785782190851,0.14898400771754597,2.436333014156568,-1.315190770759344,0.9657227502814258
7.743771494979324,-0.47472494416324457,-5.514964403521907,-2.316260401593924,3.1657020690937383,-3.117571867660388,-5.43008333682647,0.06467638617191429,-1.1902235688338139,-1.9790088057749984,-1.5533214555948116,-0.519480837539337,0.7751820650144965,0.4494461142805871,0.09806051199249916,1.5627654381028213,0.5397347550415599,-1.0517787079864718,-0.9230273336194699,-0.6721977016218881
2.363698688897281,-2.826319781789472,0.9843470241780337,-0.4694175537843528,3.93469770233723,-5.001590275463493,-2.7283449094081815,-0.16666865094007088,0.18962779297800758,-2.520490664039944,-1.117114999136806,-1.3549884739890037,0.712600892084212,-0.2097943017877134,-0.14692145813204485,1.480981712817628,0.6428740969300496,-0.1708719599270949,-0.7448286391786063,-1.3484581162465354
4.250092559816399,-3.5442533980006488,-4.901908400013765,0.7333692774949307,2.3527421939232194,-2.61182313654694,-2.480051307189038,0.7771875869060101,-0.3795462105901046,-1.749804416173888,-1.1964185328324592,0.5521043686242183,0.12249113248933864,1.5802151249400802,1.4294064716568677,-1.8013170126824363,0.11981536451154398,0.5690601115001311,-0.14562365044592696,-2.4280837233882604
-8.378986922075498,7.685451315620737,-0.5807624787247748,-2.4734244889471966,-0.5286650899073464,3.3877954111070774,-7.764118029622772,-2.336666395607071,1.9676506375608747,-2.2624522819638884,-0.3359921580981905,-0.3952875411432813,-0.12925039281421044,0.11399987874905848,-2.5628789362306232,-1.1887192675252993,-0.5469148126983143,-1.1378329250032786,-0.5395594490616692,1.6042894283606768
3.2169357613935077,-2.5658292814419585,0.2449633127960136,-0.597179164230722,4.293742434965461,-4.471993902059565,-3.7018526640367946,-0.4566531985037311,0.32524286192331997,-2.2272655100854926,-0.11390144676767991,-1.3492813468559037,0.9859715132640032,-0.6698748324693595,-0.1868115765500198,0.41713508058321935,-0.18570034103619598,1.3968687751012572,0.6225140164952985,-1.8730319124278316
1.2810656548973955,0.6571053358594787,0.12084648903773396,-1.7543813485025685,4.787599464279861,-3.564489786374481,-5.757393264364352,-1.371551842273508,0.15304745833067823,-2.617084755902505,-1.053000295304449,-0.6524305072301485,0.9252938981831728,0.23187478172541115,-0.6388256208431855,0.723599166917652,1.8248893863818116,0.8052710555405436,-0.8653943629467175,-0.42219393090328805
6.143421935893919,2.3963325629153194,-5.937421857171282,-5.0347422215139375,2.9247383803327462,0.06024569621132417,-5.652166728406895,0.10579425492438732,-2.0162499549980337,-2.2640872227368343,0.9341264897415089,0.003536785586085528,0.33314768972206804,0.4574692123499936,1.0690259394064312,2.1604267390854313,0.1307461852220998,1.5989767194192894,-0.17958568692489563,0.8556196491085833
8.74849486387678,-2.8894782538366783,-4.654568623142936,-2.0491263919010843,3.659327382768348,-1.246335104424224,-4.31532630252344,-0.5971403987931413,-0.5450837297356709,-1.9381290412600642,-1.684180585823185,0.5989044514610927,0.10550679467599372,0.0889015177034317,0.7777503461054791,0.5192463504358927,1.033372622881171,1.0725571124993212,-1.1414758496771547,-0.7040791121255394
7.890982799658962,-2.4028882702480714,-4.0114898837049395,-2.3477779737529665,3.0823085640068797,-2.6412390043413,-3.611599884270831,-0.40152159720082764,-0.5476596898169279,-2.0590905222841682,-2.0611748401347794,-1.0602676212641413,-0.05732221296415735,-0.0110298191852609,-0.43988043528155696,2.324250363428869,0.0561943143437266,-1.6310256120778062,-1.3445510388699953,-1.2999952575834643
5.4430484423491166,-1.7696055372760788,-5.027638515332341,-0.68077870116971,5.201139815052922,1.2931739563763571,-3.8819155761857362,-0.21979210363151974,0.11327111287453809,-1.0073919794707626,1.1217349479742613,0.05884112644191253,0.07916639808969382,-0.22063741728666436,-0.3390673443084585,1.397961024283643,-0.5009606899812743,0.4385937516090952,0.08947951963826917,-0.385581478058561
6.928972169344375,-2.4300874820035903,-3.5453069936797084,-3.917707208879751,3.1733756807501186,-0.768510062978979,-3.6681127435117356,-0.2549460356336246,3.797170941869278,0.6846213290829241,1.6590234510002055,-2.054765102857311,0.08883018892632003,-1.661684022856895,0.31566636610616766,2.0360166607963257,2.366227114649306,-0.00476062791633948,-1.2479421188422892,-0.8112473682415606
7.975553581870207,-2.8187608573833853,-4.109141464533609,-0.8443727250107205,4.339570616022288,0.3674765314498958,-2.0748949264193906,-0.18124710326416377,0.42233167105240654,1.0131676463125174,1.7973781565131512,-0.9171957046963167,0.5943565491091101,-1.0633876672177944,-1.1336781271994418,1.2719206636195497,-0.28068376975105813,0.2845961244887799,1.6381869517585477,-2.0183635009214376
6.970269090065929,-1.9787414325987869,-3.923300569050803,-3.680540496939422,3.3961022711437634,0.19266893657211692,-3.3955032296655374,0.017022500713365946,-3.617411871137441,0.4309674276921268,2.2516907011595477,-2.7071380559786062,1.6820504056678285,-0.7799011793132479,-0.6938782359026222,-0.14886751636919404,2.245161542647883,1.5829503780049428,1.7370031105358565,-1.9381868089231595
5.85444198137465,-5.517505586862033,-3.1030195376753786,0.2543979897346629,4.5052875280856375,0.40895788738223376,-1.8686997830907284,-0.6056619909349977,0.34666643898619065,0.3556689626653652,0.7205529509661622,1.2420365813832424,-1.1874588892998301,0.3558915203990885,0.02788491908708373,-2.0225549204295468,-0.6781883915972395,0.8934480546269502,0.30275552606447026,-2.4215239499877583
10.057841267679382,-1.609720864645542,-8.97164847610391,1.4087369676080121,-4.717813809448607,4.039863350138756,0.0019396414710787582,-0.5570135636407645,0.9585122505644585,2.7580368412372347,0.005028441329666188,-1.631005793541773,1.347569730604144,-2.3117741803408505,-0.3971319991308335,1.398865225364704,2.9192484730711934,0.8505845128130604,-2.853213687533053,-0.3123359379697019
5.82545459202513,-3.2056285843147387,-6.07645106671305,1.2124830204860637,-1.232058865525317,2.5294645362093275,0.48459865965284704,-1.468484866269592,1.078531702868272,2.538997668180062,-0.43240769415003827,0.637782028520253,0.9168095642628298,-1.2422261849578529,-0.9789025960013222,1.7549827199900525,0.5641249228691526,3.2541881330841873,-2.6986614226348182,-1.0375719193985622
8.844107849719794,0.9516169984426275,-1.3517575867592289,-4.320027385639662,3.072960376003376,0.3755426808383855,-3.9404339462504314,0.6798649292053434,3.9204515850454613,1.4949746491810216,2.6954997572149555,-1.154379996793236,0.6750018261325919,-0.40164319140693633,0.2041552620639271,0.6116932843188418,0.9922981391081753,1.2984626755267552,1.9966943033974218,-1.640017569735924
5.138077406543125,-5.035866886353463,-4.756734014214037,0.9392664249046825,5.407733441713621,-0.5450597965670985,-1.8519640623024953,-0.3919452311818501,-0.3150481023313956,-0.7731814173000116,0.33086484138123573,-0.7403723671246492,0.7606464636509445,-0.8874566676063631,-0.20263441999679704,0.087833538733253,0.6452612130712273,-0.20097907764183714,0.8166819256005258,-1.0900884755091815
5.412149966436758,-4.999881378945145,-4.616003949431716,1.1357816193599284,5.545890315880791,-0.05262458154989427,-1.7616371470424388,-0.4107227088006855,-0.5657419932494597,-0.24399784135125813,0.655377683113294,-1.1429290440583226,0.8185435240707881,-0.6736426434935217,-0.6125786627153931,-0.03829570676333474,0.34461172003110424,0.08253174501875712,1.297075612588383,-1.6503939852349143
4.8700767778764895,-5.212082701357827,-4.553018860696828,0.9045822574037128,5.252128379078679,0.09239252569796576,-2.059857847038241,-0.18851129772062147,-0.8388830951443399,-1.011329265329059,1.0772461956496695,0.6195515802923282,-0.4747402963237831,-0.4910409498053262,0.24089241072423884,0.30508533336366894,0.4411352612561475,0.15492589830277267,0.6860417752493071,-0.8233458073862279
6.097809552908345,-5.910803535804133,-4.628581360848046,1.2069852488020165,5.483313022669934,0.4359844186181317,-1.907803735408707,-0.19018548369239735,-1.2162863721407966,-0.32611463304143745,1.2495506266561263,0.7456884220765834,-0.5765346306554548,-0.13743475830460705,-0.24583185845974137,0.3988580307751458,0.10195190830303853,0.5131055633994083,1.105701694571593,-0.9618452382619085
5.383227769945576,-5.6585995912681355,-3.849895922666845,0.7461040491103355,5.4670203939299515,-0.824784574802121,-1.872486665763527,-0.34354881151159766,1.0258913031794905,-0.32488987326643115,0.8020204410867762,-1.1960575877933277,-0.25127452811669626,-0.6862018523900906,0.36144752344059083,0.2979541866099972,0.40398550648543374,0.8476273042363417,-1.8175614018613617,-0.2194159172218566
8.620394420464269,-2.9543941049298468,-10.779265812844834,1.6521453752516848,-2.576609002571277,4.875992156588336,0.47763251222949277,-0.7659120191617942,1.2625177985466576,3.567183044606175,-0.8621832654650813,0.44362126341791275,0.2520061379195455,-1.198461756119053,0.4401867596255419,2.6889044562499964,-0.13223712294464976,2.502919462298596,-2.3071974985642147,0.4460472777548088
9.87456389191644,-2.7496309518246065,-10.793622839562426,0.3911854559271435,-3.2821914476909826,4.5355266632661,-0.20179603568744217,-0.9346536250367188,-1.2046738757319964,4.0763894436639365,-1.2250362706776428,-0.1053452529702908,-0.7869512328193831,-0.43611969608760953,1.6818806303401532,-1.2409539580445315,-0.0077612760970561245,-3.455709638579947,0.842094753747419,-5.360466485813944
8.925941615672384,-0.17849806020997971,-9.95615207510312,0.10665874408997655,-4.987559661347143,5.048313267495355,-1.0721168598617383,0.04489262659458715,-2.2219880801183076,3.9339213121828656,-0.03566642395153036,0.2573767900584882,-0.8038306350022741,1.5672051349028815,-0.23400393173217499,-1.0447473756540695,2.3562930662778796,-1.1221667951253806,-3.114199697186282,-0.12179313476846002
10.894896368648414,-1.8907973399765368,-10.567134627688667,0.06547421166497591,-3.4496779488804705,4.171791452284353,0.40830773959237754,-0.8629821858175155,1.1190471076872062,3.278637756331334,-1.7800823725880373,-0.0692841674630241,0.701779002489057,-1.3510161897504223,0.10565030804631448,1.6131024476972224,1.2117238127553795,1.683300027617703,-2.9443234369177427,-0.057692087771089653
13.908683587111458,5.383859670229384,-7.338622747722686,-0.6022186786938704,-4.673912642205473,5.222410368760457,0.42120737462472524,-0.6389519166943405,-1.7721075279255665,6.145998086702008,-2.3253644714156545,1.9294364899786096,0.07161497056001406,-0.46937359393986317,1.2911839826327298,-2.3677604997795956,-0.07656299618043233,1.7648532093939933,-3.678655744415055,-0.3223336847257353
10.697457777103612,-2.460957949305687,-10.887668070981377,0.26899895227990733,-3.7481789304134656,4.169291743417588,-0.25551596555560485,-1.0608243528435104,-0.9449379784792216,6.118667430095258,-0.7880265914638732,0.8466228296766501,-2.795924443521138,0.4070261870714398,2.173114776543719,0.47975264641413284,-1.2771253384748582,-5.585195028306076,0.5020280892452678,-1.4151155619521953
6.658818520105987,-1.583124891490874,-4.6186703745170865,-3.24555994215345,4.397508085737913,-0.07686890986352923,-3.450339989943852,0.15324529383347335,-4.011018708148103,-0.10153446354342388,1.9818256594270545,-1.9855570071090525,1.6094859913334143,-0.7321813726061657,0.5624090943270825,0.8090393029720246,1.6339163128498058,1.6579425442927338,1.7486957647372607,-1.0509124859385992
11.336595529933483,-0.787794650002426,-10.895443999895857,-0.6773941892933668,-2.3157796031633606,5.164825574216641,-1.6628493257765409,-1.4321184168652707,-1.5196775028248302,4.734960911463847,-0.9211198231872457,-0.625272765320953,-0.4888948408817878,-1.4812422119247968,1.4873397584103518,-0.5655762557617962,0.31431966863819394,-3.8356444647298003,0.02167675025632701,-4.681915109627202
10.922858501521027,-0.9872256499850618,-11.01771140784831,-1.1423064268519227,-2.7760263332290807,4.867954947127853,-1.6900733605387874,-1.4002443701755685,-1.81841880076816,4.1944049556626295,-1.1903057336423757,-0.4269195117847888,-0.7195307021780422,-1.065192507654139,1.6619036733580943,-0.3173791928693378,0.336777760642141,-4.477320941121822,0.9003283147983554,-3.91421665235863
10.645920025029405,-2.3749296312430705,-10.625281072024858,-0.2203789417906002,-3.321329507703057,3.691671314986345,1.58572549097644,-1.0489256463673764,1.7342288459854078,2.5696000109689963,-1.5329864133263562,0.8602670776857977,1.0200654392090933,-2.0199649807006588,0.13636078231953186,0.9373753964835096,0.8154352554703186,2.199277567678732,-3.4709981484665735,-1.6559425801158216
10.934425293899874,-1.9318533890667187,-10.562492221572938,0.02859809235157229,-3.4704921996104465,4.168185804492884,0.41327143305438474,-0.8618033297220187,1.1380258215156946,3.3060656072976515,-1.7654310316126995,-0.10912021419325842,0.7083099226142363,-1.337849723774736,0.10647105614302554,1.57825972482341,1.1828785075236161,1.6648573823287438,-2.9909821889581654,-0.06488910713704737
6.5270377135575055,-2.049692074431479,-4.69325813357303,-0.33750319095579606,4.27176717257654,0.3749674406075827,-2.4844319500476058,0.005494417350576375,0.38115180921769753,0.6536585732272272,1.549554012028914,-0.6214145274779529,0.3626632821913703,-0.542163099739071,-0.6463949872309827,0.6940291631162357,-0.3026687865159858,-0.41791609537656155,1.6000594901917502,-1.776346190019024
7.336827093140761,1.661649003888514,-2.029835646152728,-3.8574690749835545,2.976213811712425,0.49633115958622886,-4.340716186792233,0.9861517586913514,3.738574251816712,1.2223339549858683,2.637620894089472,-0.70533499607548,0.4248675262583447,-0.07945459090739979,0.36561688342194854,-0.0837805395793116,0.9826472991956671,0.5496296616563235,2.1588683310652406,-1.4206672158276017
5.77448902390563,-5.640917154508803,-3.11114821813599,0.2820956422934828,4.509667565395135,0.5122247213124124,-1.8568914378829784,-0.539944487467429,0.18339922830886604,0.3766927936960808,0.896614766129193,1.253513062992865,-1.2219505080339434,0.5139527540591475,-0.31872414252407993,-2.103139118331111,-0.6645239855047557,0.8960939000558029,0.5770046153557246,-2.5382433751828177
10.337919501719785,-1.3803924869764115,-11.354515181258023,-0.08389559074058983,-4.066534530051262,4.02195804400254,1.079028493544739,-0.5451501131971146,2.5255156904274982,4.7222215185755925,-0.6943689654073152,0.08834332281642898,1.9666361067107818,-2.8768113565806446,2.0860622962526865,2.3154087420759177,0.48223906908903474,1.1146890520900166,-5.577875687281359,-0.30254886442267737
9.934270238329857,-1.3662895312149446,-10.292406861448985,1.062699920180756,-4.481450398360304,4.411598767152609,-0.8264486973049852,-0.44733723724572305,-1.2049850429945077,3.9752407392648763,-0.06628344811539494,-0.5667815602796892,-0.8233198826852155,-0.802094942286205,1.7148307174331567,-0.7610914068041537,0.07919557868509722,-3.0574210470343646,0.623505329565821,-4.824825067442655
12.459077524840898,2.0375983154476955,-11.660473603798636,-1.4334900323220103,-5.427586562634577,3.4835452150885127,-1.2791779267245245,0.8563683304889056,2.7831454858454565,3.4207118244707706,-0.6208979339771765,0.8696027845414567,6.254894908019768,-1.3258129389071058,0.38963652941224813,2.4982090312532126,1.6468687044606556,4.788684844881561,-5.192996736099193,1.016387997626851
8.653711309042277,-2.5338338880646756,-11.129572294294682,1.354963338368702,-3.3370661805655093,4.967291682512284,0.35809922268259187,-0.7618344293124666,1.1864585905436382,6.1863273528251295,0.06283254704139918,1.3772061181701951,0.5960819325637355,-2.6269047961235654,2.369480577930958,3.270514111490209,1.1894938511344777,0.21199091936971454,-4.510128472146524,-0.27971982023891906
15.541141849564903,9.249571940774816,-5.652045440943481,-1.7037890752776936,-6.3500902396634515,4.328805657384878,0.017684249249721007,0.649834660450792,-3.612297618940591,5.137364412115964,-0.07948770337793054,0.03881962309280024,7.041296880533814,2.148759272785582,-0.21199405526110038,-3.0378488336723217,0.83004109557628,0.024081726826596372,-4.800382912754326,-3.0613625749405178
10.514062508610923,-1.2012974919249422,-11.415887930852046,-0.5955210250800533,-4.354450572377056,3.733463709185432,-0.7277786394894459,-0.21399358021175652,-1.6108456875801607,4.665360320272649,-0.8524440773176907,-0.9414823851460348,-1.7644040474794491,-2.552567321033311,3.0038666823079607,0.05275709798083694,1.1689735251654008,-6.609352264901268,3.171915359948292,-6.769686113181567
6.104733690395547,-3.4195190664166697,-5.420021134432389,0.514488354314126,-1.2642801961828556,2.606403500314105,0.6477045391091327,-1.6996902971934191,1.1738605177584451,2.733615042835422,-0.5231901964150697,1.2468239794637745,0.6923183607636472,-2.211517578222346,-0.7218082215821529,0.9818960705108539,1.4415879075669538,3.2546038535293658,-2.5580108400508053,-1.8591564182006424
7.743339465048243,-5.12394619253197,-6.75979144997563,0.9969263903785093,-2.815434801808845,4.077674696759618,-0.5598989671847219,-0.9843204176956318,2.496763640436183,3.415675732611213,0.6387450362583353,0.22626897456905729,0.9554760123688444,-1.5142137008932228,-2.0752450787967227,2.009844328105026,-0.5347224564014789,3.8432570538214064,-1.7840196594115603,-0.009664948348914362
6.969197584977363,-6.462970809781162,-2.578816151672702,-0.2947195121563505,4.535952902775248,-0.6850452894480024,-1.4128882141594699,-0.7730395215923843,0.907767201682522,0.33692349691820156,0.9024258539384995,-2.316671632548679,0.04469950995093885,-2.2307563063693188,-1.3039901165936656,1.6040618253585388,0.08512465797543581,0.34316347240240047,-2.9376384796244115,0.0585357192010274
8.287565066757821,-2.8395086522783948,-2.874009243400506,-4.753396612756931,3.305167929603564,0.7354123492931449,-3.335722145463762,-0.5362162309125976,3.5139310007404725,0.6782629479951003,2.0546060604457956,2.1428972780764806,-2.0154816319701365,0.19673903392853287,0.13683574280190963,-1.5136878038015604,1.1511759308103353,3.0734673799088146,-0.05028759382654607,-2.4154052058717337
8.21284557784772,-3.0377964158246087,-3.010444138073269,-4.545107609685053,3.2091142834504636,-0.9028197926623405,-3.2925443259459364,-0.4639037201398104,3.995332674450089,0.6623852197263279,1.3751085559866218,-2.51526096785857,-0.09907854319298354,-2.028314853360957,-0.29566318729742885,2.9072574639415945,2.2179154777744006,-0.44346365239553337,-1.6037586256581786,-0.658007607713863
5.806119808607691,-5.371015555665446,-3.2364452272958957,0.4200463596436609,4.577669674861294,0.29973059209772523,-1.847985549530391,-0.6504698841092802,0.42271248686535645,0.21464328470292104,0.6435540498450629,1.2125758996777745,-1.1780881139246262,0.32484017697205225,0.1484304332901984,-1.9610680082027176,-0.6985371699841008,0.9301868826397263,0.26476028010901126,-2.420908727930179
7.553462009434879,-2.1138500008155052,-4.772014758769456,-3.028423241521409,4.848786178198292,-0.4232581115627304,-3.734899130972062,0.23799220108696145,-4.430666854499626,-0.7975601575043134,2.270176285499131,-1.5718834599746343,1.3790731314405904,0.04236426295877563,1.071533474217789,0.7097921846969576,1.3898515452007714,1.0512407280906686,1.8574876016489141,-0.043556758859196854
8.291937691430409,-3.092211155803429,-3.028208984948223,-4.580235578404954,3.1248718248031087,-0.8652885618117909,-3.3717214752371762,-0.5186516393608891,4.018367600656206,0.7288006177846829,1.2871401872508859,-2.504349951659576,-0.035606136305614655,-1.8792649232299823,-0.40207224527549507,2.8665928089232118,2.191998290677825,-0.6231132789311626,-1.535076646409385,-0.6111710467377245
2.4518825774587887,-7.425551050455264,-4.234078681166968,6.072464970774689,1.5305450206703708,-3.111340272526255,-0.4047052602660092,2.067231041032864,0.04957811644528409,-1.3873154624323987,0.9866461926452805,-0.54272842692047,-0.743797722469987,-0.3644603579929878,0.24780262491476193,-1.3402176412271811,-1.1221791214627919,-2.242265865866507,3.11148150579793,-0.5072532014975211
3.3242269921426835,-10.709090498152086,-2.1055885454524232,6.373658762589569,1.2457590616259984,-2.7508079462386013,1.4361849452927382,2.090775938251735,-0.3474518122364704,1.5166939606840684,1.9530115560087093,0.17865071639622743,-1.3756629353192773,0.4430453258582593,-0.37429500494328205,-0.6576129231011232,-0.5823752365775259,3.7902067893224816,-2.416882245729136,-0.6599830364455734
1.4649521773649217,-5.32818171779858,-4.607093080513877,3.5746785975656508,3.459355599010019,0.33385247387110417,-1.3917958642795027,0.6214981408588905,-0.6391066859697212,-0.3000691909467729,1.2744222113972385,-0.354721820530706,-0.4320905904498724,-0.020192670516799002,-0.5117543024604618,0.8205722681943244,-1.7806079375402213,-1.0807916828238349,2.099777754282013,-0.8781384155847248
2.704590840012929,-8.596820882174848,-3.2108059958628625,4.025220182238445,2.787345513234169,-0.17662820536873636,-0.10014819038511058,0.7901667128823012,-0.7863959361364105,2.6486495395388343,1.7731776108108814,-0.7102222930716835,0.2704632499541176,0.37614088354207714,-0.9317463919522209,0.24142735789356595,0.5772893367266219,-1.7391913871501354,3.21042211390956,-1.8442208338444204
6.681376027401115,-5.96156154859837,-3.1050342286653416,0.5652576079176368,3.6979692375621678,0.4149973267635524,-2.2725953817715214,-0.07792410744142386,-1.0847217994032623,3.3049151079602033,2.0157481751910984,0.6927411428050533,-0.6565760460141101,0.7698180288239901,-0.39586415155016663,-2.6057101278540427,-0.1316036571034142,0.9826591407612126,1.7210278538003148,-4.3873856068042745
8.969282668815275,-2.9078429350186523,-3.962080441973944,-0.39435785536797197,3.6420761562193826,0.4152523440696835,-2.4037320583598105,0.2614793761746954,-1.0385541664953606,3.994512011233483,1.8836298751404512,0.6660301949248837,0.07381446986191025,-0.8350336094809752,-1.1309530750959425,1.7480050496887682,0.5019938640060065,0.4831621717901715,3.2380442903376387,-2.644466141166583
4.758965675632968,-5.068454033612724,-4.559212929297889,2.1124078323321522,3.9699278312217468,-0.9152588045013443,-2.847548263801521,0.12156069110543344,-0.39596367308424235,3.3577676193725416,2.372049754976664,0.35052336240931087,0.8171520666062437,-0.882365134497837,0.7716204072908275,-1.4100924224462619,1.5875444029094552,2.102895186550743,-3.0671492036018355,0.2725810339514311
5.396277714269509,-4.69247472353589,-4.422729969447648,1.7136942442453145,3.8327874919770197,0.057906362161140465,-2.5124207720953593,-0.13646065377951702,1.0567851276052698,2.9535219450054004,2.1787817302658476,-1.0000483259883357,0.3145518322743523,-0.09505446589473217,-1.6381433651528445,-0.4894171864024567,0.13113363618085647,1.0779238007124872,2.5302349056724607,-3.451891454574363
5.779078232202059,-6.926208025432965,-4.2058500782062,1.6184186741137767,0.7234322129563465,3.5903866708619137,-3.984306972578806,-0.7906796586285245,-3.869913140904265,3.89248829442591,2.7525248273633074,-0.868160551745442,1.3005934039003653,4.350244362040947,-1.8768520117421423,-2.026106099762597,3.4076023989888893,-1.8259047052340511,9.066607847818664,-10.808119045467693
3.8216409056456944,-3.9389814099583065,-5.018390343517785,2.2698522830152146,3.675513456837308,1.2600948244709516,-3.2703545735271145,0.8328870530141177,1.0876746676838636,2.993306435493104,2.313224871449682,-0.3123409350195715,0.10496140900272252,0.17357262959498118,-1.4199348645594676,1.0016257704270954,-1.5524343419998994,0.7449270502782382,2.556023769006169,-2.3126973677424747
5.28535154975794,-5.496994631422053,-3.7767861025697407,1.502744270109535,3.917799717661409,-0.9157752663601696,-2.396915565247524,-0.2354431806745947,-0.21688042438592503,3.380797214717547,2.345087020124834,-0.4471965521526673,0.42997986615704936,-1.9064475479296665,-0.01980732812970748,-0.2365730594435649,1.1090922665322884,2.0460662249730115,-4.0735917203050445,0.027339056077305524
7.447575150367182,-2.177638908094914,-4.709235912563646,0.20947352400273683,3.7314940396887306,0.3313465153852795,-2.841766979894486,0.5259506703308892,-1.1611020875075044,3.674350426441255,1.860454608187702,1.0257844685941189,-0.27133278408671735,-0.22635715560610747,-0.9030676800981945,0.917544586228178,0.6562416962833341,-0.3455174442926177,3.5214885171160377,-2.304413033376602
7.504956904094713,-2.220330509885338,-4.708105637402642,0.18583234206345364,3.6599399357827602,0.3703588173648421,-2.9606181720680453,0.4971275620078714,-1.164301371093254,3.7175025753690703,1.7885484159341596,0.9750921565544128,-0.26920439016182796,-0.09388295022809506,-0.736940266559766,0.9490874413932734,0.6797229045079065,-0.44444917740157197,3.3891273172112424,-2.2710224736840647
7.504956904094713,-2.220330509885338,-4.708105637402642,0.18583234206345364,3.6599399357827602,0.3703588173648421,-2.9606181720680453,0.4971275620078714,-1.164301371093254,3.7175025753690703,1.7885484159341596,0.9750921565544128,-0.26920439016182796,-0.09388295022809506,-0.736940266559766,0.9490874413932734,0.6797229045079065,-0.44444917740157197,3.3891273172112424,-2.2710224736840647
8.580088389853262,-2.6346249750694457,-4.824472991536036,0.3586855114033519,3.9227855281888107,0.15547192076499544,-2.8628879127212765,0.5689916418041929,-1.066441647621259,3.703183121635384,2.0571483458911386,0.8055124342501505,-0.36722056332584274,0.07729585062609265,-0.8439654242830704,0.9005862143925248,0.9052626521704159,-0.4183490870962162,3.553125257770641,-2.0190104481647335
6.18186765311741,-6.165653033455918,-3.7891650792053535,1.5946708230344693,4.067809980139409,-1.0641426770041005,-2.3148141516228655,-0.19340107655811023,-0.10348584926233323,3.3887914492856375,2.3939432909607428,-0.4921816089537501,0.7223288852022349,-1.869387864802847,-0.002554597120901947,-0.2691112979277541,1.4703149715083066,1.9809069375517365,-3.778482060239094,0.25860822507903436
7.146399501355907,-6.3236405266754225,-3.9103258167632546,1.1278365798391663,4.020985463401569,0.39076645945423044,-2.5146082437054234,0.40199372584101495,0.3468437643543519,3.173415823801326,2.0301364949197853,0.9615077641560617,-0.6353355431957244,-0.42706378220700264,-1.3274687026293068,-0.6027545179616355,0.7043256621816836,1.6092028965835967,2.2728336371494633,-3.2218020952121904
10.032539062859687,-3.2503191059543273,-3.9764572545963426,-0.23194858807898028,3.984105800096719,0.080518037742699,-2.244281073832766,0.2475884840710766,-0.7743467332471474,4.010762224791128,2.046357793346678,0.4173402005461242,0.02266286650928509,-0.6293236564611059,-0.9937729570074048,1.7834365384714101,0.6773873931432345,0.5247800185545077,3.2999523147951795,-2.4022163973305455
7.100573374065535,-6.699167312463025,-1.195911345726418,-0.8364324927093882,2.6846681926545752,0.8592277597594543,-1.4397533291930409,-0.6387304992715834,-0.4947602464905174,3.905321272333219,1.440304133200786,1.0541979703968611,-0.895146235972182,-0.177361459851935,-0.4421246434087278,-2.9084511198969767,-0.7837124615084207,-0.011148021664689797,1.1045328868953788,-4.560691145901558
6.896935175518715,-6.93313282673348,-2.2853762213417754,-0.794529125391265,2.666129530730192,0.9145136822407962,-2.0243367769318827,0.10546900363297516,0.19910870838437003,4.002479517061035,1.4802885238867471,1.611899930634848,-0.7484853192746617,-1.2568335698022943,-1.1916928598517469,-1.3535809437625623,-0.03664123989229075,0.3857702111745958,1.4630025776902014,-3.8417929263620194
6.605401759385298,-5.666710521976864,-3.981805389602935,0.9349663271868398,3.7182542238912077,0.154559116909086,-2.2388314176275395,-0.191336472342353,1.1452620408978174,3.1535594632950037,2.1118987867486303,-1.3895741083042652,0.6734315326173586,-0.8124055678360433,-2.0434229743925254,-1.1687252205592595,1.105579878719095,0.7040193813159802,2.4916825828889673,-4.1377119682076575
5.939224689061055,-7.245744033693397,-4.637913924330464,3.5630323667257233,4.340775653629983,-1.6947947721683803,0.461151094341004,0.8720013510259871,-1.1025743097148901,-0.5241030022242342,0.6469908585754425,-0.9735844647148707,1.1888081051314918,-2.7472145545889584,1.2755812313837511,0.7931221318813887,1.0291335404674218,-0.4475554105317586,1.18521538296373,-0.9443078001702432
6.308147056939315,-5.322716614083776,-4.582442501225104,1.8790067439489069,4.033180359972558,-0.14798056533182974,-2.368804630852448,-0.07380370213204795,0.896030186696656,2.88723180205086,2.2421515388945283,-1.0767338734633756,0.29374382412031563,0.1588325018186666,-1.6780557098724194,-0.339502247005395,0.18850500873806786,1.4334530254667228,2.4778814581214856,-3.186208836229434
6.370636682777241,-5.730109801532498,-3.7972682322994067,1.4319017734976454,3.993442684333642,0.10870937763761263,-2.5727283800330882,0.02464290833796079,-0.8600384159216287,2.9711773205130054,2.0540027596953583,0.30811372529556635,-0.3520283950905314,1.2781904190121234,0.39715724372139094,-1.8664011143772679,0.5413438414208352,0.22807969088719893,2.2879449081630057,-3.6492515003527917
7.703081718117266,-6.287913231808231,-3.1475209394283947,0.7177602292280085,4.055384281415301,-0.16922257748671643,-2.1325756105230362,-0.1486870690288326,-0.623927300896381,3.097604520970453,1.8523217749395975,0.6989662933089829,-0.7103037504878533,0.7864501707188182,0.226594911643595,-2.5240315672614364,0.06014505516488505,1.1549953943927247,1.5982659241438457,-4.128521213599652
10.16033281127282,-3.0493711499207987,-3.9205365963044034,-0.12787677745078954,4.076905822931339,-0.13777710591427367,-2.2017635152161326,0.1112202227620627,-0.546187139559674,3.7990391746942036,1.782048217050073,0.29848948894781946,0.023424715589973638,-0.3780820299520139,-0.6382576783663042,1.8360176530972225,0.7099478640531973,0.6612213021937193,3.191272396857694,-2.3887985802609366
9.493548101659986,-3.800037849248907,-2.2581624013066106,-1.576146385289345,2.7974632406778825,0.28435646095779016,-1.4946845342771975,-0.029355326107388016,-0.13590402650503033,4.566991398467364,1.256444645406851,0.24115190252787772,0.5836663119579142,-1.5503026527067023,-0.7216714917928972,2.06023096953852,-0.16294411877156229,-0.0013152844100258743,2.374824183147795,-2.693822827184835
7.429162727465467,-1.9136034405717672,-4.729667123466577,0.37346446811403605,3.8458098656505237,0.15365186150123106,-2.8759052464092107,0.3836008467706412,-0.9386188476473887,3.474442242734385,1.6137027851155996,0.8865786345949038,-0.2744788881372583,0.04137774970985303,-0.4340352036045661,0.9588613339574995,0.6565973731022556,-0.29193052753477333,3.3442939487490126,-2.2567890405358395
5.078226824071526,-4.754810103756134,-4.457680435037284,1.8491319848779462,3.8627268854214623,0.6131893604090924,-2.8851566855433384,0.45683816197998717,0.5617279224817946,2.879558453848042,1.8833437005424631,0.3668170640170806,-0.28671412924199924,0.15588421861949067,-1.281462088530222,0.16601841720044314,-0.23146805000226806,1.1474313792876383,2.235199458599407,-2.9569891869107487
6.237505667317444,-5.910088982885312,-3.9216364972405957,1.7469693618400344,4.126428259619256,-1.2671454902340868,-2.1891463003254934,-0.2556739564314349,0.12199221001257268,3.174886256087473,2.035811828826829,-0.4182784009857764,0.8692957845540075,-1.4121863965534351,-0.13659088340926467,-0.1421482601041496,1.4425485200028558,1.7338288304195402,-3.7176462244042745,0.29947828199584187
6.264966835870817,-5.195446514048195,-4.655503329595881,2.015211704579453,4.095926851468421,-0.219790700398446,-2.3152181512888235,-0.11000946531277883,0.8260181629309227,2.7993308186984467,2.17355176496402,-1.0700094137337937,0.26325801012709354,0.26688189246577837,-1.616612993046291,-0.3251978283179212,0.17760011144770185,1.3959994716069735,2.459473479867933,-3.1454066894422072
-12.989457243597695,5.117621713967046,0.6183110397942115,3.147786424215338,3.1404116521657133,4.198003659250114,-0.9270729652205095,-1.7321024217331362,0.10563643741536233,0.09646981701221469,0.8055126090532974,-1.3631196824104292,-0.6147217834826506,0.7312086160921197,-2.6650671636860874,-0.6298689720039657,-3.4184767906267477,-0.028986765133762527,0.38251060215719423,0.5524570080205294
-13.47152983434853,1.2895094455575897,-2.5799318387642494,1.0291151724685998,2.0516927385455586,3.922174616267532,-0.6303037504837649,-2.0176263493779394,-0.3922648935845089,4.772554362896168,-0.8512437057617506,1.9339262956923724,-1.3447138349065222,2.123336265170045,2.848575823464076,3.324588081177083,-0.8624752178002216,0.5424769601116473,2.646359531011279,1.831410334634832
-10.247237653078404,8.232933925450817,0.2523427335630091,-1.9104169187867712,1.4290834044903389,4.810712548968798,-1.5031375449761522,-1.8221430676722714,-2.010588884646162,6.20819098967838,1.0893359593321685,0.3124273091332005,-0.12745664764916642,2.547656670236643,1.2166678553838075,-0.6540996077407448,0.8439491490158021,0.8141646218814773,1.8974202439580234,1.678348306578555
-10.638098971199295,5.90254030007858,0.25002698156270264,1.7077315386017642,3.432524085079765,2.6527583189008563,-2.8114813958106986,-1.8067877933133685,-0.12296137460041268,-0.8191064566156228,0.604984557377211,-2.4335096368600326,-0.19367512284407623,1.472270735486417,-3.1743327526178025,-1.7810756945287602,-1.0484034762489207,-0.7813746291263487,0.2662062676415696,-0.041657036630014965
-9.480564160095629,9.532418553707833,-0.16923356205287765,-2.827944402250589,2.5910885135369757,3.833585503577364,-3.434229768500896,-1.1260811349791104,-3.3550090178682974,0.3409950103737219,2.029469606189563,1.4428676243965324,-2.6948696705053905,1.9697134752895844,-1.7390354021028605,-1.6100605845871825,0.5517063633733035,0.6522065808843599,1.5669407282709287,1.2594924639055176
-10.846528955449266,2.582327339690602,-1.3512868034254273,-0.14537197269483226,2.3540126113592783,2.6940711050902677,-2.5645828075980064,-1.5535910380683826,-0.29248187533218567,3.661621094199621,-0.15696164547247393,0.2456719868567867,-0.7422275818370332,1.4667411258217382,2.5666961088218834,5.040525463651156,-1.0767370769641915,1.9964052964634451,2.1537729696675605,1.3938700476070607
-8.051281872571362,8.30942714303743,-0.8138266064198354,-2.3896693432764327,1.652456739926715,1.7332561191970521,-4.6562174479052665,-2.2377031969679946,3.4365817470559255,3.930694886981856,1.3115622728420995,-0.1853503635958087,1.2924642704307368,0.45458987391192046,-2.962090052430986,3.9500300190329454,2.1287205203271173,0.5743840685496675,0.9617095811849333,1.3202680347391156
7.666172156038468,-8.035574211525223,-4.290299754433511,0.7226441064974076,3.140681284512878,0.2505579458639622,-4.84330160455998,0.01829204889615571,-1.3518425899933404,3.60597426679787,3.1641120646963468,1.1056472600741232,0.09610562747154094,-1.9145526810529363,0.5120421025523809,-1.7815368145102424,1.398444790428238,2.6298067179167757,-1.7804241994102865,0.591648664666268
8.52934131504363,-7.336858178347354,-5.750357855028721,1.0912927279032585,4.125198372000555,1.0616940773414756,-3.824090749385057,0.1255818523849723,1.9625018062591169,2.9902810751129048,3.045143596230389,0.3843319970392874,0.10853033012977659,-1.0485962861930542,-0.9043267339712124,0.6392927161353457,-0.5129551612242442,2.3743418224645705,2.9664959831890423,-1.4605852718930488
9.552860355671319,-3.2181062304672428,-5.361737118215173,-0.2527078297130635,1.48193005597363,2.3649635573676315,-4.657176920076038,1.175387469194411,-2.87404828413281,4.495185535300183,2.519434714481681,1.860606587086938,-1.0239478221748264,0.6131330480483652,-1.5892955920775476,0.6524569389151651,1.275321365229953,-2.265839715637812,3.6459513853756738,-1.125906348328452
6.86186947187046,-5.042832786059212,-5.056677690771677,0.655771726720575,1.7448594139229738,2.4845318141873713,-5.083377062694446,0.6414609224521541,-2.8040736108768676,3.3056893153432263,3.222708274924396,-0.3121526516722609,0.1191438826938246,1.7453594894227553,-0.11093972031254201,-2.3466810964647187,0.07879633976107148,-0.7807095692161555,3.45411021036002,-3.3908462507021744
7.585058423312853,-6.764688280034268,-5.647406686971053,0.8146943541427262,3.9694899690636753,1.14540639131616,-3.719867903069402,0.07266071464653745,2.4326681884167316,3.1463725457301397,2.635450231135303,0.5213133678462191,-0.07484031132698954,-0.6529515830083275,-1.0590808884475527,0.5486611291064187,-1.0508997330177845,2.504018325991044,2.8227678959851277,-2.0624836011806678
11.322278039318059,-11.422494917893577,-3.8269759136918817,-0.7857370380005904,2.7744100466883936,1.1290285194533607,-6.184550554389602,-0.20132997659371285,-2.112587886705282,2.6258997141248592,3.6155679498586704,2.1070947295325526,-0.9593818451309682,-3.0478779133585094,0.7510893527097035,-1.716892327928738,1.65404997722592,3.4020924457466535,1.0466144862791573,1.4166769301418443
5.802250750963388,-6.945702022486879,-4.254448091140013,1.5170907450326752,0.8189958469868475,3.558527638372688,-3.9501264207766607,-0.7496973247345922,-3.7395345894398915,3.9135737644737305,2.72490704846893,-0.8217105678900214,1.282293458649041,4.080020348472847,-1.7302540240489,-1.8742812660687147,3.308233095936977,-1.7849379648628534,8.609565310057889,-10.147008002685405
5.723937522414167,-7.3247080739814034,-4.378639038720941,2.0250195272087432,1.3031298093842083,1.3571668951918516,-5.6400678660110835,-0.9224802179084088,-2.21386695556585,5.457233952842179,4.1652656619887445,1.5675215271475167,1.5382009755007895,-3.810883382834626,3.8663748572371412,-4.729531408162592,4.708106866307411,5.379465700163935,-8.773931978255899,-1.5765575079338734
6.718789177367215,-7.847731872129771,-4.200956901952024,1.1953983535716663,1.9426495180332453,0.8897226436025398,-5.675578139965155,-0.36232377176952896,-2.33178145501099,4.820861534531674,3.9742015683154603,1.1776610716654625,1.4968210686840084,-3.338607797309513,0.8976890034571601,-4.073157735335641,2.012719090683353,4.127967757517354,-5.222901080351478,-1.2593557053086932
7.631033601693162,-7.8772916914948325,-4.316086250935733,1.1825394005674563,2.0524798643816915,0.48859774883690155,-4.046099757646585,0.11976507614083648,-1.6710339045137568,4.641001791858788,3.6334223129690315,0.37054450473196887,1.172685261260717,-2.901480770625494,0.2512603120105062,-1.7815502258426115,2.216919984020879,2.78934545477352,-2.086483212905479,0.6180200519726889
11.604202064104165,-3.9063883953863163,-5.497021496559311,-0.3698794665212901,2.587574943143265,1.6989502833705967,-4.146808840117061,1.1306254404625062,-1.9199683834163923,4.069734352576738,2.539651162173284,1.9692463965823448,-0.699663607683217,0.11425241876378744,-1.3021021488322582,0.10387497015759939,1.4621020962654057,-1.3734231908971137,3.578157619907149,-0.7338644889984244
12.647393026930613,-5.3857576862211545,-3.9466807439154103,-0.971802347395861,1.8694859272542004,1.760355997097198,-3.639755583253282,0.45476897545698863,-1.5018329456955255,4.357258548708123,2.0353759200378256,1.7740227332116993,-0.56504324467504,0.5210027187040206,-0.6581495972989264,0.6704705526895309,1.5514844066188034,-1.7478153105378849,2.667845808088738,-0.3911443138930063
9.87610052743717,-4.85931696912799,-4.5452773938382345,-0.6250701727228083,0.23542704731005082,3.4300474590251957,-5.296705017104915,0.26505049284253107,-3.9689598224401905,5.217121678522439,2.248819131494846,2.6127563026846725,-1.3093978292042525,0.9237695721166364,-3.1080852521177773,-0.495194707686725,1.454371715309971,-6.660252583870968,7.732256856989185,-6.679044428256807
8.917339601246987,2.4361728697519496,-2.124216814872328,-4.453803706025138,0.8482765296753099,-1.8007798148631655,-3.5634650337165845,1.6223621623096691,3.30443983896269,4.374170530179936,2.1676483623910414,2.9865186146202563,0.15961932543227036,-1.699015814004205,-0.03981376826383434,-1.3909244324838657,1.7361313188730223,-1.546304502139447,3.9029421094901897,0.40034441852938024
12.330738770026425,-0.10576317012298064,-4.335901845971101,-0.996853874611153,2.013147311425951,-0.19782133005615496,-5.842731061667443,2.1222495187432333,-1.753806860980096,2.826748139507457,1.9991899172526928,1.7285668730528936,-0.18234750529252342,-0.844936365869056,-0.5548016267974879,0.9625286862697244,0.5681300318787266,-0.9834887452976557,3.922555950945984,-1.1883730550861074
6.3060144163126335,-3.1764953573681067,-4.83105682108756,0.39696578839486474,5.315661589684432,1.396928490355962,-3.7315719758294668,0.13087114749603412,-1.6717046610914874,2.955153822465966,2.1535078921610262,0.13958391279277982,0.17112508670923782,1.0856912238278784,-0.7036541934219307,-0.46972052497999406,1.009250923400878,-0.5214687597847918,2.693916067359854,-3.355512714300603
7.2884175774711935,-3.3427023282222157,-5.157026760269986,0.814439970975735,5.447470313003024,0.8927514288643811,-3.637499891050319,-0.2827279557907163,1.2225515073037576,2.778843110646669,2.3596815859145135,-0.07853189815746539,0.31428479588704633,-0.5087811973636047,-0.9530691143161141,0.9292391213092424,-0.4012166205569736,1.9643438171916316,2.5932619652704267,-2.590401131046377
7.813960946823389,-4.137759692655818,-5.327517701843119,0.6600848498967127,5.7076264907755245,1.5346852847663868,-3.6210662921287162,0.6221165836815675,0.8228967370435276,2.765143932383015,2.580835871334208,-0.029899299608866697,0.2613230113826089,-0.21463431967148588,-1.3352329329961607,1.5504226349740475,-1.0894114534731028,1.8435907175130735,2.357361232324198,-1.58389546612172
10.062688447882188,-0.6923808597335109,-3.3462949630112844,1.283223174051603,3.3359675716906034,-0.6353682692041158,-2.5354546166724865,0.5754151417385344,-2.0945427463109665,1.7252336202764655,0.576931585736581,1.74934752374056,-1.8934744461987205,-2.357888819565316,0.362986066283171,-0.8092121956146047,1.0683245038271094,1.8581785462832976,-0.5629470896486461,-1.8291256694859714
5.074437317897861,-1.6210012181506106,-5.471526166202631,-2.391978007775034,2.363060362750717,-1.1219760899123643,-1.186216974351103,1.1152740041977651,-4.922981324710013,4.835534234343664,11.203805404581196,-7.765714484245062,4.616960924377126,5.4190657195283976,-5.1819031929612285,0.8588417685998899,1.4711190816639843,-1.5900813925774846,-3.3540877114394876,-4.9086638687006
5.4555366877293245,-2.081359971592579,-4.837413327954322,0.9451904112665781,4.372810279367519,1.3695401471045368,-4.129562054957133,-0.30458036893703594,1.7610199009947232,3.236094672290846,2.5828988116308405,-0.4139377776017849,0.08145820783919366,-0.11597643173529609,-1.6142440899443826,0.22516636175028948,-0.6727762327913034,1.606970442292815,2.598501487881326,-3.2324147915147856
6.395564523956795,-2.79110930300142,-4.946019486448978,0.9015955224904864,4.466709083561667,1.343427225168996,-4.068244387861805,-0.2228912590616045,1.647901010851566,3.2763826392343085,2.696609060355515,-0.48969656572316167,0.10748846607423557,0.03367737386618544,-1.7050364271986946,0.3211117018004386,-0.5721752422518778,1.976009736997765,2.587277746418131,-2.93141537846122
6.41834705995225,-3.2453336684849745,-4.547768441463818,0.5547482180813291,4.410378332164033,1.9409800404678816,-3.778906212898719,0.1499980856027048,-1.6722235074097869,3.4198225967937463,2.4408385652977795,0.04394037321939967,0.09137128406804593,1.7456154296770745,-0.002772543208556605,-1.4210527832558417,0.978609210542723,-0.5447181758441959,2.8116743703736304,-3.3882584358805197
5.504506624646938,-4.297466330298586,-5.430485347816351,2.4225052702788283,4.492462468916835,0.10471989751171017,-3.162306024191493,0.4876307730265467,1.67127424952706,3.9849844318580745,2.934973421464701,0.34166986263038246,-0.03397828894864441,-0.4743949685276183,-0.303659979795212,0.6026484851812023,-0.6948627253452005,1.670717352458892,3.6262637508581905,-3.297270666195708
8.268933699243176,-1.3701877102531035,-5.448229861437783,-1.7780332890414319,1.182153140913897,-3.134916394127443,-3.151440269941812,0.2549177092429994,-1.1893768493279215,6.346680521936222,-0.2647534965607924,-0.18566871549282135,-0.324655430309614,0.7660478321148892,-0.2467857544763556,-2.836849613332698,-0.40262937206117133,0.6036579609054956,-4.328792007077398,-0.14440700336737228
6.206166305481318,-2.0869168756546497,-5.839835965854647,-2.180779248472734,3.510641277363675,-1.7142061704804226,-1.62984170633943,1.1369628628844808,-5.081506896770683,1.7791429898166655,11.562218833040955,5.808656079071808,-3.166367583732761,2.5744707147515142,-2.8688604621418357,1.8306972376981747,-0.3724906652955884,-0.526901286903137,-2.0415469967521847,-5.923201074935507
-7.226910760613583,7.809183832620281,1.9888687540597743,-7.10953387774135,-0.36456063891354973,7.5860984942936,1.6753307619131093,1.3790048626616966,-2.2080038903794086,6.067252342494564,8.905132355662504,-0.4554478439166929,1.4153221775732008,12.972796067097041,-3.5188623803075734,8.950643479695788,8.385272068137201,-1.3672367287604417,-1.710531326744519,-1.1158469194839469
-8.0806431103971,9.951735727938228,1.1800324947019107,-2.637231110253328,0.20089348800250062,2.276164868062476,-5.118952207145506,-1.1266958133235705,-3.164926772528183,3.6566601180512888,3.200554478224043,-3.039021198090867,1.0048800054292744,2.3713985323730746,-0.20961540746601082,-1.8718782832491603,3.2516912710622816,-0.4958112550591308,1.3501465613716441,0.6278542776067156
-8.502971683307166,7.078972133520713,2.783357448427858,-3.29017820602348,-0.991025431039696,2.3639356684908566,-5.093134176127427,-0.15290319458877094,2.6730499637933516,7.241895053288678,1.1347301864366053,1.748695368828915,-0.5848268221909196,1.2703651914078053,5.521388785685044,6.425400912138272,0.6785776762914394,5.949681207067538,3.8575654815581477,3.382906189068363
-11.662971531365155,3.810763784947647,-1.1043881487590372,-0.07225611415205796,2.6728906098018563,2.629356973324411,-3.0729352874335465,-0.7124376821398604,0.4597260668375439,2.337845898742002,1.3093111648038818,-0.3825352643179612,-0.4211022929700563,-0.06802905822355307,0.8157187561934753,4.023638948993145,-1.7334675435437488,1.3486737981567856,-0.0461325362816003,2.221110881448052
-9.381020092243674,7.1336056739452545,0.23930995941084265,0.8879382861649903,2.9288992955504067,4.964877085496359,-3.4652496453707817,6.472485863124295,-2.436030496902224,-0.5426110113468046,-1.897650723456007,0.8891334057985655,0.05432523898407923,1.0306226673981085,-1.9763232354370994,-7.836122773089345,0.6368866468153336,3.994419927204505,-1.0206257532857577,-1.2085880503220152
-14.25779442442773,2.737110252278149,-2.3303731194716883,0.7823250070669931,2.523188812461745,3.876372229711307,-1.468489822853196,-0.9227029633907344,0.4262158267163071,3.2037717161083368,1.0296478544813674,0.6031375002863809,-0.8584765460692585,0.22274308199218987,0.5482667949279507,1.9299948627564203,-1.5683728135840866,-0.6556994433298119,-0.5560012051915746,2.5406124872960585
-11.61695870869973,4.334501427046311,1.1218916473923035,2.288001859261694,3.23170138930834,3.726157256486669,0.1798410799054299,-2.4168709935809654,-0.12593191976538687,0.42302934816112525,0.02019705275522264,0.7936311831796099,-1.9055304422352912,0.8673344741512024,-2.708033833208492,-2.247936985481098,-0.29029837651829216,-1.0461283182449188,0.34736452426569897,-0.37859859782341376
-10.760837127989687,8.09873478293052,0.003622030373680668,-1.7169447916559304,2.517949904892967,2.9840172413297728,-2.972174702018255,-1.9083590331897762,4.173505922335744,0.35574035098569035,1.7758379330163288,-2.426251859306732,1.8294980700122323,-1.3227755599646867,-1.459011925999661,0.12549503342913415,1.0926831683176774,0.3111992351936957,1.0598041173836017,-0.49523656314262654
-12.644115715553639,2.628634056899581,-1.7333412813869469,1.2023160153428798,2.7980860764424684,5.034434064741351,-0.47159088242728997,7.601456507984711,2.8008910975855277,-0.630907127630002,-3.6201652851031865,-0.7247055294321153,0.055145563390490704,3.1219004318974517,-2.9626567190453086,4.884175026870992,6.181740278456245,-2.403985607264739,-1.888634078553029,-1.4065470377309703
-9.446832535170401,9.161820311670152,0.8973681875651917,-1.7304962160000235,1.9419442251284704,5.937664670798462,-3.295303403237737,7.359499765736779,-5.745804519124307,-0.07569556021755819,-0.41393404636985043,0.9451961412548311,0.2117994371561077,1.0385145067659678,-0.4038225548112143,-5.850650405057981,-0.3364565153658338,6.342442705921151,-0.41833685139329657,0.11611905207458634
-10.6366835161275,1.8907523782893878,-1.2036950680384702,0.9358182432401295,1.339455328630024,4.9971534211401725,-0.2042489708230283,6.825527188035139,2.036906724792319,3.2987680863446203,-5.535157964056819,1.8638984163899441,-0.25893167559436836,3.7722718362898022,0.12212584799455034,6.692686273925016,6.798011991299248,1.2059940314351847,-1.0650774066761122,0.10223853722061224
-9.494034099432351,5.830255765855824,0.10921319617617442,2.6386793892606906,1.462114175665251,4.740633026339671,-0.7618385996177722,7.71847762459821,2.7760396455058127,2.2126501536177043,-0.6570794667177418,-2.193719754286212,2.838301315834238,-4.2086785496679004,0.9265008642100534,-4.775825975141799,3.6801043865997647,-0.037109167601064114,-1.7233947342885612,0.6830064204181469
-9.032022803060073,6.430623614323066,1.276206885845506,0.5445484800754938,1.854505780420885,2.5109375670423457,-1.9970412867804734,-2.0923075523854973,-0.1754085638427923,-0.4403515646436087,-0.8200985383807242,-1.9119784214141935,-0.1226784923663347,1.4829812125145305,-2.887847901191347,-1.4313347200861688,-1.4051435675845523,0.06483881403128092,-0.8193195719093604,-0.1921431315900458
-7.78785131824174,5.327487309602678,0.9092295645826841,0.47849322345695744,2.316097960644372,2.391195726516253,-1.4256053528327362,-2.1485108586932156,-0.26179994311828797,-0.37493756386547983,-1.264015656220326,0.7779228868270911,-1.5463966580875732,1.9706116543898338,-2.9737724565372945,-1.7747587404378202,-0.1642187448262506,0.3370183302964804,-0.3624831608703338,-0.2272210008196242
-10.730881966065525,7.856629769455615,-1.2005481634551625,-0.7977581052158378,1.9030513871123138,3.290057004315754,2.6445700649958535,-1.2072483448276046,-2.711096342572192,-1.2951968590858853,0.4171140168477505,-0.6457564641508708,-0.10919765466054232,2.437729620290469,0.2311770476791999,-2.958126607664243,-0.42443094106981427,-1.2759346591517864,2.151450314568802,0.5591446153733641
-14.231904137980916,3.4931207835696476,-2.0044047455058145,0.7390650997985537,2.6864873984110815,5.519111473961788,-0.5115046659743411,7.6031691706687115,2.826681184291611,0.194564554825301,-3.1461457190356565,-0.5499718480783102,0.303845859861699,2.290920380096013,-3.4553838544916973,4.903740705369703,5.964294698332621,-2.4720732713161717,-1.8804102405291645,-1.794303148400551
-10.922745485883937,10.151018310533022,-0.6379385379289555,-1.5394101096699058,1.753624050401875,6.052739985369533,-2.3723434886973145,7.861531499290957,5.926136256943122,0.3518850341310298,0.5128226492221432,-0.47419661504189436,0.9416453635781348,-2.5868213382765584,1.0795631759170665,-5.738251243367423,5.7155120360137595,-0.6801370138082623,0.677220315427215,0.43626686279964755
-11.302958748964027,2.9252172436344166,-4.474754275092909,1.3766828823688153,-0.13156650913431356,5.00437708036168,-0.9135324449148032,0.008331308102708934,-0.009515528319635314,-0.9858747026964805,1.4091294941429777,-0.8423735933317767,-0.6118746152681531,-0.7905963846645572,-0.7671792621484753,0.6748931983502608,-2.014550204476634,-2.7660377607328295,-0.574147103772646,1.5948933839533823
-12.094519044880867,9.657252360856752,-0.42460706249467084,0.9839415180723123,2.5730061718541886,3.6164543843448955,-4.802419660810807,-2.228801506989631,-0.3405856095676222,-0.2195073712951604,2.5731570034839137,-1.537082430565966,2.113224377531621,-1.489134122414943,-0.8256557345128162,-1.206078759014547,-0.06374793454933375,-0.38259314286270996,1.0970439160601466,2.4097573909532586
-13.21276062051146,7.195200468706521,0.6975129591147019,2.793608048096818,1.8032301934696897,3.993956905028816,-1.0062892439339277,-1.4092490649544027,0.436555493927008,0.0010687097493116138,1.6469108580017164,0.25460375054649576,-2.147549597815417,0.6778971717488326,-2.727454745460842,-1.1195316292681434,-1.5106333249193498,-1.4854937549076834,0.6197386848034891,1.2657098498526915
-11.874676048813292,9.870184465835363,0.20738811704213944,1.0585114934967244,2.6429242245547258,3.932932776682548,-4.830824651925406,-1.8243591552656693,0.45976511944015697,-0.1355858189676682,2.37823106303122,-1.7387735945711928,2.011880783659751,-1.488470999405537,-0.614375701175397,-0.9563125314419543,0.20632419468668345,0.3826434436024001,0.9239390151436443,1.7119524015255905
-11.59001570504103,10.010693161456338,1.0184765428202094,0.3227821973530961,3.098887361092145,5.90778332231741,-2.5011642868941957,-1.6839896825004972,-0.03508762444203617,0.4061258268531731,2.0346066895212833,1.178079968633725,-2.697345441671362,1.0342193005134326,-3.2770787855533845,-1.1025555177697584,-0.530641984099799,0.07552810985892536,0.4345995967334566,1.040988143821049
-15.479094704800202,7.54260747070893,0.9826745292206956,-2.2100534549515958,1.1609472780088013,3.4126770814367133,-4.007140875036875,1.1959349529664218,3.8725176886730384,0.9667990224072618,4.2519245575884055,-1.5064534500971516,-0.5201589306790572,0.5651231222046075,-0.23311617347227637,0.3476107706750915,0.0007886249499242937,-1.8633486194378914,1.2365732161792984,1.5839875266361112
-12.540658751397338,7.323554143261238,0.04866735278852266,3.0628941149364475,1.3002886440946275,3.563809106245246,-1.4698966811730751,-1.034222124147046,0.14632859344382199,2.63119615440529,2.8418148896670186,-0.13846155938468285,-0.6725826295905504,-0.04893258550993204,-0.47385299410476567,-0.12663235474559986,-1.9029024277408886,-0.10145868451968731,-0.9512022752628135,1.5668967421261746
-12.386725308841573,7.351167214641247,1.225281172353499,2.8002083619748923,0.7819347458046965,3.3449309058155094,-2.333518851795036,-1.3317347708801015,0.21180258047349748,2.322948636463621,2.6117248720871045,-0.9466065617867209,-0.022707035754009383,-0.8148717984278211,-0.5467825762819603,-0.18597254224179977,-0.5214523991391337,-2.557531781281273,-1.6252232199862178,0.6103029610188235
-7.490764974550807,1.720153939152417,5.038368067185994,-0.9321750963830919,0.9871259248510996,1.9885280834905323,1.1767857018801622,-1.8159634906102022,-1.556784345603333,0.3759871076599056,-0.3033819621890278,-4.195453970768045,1.2516892233600974,-1.0437412849865344,-2.6927071230448867,-3.317264915831855,-0.3310954082370007,-3.0183252511823784,-1.7198187226806825,-0.6861579950216342
-7.897179832334944,4.510153490927863,0.2314282467097105,2.6103573440359034,3.1797804135668715,0.4965227113811764,-2.737427387897809,-1.098620347153262,1.6499713253206254,-1.0982598668988741,2.1391444346135224,-2.810767473698288,3.543562341142975,-0.9688560166747204,-2.4127565205807597,0.29948154157087886,0.6815327945460328,0.9168257577376981,0.4837670062053666,2.074762702759584
-13.283656391794018,6.965061120202089,-0.10887307433512483,3.6195805474724283,2.244255121456947,3.3615229621114033,-2.2594556660107776,-1.4058124287808544,0.7036330589921859,0.2209222422697863,2.8196927006236736,-1.4788667624357354,1.9600350629546492,-0.9269046863579711,-1.2850224758332747,-2.48831507299254,-0.6787164903760644,1.7366216571255912,0.5013655589570747,0.5697874626630572
-12.213090716388356,10.950922419034512,-0.5401632012331324,-0.9167794477927723,1.2655109489906586,2.986033816034465,-4.370617148653742,-0.9398856975859144,4.009763915020755,0.6603388534777394,3.683298421353486,-2.072470859249149,1.770328185577561,-1.0372336135364437,-0.3393149222136569,-0.9900870194930134,1.5458908479147602,1.2340730901749652,1.668474038628589,0.41607876568208535
-12.29692570411053,7.3444550928459,-0.02300852032098233,3.262084862632392,1.4792319916667422,2.83184512187698,-2.4820675843275364,-1.560017018599481,0.9835796042352264,2.9424537169912686,3.288533480239604,-0.46898293858321083,-0.01877591868438283,-0.10944497920902974,-1.1420188047753546,-0.26868698093229326,-1.693042544434268,-0.18447744233960855,-0.00943576982747868,4.072400308268592
-12.289887424378051,7.336611309089197,-0.1981184319046469,3.1817249455201724,1.4330292837055498,2.8138152692912852,-2.582957093069143,-1.6875580219212356,0.6892743622565131,2.885221408164721,3.2230848315104392,-0.3443690772219349,-0.04264598899412625,-0.1750380666271651,-1.0537035073694896,-0.14216340157399748,-1.6711864339985771,-0.4418520818126979,-0.013614535546081663,4.385471284749503
-14.986795923771954,6.575552116258963,0.43751130537792043,-0.5483759627523486,2.852009832692373,5.2104472571931595,-4.573408624423575,-0.9489151860348296,-0.1911833847768054,0.40582711207729155,3.2095089632227376,-2.2336206484205547,-0.3042602466198477,0.9154898005329353,-1.4253376990276392,0.6719020999880113,-0.3429058068555035,-1.3682106964972458,-0.3747416349739579,1.1852469516701936
-12.438326393809287,7.311055572241706,0.19641208423134274,3.3036637336022565,1.167354976291464,3.6138269332070747,-1.3467281022627269,-1.065844495761786,0.2633747560023847,2.9137433410883657,2.80564352257991,-0.20889868899134045,-0.7489931512892042,0.05858859176663814,-0.4475632160699108,-0.39339335454503777,-2.076854175992903,-0.2636207631494084,-0.6333612741140071,1.1605996504175582
-11.349185673328604,10.930306055794741,-0.13045245342574485,-1.0735516339282718,0.20148362250569374,3.8221708733416166,-3.2040382811435943,-0.8494079615772874,3.144191167570407,3.1630426272417527,4.395804019952701,0.5523404344092059,-1.398634357911365,0.09041767480407223,-0.3895162257679661,0.1359564504076861,-0.49814502843609987,1.1201950698672893,-0.1687996139902328,1.3573352556979907
-13.590997986164496,6.650278132234406,1.269545102798862,-1.9243274588924013,0.0687826825966944,3.577890325199106,-3.4418834094288,0.26692408159881553,3.3409483737248062,5.272289179096256,2.486435621658619,0.8979635367729792,-0.9485099156756751,1.3590234901951024,2.8063978763662334,2.4316918325981334,0.34761366056943216,1.261335404474662,2.997051967539003,2.446553302719524
-11.640459250829473,9.650405263672216,2.0787508851957113,0.6954305264810018,2.2884623041635166,4.754641880772875,-4.064426894154154,-1.8563772074926765,-0.2678621157133466,-0.6516544410896219,1.6261135230286874,-2.257050454519822,0.08221091645590897,0.2557849468389526,-2.507883783522466,-0.08009743780041134,-1.2617528658910058,0.3884336038338604,-0.2842556858308224,0.6686835809416949
-13.428344490330232,4.85249743924883,-0.711140696035665,0.6749750512048227,2.557952531564088,2.4386010688785085,-3.80653092402233,0.017459855259593426,0.4750888077965796,-0.24770538101831494,3.148740628902017,-2.423298442922216,-0.3198431322417344,0.10733774130016233,-0.8864533856511667,3.126253680380872,-1.5111257399955385,-1.062831227800599,1.1853845643313634,0.2738827557267749
-11.72670925749689,5.998342719786189,0.38885402489510423,3.5859870378960883,1.28596835303982,3.3871738645189033,-1.846854247458697,-2.742921462582477,0.2501621181868985,5.174936697088922,1.6658578963401656,1.6757065126046942,0.7547369038614546,1.1205853875684895,-2.3863768131671854,1.704115989724977,0.19835931712427568,2.2826216706064524,0.5388871961729093,1.0553590151525618
-10.481487510766566,9.71277476699477,1.4869475033423003,-1.4075918555845885,0.000701856724540928,3.9293589508368254,-3.4138852137318163,-1.274884026452183,-2.975383049421706,5.005801182867739,3.610998862393973,-1.7572311764046507,0.5621724512609982,1.8572752238976704,0.43925276590406714,-0.40779338394734566,1.6721592257080844,0.26082961095802737,1.8052934463286623,1.1099686874380288
-10.029616401816003,10.698507685497415,5.323952302249495,-7.8524848741308375,-3.6578799298537477,-0.18276181295280447,-4.534214657571798,0.4744290891999576,6.28724250864283,6.351583716761152,3.6337617213535376,1.0518454705912772,0.3847505853205196,-1.8935164854595805,1.968772433890282,1.4354317953278202,1.2844216933057684,-0.43094052944080335,1.88441472401116,5.060885672311987
-10.701610059042237,9.66531585274292,1.1754753536063842,-1.6058980571284267,-0.6108469857275544,3.190457177501486,-4.386491620593729,-2.374212361219585,-1.8411800440752002,3.7408199400126625,2.477035898607822,-0.849042369524125,0.4251256455430907,1.8623408683756513,0.6848174295237972,-0.159604147471326,1.7447008200372656,0.12749940556886663,0.19234613036592124,1.9716276583206283
-10.394276873741061,4.9884151840168665,1.3026784879011262,2.9575933117780804,1.3816522465097851,2.962533995516047,-1.3298715991753542,-3.095517562025634,0.6005027225962287,4.631625367741284,1.146467584815994,0.7312721977982167,0.6756625867203911,0.4745755698126509,-3.383537810560915,3.18159942982461,-0.11867790157427643,1.6857675526232927,-0.2927131484029545,0.9501025223183712
-12.091689140474685,8.479967714151508,-0.37413867341387685,3.296851949547353,2.0828164624944,5.522951235673521,-2.7517106934893736,7.170637557363468,2.563566843202073,-0.14886038649138222,-0.8701141007528905,1.8736853348469462,-1.0140972579600311,-3.7709619145869935,-6.329650807044264,-3.4305662406980235,4.759797115471258,-0.7061447922187513,-1.5378488693738883,1.3740470931978832
-11.02277118952894,12.195599877939777,-0.7624892295152819,-0.9830694643989296,1.14387912018824,5.21000891063486,-4.808803212291455,7.558174831403404,5.751199121983182,0.3095596648608109,-0.003379346599332256,1.2842007865961986,-1.1671253876084597,-3.7782455682392317,-5.395779859512459,-1.9080482914738761,6.877286226466314,-1.2087696057215371,-0.3783838392153672,1.2336342177891324
-11.284201916784744,12.223442176737887,-0.8978273200010661,-1.2139824739866263,0.2790531593342904,4.479715777372543,-5.54866147724403,6.825667410149206,4.203232736913634,-0.8914278059956708,-0.38695137378416733,2.2066067100888924,-1.2622914142870059,-3.3367202089814807,-5.1325165201496485,-1.8681999667801468,6.706001655958237,-2.3463332872739295,0.11806285149093909,1.909141154678714
-10.739123629285501,4.3963277946654955,1.014560747100821,3.858006723999548,1.0296607863003797,2.6732166486402638,0.5248353667027533,-1.8081326403639941,1.0210459533760816,4.644368814987274,5.232424209368277,-4.356988373200705,4.49452849790206,1.618755913428696,3.593681385993955,0.4869458099478645,-2.6466438424814744,1.3938729043924794,0.949197239656538,0.4411141866725954
-13.439982482005098,7.146598579609427,0.4020332155716164,-1.3300711561717233,0.667318483721098,3.1412840025139133,0.6830608517445915,-0.5105073991611626,-2.516097990331497,-1.169067257166556,3.5171247980578304,-1.420140333021892,-1.291992465010114,0.7942180561387149,-2.560390834966644,1.9797524439231609,-0.12464156579640484,-1.9078075359492441,2.42261791963703,-0.2470944042096901
-9.382467213979574,6.588988777291329,1.487992683373827,-0.08566154086944422,1.2048080735306552,0.7397352460739598,-4.254870276704655,-0.3716575013184337,0.3338655776128835,-0.07608559700094103,2.2861142460471044,-3.7607032691312705,-0.07032134576750465,0.6185725449374064,-1.2057937606620661,3.3069240240911864,-1.1686150708719767,-1.3164855506743618,1.3791421033361986,-1.4310889634320139
-7.5361864059432015,12.91180771361445,1.7968816987424816,1.8983102014800926,1.6951614682000606,4.537310405856968,-1.3258461985159438,-0.8498958756580903,-1.0668898824560547,-0.7632594619564517,0.16314763496981527,0.10779524638402013,-0.33759056406996224,0.7524841103047446,-1.623883672490563,-4.581301808757796,-0.7749919815592042,-1.6534856199661925,-0.08108419953944845,1.6749465807048693
-10.721332370573485,4.377207214521671,1.1512874436117904,3.3379658855859584,2.6385484377227177,2.9027004659060927,-0.6680884055812857,-1.5563434632036037,0.89001088921685,-0.18230892146913075,1.1767066048015846,0.8311916422683702,-1.7609650354471593,1.7305680938519918,0.7479259057222702,-2.978573793686677,-1.2901300945387821,-0.9898143635988952,0.3574595956956502,0.2609183258836786
-9.675703409442264,3.505992103446552,1.2731691425171592,3.415648252427583,2.7825686209656317,1.9724461188880031,-1.1445808435218108,-1.8095293661515337,1.4231667681281055,-0.3759303568831446,1.9124588688247217,-2.271827560453595,2.6534848589929343,-1.4580802619735516,-1.9742600246928343,-0.789515058359896,0.05959634351986611,0.8387290240586764,0.1296997063584461,0.8487460141160836
-9.26118085962867,3.6092126347015583,2.5958321001576854,2.238028461503177,2.216031824815981,2.502339734218726,-0.5019038290608272,-1.8556599383739414,-0.7609539859831562,-0.3387876889244464,0.8742707270439725,-3.2539437039487735,0.3942006390634169,0.25232875928965726,-3.3809569418994285,-2.1341309850086,-0.039768240622840234,-1.0677143549185315,-0.20231725369177914,-0.550121982031695
-8.602963682512453,2.4856806454151332,1.950528798990696,3.4901236785774534,2.6755835660900904,2.0566217938695894,-0.36799359255551567,-1.6450924844859398,-1.0020872930307205,-0.5922435938881787,1.2618472586297933,-3.0395026080391094,-0.025252522543373068,1.35028589802078,-3.3729332116235566,-0.9787381663832836,-1.013615610967451,0.4129457476250155,-0.15377365449530078,0.7277188421759071
-14.706714699579534,0.24203027236413588,1.9057369851653931,-2.9051316969212833,2.6434199002208394,11.986619244345908,1.5648216386883977,23.168260158325126,2.9639222658736566,1.765491007741453,-5.465826145952035,-8.656814002671998,0.32373015385370424,9.168212845281502,-2.5387664448221487,-8.054183876369674,-16.31821620198112,8.199589492741726,9.402440384369841,-0.8931320750935867
-10.211881711120263,4.5333485620734715,2.9463596099649325,-1.1190111753575822,2.0721069127310106,4.6328768522629895,4.575292272337496,2.698885841751272,6.259004481288371,-1.9586601824380119,4.702982383312938,-0.5742706095820923,-13.087477853558127,9.521408968379966,6.213346729942516,0.8866885831735252,-3.9147179213396677,2.2654238087983942,-0.7514927752233154,-3.2236728814153635
-9.095479934002345,8.13912809158533,2.8346878411702274,-5.597468740644054,1.3122435973388367,5.180194098642717,3.3916374214002083,3.3021165218941735,2.8663204377456544,-1.1395540719242763,6.292126628816979,0.10497954135725998,-13.47841515689734,9.767345231445033,7.204885168606481,1.841222865012593,-3.5344684233842365,4.05445135369434,-0.19759794540037218,-2.012857136909147
-12.044344561286346,5.096657978083368,3.23142628909913,-5.197667352203829,0.6200325093212685,4.355215884744954,0.9112264764257323,3.8648812841874243,-1.9357448136026636,-3.7723574204938837,8.693275114284662,-4.583509063108385,-4.566244940519536,-1.2523526139603676,12.207880404761793,-0.5113596362946893,4.807035336214518,-1.8323998714600676,0.31390339312957966,-1.2950928295552995
-14.117287586027615,2.7322425763601146,0.5667158994657495,-2.5413321772400232,1.5964876284650154,5.418142613375848,5.101159029799067,3.5755258930409943,-4.774743912044534,-2.732803550728531,8.688758801783639,-3.9822479396081416,-5.157253880378053,-2.1104908872750183,11.195345187680635,0.9205880846928136,3.2535438832842085,-2.922805566417292,1.4319737336488692,-2.703207478471278
-10.733077020901252,9.8660502594289,1.209881115043936,-6.227354459468473,1.4855701229012301,7.616063677725619,1.502293141055701,3.2252864550883076,-1.8689347551433362,-1.6214930195532469,10.872512931240273,-4.972170322257487,3.6143437696447434,9.819595435655808,-1.356156830797995,2.1702303460675143,6.696981236349223,-1.569055926318303,-1.9494586184254907,-2.136099362894083
-9.17792514029572,12.319070968316346,-2.214466573863003,-6.934507970100279,0.2029471535744285,1.5933209897700484,2.3803432739523664,-0.05671568417634052,6.978077613203552,-3.045667507758929,12.063940424697943,11.605828267179211,9.018219104212829,-4.463575635530334,-1.0911424582937144,1.444083395854132,-3.463577362519426,-2.787672303079001,0.017390753710094284,-1.8993731013260622
-9.906480058423366,5.517244871261656,0.8154212204847472,0.395883095026792,1.5451959607408632,1.428115989525029,4.426558380820247,-1.7673976747995161,2.9861967220476533,-1.4665863690685788,1.3760369848906253,-0.7407361554161738,-2.110067908361359,1.1111054949461727,-2.54441755534027,-2.2966566308154235,0.40455586100219953,-0.2696133782402059,2.4265221843411062,0.6517895895478898
-9.989942956762334,5.660592335462795,0.6486001847335658,0.5610870852426504,0.3150867443279724,1.0322135336759892,5.238489486392625,-1.9179120706591508,3.8163540542036882,5.034955259205627,3.8022293925623303,-5.199896386969972,2.408126074614509,4.675539061795615,-0.32071053567194896,-1.679152217530851,3.3061863621881797,-1.5390794324391732,2.499197597390668,0.35757091837137617
-9.432461679848286,9.121041864986488,-0.550734832725457,-3.784993541703842,-1.1257933669136069,2.333282994006503,3.05637317720751,-1.4880751560904382,-0.3593664235745072,1.3318981054638526,5.896855508025642,-4.490706233764216,4.19754764314598,2.0701412873132266,2.695664789542916,0.9412324402122888,-0.31262476415196816,3.2028690284180885,1.7708482978393212,1.5237923136597888
-9.047496588699165,9.125028548717692,0.46840752876764424,-4.335270575231865,0.1521972332011745,1.2744453328798722,2.269864024754051,-1.9941336211499725,0.9351508843191715,-2.3370927830591746,2.3715556974117,-0.5433637078754525,-2.1496707509803654,1.4289276120544134,-1.1447629507162949,-1.2233246732207175,0.8003805459662163,1.5184678331952675,1.9544357367767027,2.3258879975523596
-10.719786683088753,9.912512774705124,2.1087082365182392,-6.299113426337332,0.25536671569506897,5.564071717014064,1.621714640574907,0.5728848024073971,4.703746578074485,-5.4463731840788006,7.144209506348935,-10.158227550924039,-3.9723504063201274,5.38353685347344,9.147762566807161,-0.34864928915350935,1.3606704899829398,3.347987329294082,0.07704734971588995,-0.84400642454319
-10.133201244432684,12.872008144765836,1.1205922972017484,-8.88770299682518,0.336149577233793,6.144676621442577,2.2067406200185666,1.9368558139920073,-2.505404385396538,-4.94980292378593,10.30923359820175,-1.025112819395081,-11.371689592209231,-2.6072904612531946,9.026763384624463,4.023640638202758,5.664501457294186,1.9742265471276008,-0.10909340029205528,-1.6381058374034132
-10.011303889930998,12.146396807411758,2.0636088603989995,-8.92378222426499,-0.28008157998605454,5.033895688342435,0.21546864312586944,0.6039726355214649,3.616439462432563,-5.436933113203287,7.908748557056012,-10.522461964225919,-3.3790568185209087,4.915706205594989,9.590963147528107,-0.42362463366388525,2.3052533955910235,3.5444881306416915,-0.07871833955571386,-0.38466109515079067
-9.665893734043332,12.713383970831032,2.2515761103594123,-10.00922020088247,0.09559142159272138,5.316715925648458,2.918484847436915,2.8274754067342336,3.2031217299695434,-1.8735743414834518,7.917415081463444,0.19341112022503704,-13.997924328266677,9.4235252324682,8.764654498975569,2.247369419374206,-2.317277564172004,5.459483151800987,0.08089842462045903,-1.0788268140532098
-10.13551975108477,5.034793169074561,3.17824946894817,-2.660022775053851,1.7919239102964883,4.0992238827905645,6.457262759461967,2.0668328348880354,6.989619946386017,-1.7863175074572868,5.064249374254444,0.0040066000718249895,-13.666759901598182,8.692868483394909,6.8789636665817655,-0.4080495105340909,-1.7790872454475208,2.7169033672886065,-0.14230504486260037,-4.5362125970684515
-7.9908497091960475,3.653784451471597,-4.374328801863292,3.5430539791994704,1.11612200757457,5.122665161712021,-0.4918748814704933,-0.9675275426217295,0.5737486443321148,0.35118803273189136,1.8872684076316637,-1.3244288479342559,1.2076454784784756,0.1943411228104332,-1.7244781621745868,-2.1928334321214753,-1.2785849758835042,1.2392293658214277,0.8035449753711533,0.22171221013664016
-8.851941511280462,6.410809913373036,-3.4876391793076706,3.2139555137059777,-0.23516289913454336,4.4670733324676615,-2.944055575048176,-0.5715529228377061,0.02758780508122305,0.3216351651144694,3.3006844975441725,-1.8650768679549807,2.5206036806897445,-0.8793718070196833,-3.060721816657008,-1.8239244310752754,-0.9782903265827974,1.9893684710453305,0.3869878466415627,0.8549628856427178
-7.893698683926221,9.841742611107637,-3.4126328882880763,-1.1753593553009187,-1.0844274218115115,5.772748327379299,-3.1766417043851733,0.1550374987281622,2.8407223409368574,0.3474887961298874,3.722858765723534,0.7803241646490244,-2.7746223907235334,1.7057582045778776,1.5145654637127353,-2.3471442738143242,-0.39520684195053957,-0.8203021277746609,1.7093718081702374,1.6508693270705916
-8.07889788339637,3.76111523146759,-2.981043650401674,4.403920777401761,-1.4643465956163073,4.982687089255832,0.8097872115612923,-0.369759285786596,-1.329737654849565,3.2236816354933,1.7764700927607788,-0.795325908799738,-1.0435213805438752,1.8524658266513288,0.9011297568680899,-2.4514552479812344,-1.3653595925892974,-2.1013549246773766,0.2644096030709958,1.1810335479394714
-7.984115057866796,5.844486138558295,-2.04634260398521,3.9115694971375645,-2.5780585513813308,4.6694155455297235,-0.20369440812883122,-0.2494373220504262,2.484056589923373,3.0521133978178394,1.6575978600789263,-0.16348914231283723,-2.191336884586523,0.5282022588910444,-3.205908685695201,-1.7799073251582591,-0.2784071427163652,-1.2310775409264278,0.7886364628569213,0.4389995860327228
-8.514139293110702,-1.1035796176285297,-1.8365316970121102,1.8345608501572075,0.9853714037838319,3.6511673167578613,-2.5449329002333294,-0.3428411947001585,-0.03219808407461411,1.221697290263919,3.5738459626837433,-1.8454566834366184,-1.1693796439842175,1.0883918640611485,-1.701033282581411,1.9596488190964272,-0.46737522807387083,-3.1006077038519533,1.3407608571785996,0.46226087987204256
-9.12794044997313,8.96706827407437,1.620568596997346,-5.839046938380954,0.049236888356420705,5.705396245872265,4.804731032870549,1.9882122727916791,-3.648638710369283,0.2851422712313285,10.108785980404,-2.4051266121527757,-9.90989623265915,-4.4145628119955305,10.90334697391838,4.5079788197532515,4.328964437190069,3.156387313823273,0.4274052409110932,-2.332329508930273
-11.660807448015536,9.28485444225035,0.7074514187758488,0.13691706703338663,2.5056219747734545,5.613080603002361,-2.845405059514193,-2.509233414210685,0.9488359679370889,-0.37293236334947233,1.6304841781974633,0.7278676665338837,-1.904618606535145,0.8668879909432636,-3.2895822093357907,-0.7585443756279246,-0.9722536443588349,0.29823100375197586,-0.4776774104992026,1.0676981089062827
-13.19594997684436,6.909388686191574,0.775013498504424,2.3672176027033234,1.5440248092945643,3.9669258115295074,-1.4447088340199155,-1.5298232482597907,0.7966792573333216,-0.8786429618724809,1.3458738609189904,0.0036997014796034122,-1.881129553286465,0.3647270469447554,-2.5510092578593655,-0.8395678738526873,-1.3759349151953542,-1.2915161084911673,0.2686525241780674,0.9815787831405794
-13.144556067027708,6.531665627109262,1.110341277992829,2.732850303365477,1.3702564330163258,4.179545822556241,-1.055369733586361,-1.880298680171292,0.4359761801054336,-0.5172604481723013,1.157148933379646,-0.1318489450908541,-1.6114556558087014,0.5994772276357815,-2.36232975233176,-0.7445214982599434,-1.5197165127804562,-1.3651933971813663,0.5072475809287591,1.0220254111009193
-13.137142838907069,6.598686851553094,0.47560764661431343,2.665066802995341,1.939736646334446,4.353968726444506,-0.8135745164891993,-1.6659317755674523,0.4289535981936212,0.012886738297520961,1.5705158421706003,0.1798063606884228,-1.78745494058394,0.7290275322594414,-3.015939238321961,-0.9861439979263487,-1.9654304749164742,-1.3368091892096392,0.43594752318739904,0.9951561329565856
-11.634475782255734,9.391520302405302,1.431406645241006,0.6784174222860597,2.766125537026429,4.451745534865509,-4.45838167368758,-2.341952300393498,0.7854833109224278,-0.7699861495014904,1.294447543253975,-1.7353315808584646,0.15856511106699434,-0.2876158380459082,-2.608375658239147,-0.03161615373122312,-1.3840233900674228,0.13922143336828957,-1.0727534705373447,0.07199776557745796
-15.831783081953992,3.0881144761195305,-1.812438985831014,1.6365895044238263,2.2000543832436317,3.7523794531958616,-2.0769736352336223,-0.4304551446387749,0.4514702734547826,0.22338355679517347,1.9659610524951483,-0.9364611294693642,-0.7190241476630693,0.43754719477509635,-1.1863691465542794,0.5108293690489397,-1.4387416616849356,-3.126450756772102,0.7081699376356883,0.1621913355502231
-12.223375463398567,7.0076630572422625,0.6432632371651633,2.397068267907213,1.0179361157512057,4.086222010788312,-1.214974387306561,-1.4545471229256943,0.7334440663991865,3.0486903625991233,2.2076350237736198,0.08479317618326908,-0.9436670573568943,-0.14540303212683564,-0.2393280518730061,-0.49247830641499735,-0.3722966882495305,-1.9586832637411276,-1.9683496744749864,1.503798614577962
-12.13921982248398,7.753635853988797,-0.16253959942266505,2.923139783936952,1.4821221330222571,5.765519494637278,-1.2283777639539164,7.848665058294229,2.725920887229755,-0.389607987948282,-0.2809103074591839,-1.0040329513310131,1.6043262811573158,-2.586933752191491,0.1436113623492885,-6.340212672274577,3.9648996426279868,-1.9897451294085693,0.3260382182111739,0.3670984587345794
-14.133208113555913,2.203568127548257,-1.8699601646420683,1.3576713071249715,0.9760730785690438,3.760869003240712,-1.5114679791681285,-1.2770012022237256,-0.46847957322568556,4.531726599560333,0.4857170214190804,1.9755488284787117,-1.0890270628977163,1.6881888717682054,2.4828869654482078,2.4904687528642673,-0.5605945326503927,0.936846964952161,1.5138154995988127,2.5281832273457083
-12.12837787960572,10.209856408181725,0.9475513188252002,-1.6724133309505005,1.2207320389393606,3.9842409239643715,-3.82840407507108,-0.7547706817586748,-3.338893884692367,-0.28476586204023907,3.378617875465415,-2.6950595594390414,0.7192695307176266,-0.021977248859593124,-1.4973994717090755,0.4117205822138472,-1.6714121299384002,1.3846993286825104,0.5996041871075974,1.4573764846425064
-11.944849566793085,5.143955053914136,1.694459458869263,2.4745891794588406,2.0499841548234032,3.577561544566272,-1.2582510300008467,-1.842049201797434,-0.2618149899098857,-0.5130128431986385,1.1590340269866113,-2.064974014391785,0.17886178721355328,0.16849736238868748,-2.590075195455774,-1.182258217627464,-1.437160100388094,-0.8104368971876598,-0.7911344611956997,0.3654373219490736
-14.274029565141616,1.9107169196176055,-1.4084320897427114,0.8957136874485545,2.3327507097991256,3.4544187268982625,-1.443820649959833,-1.0460289485260565,0.7616670761473051,0.2945916581565922,2.3624488400434336,-1.8179210338725937,-0.15476464427595804,0.3502825472435194,-1.0745560640224983,1.844672124301024,-1.2455528925668362,-1.5729382098188927,-0.3453888973898873,0.03459149325702096
-9.722705285902293,2.810403314562051,1.1649641778400173,3.2472856097621583,3.028269140118883,2.6088519941731687,-0.386173188388377,-1.7439068478027346,1.0105697468239994,-0.3275649198868483,0.9654580336773744,0.8168366929751142,-1.3022591872863476,1.9215682222382833,0.940414627547392,-2.581009722682886,-0.376465269464872,-1.0539135641666348,-0.08092100788639629,0.9496826151531488
-11.405909724013998,0.002359217962375315,-1.488010117278472,1.4726361262641312,2.8840193310114626,2.29807354709258,-1.1864388077867303,-1.1920204914440395,1.190864911181586,0.17051325288171432,2.451836907700846,-2.4486175090697357,-0.3515360874934617,1.196569353040504,-0.9260387116362006,1.4685657366151816,-0.4636274267348882,-1.4563173123001043,-0.1757271112448826,0.2614479363199616
-10.577875636137575,7.989145564247941,0.5467786048894523,0.5026455368470037,2.811932273949069,3.713789429848074,-4.40227430639547,-2.8494400357113596,0.21006116830336874,-0.17769602171237087,1.9099085190114087,-2.0540810547167467,2.061564715868162,-2.249924350408012,-1.6266984988240765,-0.08578761108310004,-0.24266687073494264,-1.2309207436785117,-0.028862328282810268,1.9689895889894473
-12.999561949260464,3.653191353969471,-1.0927270680109533,1.4844186225750589,1.6195611140011823,5.049168270054832,-1.2927942085706907,8.174495347432782,2.641055869927035,-0.8119302799938415,-2.5327918482289133,-0.4850364173328028,0.26506755754173106,2.7961547824317017,-3.1590835535763357,4.295764020921014,6.505819306630348,-1.9034151147853255,-2.581715758467137,-0.7471281793280491
-10.090504030327457,9.85167854350284,-1.429010223098232,-0.914680657859081,2.302005240475023,4.673514223528594,0.271388828962176,-1.851477599519566,-4.055252320262555,-1.3783654540063912,3.711184346431656,0.17397204262037452,1.508599966680983,-3.065636525178129,0.8955650461945879,-0.6393826725418896,0.6369650731891623,1.2293226991378416,-0.3077405462969248,3.1869105580145485
-10.553784266506899,8.206775293833902,0.3559397103939176,0.9930906324917184,2.0520957550071453,5.507299251290339,-2.6962916990038304,-2.525237766573589,-0.875020498566728,4.544737922864227,1.625052634258147,-0.18990517252127231,0.6476395875483325,0.23029910854263025,1.9311769375356747,-0.6110518422658595,0.3427870680508662,1.3974923774204917,0.08895622866169711,1.0809132635631187
-10.670026147529473,9.599118688835732,0.8662046674089923,-0.024531151590006517,1.6330670952335182,5.34348784414263,-3.063873658925328,-2.4176474458505175,1.2279793234566188,2.5675807347874033,2.1606383719799727,0.6071093934734584,-0.9760779588286168,0.0356978742189637,-0.6586465371671685,-0.34277237045637005,0.5572557998186088,-0.30803196914382913,-2.6539624876319765,1.5536522663217671
-10.47231432728371,7.776012618403427,1.9937817593157283,0.14667334403287718,2.6332559001846714,4.450639143176052,-3.613423236866649,-2.97818645381789,0.00105084094246366,-0.6516076792350063,0.8578909336129666,-2.4429427389583704,0.7891435832445453,0.2785763566880941,-3.092079749840305,-0.9029257989120912,-0.11413542548856878,0.07589598351717897,-2.0026206621580798,-0.07001050489833238
-7.497507192977142,1.2678071516757776,1.8785202887966246,2.6681509259563585,2.880893313448042,1.6678429940974309,-0.6459325567423716,-2.062429536529612,1.5965284048200108,-0.5961637393124342,1.2599598683235242,-2.128375424545232,2.308017677724872,-1.4502867569088898,-2.2055043893941457,0.21983951324301862,0.10986816178687428,-0.5275980077397684,0.3813381444714108,1.5563610217151362
-6.494043759263823,0.2660757484729719,2.1316795545480396,2.792169157407378,2.7640158673521165,1.7562347229828934,0.07821339091767521,-1.8812743759052601,-1.3835131302389623,-0.7077187255718723,0.7221658417438189,-2.7252854975133225,0.34085808713565124,1.2925746065340133,-2.7287584563437015,-1.1824005209263504,0.17523899564435835,0.29259535617336974,-1.4376522156522737,0.8197586586130478
-11.277930008017755,2.50014276061046,-4.75539646381431,1.0578227734789911,0.3282148124277503,5.234850134437137,-0.7230442922767464,-0.01798405996212174,0.09260552685286505,-0.6951596934321389,1.27787933925757,-0.6940734448193471,-0.5168113792350943,-0.745518000053232,-0.7139952209754379,0.6750443369018024,-1.9821342665081363,-2.7860451644917927,-0.8005130630505988,1.573997999749718
-11.193596573175876,2.3838144141965336,-4.595116527563882,1.068644123736555,-0.07302628869584538,5.236824869468083,-0.8317891150658224,-0.14465398435194077,0.0792875752527884,-0.9544320494278051,1.0180401468490894,-0.6159922323770866,-0.48556830817373314,-0.6556787080474585,-0.7387948282101322,0.5805318222545894,-1.874018485600871,-2.7230084733786373,-0.7859801865615511,1.526641322265151
-8.360391072110756,3.085119341325621,-1.8588891924814082,2.6603969221990362,-0.7504108954039512,5.752227322930752,-1.0802285821625368,-1.7756053624351495,0.9223186939292598,4.140911225761823,0.9378682018167875,0.6012867507045122,-0.5843920770555379,1.2989502721308765,1.1703771045765181,-1.3786473808880921,0.9191478082922159,-2.5197664344530533,0.4094123552630022,1.782964466812835
-11.186614466677124,2.437625412675762,-4.559065003739974,1.2957744965348028,0.24218629981668593,5.411411298983414,-0.7146972539543697,-0.0688366946812266,0.36479319644616426,-0.2881274538946682,1.2664263114202676,-0.6800947649689112,-0.601115278196682,-0.7220535610882415,-0.7726086934538815,0.9202008569009402,-2.0967714067553422,-3.0732891624015775,-0.1244960625293632,0.9828522082737436
-9.86499207902349,3.4721930663836815,-2.9549687373757267,3.2456583644815575,0.5600306289398567,5.4971352350279705,-1.775477995408844,-1.1571273390237171,0.0003836198462350282,-0.864057329053585,1.6807019696863192,-0.7746461457565974,0.09199169233316817,-0.07505082653205314,-1.313572562621433,-1.9484607030911785,-1.8575564649191518,1.267227258681714,1.5041683591886827,-0.022425656884694445
-9.48545036573253,3.682297566209593,-3.225627519248032,2.8529025290658376,0.9134057187794342,5.736147089373586,-2.2034078728026767,-1.1745351747978083,0.13595196356295702,-0.21007638755655703,2.120911601754094,-0.9621411625304972,0.49942891253194305,-0.23082084559843397,-1.4015076689127741,-2.2216775510361244,-1.635275283959079,0.6620713896718736,1.323207496123938,0.2241207166100253
-10.784423052593986,2.695377518714175,-4.780691203555095,0.5944730180128757,0.39523995970333947,5.861488009829354,-1.0885233707063349,-0.05562479582966459,0.06579034148507701,-0.09728178587397968,1.694517320936832,-0.7433506145842133,-0.5232479475615216,-0.14000683511212575,-0.6823356317032745,0.6160987433068769,-1.7470798220737853,-3.181414623697746,-0.9829360089903246,1.256852275239581
-9.545506093828898,4.252164939185005,-3.179891716526053,2.9359763552709874,0.7860769727017287,5.360769324036508,-2.2035852358950203,-0.9081704709389292,0.01836930209588017,-0.443782878511837,2.284093023956351,-1.324833544405074,0.5597402522927452,-0.12140774172781854,-1.6669718803318494,-1.8743806024745822,-1.6775868096790838,1.0356977284159734,1.3575692158579207,0.24553413222861953
-11.06653312399844,2.981566785927724,-4.568106603013687,1.182617201360998,-0.035997724001210485,4.9418022116855305,-1.109464529642403,0.17184951538940682,-0.4566464960877342,-0.7987669930570578,1.4376530737983941,-0.6049120342150178,-0.6563912028625265,-0.8475616017355554,-0.9562445991772345,0.55263549270354,-2.078872862897408,-2.7223124989370993,-0.76042831295018,1.3270383638111032
-9.604498730461941,4.118677855499506,-2.9661100907322617,2.919373399643754,0.7611923149039544,5.839481739721522,-0.2639423864041752,-0.5189979927233157,-0.1669229650032471,-0.43924170883263725,1.2200760398313715,0.1444020166985584,-1.3634052991431875,0.2552631509111818,-0.2770449736282766,-1.131709254945385,-1.755487907321152,-2.4489977791462096,0.4218277685811891,2.1442722607396627
-11.017414669054435,1.9920978694530524,-2.855244484620049,5.0114598532966355,-0.1679801275555346,4.742976375118554,-0.24624418650224758,-0.2501425223130709,0.14489653721870055,-1.2385645582698623,2.0210555247970925,-0.896208221689873,0.057654397021127346,0.8346796547330282,-1.411342940560767,-2.689153512550721,-2.3663844997980368,2.1222516445626063,1.7833758136715692,-0.6314806886584247
-9.14933632678407,2.30904880459591,-4.031781301322169,1.0148066919299192,-1.4310053905206468,4.902637698872839,-0.7819753048852054,-0.6695351284704973,-1.1671988708893193,3.167825641955681,-0.3862273323192382,2.1389736127324883,-1.008442258663651,-0.14385577604928745,2.2606114363419048,2.394791530403438,-1.5177254376573002,1.097901380719077,0.4018800232674152,2.9519333031731443
-8.665981335437651,7.605194106166767,-2.2228858297310454,-1.1265537161425585,-0.823352454834124,4.881433319688352,-2.9455647887256093,-0.11927148513385337,-2.2430887016695684,-0.8160040109723972,2.433459908936479,-1.9518073953090482,0.11323756263270165,-0.8924942299625324,-0.5464737547442906,-0.31694528497918695,-1.259702127308295,-0.2581126272169035,0.563926257579048,2.202528712741938
-10.959956071113968,2.884967049562527,-4.494017962347906,1.4272258836187006,0.015861635068778357,5.230443572675548,-1.1011879775887703,0.10048243055817793,-0.20871440813963604,-0.2899417759777201,1.5384601700295135,-0.6600057708443059,-0.7467756398266977,-0.7455168270904808,-1.0080617601307844,0.8519774811151035,-2.160598636395822,-3.104303931194178,-0.12035563891168288,0.7261065106836462
-8.225637017802558,3.61118279086205,-1.4530778592047917,2.144816871315801,0.3588844303884895,5.090748942302708,-0.9636928139114841,-1.3013248048707133,0.19418179159624083,-0.8358577127794722,0.6151826054674125,-2.11177855895124,-0.00306147058322781,-0.4456227374403887,-1.8091720280687542,-1.791590258697466,-0.7197815419383171,-1.943856037993893,-0.9055457524162275,0.9451161972902891
-9.750226717805742,4.4801196003731505,-2.224257953133664,3.1326165373249735,-0.014772664396768942,5.612865849915508,0.3665614719521008,-1.5222636922870756,0.6728078977166728,-0.38280443291048316,1.149627227475326,-0.03506697516864399,-1.9462969501202299,-0.13042329549790682,-1.868861674188099,-1.577923635600916,-1.1741494363604328,-2.466293954914935,0.7798521383806832,0.8192405578767608
-10.716658297073653,1.200062602496129,0.04917314661375396,-1.3168831354089707,1.289634121608943,2.6952182279047427,-1.8922151623197412,-2.977505246161847,-1.8989114603682191,4.275983478462898,-3.238215352289722,2.588943746821842,-0.5522724382338685,3.1763272795635396,2.2975234211920967,0.43468933123525066,0.6067705540744315,0.5191052679058104,0.7017950188052643,0.12055985053359645
-9.205376612476243,4.183969441154315,1.4945824683315752,-0.1579882625969823,2.8148832302819633,1.8653997798019184,-1.9655027128358615,-2.991525631674495,-0.7099123421731636,-0.324865462587057,-2.2250931226166104,-0.07793907563719349,1.800037018345214,-0.9321857864335588,-0.2368623637765428,-1.9711001691406995,-0.5239446769707925,-1.6063946703794165,-0.3359820837519891,-1.910460402569862
-7.361908360953499,2.7608807438818546,2.102228735072102,0.5200329375717858,1.8024156030443654,1.3120221861061028,-1.42175976571727,-2.4228533529972482,1.1509384407665642,2.780610719739535,-0.7908154692785435,0.925581259810077,-0.03035353594047402,0.8622082697654949,-1.378545580706094,-0.008175337209851502,-1.0872630468893587,1.6471564645987402,-0.20623582279646058,-2.393751558865942
-6.111278203655988,1.4873234857560629,1.7417001692468832,0.5970863128820282,2.441128743068967,0.958829925134413,-1.5000513300951441,-2.0680817397824383,1.475843218582116,2.4271555238531866,-1.29417666444045,-0.16204280355207717,1.2613008048635055,0.8090564375281842,-2.0468277662914804,0.38451660035378865,-1.1956614498407896,1.7844339565685274,-0.20259115021728258,-2.112807773392415
-5.2246843175787046,2.445195510865254,-3.5946063446137035,0.16977360881086623,1.5065244221629492,4.073578248002029,-0.4459347278530507,-2.0380454272123276,0.7860059235553019,0.37892836962039267,-2.3801171729017163,1.1151365463284684,-0.2355834896149891,0.5469218859489478,-0.27029824385192286,0.706109439593136,-3.1677890022604513,0.9604576627488463,-1.1711290023408978,-0.6280205642335592
-6.50785644108921,4.787883714112713,0.8021142613693918,-1.4014840776501796,1.8115591476257906,1.8572121369418846,-3.0549619148199763,-2.596848711478403,-1.644395549800207,4.174507150425238,-1.4908054352258269,-0.7466659980136202,2.3083994070120486,-0.7292187808368704,2.520235175797635,0.2991867480969086,1.0293678294753479,1.7941267597694281,-1.1561335399769082,-0.7751473242306143
-7.432832612347474,7.091502095881825,1.1591885520712757,-2.2628175733094107,2.8447402385543143,4.294822933953872,-3.158194873468016,-2.9441114640743797,-2.0009676668140797,4.869818493498602,-1.4156791835084828,-0.3933123757641578,2.3815421596640842,-0.2519899280570131,1.3515613185315778,1.2372277371740483,2.5358366972506348,0.5826156749762949,-1.6553610198212363,-0.20534025612004786
-5.797054245916196,5.57745556719062,2.307167093352135,-1.7429960422714113,2.711856472842956,2.1982118453596975,-3.6130801850527168,-3.211526744964631,1.586835283796288,2.8614273103796117,-0.7230050244925048,0.35288027962288276,0.6987939522268012,0.40720779401884727,-1.7769258825676169,0.22752637987557725,0.4828168699397166,2.207502778071859,-1.5212018449214326,-2.998382148647769
-4.457008920320414,4.0216833536826755,2.141141513690781,-1.483651119902055,3.0627451436018167,1.6222714104585356,-3.414543099353377,-3.1859396410551186,1.3447057217672942,2.6817368537795696,-0.7590589429095231,0.17229336479410273,0.7259298954831697,0.6137909394758392,-1.8329747375829493,0.38319355229437724,0.45879843557734845,2.659903475230334,-1.366134349701763,-3.0716265032517933
-3.6737525189722033,5.138142014929385,-3.3621992756800196,-2.0817443764873396,2.4181397704421035,4.881624038997537,-2.619343047882194,-2.806450441727781,1.1961217948562215,0.2342707312424402,-2.4633845111200614,0.5432266140029598,0.46142734217074843,0.2138191648424108,-0.4645735193204386,0.9444441652887008,-1.6043760801447644,1.3888376375605032,-2.6727772833559738,-1.0059237224668223
-8.892865823370073,3.656671238944635,1.9986279111286018,-0.4843645154887848,1.4068142229075862,2.2046150122648673,-1.487844811920215,-3.3132550789182673,1.224267652393072,5.031109359362237,-1.863919952770885,3.1862188525693718,-0.13836665418970862,2.37676626642342,1.4924420053394254,0.6627718916986433,0.456714171516367,0.37709097260053237,-0.5391462031584809,0.48335754088793526
-8.135786047418716,1.8433112879119666,1.2004726004844908,0.9785349326828812,0.4916474211588499,-0.04878974958291349,-0.7024618076809711,-2.0418308366959588,-1.312987973576348,3.913026071039131,-1.836816867480159,-1.8255667426019602,3.2639513141099115,-1.6121064906027853,2.392242124563807,1.413773659473643,0.01661154022642436,1.1613357877477393,-0.04800298223745614,0.2078187763247472
-9.358239374817371,4.220763346930793,1.4817988551739596,-0.4494785263283277,2.747536162141027,1.6587467265191855,-1.5157903680968996,-2.961095220722232,-1.0245572154053009,-0.656929947353197,-2.741383026408439,0.11699302518908383,1.3719557208826556,-0.6007808176501286,-0.32776330434444856,-1.6462595170042567,-0.9421200805457981,-1.7808357272933601,0.4354107585934367,-2.224951311832522
-9.312308981028185,0.6584779182722542,0.3632764043328073,-0.7715937608132493,2.0763984186009705,1.3111577150445748,-1.1334060698688675,-2.4274683591852018,-1.9068693085908455,2.3900577662689053,-2.0233334555019757,0.6207547312762827,-0.18472700300306188,2.0467936483178324,-0.3714651889233289,0.257143690114012,0.36278729685386124,-0.5667758537645997,-0.14016849679778942,-1.89237984557747
-6.243859717747444,1.532260516383785,1.7837504877422816,0.3516111558472913,2.4045540149890616,0.5792550658018203,-1.1258827770031141,-2.10284759666816,1.6868504826141948,2.074659601580038,-1.6851329521438394,-0.2721778803470527,1.561121812869508,0.5753933923051311,-1.5943970132746847,0.3446723945775792,-0.783743215168003,1.3887058640399441,-0.5967227806516968,-1.4949842061515735
-5.918178920276008,2.5924165341681427,-4.320216804055943,-2.0103282867257044,1.0611410157051682,3.738145118671862,0.44047693273502353,-1.8889758164384256,-1.0893344453363958,-0.4812298309260625,-3.1424559431228505,-0.03352333267071661,0.1197260897049029,1.467224289629105,-0.12308000310294111,-1.5764755276929758,-0.7854515047497198,-2.8924383916414222,-1.811322390028564,-0.7980745695396264
-8.316784084536492,7.229196324610188,1.3421433918814327,-3.0003726427285784,3.8596717620464345,3.3245437201207384,-2.810186040230203,-2.9151973553133304,-1.582002465727565,-0.6312497225156959,-2.909620700432883,0.819839901859654,1.0960137444192208,0.8438015159075225,-0.09932575453004461,-0.5275696273762824,1.4925828344856689,-0.1356390618143323,-3.5945554158318545,0.15795912329762496
-4.299491877715879,5.22361835459721,-3.8718121328250685,-3.053985398265852,2.461996873523257,4.385740239938704,-0.8618460669163162,-2.801761615344292,2.2588679677934547,-1.0644088788318786,-2.4436524904512598,0.1077658646145345,1.10146017910135,-0.06709834076175404,-1.0086093970739505,0.5134588273358958,-0.8059207917520608,0.6412186274897663,-2.89641272545708,0.609667878529898
-4.223535986546062,1.124373380739637,-4.576487667448223,0.619521027097868,1.0047899042447437,-0.7793161728947982,0.20496674380184465,-0.17951968046231004,-0.9580431539225084,0.38314639125197253,-2.5213012227336904,-1.699310992066429,1.811722626428704,-3.2519551118320726,-0.7346492270651201,4.130675241833483,-1.4854941105823192,-0.672205414304017,-1.9192366202690168,1.6808739497141536
-12.499521917934427,4.36709300603785,0.012959724394235247,-0.35483470560294583,1.7301425613522565,1.5550768362874399,-2.5769505868786617,-1.2132956792102232,-0.8554323796967109,-1.9830735282344412,-0.6821913210408952,-2.3424375867969958,-0.5190557572292706,1.7171319618452114,-0.44242727091796197,0.07589051516702633,-0.746246924454435,-2.2152041567054104,-0.992856278639291,0.955369200250292
-5.392123599812518,4.963593323311919,-3.341530521275659,1.1324671809273716,-3.4879829528988733,-3.1553647921771457,-0.5071005328420961,2.3728998595730815,3.1668767632518997,-3.7230120079211346,-0.642092676606285,0.2847371430797523,-2.4482291854994562,1.0039583707055901,-0.5404204110377716,-2.5012896357670873,-2.46251961203084,-2.591204517072188,3.2890926482133276,1.3993241357653927
-10.330530197053104,6.254230699813613,-1.2081327360615206,-1.5782833783909287,2.7636778891332683,2.756754163662487,0.0656269889397007,-1.8695113062151052,-1.7859632725591312,2.0486442521996446,0.951268953889487,-0.08929219805159255,0.8187651548266262,-1.7196219142498004,3.3113395250857445,1.6638676659132918,-0.49873962496043317,-1.4923115279860784,-3.0049223462388404,2.4301297069967718
-10.71045369526609,8.424373220718296,-1.8958538887214145,-3.962771007501993,3.8049761417135897,3.856249335207872,-1.5264933935257985,-1.0035850445480887,5.146224263970405,-0.12629195190066766,1.7126444638357576,1.3673061499109829,-0.9049690884915237,-0.533653480028607,-0.7981660674749014,2.259630547562136,2.413933852577541,-0.772969356683243,0.5498317043631971,2.3391410625038054
-11.528815087424242,6.749522697726691,-0.15312820726914225,-5.311142773483525,1.9746404276540106,2.532434633140763,-2.1458423020838184,0.05697930682319097,4.980513357769701,2.706193346225534,0.9419131808706295,2.039838293295354,0.5358995190818407,-1.2953359934647852,1.7216402335028085,-1.4942667507614213,0.5336620423345925,1.862643899755895,-1.782329275230284,4.8994021710190125
-10.86286710229766,8.158380964130874,-2.213535387810938,-3.5387936392490413,3.2221425791164906,1.8594021280846753,-2.760154135400568,-1.6534433078878221,3.5694778822768036,-1.1998356305649227,0.533832134447041,-0.3892856465059739,-1.9423604235719492,0.7871005987375106,1.7996564807437068,-0.885657707711133,0.4020024937740498,-0.64595822494087,2.9414449701648318,0.05731540915586264
-9.563726881168275,8.543798514395924,-1.3690459046613577,-4.156481817389308,2.169724444494325,2.602527506313566,-1.3245030617852973,-1.7390790426496807,-2.9807244978399066,2.071288767824528,1.9247347868227043,0.3740588306209652,0.5668302884018913,-1.9489352475952821,3.8312642469028244,1.5882039854077084,-0.11435057253034295,-0.8346220582147632,-2.7439002511633865,3.192648571146759
-11.387465933144743,2.0924946461828022,-1.0693911582525495,3.4436016430574092,4.207036744027525,3.0961823377434214,1.4378653327711055,-2.113327250383467,0.7342133076861744,2.330590387937378,-0.5011165534316072,1.4878223091383638,-3.0588128410430415,1.7800731629840745,1.213611069851979,-0.8768543305213619,-3.0143323867030913,-1.4180103260392731,0.8776120025157648,2.498748963411209
-11.55928355958812,0.4059435104576184,-3.7930571164845577,0.30921811726658094,2.758772041914428,2.9413542241335286,1.6597541975681367,-1.5506587146503568,0.9070560941213761,4.447003577418139,-2.1488346223860884,3.8927730313087197,-0.022622751864169288,-1.671741337064107,2.210398149842839,-0.332580415648475,-1.6181677372841445,2.6344587727030793,-3.197960676909536,5.210908257444652
-10.027351842975749,2.6267732239394266,-1.1114350174457233,2.2507179644528614,4.915943090837267,2.106472302628487,0.8956362598414079,-2.0865254331305216,-0.20528748737190305,-1.0241016955006181,-1.1565195863364575,0.23607376113701523,-0.36874910147272916,-0.22718389694034163,-0.07163752230751902,-0.4926284024382422,-0.28966377348018457,-1.9885088959322097,-0.49455190091586376,0.03858916148663383
-11.021053782000763,0.6508488985758373,0.2962978970509145,3.163386260144716,4.771802437462391,3.099526441999089,3.008752508967447,-1.9346583726181357,-0.8001206016390163,0.020105227833625117,-1.8688969822472148,0.5125164610502955,0.07515505921069932,-0.9288695213017883,0.07061224023189117,-0.2055184418362484,-1.9037738937223265,-1.5906291486776833,-0.45828946945817417,0.29770658840179737
-11.110985166980262,-1.2223701858532627,-3.5826681402706786,0.394485437603657,3.521538004219601,2.5115583687816923,2.6272683730469737,-2.1748844620947763,1.4080018422954412,2.358442866276664,-1.973260756845389,1.6619016153337918,0.391884530975719,-1.465794855481203,1.081130955536281,0.27345216574402825,-1.812728841295122,1.5868654512718536,-2.517394489117373,2.6008675666961634
-11.137151084249776,5.473186601612357,-1.005142273359293,-0.9726952099083739,3.955559024996096,3.9563461685309727,1.806314370353912,-1.7727053910207102,-3.4399871385424006,0.9250154961244876,0.609090299487702,0.3893114295657093,0.030457286739148326,-0.2432235196458411,0.06450389861275768,1.2293292599273067,-2.8337032757772493,-0.5361167459726779,0.15092559503829764,2.022002348082852
-10.17539979231085,5.263009724147468,-1.4968510627769565,-0.6858668611678759,2.717743754175972,2.895405958082219,0.9351067001616759,-1.1942107322169484,3.6968587555104158,3.343762696181143,1.5300794810300606,0.009570101049506452,0.46628987354062557,-2.150754113130464,-1.6230594543940038,3.244558098531241,0.4420626294180097,-0.28655391090431676,-1.0028605396894985,1.8320274062932485
-12.792103525664274,-0.2124570540900509,-4.438053614814441,0.9016910843409331,3.494545785107551,2.764753668925755,2.1200152474051346,-1.510797086108996,1.0167336900553774,2.56038239844861,-1.8297831714301234,2.553745666085532,-0.14473690964408514,-0.9713692509059114,1.1453513148480163,-1.0878106314625637,-1.6028928781161116,0.030378035836862535,-2.196296645704787,3.5262142924309448
-10.274792645957564,2.6123535630839294,-0.5714806081592086,2.7795246711342902,3.0203081053932292,2.8870418079035645,1.9257418303473677,-2.010548065296281,0.5723440931185388,4.6599890478389,-0.12512154266593276,-0.46782507287916714,1.7539171562267097,-2.3005280707624425,4.048254278256574,1.014414459308855,0.11172475172728899,-3.650310968347074,-4.210469438458254,1.2910467342642882
-10.434830412588145,7.473851155776645,-1.6280183153699306,-3.0413892011875205,3.4552815587929198,3.7648760205788987,-0.1602017447510673,-0.9989728802353584,5.641186319748485,0.9109523601766166,1.865896460516149,1.1712313442097675,-0.7461227200579686,-0.5076874357647225,-0.5618662831902628,1.6491085126167837,1.9159433543445035,-1.5265652386589337,1.3824063127142479,2.1069752602664282
-9.087135406713758,7.874557448213011,-1.0289978849545227,-3.3897778067619555,2.1355619423140793,3.3565511976069256,0.1731711389387232,-1.5783859373380378,-4.142526222965073,3.903154907190998,2.1616405912043875,0.6458679006108534,0.6627225394888897,-1.7193348284392744,3.115383936974383,1.352158684027136,-1.0774855251308668,-1.1221854179393707,-1.5131695815860673,2.801327276654511
-11.195545680809687,5.154969664447378,-1.265240859428999,-0.1868935915501554,3.443530519562483,3.1804088691660666,0.29899595613372065,-1.7803695360852394,3.1323801986430198,0.00842835547922094,-0.40642826107537744,0.24057384874869087,0.06854665488650119,-0.26723376681589006,-1.125079407057374,1.6958578916409648,1.3561230822605979,-2.536005424363299,1.093221788932189,0.7669789220549407
-10.252758182954878,7.95852585174005,-1.5077733699057996,-3.2228611495149067,3.3211625038262778,4.221409587906148,-1.2545400828509683,-1.5233452517067663,5.382592758921206,0.5553065188878507,1.3697624807054856,1.1699351234607591,-0.6722828348886265,0.13560710954337984,-0.30409251766265044,1.5165816451620384,2.7004718675061072,-1.4364408285787875,1.4405894265520658,0.9770454351883164
-9.895931917239732,5.671262917114585,-0.5371132909496059,-0.9283124082201659,2.3255035570572264,2.8802651144052582,-0.7500759006660995,-1.9084915954044082,-3.1295692996586384,2.5950958191804654,0.5387600520912987,0.9039917972728624,0.7181874222845741,-1.5942222852691563,1.9941403979188101,1.4132962562901716,-0.48906950828967777,-0.7837749268102024,-0.3708659223329365,0.11879469472387638
-11.080067376641523,6.268633082060941,0.15543581768499393,-4.725913046766083,1.4529402454116884,3.017723194201527,-2.3589133972743417,-0.6479562629766392,5.504431703698788,3.1171527353457646,0.5908091203723634,1.9122466237705282,0.40365321031530443,-0.500590266391597,1.427649461242078,-1.0225545642236502,0.7211218115349801,0.7358104861408353,0.2106145587967131,3.1587963321927583
-11.274644401515694,2.0532318476420186,-1.0066111359383583,3.5515340345358606,4.124656300157335,3.2142750055700766,1.5309993672461824,-2.1437959896278795,0.8777969809699573,2.438091846955511,-0.48930017315866303,1.5137646314502262,-3.057955578318866,1.7889680908061474,1.214310825929517,-0.9152477645846122,-3.041574237135658,-1.3337361883073269,0.8103401769502196,2.3437637141435728
-10.104375184940643,2.3802401578248356,-1.0054855077676765,2.637227101190204,3.344398388794509,2.928582540063048,1.0901764792203554,-2.3264740774148094,1.2023900638288272,4.381718605960751,-0.2933098994310613,2.205676514256581,-4.466825235346732,2.3100671955585126,1.0471641088952357,0.9905837430334228,-3.503598891670336,-2.596902659728043,0.650285323689144,4.574694116702106
-12.665147424245855,0.6110878337032604,-4.248811770308165,0.797791772271349,3.7047038389479434,4.588956109889004,2.94142996031775,7.17985874890592,3.3052844383668862,-0.8220153547351206,-6.315908508460527,1.241538353965958,1.0907856076303821,1.0878174845924022,-3.0504211069299743,2.0064539620498,6.017515515911566,-1.7479462815411373,-3.573267369247173,-0.9662744284537617
-11.898097343865203,4.311146648117455,-1.862048225643099,-2.873573291335185,2.703569757305175,4.946840553388299,1.078115142735151,8.40280842196654,6.93835721149559,0.33219760762730144,-4.21752360766636,0.8469603234200399,1.2400896051796062,1.7530988772698861,-2.2205518286720163,1.7265342174446237,7.494408788218353,-1.2686895725270695,-2.5884813325577465,-0.3557032684848786
-10.633311783476138,-0.06030981332233731,-3.6845708971846607,0.46547987016288583,2.3813012882939937,4.671771151696903,3.1229556477045133,6.538112302249395,2.611490963694041,2.994039595712016,-8.282283472612262,3.6967024465943146,0.8260550208832664,1.7774836233683498,0.0984742825984754,3.9258576397366953,6.63260104298115,1.723483877072751,-2.601999611576156,0.32899996830395173
-9.941637834651992,3.6372582961224746,-0.5866534985233405,2.648185539204731,3.019211992927133,5.792872990231366,3.2343868240318963,5.760460760115697,-2.3315456568577333,1.3293449402031896,-2.6477745148585785,-1.936878866619669,5.3745715869344215,-2.2956865308529704,3.617368981955906,-4.834334749841544,-2.82083782944807,2.3530275560928984,-2.989324921719954,-0.06167444303933595
-8.90684738062219,6.767771090472934,-1.901105481333928,-0.9777593321861302,2.6610596045719666,5.0549645883693906,-0.8588326545927346,7.1327877432782785,5.8423382108006,2.1396196265295275,-3.2740586816295347,4.4725070042321375,-5.855675060272448,-1.427623362123312,-3.6596760663880525,-1.322486003157958,4.846701838615178,-3.573587624163519,-0.12017717988886506,2.2303283073996107
-8.98911034581113,8.880362994367308,-2.0847730039901196,-3.267238854539203,3.287200030571524,5.1043246137641285,-2.2457146668248607,7.171457820903211,7.457667419356162,0.21648220932507922,-2.572279122001467,3.1105115345986687,-4.080439123113901,-2.0085901925384113,-3.4865441456197717,-2.5884985017382873,6.752989681538201,-2.0181787075451845,0.7530395404717201,0.06961819658680196
-9.055635225964737,7.976514588594294,-2.3440065511728614,-4.780191119666046,2.743774061969365,2.7440399276923277,3.817359433668676,-0.89382598073048,1.1234954055864486,-1.0481980208974695,0.25684272810672815,0.09649247062129955,0.3226155675761138,0.48327126885587346,-1.1973573240274167,1.0031904359211388,1.7488537805291204,0.1315878792956091,1.8820010361820387,1.4283675321533431
-9.485448124385645,4.528110157329924,0.5320937039153552,-6.087403955889939,3.6969023343032106,4.4427202580572045,8.670128488460463,2.1161792657503686,3.6804870619132606,-1.2147208217256131,4.422103196157408,-0.6603067459452017,-10.882868102142131,7.670543270499455,9.5943239527545,3.037557078018609,-4.614766861546688,3.15697083687619,-0.791357589044095,-2.179993629213519
-8.6384482566061,2.614135621971001,-0.5058354724741482,-0.8877056548877328,4.224094550076222,2.3411075909516397,1.6354952201109123,-1.5609871470175118,4.771707372095376,0.46548827474041665,0.1358327609398039,1.1248272833322592,-0.636837363226865,-0.3868333486114029,-0.14690364414709794,0.996010500154002,1.6209827486797126,-0.6813881452764254,0.01904432200244316,1.1596274631067442
-11.911032539491423,0.12328391242684378,1.5034624159224979,-7.5916047119555925,3.4610878999325694,11.878439010592555,4.109309813596449,22.180806635882657,7.468191026421865,1.6788743517558746,-8.466180629503816,-6.92961240374455,1.2783821664580428,9.254801468466967,-0.902718642072868,-11.43644767299497,-14.533225891217748,9.101350265984372,8.750452905588327,-0.05898314021937634
-8.885016027808629,3.66353359418389,-0.4255376087888323,-1.3403015833503136,3.9314713729188453,5.10701668988631,2.657964968692928,8.95554894191854,7.03847603041279,0.1278550020844343,-3.4712617067873692,0.39525424260422737,1.0050090409982213,-1.2358547772996664,1.2787761209625568,0.07840039748790772,3.0995599369761107,0.07841870660370154,-0.08923641620061062,0.6043056061645543
-10.206868691841255,7.327658169543285,-0.9504995374592777,-1.8464146387340348,3.0547154014580147,5.641490290809897,1.314056928221741,5.622913931734698,-4.765713582823364,-1.6628220897532504,-1.7231513771124192,-1.4409961005034275,4.201638708115554,-1.4088960093538214,2.7728096855709006,-4.25444105406757,-3.509630269099494,4.431312514235508,-1.4976643794673274,1.3259122376187462
-11.579019006131158,7.708282963576974,0.293287479676855,-5.613002128808128,2.369537879243473,4.697786688324808,-1.4757567409929742,8.846254316104355,7.7940815983942215,0.13648350198862635,-2.934488764004948,0.8010600010650816,1.5957155660752818,1.2116661596048441,-1.7337968750302428,1.3288148896546632,8.344935138812772,0.6211990806004167,-3.27394819684889,1.058243782480507
-9.647774969228506,9.576263948036317,-2.3443348113135274,-3.681102087020183,2.756542512183052,3.9203537062821168,-3.2113283653199147,6.991975257007516,5.370260804166888,-1.2645342338159358,-3.10346753698207,3.38164687547252,-5.197088152471839,-1.9853483518522985,-3.08913492326709,-1.6187970413694517,5.966581018577882,-3.211897578891471,1.184663802176068,0.9947721353250769
-9.202595250876175,8.98258805079423,-2.1079180608729837,-3.205304330682118,3.184037597322762,5.458757097715811,-2.057920145937085,7.313218396411052,7.621540709338846,0.17442678532211975,-2.5674067695909795,2.98793713615316,-4.093621483125672,-2.0509861212127096,-3.5197435067423215,-2.538286850376214,6.814170903598463,-2.0575805313110975,0.9430440289377665,0.1978103779576747
-11.153337527193775,3.0373564124132146,-1.1013384203862997,3.4692466578764978,3.9095487308012506,4.218245220928396,2.7327596905215072,7.83124783395368,3.521075224050346,-0.2531440249898723,-3.2059627422726953,-1.6388256130561285,3.1154570115484637,-4.964261156250617,-1.298538371115072,-3.2499375666834114,4.2560094006105995,-2.749427712086399,0.1352997696935042,0.57347649754267
-11.899932422105282,4.271868881615762,-1.8444856437053136,-2.808380448237274,2.750807246537234,4.944176656746557,1.1223740618224936,8.28710171126352,6.922528203275148,0.3825107184412574,-4.17611974329587,0.8499862375788111,1.217488289740011,1.7440276043379188,-2.1940597056595332,1.7075900870777132,7.414113188909059,-1.2845757640001876,-2.5576685196270894,-0.33303700788744794
-8.379561519843552,5.53933740535107,-1.0936945168431877,-1.1776127769660647,1.8794282710151766,4.695399348615356,1.0822733643704794,7.68137817536521,6.2968107865115766,4.813932467509371,-0.8598306180299801,-1.7750970060781275,3.851829017194439,-6.716110782499625,1.3123315653304475,-1.4174049725004907,6.581470457620094,1.5182462797205623,0.6881096664205968,1.169561555849148
-8.5783615899232,7.403055483472957,-1.663812976771335,-1.3435408437045762,2.272963074844267,5.73768521459149,0.5966580118697156,13.363887457601525,7.995803824342351,0.17123135208165108,-2.2531161529633295,-1.5069424378460359,3.922652427907768,-7.300788644293651,-0.4708970986742848,-5.659776652934891,9.23055724198201,-0.8048186363142635,-0.0802387183865707,0.3153259486800642
-10.324506202926596,3.246661232618664,-0.9251794810694185,-3.192797242327278,2.6686475623502988,4.520534887302449,1.6869326027631542,7.703987214143975,7.270935602127024,0.31183285895455115,-4.388411967468935,0.21120120416002475,1.6920010655623867,1.169512026996097,-2.225891689071246,2.9652489928436436,7.276746895659483,0.39782273930442424,-2.9809230673046754,-0.9663274314562331
-10.002416604476657,3.4046677854989023,-1.0306879891196894,3.059249494538537,2.7356877489637585,3.930467368168932,2.311957759171758,7.844159650998769,3.476718909528746,2.745272337592538,-1.9626148531483123,-2.1297630707250796,3.8709280088724785,-6.576980050105401,-1.9297448787802618,-1.683222003795512,3.8504682744383665,-0.4109098713598426,-1.92001488733897,0.621700073113583
-8.791513550964943,6.896671853203076,-0.8108969955227155,-1.403586709164098,2.02363578185906,5.973951045686099,2.1272016465674515,5.923438336467013,-5.282945879978257,2.4169287554147365,-0.9404946420732256,-1.289132368966903,5.056772746450948,-2.144052825253641,4.3962562753202254,-4.1218728479081,-2.8360482290052067,3.8002699328187415,-2.472433354336855,1.3067943894576484
-9.908371052393436,4.396094966172581,2.5737170762872195,-4.8891987041060645,5.362075813977036,13.76483821695101,-0.1628481228122033,21.533845619346053,-5.5110033171025625,1.1093834084641196,-7.564333636294936,-1.383825158156216,0.7661758786519403,5.5268496118969,-5.093173344104818,15.628808462879265,3.295623782714987,-6.787688097674905,3.8355469875451136,-1.6987527909639462
-8.927106042569532,3.663254788787798,-0.4030730412284867,-1.3038053710291868,3.922316382815181,5.046797534516431,2.6736684933318458,8.897036005836778,7.006760291702848,0.1333201778396051,-3.4636763466573157,0.38897502048691696,1.0003095436025955,-1.2282468103728699,1.2490581429783099,0.09818121472303754,3.075716709707188,0.062441731964489544,-0.08344302737662923,0.6345122534782808
-10.703058499364001,6.384628311813786,-0.5585246458056321,-5.232814856890595,2.1322920951308455,3.006109336764838,2.760958396622593,-0.6276438663140025,1.5601545840729654,-0.7610164620780471,1.388317559549478,0.004675665509509375,-0.5364159014491166,0.8222636780633661,-1.0075623633831288,-1.095335417423978,1.251769091385461,-1.2460026899377765,2.000169712685781,0.976675250964169
-11.255620087307053,2.261780960456444,-0.3868170494352413,-6.887092483916641,2.8369727790203894,4.97220724310635,7.375364119464666,3.43358911545453,-0.529330393610516,-2.691365159805275,6.202789776328411,-2.5435012342448178,-4.1603877009073695,-2.015786195500606,12.419185732581543,-2.3180436513057323,4.562178274889775,-2.340860969949172,0.6258209879887937,-1.4213267807264631
-8.726849607862828,2.766382926093655,-0.6052054655410584,-0.9882742851564024,4.244160721763815,2.6188183632481388,0.620335528019516,-1.8753485255901,4.794569923875801,-0.23060332707633668,-0.43120196240334463,-0.9408986035891553,-0.4285632872873374,0.40079186617886575,0.8533840536219806,-0.6641059311346393,0.7879903200860298,-0.43211496177132125,1.9077436294755525,-1.2241145615272335
-12.278321530912692,1.8175800812336576,-0.5992410487495768,3.710106854818897,4.728998531664946,3.0986963799659337,3.034178812893117,-2.3231354873170407,0.11284508696795348,-0.18665427503077153,-1.2558736576717906,-0.532533929669125,0.47007271306832166,-0.7911164292277941,-0.45950964834227254,0.5106167554255518,-2.7486344589283984,-2.682259413567043,-0.38549888625607853,0.6249144963356088
-12.064138868528145,2.105910467645905,-0.45096497607578534,3.325123018411425,4.801473521289754,3.2472516297110507,2.6838036496510576,-2.2587212157887233,0.07575263029833723,-0.20885372054374796,-1.2322784716277022,-0.46723636516120215,0.4849752175184825,-0.8135080745509604,-0.3618924585736176,0.617455447499192,-2.5762657771555713,-2.547010856669369,-0.5795929874215946,0.5328690394620326
-11.962167223254317,1.959472197497206,-0.707609167455036,3.307442655885251,4.97698771515492,3.5854147599021697,2.880010589342125,-2.29251364241293,0.009775970455046079,0.2819433536739788,-1.0243234325530022,-0.26945838659933313,0.3429604557789582,-0.3893288282044767,-0.8084267641147251,0.45933609040234036,-3.128077500068072,-2.3178944567006425,-0.6118191974581534,0.6715766921824878
-12.172282109362996,1.5576130736211946,-1.1328071717546624,3.8924903041144194,5.23299541247926,3.4975229301065025,3.028135709280937,-1.3698700544138194,1.1516947610756567,0.49171317845506624,-1.067843194432616,-0.08553127264407268,0.34133313507538315,-0.35849260924759946,-0.7872151029921302,1.2083922178538054,-0.30852946184248414,-3.906467584254438,0.44841783224340864,1.4106679610823392
-13.43612327651936,-0.7209236412907354,-0.877310344482505,5.874227586879895,4.194862009294928,1.935836815725926,4.345270245234426,-0.9015068243957476,1.3080194791140611,-0.2422236511982251,-1.6240510063417457,-0.8036705288246128,0.5350589926307237,-0.9837281471210754,-0.971006205529813,2.012061486238877,-1.1305213585120812,-4.692125189294847,1.2095573860160298,1.847431608204145
-13.578191204173606,-0.7129553580787489,-5.185625317352981,0.6432308985094335,4.765748316053152,3.4933109633043262,2.2397348924467653,-1.5418593168683907,1.2927473572682788,0.1449672283323689,-1.0956458146384522,0.1484751436053181,-0.07591098967324178,0.46021249205192777,-0.13622936790980178,-1.6980775066149665,-1.3104711367070254,-3.6790388395999702,-1.0265874021921657,0.9166468126127594
-12.314485940016283,1.864086965930874,-0.8968313302014649,3.5741166679245078,5.296788311607989,3.9753295995169147,1.4592390485893139,-1.9289103796084368,0.7739839393200362,-0.5449383468875943,-1.1769319034731232,0.06416065697410067,-0.8606967912649505,1.0047100998037635,0.8693938086578146,-3.2366841047131896,-1.9144059255187487,0.7701809602435435,1.3748202620140568,-1.7222111425470907
-13.473252946787245,-0.6853604365076893,-0.8241796655835232,5.853983740613216,4.160623263192276,1.9496772407575005,4.302446296287425,-0.8905788453673777,1.3156380037098514,-0.3476193458259373,-1.669881700996057,-0.8307234823299524,0.5841836334149382,-1.0062639433315708,-1.0568871450058122,2.084600547995964,-1.0872718308595262,-4.617482192922615,1.231548330332833,1.8253117999576634
-13.4487720969755,-0.32392404523612917,-0.6394971672578671,5.563022190465244,4.069870658910736,3.1178212935644583,3.953301719857567,-1.0549772209278518,-0.5421238432009153,-0.11131130717512772,-1.5050816586015978,1.3895466533454155,-0.9289378698955189,-0.5288304362426219,0.8010115924235297,0.867427138566929,-4.778049820227951,-1.1907444996461463,0.6676427132525281,1.4634997770054035
-11.290643451820511,1.888400432855612,-1.074876313799378,3.552497088639317,3.796218950367278,2.668536137304515,2.65794126025414,-1.3467382778177996,0.9295633787502947,3.072500460673255,-0.13856394623180196,-0.7455967203590654,1.125888193739951,-2.2893877001892116,-1.943455014988373,3.0234927795259807,-1.2571970321907617,-1.308167992232148,-1.5752105383449129,1.479448309698653
-10.870048082822322,0.6175510971796173,-0.37404978488398627,3.5433388377019592,3.9429496933511095,3.7457441122897017,2.074795427018251,-3.1813373170175043,0.2511103172970621,4.520863664806269,-2.2725357243984234,3.64103913337755,-2.111358702358417,3.322769125863003,-0.34129902466377926,1.1749128279059833,-0.9671700572855338,1.8963876626932525,1.6195802857779917,-1.4312391964007642
-11.196497995823766,5.174817666557043,-1.665520321533315,-0.8376003411823228,4.22893713003842,3.414411519017343,-0.3667634670158732,-1.409652539555824,4.172775385206055,0.15697316837153152,0.1346700983488193,-0.21625630954864528,-0.4686202742220808,1.0477059549084684,1.5212204740863613,-2.4593613632712805,0.6130514817282229,0.31436943152408015,2.382038599788242,-1.4457009116043347
-11.108092517787043,3.3809456209612465,-0.5736154486868577,2.8786925168929374,3.975595669654272,5.725620334856785,3.7089384180271745,5.282970134301284,-2.6277941063169727,-1.3548608156793212,-3.225849192799547,-1.8037290121664025,4.477462135578844,-1.465695234499034,1.2145466494285748,-5.073743965973626,-4.306423827360255,2.725337122257948,-0.9517288004653218,-0.17677453492460626
-7.11490879715795,-1.2357936088069468,-5.5460231579968235,3.572427510726955,3.379299622903005,3.944002275699459,4.614614782694188,-0.6687417444141859,1.0707402680239817,0.14038980385606248,-2.116437562078249,-0.4419899477658432,0.3631144038738569,-1.8632340557301466,-1.1235521115323497,2.0971431697743723,-0.7568029602853283,-3.704232528425499,-0.07023820559467342,1.9836612173684967
-12.238149713229099,-1.8618137174263514,-4.198446192813863,0.49947893129846194,4.375399804305173,2.4530073616143033,2.938589669729162,-2.1973183856457865,1.3916433894464466,-0.5187869684840588,-1.7916479175953626,-0.34866144054709636,0.4063405477308165,-0.5954480895144141,-0.34325464257830723,-0.531902814407609,-1.6702447131950162,-1.5550162908937062,-1.3406519626600741,0.32184152211965766
-9.853882939858616,2.344064214095961,-0.862304333414122,2.3523217261891256,4.895939961768304,2.481262866215163,0.9795571044539336,-1.3920920671585333,-1.050103932006358,-0.2500218844979671,-1.1192667077884502,-0.2689370159384458,0.15431066021941456,-0.02491851196899897,-0.4144810861797127,-0.355309822757495,-1.5207164026127542,-1.2089574116478525,0.23807295345904259,0.21599999268340386
-9.539612775962386,6.628026673142267,-1.3266218507142573,-0.38081090999347655,2.0651603492806685,1.0110831680960821,0.15312158337587384,-0.5132133456486224,0.9239973815747057,-1.8223913139473926,-0.1931421244302008,4.6972323905855555,2.8502072750475214,-0.8758085765683317,-0.6316064840532263,0.5847799056904124,-1.6276952788452557,1.0705905662386457,-3.851351657985145,2.01018828670324
-11.426339914959907,5.8452128478388055,-0.8178828986870632,-1.1668698963521185,3.845495365921378,2.7098256417191857,-0.5204738590370418,-1.4625430798864125,-2.6787794343513487,-0.6698666225912627,-0.25009191338852016,0.3647659852055545,0.5439602748620256,-1.5141620660027217,1.4820504067343623,1.4301989527725363,-2.016043753830121,0.2167009115002682,-0.4421057327644289,1.7228984726335772
0.8937919989221979,-3.3795003411373163,1.8333736789078796,5.637255409053293,3.8842478080286473,-3.918312842058924,-0.14508702872489843,1.194797531700502,-1.4604519761118115,-1.5596482500086541,1.8226179093811028,-0.23872207469984857,0.7455808041531418,-0.5042219738332809,3.862536407424601,-0.8563179454953065,0.757505307554374,-0.486774447680926,0.22991989928280382,1.120069953539745
4.5010445131760415,-9.821435822509802,-3.232988687430736,3.3058105302761063,3.0279666043837916,0.06928539569198666,-0.5365275971872818,1.3821768976189217,0.3145051246953249,0.2705629785501712,1.8622668791769574,0.23786248751942818,-4.420802117247382,-0.022021046252023543,4.021026244860909,-1.483341934535717,0.14577555686330979,0.5532886080852235,0.13135754134544791,-3.047142530413577
4.87173657351085,-5.887044152833473,-5.917872563967272,1.9647763178014488,2.8550620404389955,-0.9117833308100868,1.4303763563006051,0.304189750275408,1.0594496407810685,0.8810338792708297,0.6822192487839991,1.5822568362898002,1.4824259164535865,-4.432146388655794,-0.7681743636342823,-2.912883805816093,-0.590778779414129,0.49466588433719033,-0.6594146184838705,-3.0710885714290934
3.6082406026891043,-8.628723555277528,-2.1813248593209282,3.298528654481677,3.69234674959418,-0.9539198838000802,1.7504757895278353,0.6715508224475156,1.4498130308551787,-0.20165833103841102,0.9410624939237714,-1.0822599615721828,-4.197504138515784,-0.36451650642075156,2.6525114546525153,0.04688147524918898,-0.6501234135023363,-0.2353756621481347,-1.1959799909984739,-3.144643731014697
3.5921708925855294,-8.667307975829399,-2.26537693752668,3.251125657433807,3.714387702474504,-0.8659962859527663,1.6819906146266874,0.6759308501193467,1.3570976873377087,-0.2415551397529419,0.9233384151638807,-1.2102682710588661,-3.984552008653215,-0.3623112160418725,2.539184249612719,-0.1879168276420685,-0.6555295405639483,-0.1780462839475867,-1.2091911109889435,-3.1131419722672207
1.4583740481173724,-6.6761197393249105,-3.86830166117931,4.338352966732312,3.309272218995628,-0.40715637273246363,1.0592482515636383,0.8795982267606124,-0.19711883000918384,-0.09363574530194008,0.8320222125887546,0.4753711982807965,0.9044238074841352,-4.328739072618828,2.146684594190259,1.8138038656501643,-0.8024532111165078,-0.47846210221640667,1.3180402154437685,-0.9044037317243326
1.1495650052328075,-8.699261522665331,-2.1275188348694822,3.3960171796226692,3.8257524118936317,-0.10014983918366038,1.8946738002884744,0.2407712407101325,0.7359991817048432,-0.2980874020199293,0.37763616932734234,-0.3571521738640003,-3.0297683636428747,0.07467033728341466,2.28798232559812,-1.3939257384286727,-0.8162877237542736,0.8141325972644959,-0.6622825232985564,-2.396139269589905
2.0204154530495924,-5.646909939470813,-3.674275896719796,0.5133329991618927,2.495150926872176,-0.6821843729932278,0.9293295847383426,0.6911938261629881,-2.522939634316744,0.01333737281932068,1.4025410734877557,0.34445217724191785,0.9429307653490562,-3.793297201911016,1.8935565262515455,1.4010953980104497,-0.3959286673851754,0.3219894076810369,2.1504603898250765,-0.025403555088360175
2.1538357576173732,-5.976505634109653,-2.9418822835798166,-0.2864604111815006,2.570646749787133,-0.5405101284414693,0.6006809946803557,0.21954590912549313,3.4047601308215567,0.08141404840653832,1.3344834605084168,-0.30505928368173924,-2.9555564524078752,0.00023460578141559774,2.7274693255617066,-0.8236647022699191,0.8790551789944017,0.27537282169392385,0.1613648907990565,-2.5860885658788977
2.445241638129076,-6.7822042776840314,-2.549131602763463,1.746884387393571,4.677690471465754,0.789759863506648,0.24416804250530894,-0.4135674335682935,0.6341211572580426,0.3773857827323216,0.7843848117266424,-0.6137807454740749,-2.5253328971113183,-0.6729737756906394,2.15797411465417,-0.8351807815657503,-0.2521685417070997,-0.29834472517439026,-0.9339978301369469,-1.138839044207087
2.7750641355443415,-4.742112727903468,-3.8668675448392094,2.679771596947843,4.117813869975355,0.645854792808486,-0.3165496226913171,0.2018699861720482,-0.02284164683939305,0.2834108415211749,1.037383592136102,0.03999396958080359,1.4150252710500864,-4.224601725032481,1.7135422949595251,1.7940012264440206,-0.09655081581831126,-0.023982983739263095,0.2750630679025066,-1.1890400893692419
5.053674642936404,-6.491284545229869,-2.6256638160266665,1.8250868299728262,4.430571143079176,-0.025427666492760417,0.1543500878257572,0.08415690295500944,0.7873809926443516,0.5642330556756784,1.079300003654995,1.8998445030546858,-1.4081823118392478,-1.2845171307284222,-3.9657064730008256,1.3064391443196808,0.6383246081764968,0.6654773415747954,-0.7221654171886539,-2.3131676337818905
5.826606445158256,-7.189464573210511,-2.513511115503322,1.8720390004623106,4.89435383038409,-0.5087706540329501,0.624809499444189,0.06324636192978611,1.5065153431955771,0.2453835077308818,1.2865081712233586,-1.634270487986282,-3.335718099121326,-1.1500925516009575,2.438255091284659,0.5435384443798773,0.14392113346817442,-1.091757890566349,-1.4030688212328735,-1.6833878305013914
5.647317369632942,-8.115214928923198,-3.5299781191953246,2.815159209030428,2.538178490306378,2.1728323497330226,-0.9888557980563082,-0.5078095464716268,-0.9755772091433996,0.9465183062757457,1.875929971205613,0.6912566182032052,0.23801065574607505,1.5903006276719158,-5.336605669526234,2.5284680621379474,4.145922814521717,-1.267763933321572,5.917121068226917,-7.609751672871228
6.162551433145639,-7.703732654423593,-4.399717521454957,2.6182505870001513,2.8193514881149007,2.0852403532968022,-1.1691073012775102,0.5636798738897029,0.32992345751232194,0.8353225149752085,3.180928754379185,0.45347497152076655,0.18163054799983241,-2.921133333914566,0.2710757370633403,2.2164970290555206,-1.472651090039167,1.5400769428565075,-0.18051980501668363,-0.0786850531133082
7.326648462059801,-8.05501903183105,-4.878648521668829,2.544539006323578,4.169959877058652,1.292233642343322,-1.4433301308867728,0.5873358738367648,0.294919267394963,0.6117797926883465,2.181349365691986,0.15284051767432733,1.3196255101349608,-4.06121519671035,1.6892092036271766,2.6487947253149837,-0.2492460064737807,1.822883273680525,0.46598014623990897,-0.042127533036348086
4.9971970124532215,-8.696476614398247,-6.976041604994835,6.088234765059806,-5.449364628712619,6.706214053306127,-0.8646731408116549,-1.8058439276130966,-0.045000345004216846,1.320667188297101,2.5566968362719584,-0.6407890039405346,-0.10503192454850763,0.3000402051346265,-1.0258331180077032,0.17858939196458012,0.660354964866859,-0.1373752638888302,-0.9641738564519458,5.768867745176019
9.57974368205849,-2.970232614532236,-7.541813984804358,3.040642174072799,-4.178651876745782,7.604573167232289,-2.2255758933074494,-1.1947119846832015,-0.1757801115856702,2.0878089865790512,2.603524260780845,0.03470941300547403,-0.37633707230582697,-0.23016328580451095,-0.05467262133708642,1.425937346035894,-0.9201743509295648,-0.3500822858527639,-1.1012383735961173,1.3528815678592452
3.633469006077049,-3.671350537086048,-7.241218447559407,4.032337882464747,-5.474716377756265,6.0102901303583725,1.2828754604005024,-2.0662550795622447,0.43677536181779064,1.9713266626648163,1.1398684719742536,-0.9325406023010604,0.2155794254496652,-1.769900156885839,-0.4765140770395891,2.7955015026464674,-2.1830540222689367,0.12189650509704661,-1.359789872637534,-1.1117541757413902
2.9871030630777295,-4.090350999155081,-5.02769861623898,3.786390730759712,-4.8455264088504215,7.091548992332948,-0.39426144901611837,-2.9920805790290377,0.06414131685078975,2.2347510891452904,0.9758071789591806,-2.0854993070175643,0.9021859077686977,-0.5634774362613959,-2.4239056116398308,-1.1426383859675557,3.076222970728817,-0.7640249699718517,-2.1159363618237537,2.6138060117597393
3.4946075738392905,-7.824195746317443,-4.6440527649179835,5.535963578147361,-5.1308781264116,5.4342472004890965,1.9877309978912978,-2.1593824464838485,0.8162701292135298,2.174053457802847,1.4935939873184259,1.1232908432640483,-1.5139531166052778,0.2759529895700942,-0.1781353004094412,-2.8795136383124467,-1.4168613410540867,2.8733158770579488,-3.272631499982085,3.0953717318789105
4.756194774174814,-5.4193518157296605,-5.2786343665589355,4.196976176029679,-4.36317588433104,6.619846100216289,-0.07515181618539946,-2.8289893076788397,-0.3751879882038869,2.0616122629378566,1.1825939137934163,-2.3487787519607886,0.9518495272224472,-0.23377743181476462,-2.4696292691780197,-0.8996029973854465,3.3906033703756377,-0.21920300544792565,-2.098923023126301,2.989724248720546
4.474818131458914,-7.674810148364937,-6.187297169183643,5.497425518300557,-5.608300684957339,6.201265856964646,-2.229712227124207,-1.2193280536581903,0.07723511206557221,2.261547045162102,2.9273895221397606,-1.3912131090169373,-0.815092390026497,-1.9477283367760072,-1.2456734281525947,1.1142797094254338,-0.9729548663451477,0.35560093314428626,4.535678565217547,-3.469930705496406
5.790656033098216,-4.798893461850941,-7.042492715911996,3.961398205048365,-5.17215906864889,7.514821760755574,-3.03828411217078,-2.2269782395522797,0.7424831458054166,2.0929929816412103,2.5338017139266062,-1.487783361887007,0.49057987392390945,-0.49549815553621923,-2.079939116263342,-0.16088415244738585,1.9198334469184783,0.17397564330127774,-0.9561498976590895,3.729336538095554
3.8638388831374137,-8.199810655869747,-6.7643636888862275,5.637221826606806,-5.959463479008421,6.5653187250775,1.233932749605699,-2.155955698424387,1.6075632524242227,1.9902023407238283,2.257904054274473,0.25070977885261725,-0.8045018701242479,-0.6887115496618043,-1.1994281659957302,-0.5375030874156381,1.7973777679973444,0.7566033426703626,-1.375260199084084,3.9409932108192627
8.454889231223397,-2.6266775001361795,-7.405581130733295,2.9052706613325006,-4.621064242066323,8.047146671155403,-1.846486344045486,-1.37645104912573,-0.5273252245771218,3.008213367866032,2.5222719470219395,-0.3422522114724354,-0.29073704033864695,-0.5618094322247069,-0.7206803709350537,1.2758602707806928,-0.733411424554846,-0.3549582161156679,-1.14909297524793,0.38648889801277647
3.352063863996695,-8.559547397611153,-5.414752817429406,6.068600255784161,-6.423954824267279,7.095247319128841,-1.4919690465656719,-1.6745038819804956,-0.12036467838117137,3.023824581384475,2.8883482651777603,-1.3946779770692759,-0.0215431258837519,-2.32658100019395,-1.4446713566650529,0.628681534829663,-0.7149836948193976,-0.20084146251393276,4.900012446909695,-3.5348018173916156
4.641348687295981,-5.766416693453259,-6.374649064383965,4.500618348089978,-6.041421238742793,8.268198975061104,-2.1735275272782966,-2.531905933062526,0.9711480858352513,2.705128392204202,2.6168396023270475,-1.571737861214468,0.27149765205630944,-0.113356360307592,-2.717806157955355,-0.1014368846671806,1.6267906905830194,0.9444030763566557,-1.6265146477580703,3.8875774952889075
-12.505172623624983,3.2442422137344957,-0.7819081264800526,4.146011511174878,3.98721102456215,3.367490512898055,0.8210571271838369,-1.3213996563618085,0.8061317078731829,-0.6761982568258127,0.34467964704293114,-0.33466403742440437,-0.8384823144664971,0.6857308642134115,0.7911623870079266,-3.0072376321651175,-1.8663857489232871,1.5145597485303932,0.9409425792508488,-0.8292295972128003
-11.400920389471647,3.6702028562277387,-0.7285415813713341,3.6884824240966925,2.966786773766432,2.7959720850782195,0.51694180608843,-1.507294676579195,1.0582806516244154,2.28028898869122,0.9504439950641841,0.8573155308178413,-2.9328575988786776,1.3956109389066038,1.0754618180389257,-0.607950982416373,-2.756808193572748,-0.7007215853214501,0.5724488260772576,2.8207118804481417
-10.799136375514788,2.571790895316199,0.19222285277706136,3.654022077988661,2.372327886036514,2.907830938232447,1.7595203883977346,-2.1675483596289338,1.1530655811690949,5.123877272342219,-1.1046197812152172,-0.8802707715337198,1.9693778828838902,0.5348079987036233,3.2724085534735154,0.22880807980647996,0.3176593529094479,-2.2280799708427583,0.811375944141975,0.8666046979742015
-13.078926724470845,1.2376056695006379,-3.6390805254466043,1.7900354932872855,2.4384092689759505,2.8372874463946895,0.9031762631069488,-0.9216299424362546,0.8170723702976317,2.699812132809136,-0.4506306808729364,2.4428604747573233,-0.0912222478035875,-1.6427617564017414,0.8810762385822691,-1.0449926920208812,-1.685808792831252,0.6443432003190347,-1.9580740310903586,3.4883935098328207
-10.164023977497159,7.429620496056188,-0.28298561309783943,-0.690598063647656,1.7845263652747607,3.503481756420488,-0.8082603875076273,-0.5668415089465535,-3.9265984781307406,3.2704240612021738,2.8434049186785777,-0.3615205360351503,1.3403534083453783,-2.1437051555893927,2.3693009133242,1.641313360717545,0.058414471402977286,-1.188935295409881,-0.6699835556490594,0.6800265106219688
-10.938779341483515,2.241116261358876,-0.2796331388783725,4.531950405677643,2.3982298493686427,2.609872374253415,2.5217070251875056,-1.6775975259668825,0.02279001419598148,5.172174211284672,0.30530158667768437,-1.7298980899937706,2.3527674226418336,-2.6954664452292914,0.7413222189320886,3.1309186340732658,-1.4339907057469958,1.160950306560878,2.3029628330640923,1.4196273350072974
-11.554779653964061,3.650791319213006,-1.5025095752321227,-1.9675931037225212,1.1210907731756283,3.145716477968609,-0.18963928227327156,-0.5146767694627761,3.769421980478231,4.905791368198031,-0.06377873033951464,2.832507146974228,-0.2658992313560401,0.7442021461977844,3.4753891376568053,-0.14261336643517136,0.5140421602287086,1.7259698665921155,1.7702509950058591,3.2223351995502036
-10.87566463003408,6.1697563419626125,0.24589884684932,-4.020503575129287,0.6281502246090513,3.0478594401061745,-1.594365567266871,0.17996532915193675,5.501794924450546,5.28602573378244,1.1886604068282802,2.485010164101393,0.1378705705338657,0.16388309291131142,3.3293849298796343,0.04308793349770158,1.0001981617067428,1.7197750237235327,1.6876327106360227,3.7179421322391586
-10.692549601083844,2.629473477808252,1.3286954498996395,-1.2966032697766932,3.3025046694400375,3.581562460440466,8.80787398572406,2.1356815585665876,7.096563309740276,-2.4131841176291484,3.813091259058882,-1.2157507809211094,-11.229193435929874,6.922173176871411,8.826739815281604,2.2818531724336255,-4.160053076632564,1.0397992575912856,-0.7989214215537296,-3.620089284267056
-9.521996990801597,6.0983583595632975,0.9341096045477193,-5.855072330937768,2.5975363609025344,4.469200917340331,7.755943566068933,2.691242018686333,3.6167718499044232,-1.271101569389274,5.644557024970681,-0.3470526483613319,-11.713340099488033,7.567936000618785,9.43380310889701,3.0468586782348965,-4.280107326877366,3.172152794840164,-0.24474861911966952,-2.2874912543961865
-9.786009301089619,0.8898563143154627,0.5951917087559477,3.7960824868786878,3.911881409852349,1.957209776325251,2.2068477149967185,-2.1969765395704903,-0.7955975042046234,-0.35427067218441305,-0.4360698688000557,0.4875299072346986,-0.5613242006695911,-0.8041662587532714,-0.3918529724058637,-0.1323200905529483,-0.7637898056334462,-1.7288689891627511,-0.3543960216273064,-0.0588031685928983
-8.617895508177778,4.468206345999933,0.16206243285973665,-0.8014735039858123,3.113497330814055,2.7436038752183025,1.0782076638446236,-1.6693057097544108,-4.335233964377661,0.7694930690121853,1.3215165965960425,1.3456715658103782,-0.9492144341138731,-0.2576658247616665,0.16959516586068057,0.6179508901897284,-0.8916720672206664,0.3218495875090894,0.2439425002011355,1.34321531043005
-13.139072185355793,-2.4279752290980117,-0.34338142749630585,-3.0823749627776613,3.9360181060581594,10.905824943052258,5.0764033832236475,22.25808436272128,3.4871020415090612,0.9496629594871484,-8.769684476806583,-6.771576775287262,1.1452014129083974,7.665710209579026,-2.046464256730746,-10.715377288823543,-16.34169905867239,8.838903925018753,7.8700591504359325,-0.6199450562267912
-10.270197866387385,6.898243858407003,1.449823444799162,-4.388001828011067,4.959878752943231,14.589117787179188,-2.4204489425230706,22.426116547911388,8.873754051125163,5.304875803857852,-10.527464243962564,-2.712855087469389,10.139748115621524,-0.9965220449133254,12.67255628308913,8.097256024001778,-7.87531349448296,5.518949666286926,0.8634471142838996,-0.23213505080091645
-9.191908456959721,8.773400460443439,2.101589343165815,-6.314760079957731,3.3028058909736235,13.317966986607178,0.7004327354165758,22.654057768502597,10.289203484116127,2.9522319355867785,-8.441946724573405,5.2743317871881485,-1.552817606226222,13.331101201793484,2.89652659292831,11.347584240865523,-6.601209267779636,7.454455520312462,1.808826554020307,-1.6889122630016398
-11.21949105721888,4.604224974061181,-0.7689640310591133,3.8987136079397615,2.8881648418032277,4.2562619238652335,1.6492558819258076,8.265471846142248,3.439701295453832,-0.5053863280409818,-1.9890305373613133,-1.2962700594146856,2.4428082613894633,-4.630368891090589,-1.5587519106558654,-3.6500313383952587,3.6742924816498364,-2.2304246818757387,0.6036849800926505,0.1480443360659548
-10.135068152791685,8.370252503153585,-1.6626757237795502,-0.44427960167853575,2.8025952559779688,5.53085461271768,-1.7098502301585485,7.805256068331624,6.295570302192931,-0.16500596216359825,-2.0645492558236183,2.7115755317484984,-3.6244395423809648,-2.2120521266685813,-3.58920446887905,-2.7792122207763987,6.229670183528441,-1.6976854221613302,0.14478070489458483,0.2074724529633748
-8.50670175830041,5.1721131855790246,0.6492292236559004,0.8634442463168716,2.5511690800653297,1.6459087792449192,0.019058237146943574,-1.6452015819510595,-0.5641122351321204,-1.1100446222822922,-2.143346275683107,-0.22498191955951136,0.3574001221865928,-0.6776323848329036,-0.17469336339936975,0.15825072750411243,-0.5538669826986602,-1.297868214921297,-0.5516763608495041,0.3004145693665674
-9.810052196319917,6.536945523875549,1.2607872143134724,-3.6142980383262837,1.989316258012131,2.0736239535394327,-1.6759640911397378,-0.2405441011644577,4.204211014812553,-0.06122691325510421,0.6681546797108315,-1.6018929143076068,0.8919037171329574,-0.066027002071674,0.4893564104889293,-0.708008087391691,-0.11245670508047123,0.10326923138630562,-0.23295642556323548,0.5693794721028074
-5.992444569121934,4.3245322722225055,-5.111884858381804,-0.4431401229764499,1.7490206091560436,5.1986741205531155,1.2869421545776252,0.12590796770689347,-3.6297026945318986,0.3901352493397372,0.8461155085874768,-0.9327972202456738,0.7424691802944271,-1.1341780341978773,1.6539705655538195,0.8986878085978274,-2.29952139350894,-0.014281168108941145,0.5699872058086295,1.6777762066464201
-10.098128514359715,3.9074801074201337,-1.0198678134363468,2.9893099053657703,3.7228907193228835,2.0670536313896033,0.13026444468554493,-1.3134531720035143,0.9298546357130488,-0.7627044971079922,-0.2631050372283354,0.5530835365243633,-0.6806293360370991,-0.16570886815931857,-0.6950171301897522,-0.39822829136609,-1.72060210708417,-0.8427461440778975,0.6099050048795317,0.06628420432271553
7.478872841543875,-2.0605898903654927,-4.632424090851913,0.2432865141810312,3.744112872290589,0.22861745739520484,-2.890495266047037,0.4294149250872661,-1.0146567510232092,3.5958120264343565,1.6614017117095843,0.8909417402451909,-0.2602465389586879,-0.006996217427839541,-0.5482427511910436,1.0074711110658308,0.6590533976421681,-0.3189469955419547,3.314031800202399,-2.2388930819257027
8.92106054206793,-2.7286605647091062,-4.024292628270572,-0.23166846628846646,3.8182342034518646,0.21476801079859376,-2.4559887439062993,0.18698703384328227,-0.8936146807183044,3.844111274833416,1.8125429926502827,0.5486451942640302,0.011193232306210665,-0.5515157310734513,-0.9151227172573178,1.6706498907144804,0.6134883498707578,0.49695291858463897,3.2685817938929604,-2.5332316286399315
5.447465825749308,-2.626851916016488,-6.107860946609208,0.5866705764059359,-1.6597536856104123,2.740045302413388,-0.6460641914989617,-1.6048408042591091,1.7538744382025833,3.033062994372508,-0.8534048157826628,0.7810819410788795,0.02544025493353959,0.1167299510355958,-2.68727479281586,0.26980799848484216,0.9829073645990387,3.162482904886496,-1.1172737189200193,-1.0780315966453546
5.801876806569418,-2.3045293837835334,-6.047049377226905,0.6883305344858657,-1.7940182298949512,2.743193750701873,-1.1790687219573641,-1.9242557578709532,0.8797800152017482,3.244346716522132,-0.6243387666881801,-0.9481051329342018,0.1644034639537368,1.2468507537344244,-2.7464189854509495,0.8099111583704612,1.3124188597112045,2.8736296477968057,-1.6739630455573504,0.06540530260778428
6.993712266687963,-2.329099780655373,-6.350523963813123,1.85363044526534,1.185061425926079,3.6954863871134194,0.8471105991702211,-0.7482869980679259,1.4889107889827666,2.276865694713049,3.0990053698701345,-2.850495736722042,1.1453431722306473,-2.0297879810076536,-0.8079379557180109,2.455038052304819,-0.8946009269228166,1.0215866312230364,-0.8006158361378746,-1.6379307384263098
4.7281128176112475,-5.534100051198058,-4.787859800470024,3.258659208293471,1.1622935691832281,3.13542437940755,1.2008308209954894,-1.1541406595570447,1.4614305597725243,1.276587295635359,1.4662721416773001,2.5546018510754314,-2.7719040623004183,0.2096669320659551,0.026647244488168437,-3.023270428029128,-1.0211581045552276,2.507725340497884,-2.6169379168449254,0.15953681706893352
2.953857422009068,-8.89886046764071,-3.6281385481314716,3.4746383722452396,3.842229581345714,-0.08364730816046873,1.3631206515511896,0.1840743659157938,-0.4010731944333153,0.2831330271782208,0.7538261950873505,-0.6997638619876856,0.19785480140730538,-0.9840766436276983,-0.7153216691278639,0.019325830825361545,-0.8883014213270006,0.3933433063326994,1.641274570882953,-0.492517037630639
3.004626988535778,-9.293579780161167,-2.266271551171716,2.979304182424534,3.8848810047574602,-0.4118042495475989,1.354808526755259,-0.07052065540263447,1.1771347535254546,-0.0022166892250117254,0.45509641563050596,-0.9010368394641506,-0.20137777285329878,-0.23194231670278756,0.32298791565431184,-0.9061826024451092,0.22895292834572462,1.238181811557614,-0.4106838442045721,-0.8919225017139973
-8.775096974431468,-2.0918539521695236,-7.760633191515264,3.7371762750673794,-1.892424819464306,6.134833503741466,3.404545686996721,-3.7827357068645626,2.6728673439897905,-2.249721326208382,-2.786688339576526,-0.22105659511829678,-0.404788189535572,1.2544110696274329,0.9448792844349176,-3.872897642849092,-0.11471188138522934,-2.2341030022393706,0.4196551328886827,-0.9876984881350238
-8.429205792548299,-1.8956027655772343,-3.3516740464718904,6.354278544435475,-1.4142885272662278,7.378352295795439,2.3251137796268257,-3.6065925701255797,2.366591383658823,-2.3005655902242297,-2.742606809517483,0.8417460234865164,0.367938542066238,2.5305604390668206,2.756258903832797,-3.0784148144364307,-0.4910715790440095,-0.20559584725782123,-2.220817047969272,-0.65574478946355
-7.272107813032311,0.13153239273342496,-3.468834671587698,4.8017925332468,-0.6515785851561803,7.799116688032136,0.8711260872417415,-4.174371895608568,1.9908718852089036,-1.9507529946560835,-2.6992646506730855,0.5859783351335912,0.3968962700796844,1.6107647378430572,2.73472145821653,-2.1482472717898444,-0.17869033407530044,-0.7899334579440002,-2.6066318592295596,-0.022099576975662116
-10.137308175601634,-4.202010715109987,-2.443429287972374,10.781668111017655,-3.6702083406875485,4.348347966380906,6.459769481891515,-3.9533167990070863,-1.1826754194014226,-2.9651557998819844,-2.6440416753288827,-1.8780851990711658,0.8509775304790468,0.9094008496540458,1.388271667058163,2.3331664050830945,-3.3433177974502497,-3.081607135973595,0.6899514418378878,-2.8111889509889902
-7.55342709826453,8.91471027465582,0.7811751949888327,-4.451474551581563,-5.406586095013752,1.145527137877437,0.0075999748782592524,-2.9119543169524604,11.240811174093576,-0.2872406975453503,0.9237872283790795,2.0809420954250744,-2.2247802816023565,-0.6405036554346134,-0.31675920797319335,3.2932936092108602,1.698663722296626,-2.337287445568485,6.391109746661668,-2.355283399724318
-10.398289848060083,7.623434128045753,2.1686170306870136,-5.572055356698109,-3.2535893951494916,-2.896521923806482,-0.6156403192012556,1.6323003404996004,8.165763338164417,2.336816494352449,2.213478756752528,0.8941334001203918,0.42478518717840735,-2.783227779807239,0.15160362184394527,-1.1079337036088572,-0.32191549758977944,-5.535939955229061,2.61549874314691,2.530429316103453
-7.7150086934394455,0.39248629815488645,-7.5729797987905565,4.43949662850855,-1.8688658375023495,4.430677287817066,3.0642218482356807,0.08290868249872042,0.8300402446261241,3.0394932141132287,0.6188007596964029,1.7910497573157773,0.11190737794264444,-3.04819188082911,1.5261721497719294,0.11414781222892434,-2.9865651960267683,0.10480994237943023,-3.5582584550269036,3.323588047863349
-8.483559569828483,2.769933852421868,-2.420122736964043,5.830015784076171,-2.4747679777576246,4.358727048364413,0.07265615640998332,-0.11571820332554036,0.8116683200238561,-0.1845223889899528,3.943088036218554,-3.4809603046559987,-0.09222532406713113,-1.6624451629118706,-2.8415987342883016,0.3109268012274057,-2.4953843267473665,0.7932937912526752,1.8171889106157069,-0.33385351802059215
-7.712686139345774,0.2385381482673471,-2.4573220795760635,6.912319137869482,-1.9877000132454221,4.986543821609056,2.061994116187355,-0.5839959761639373,1.1615666196841148,0.5565541456217374,3.1454697185696974,-3.4236487855991014,-1.745528462181262,-1.3241510398423482,-1.4797932869630943,0.43728448534750014,-3.032607854848098,-0.5475564820370757,3.1608469752675843,-1.9810613058559687
-8.528798712503303,0.3776753343142658,-4.279876531669078,6.672524958048486,-0.8430460447260065,4.309876639777671,4.194789008331638,-1.1353126024225317,0.4659345358619593,0.31278227805157366,0.9163363159446707,0.7089802681513433,-1.7592599885927314,-1.2832300407732562,-0.6925371939884168,-0.6725512369250641,-1.2312973099336553,-2.9412591013980083,-1.0087713123837598,1.6467934691702852
-0.7568115677737284,-14.041318731325891,21.235319040517,-11.283078342351828,2.0662550989648887,4.811654199723331,-0.4902454605740525,2.9511165489116404,-6.835704264234499,-0.3245557698186404,9.171176562677863,-2.3224765710930155,0.6028809694088977,7.2849671484079215,-1.9146879371435537,-2.393377422101219,2.7879785420362575,-2.847772403193468,-0.08843480440019624,-1.568824022226135
1.24826434757499,-18.555927967309295,22.806073086997095,-17.09075532857267,1.1875979414977866,12.86882942569895,1.666495036619815,22.9015961938159,5.509195143834081,-0.8272426650067204,-1.1792409627873153,-7.670132030659278,-2.6189844371942606,6.7228799954393486,2.8759672060744395,10.758295218197697,1.3517062133443805,-5.226352205404053,0.7617857997264513,-1.91176699259083
1.593027701691203,-15.995524674218728,24.66900836184054,-14.00181059648409,0.17866916930276933,4.860054088245461,3.8356704487260957,2.413714639149348,-7.094451972386894,-0.210625431242413,7.479872594489635,-0.41176647888249807,-8.84164014599833,-5.445051838748375,3.8667401034277376,2.104202626996922,1.0293414351551318,-4.561578755895495,-2.6200613152541616,-0.28555370939255076
-0.12043312648739024,-19.13614985904226,13.75412719761823,-7.235156966187648,2.0017327434682635,2.2043162198307864,-3.5022877267160157,-1.3632433875934753,-3.850839981732852,0.8128999963660853,2.734438792091769,1.701525278989743,0.02001678789225588,-0.09737587984989243,-3.3840913199779585,0.5080487801183021,0.44585531677068896,-3.7586968439368427,-2.5455045031443224,2.026738446772645
-0.6986807890202904,-16.991795680705962,18.56882409382301,-8.576441555422996,1.4008222503909478,1.3047471772362282,-1.7954447274278866,-1.8168581876747645,3.625936538175518,0.495604698928262,2.9066507980490677,0.936054731295074,0.27940393911021955,-2.5393028638891124,-2.1188075016700814,-1.9430983208425827,-3.2711436126974496,0.6659152947764404,-1.7348534515776715,2.011777408369822
0.13794828114215063,-14.175780127986918,22.32368178379077,-11.215459122488914,3.726012156887875,11.602093060158843,-3.8403391935829365,21.90552703934195,0.7160304626302988,6.191059143931488,-7.793320797666022,-0.16701015094866545,8.718774176041308,-4.779996150233136,9.102252512395111,3.7812004428951558,-8.501097183368962,4.42442931470327,1.171158676821881,2.7667324944618525
-1.1279301924210046,-13.24931237041169,22.274809876610846,-10.987247396560424,3.369769150584164,11.585987089071065,-3.627357841966404,21.93237962848336,0.8941731467755352,5.682671220741945,-8.090777330489583,-0.2827293802243048,8.456748176521089,-4.4807275073785,8.695908876363932,3.971006491699328,-8.424064449940781,4.826062782092958,1.205143044001391,2.239646555979462
1.0744729161976865,-17.29599547429917,18.537338274271715,-7.717133756804275,1.4371707028461498,0.9324453544021993,-1.6816946985883976,-1.2824090277449796,3.4844289492152516,0.7393931665243648,2.7255104775270578,-0.34591739108314673,0.5449656121911022,-1.3317835696584548,-2.7179035427212623,-2.4011355306034887,-3.2971855158955403,-0.5623834989538041,-0.7976108290071297,3.5201924195542613
0.22797475232764053,-23.056641006134527,12.749186875307489,-6.651918475768229,1.3893005215149898,0.956869375130222,-1.8511400921650838,-1.1206437128073348,-3.6029560515237202,0.6993462867332132,2.711611976355295,1.7620827232665923,-0.08476672301173495,-0.42765462799313536,-3.011777690323989,1.4094253820255214,0.3438508598411765,-3.8090138039729142,-2.710576475334813,2.1738778981052724
0.5388007836879674,-22.88309115721715,13.79516054166744,-8.957259844220347,1.2239470095550211,2.666016564797515,1.6949392272323776,2.8517822164585325,-6.757274014323721,-1.510329863624366,7.287062688330371,-0.7720651247196302,-3.661162647225131,-2.2291652991288786,8.629482171109796,0.13307577710984697,3.9801010932836767,-5.048367365071624,-2.9092816620615793,-0.29663558378058186
1.8848746049365797,-17.403079912823912,16.797494239248344,-8.624109068871737,1.5485713567755728,1.023117065956302,0.6306981010725996,-1.4583885208892746,4.363679496626996,-0.4768436558024155,2.935128351137314,1.5245685545254943,-0.419539551639477,-1.4317864233605486,-1.878221688077342,-1.4668287798544375,-3.0094955910709693,1.6263547379854797,-1.7749124573255934,3.1077241962890714
0.9317472138904275,-14.28631189792484,19.71360839552101,-8.353324875885932,1.662089003273564,2.3247746330019554,1.0025955046267725,-0.8192682990173128,-4.585792643762535,0.0371371031060278,2.4742226528091047,-0.5998651094410147,1.4433839293237072,0.05909146186214853,-2.3177889515454955,-2.0068801687147455,-0.4601114617062815,-3.0853691136776016,0.3695764121248447,3.162924191022264
0.892926422742174,-16.824163429189973,16.81650638670644,-8.822595981879163,1.2961093923656604,1.230611625099829,0.3152434344066871,-1.522228051030943,4.62134490215376,-0.443341320315791,2.9339488623534944,1.7285064910808519,-0.3949151576436348,-1.8641987425992186,-1.793138149919753,-1.6480083906786993,-3.0497539757407806,1.1680399959610228,-1.4887725519705404,2.6863772648934825
1.9121784237782613,-12.401446836938014,18.234396782290467,-9.008780724586869,1.2924997454790548,1.8136238747922857,-0.5376128297043978,-0.49519627048920745,-5.026766758601222,-0.5186542153343373,2.8671055967410313,-0.5804616943304057,1.3351351743069586,0.5083016037568532,-2.225249065740714,-2.5250392172267797,-0.8040093528022447,-2.2926748490670112,0.8739989534036512,2.6165130566005876
1.1185861029688866,-21.9343589223713,11.96637543358724,-6.605354656385887,-0.6088586079632611,0.6688328809531965,1.0347973233291843,-2.089355898442601,-5.306808987417135,3.682053151733628,1.6594259782757335,9.411600339317618,-3.034454704738788,3.7526326991154653,1.3424587279363807,3.200935082425178,0.11914545528507137,1.5958312870268945,0.03089938523690905,3.784553896773896
0.6324734896604823,-14.742889968645056,16.90137906226384,-8.972146631176166,0.01935122690184443,-0.8141529693734878,1.0919115410819131,-0.5842519577550873,3.6338482071650486,3.4402003563901262,8.162001435584498,-5.639200277130479,4.0669258993093935,0.11411383284724341,-2.2871407314332743,-1.2769030706150595,-1.1113859267416,-3.46133399440582,-6.313305513379243,2.436246103966657
0.7250056747208046,-13.393349982472557,18.720701882665487,-9.339836234473996,0.535720462303235,0.3515738593671657,-0.026374744878942424,-0.4601938636614761,-2.4065768160684478,2.1172318732170723,7.539293628794129,8.853398055906878,0.48878252501840325,-2.774447614756196,-0.49222761623241895,-2.306669957857875,-5.026026684293989,-4.391897337695532,1.8053868091615042,4.588957254695988
0.8720061259453045,-10.520616819511027,17.240981863338916,-12.809622254958343,0.15037000258533006,-0.5556863208287377,-0.3076736967810516,-0.14194495822767228,1.9105725620158078,-1.3130613361371533,9.984320956104678,11.925804528168431,4.844496179469736,-5.229525219831902,-0.6440593819443488,-2.948191657745763,-4.902577945268608,-3.9743800377627956,2.224388200257827,-1.6765789159034266
0.8100659361761984,-16.83772084580216,13.104464930777784,-10.575552808954928,-0.44004782266599063,-1.265959668465383,-0.19056209876520214,-0.23388857140651975,1.1483261662329631,-1.2920711738476673,8.569700320292252,9.818659393911492,-5.294957353845405,6.9941710291493475,-4.3528477145235085,1.2883811698002106,-3.1555121396764463,-2.977417508300192,-7.081340988410402,-2.2212562615821887
1.7112650477746354,-3.8470747182322773,-3.319846112570026,3.6152594607074153,6.5356379130454325,-2.0253828893881547,2.6144149480262917,-0.5988116648630032,-2.243508632589236,-1.1612849212948975,-2.0376119791714227,0.03173132137424736,-0.3328391044243334,2.068804148042762,0.3536487383448512,0.6468350203811921,-1.3349946606836414,-0.04927856048733281,-0.7627298832191075,0.2955097425113268
1.059999823633598,-3.516135748685957,-3.0357706576119936,2.794668235982068,6.348112690189957,-0.910836640833282,3.033132377241335,-0.7823574886783968,2.0082642633137726,-1.3793234873203393,-1.5799622738428676,-0.311726380214405,1.1097757000215394,1.909268005103602,-0.06260821088007992,-1.2034796282193854,0.006579035897943397,-0.6535276430168637,-0.06337063229760587,0.5974535863373667
0.13092931511636707,-2.68279351402375,-2.953637710003458,2.746972435989651,6.156567672022826,-0.8972020105349183,2.753821545349941,-0.7395878696214422,1.7391862537250802,-1.5570528626352946,-1.8011940135392066,-0.38916764676746596,0.636828927286649,1.8626515276062308,-0.030444527088661175,-0.9931472743908537,-0.4563942322823408,-0.5592633354234702,-0.3356818497111874,0.1666831244013897
2.261538772572368,-5.738777278353843,-3.2655055155675203,5.121663968328992,5.414803619198351,-2.8691843159283366,4.691845447668627,0.31711122167223565,-1.8375392382869862,0.43228348965615565,-1.4260509458872463,0.07601076163761741,-0.4691143544585687,2.2678459432165035,1.2927390097029932,-0.038507205243463516,-0.7317412222987051,0.004866093775363622,0.11728277375594803,-0.5336725481186028
2.1674407548953476,-2.667096483325672,-3.202171855804436,4.243964501478751,4.439836969261632,-3.9747349890732515,2.8815220089087825,0.6239693509901869,1.2664558502050094,-2.718017601042764,-1.148181745571621,0.49662407910186535,0.5331527589047463,-0.5844569729556948,0.8092680402961995,0.9428898428492183,-0.06468968831599431,-0.32234880116166026,-0.2520689704643754,-0.9574235578670526
1.0330414132151498,-2.070329101026613,-3.1193577284195753,3.932486636104361,4.298850484810548,-2.2051739428103514,3.6757193716269936,0.7113709584952619,0.7234536119230763,-2.8199489946487852,-1.2018188766943525,0.09649574193023802,-0.885240019723533,1.6219625283854116,1.4293736890119733,-0.25802881689623247,-0.7204568112234453,-1.0393220287116822,-0.5170089103865533,0.348991981420671
0.8177880703655644,-3.7232451230081605,-3.062120827371285,4.379045530338546,5.394739962836119,0.8089772512833007,4.017505009742572,8.696663333392234,4.170571141061912,-2.4640233471628026,-5.802758028042506,3.4456293724173293,-2.291594227555998,-0.2608940422866842,-4.974257363975337,-2.6031306068002706,5.2511367709803025,-2.4900735440566835,-1.797630881973405,0.6180556490991851
-0.06301107749366058,-3.066059893958848,-3.1281882849794034,4.3322345968578135,5.227378379945392,1.0203210860692964,3.810901295900152,8.759166975828181,3.998398653745441,-2.420330739599853,-5.794864763792884,3.4496511114093167,-2.520837009836818,-0.26795704480091365,-5.141833165804153,-2.711762815557998,4.957441735320029,-2.495882847370483,-2.0401730478187172,0.46502595964239324
2.4828768398001646,-3.225496462643517,-5.87822189456273,2.1919465543025427,4.717761175560071,-4.321779206940124,4.86943674611771,-0.5970659021304368,5.108763693108061,-0.3298320002256655,0.9126753439516843,6.0259214288484015,-3.289427739987401,4.927725443842606,2.964880789198303,0.4986449192522374,-3.4460981102485553,2.3702199008444085,-5.399879840035521,-0.21631633717536602
1.334447901440655,-2.6783506935418515,-5.855890428026704,1.8713750676194265,4.460694415840944,-4.113874371858927,4.825236494910048,-0.5471908238136325,5.1491950236282085,-0.4395791788226582,1.0373517828899146,6.865989061902275,-3.4411016620184633,4.971730637788797,2.79947998771567,0.5957648905437429,-4.07036649273858,2.342846617831795,-5.585418062762662,-1.1485784487353061
-8.094767168255,4.099723265347136,2.939893534765259,-1.008323319764257,1.44777211733127,-5.665187233503495,1.6392472655869503,-0.48335507117998855,-0.6975338962824473,4.712133804676325,-4.06823527897229,-0.9439271699561118,0.5102262077972356,0.575174285171664,0.8554388948145062,0.8262220398732899,-6.119642792221478,-1.056250535167269,-0.8215883706767416,-2.159332545587918
-6.43949606281422,3.421152685401583,2.7365026109862143,-0.9818301954642425,0.9177941567912631,-5.333170011380978,-0.5609625312933308,-0.606549779849384,0.18981945861703042,8.932124969404413,-6.1233744054493835,1.0740915856761888,2.0246442007899503,1.0096483390225997,2.684505077447848,1.0787601197153724,-1.9511489437290397,-2.3413272037881496,-0.8226642562556524,-2.7844555634718517
-5.997419820373869,4.83411471408564,2.3327007205647337,-2.141809032303377,1.6865349111659298,-6.412619928884033,0.1580899481893272,-0.5109325155885979,-0.9706901941344074,4.344373962663431,-4.0099379740428285,-1.7612411070160279,0.8610844262429784,1.2291508837281202,0.29384898303354445,-0.04375936386247076,-4.546262145134746,-1.3249247628023673,-0.8598262954795337,-2.592509218463833
-7.173485241193971,3.5497533016453646,2.6692000775820217,-0.9054658248540663,1.694426014762366,-6.402686733432738,0.3904145802295369,-1.2807129596828957,1.3888451213683382,4.916410329654472,-4.148049942064573,0.9819231974942557,-1.0182987884243377,-0.6482897167595576,1.5337272901121253,1.1418693952432082,-0.7192499370753216,-5.9168711074365525,-0.8224465673131794,-1.7750711040774874
-6.563629134910531,6.641820593188516,2.914451960981945,-2.8406595104195387,2.3290202643056706,-4.602383946144636,-0.38087138451396074,-1.5108723428524757,-0.13747166110234488,5.061910881460525,-4.0155620529233085,-1.0413849185991055,1.0273934664382445,0.40252686910862995,0.07265574190608713,1.2579075935463817,-5.062589756270691,-0.33427278149682577,-1.835477444801409,-3.155861796683847
-6.839698879866596,3.4286263978933293,3.1591416445896687,-1.3643870641781723,1.7295917332834236,-5.522843823649801,-0.311961740474348,-0.32218503658444025,-1.1823735381331681,3.9822805278685363,-5.361527678388388,2.2188538119122474,-0.3084836940538742,-0.7369489958848525,-0.543667912594965,0.5820989228154467,-3.608107632283092,-2.662364881758697,-2.351210967498983,-3.3867190587657467
-6.874254000290861,4.108812402080638,3.061410656323927,-1.951200664626568,1.473780057167057,-5.485690935652007,2.8645659739905156,-1.4464118000759014,1.240245676851545,4.167480649361527,-4.486806272780603,-2.3022151783913296,-0.1998962141691087,2.5299184449548493,-1.031642239019217,-4.427369085847476,-3.023399370597364,-1.8380903907338544,-1.9771029330461416,-2.6539454351706353
-7.745501958598335,3.089193540442516,3.009418791269997,-1.6043557559738435,1.9650196727034566,-6.7248395499762115,-0.3361729887445126,-1.4992863964276506,0.650756434967296,4.236241915844703,-4.836235255594136,-1.7844043005734864,1.5237518900199176,-0.50663079763083,2.2649864564773097,-0.5251701067110464,-2.2266574668118038,-3.6331453733917507,-0.586671669653014,-4.1467823505553465
-4.046066681311107,1.9384598181798562,5.86072144847466,-4.446686105974568,0.8425285195181239,-5.709370071878647,4.804237771246434,-1.9231318972564826,2.7938598007124424,4.640335039075852,-5.097460485411677,-3.9071778433891637,-1.277681190915738,1.976321613030776,-2.5289272721606646,-4.048525952388496,-4.1297879017033985,-2.521680099886194,-2.698901752745739,-2.291296127183953
-4.795013328662692,3.0795560760398137,-2.998858511028797,-0.6916572913933812,0.3497552384172814,-2.7608790022678336,3.277846013858766,-0.35648335245525614,0.45267909028918085,4.429848363213953,-4.366019194174173,-1.164683894123258,-0.7531107216220096,4.264834726209141,0.26276262747921497,-6.730522316852456,-3.1198122866485702,-0.8193190948208604,-0.7115303025999744,-3.286829637661031
-3.7576251121298467,0.5270916847419339,1.4259246644721078,-1.0425510618248592,1.2324774880793175,-4.40947009453431,-1.2536266729508256,0.23787822157564148,-0.2705484224365252,4.083472128958764,-4.183083446641194,1.013325801297174,0.41314213056794274,-0.4164786330694936,-1.235164402129986,2.335144763319611,-5.768778334039561,-2.082283849389319,-1.547092719949139,-1.2812327114479631
-5.520246951131231,3.776693771106962,-3.1314880262009295,-0.928466329603687,-0.12829668965293206,-3.620862376458634,1.5310128709583022,-0.24540559630631392,0.5627219313535248,5.306380932815753,-4.472705526253215,0.2892858706929222,-0.748167665230125,-1.9978251293236684,1.0191580790224513,2.580832904858123,-1.3359462687914958,-7.964375314601609,-0.3690376368022549,-1.157606140742276
-6.059793714688578,2.4407259457144255,2.8862516306681756,-0.7049535199572197,1.9107449860737236,-6.31682288675297,2.1181907614277304,-0.47035832357726337,-1.1313579341098814,4.577120307338722,-4.08117515528598,-1.2173727761809445,0.4995121844776934,1.2393309843003517,0.6574661176009909,1.1673864389101705,-5.873907939870261,-0.17284985772717032,-1.0751559197328202,-1.6131727191975647
-8.120252492779962,4.870748412118903,3.4624975703268897,-4.192505267735081,1.3772113785184779,-3.793559227785033,5.478247308103768,2.2061683268651024,-5.106540910107833,0.6096275835423022,1.9151599605243577,-1.9409088990676213,-9.421742833829027,-4.9901386583143434,9.935186905560965,6.727700756408456,2.7031578688515454,-6.915484518437104,-2.0611467869369853,-4.592777944725249
-4.152671121394318,1.5327690760829715,3.551641630293963,-1.5746089845378313,0.5244447061721094,-6.200068774121002,2.1214131030119545,-1.4609151096395157,-0.8253358868152292,9.574028963542023,-4.393032969403624,0.34463075301181345,0.7254383830452479,2.8885839630031698,3.209168272898721,-0.131430584019181,-1.2210327881729197,-1.941249378828069,-0.3946605790226005,-2.0653698958971924
-0.8286439638083356,0.32826002928318593,-1.759580059789344,-1.7433744310286292,0.32699467340290034,-3.874901193012523,4.146518828685425,-0.8962472417360934,1.2368130149522034,4.018912559227686,-5.294903272714013,-2.2589605503409844,-0.7506053584821266,3.4629974572305615,-1.156580926359528,-4.025176481242782,-2.982977247684095,-2.41657281712637,-1.3688129274933163,-2.7352905115666144
-6.138958928428012,6.222417957963225,2.744375673400886,-4.266666463850058,1.0448114320320818,-6.1512538252359885,0.4171722088498284,-0.2193223252141529,-3.4321613227762415,4.797912536374568,-2.5076155413298453,-1.8003612214989813,1.23903288639996,0.39200062018220866,1.2673040640579978,1.0783432233348589,-5.032693591498733,-0.08152247268195945,-0.32617971289493186,-1.3926640434950168
-1.6333005245161003,8.12117621408504,2.3302591848673937,-10.726795199239124,-2.3963393614468833,-7.3857380318444275,-2.612479255347461,0.36447438218625916,-6.747699520184602,8.462671201440916,-2.883727857980899,3.4689067750996205,-0.571374684511176,-1.208178404398321,4.244376842081319,1.6183858652270333,-3.706087918618872,-1.6173648951592816,-0.3086712291112185,0.9435817247384156
-5.368436664038331,2.5339947272139973,2.743737422665564,-0.840832807880398,1.1603235675752115,-5.721462487558291,-0.45071930228390467,-0.5738742480852309,-0.1034813509162153,8.772852773526495,-6.205286174862335,1.1089636582555165,1.8868234755297328,1.3677992904271028,2.4461923259427683,1.2476933940449964,-1.9950975063503937,-1.8840740515055014,-0.9070932049411802,-2.3871317067607802
-2.2803589278910823,0.2668676184169126,3.930531200135006,-2.087308422987231,2.1316308240810695,-6.6893108846725795,0.21627643161081744,-0.7917264768336125,-2.149002340723213,3.960276411587217,-6.074310541312437,3.0333669592018584,-0.6432503450364162,-0.4668382743616952,0.08015950676015382,-0.4899215244192887,-1.3415073138290239,-1.4332840135680216,-3.051225545699159,-3.7668227352897863
-3.261384100897296,1.1146948803268204,4.088458952181106,-2.319265216804414,2.0067224029200816,-6.497036688349714,0.13238390140162148,-0.8714940097372377,-2.0152220538116303,4.016353417970839,-6.090226555461397,3.107514743232331,-0.6085714841912067,-0.7456921252319253,0.17742126846663228,-0.6712777776616352,-1.260739105938562,-1.6744812296645597,-3.0806234183204584,-4.113158553838812
-4.929501178029842,1.354777695611858,3.8388530997722126,-1.7216518120756517,0.5575956408403636,-6.545971055639004,1.0600135037096832,-2.28143692730342,1.0778193145078838,8.824088632858913,-5.832183305636006,1.373198048113135,1.594910073051533,-1.8028287685380484,4.5081664612517915,0.010820695025481997,-1.9024376671091587,1.3129352996094052,-3.434902723176825,-0.17772748272098626
-1.2615061428342407,-0.7147619474044068,3.8908903090397633,-2.151870420530161,1.792612451874957,-7.120227654335935,2.9756231266129514,-0.9987718524035414,-1.9754810530705673,4.6024444271648,-5.077083694338574,-2.1693872579449476,1.3536777616707845,0.9673631217998163,0.6682172390784862,-0.721260157830736,-2.3361442566909587,-1.4062788173830278,-2.275794061114195,-2.8556789415578976
-3.4183504828008338,2.077350489679138,3.432096765248356,-2.0914755545369634,1.2318278488848293,-6.320517604186118,-0.3784890983635334,-0.4829294906296454,-1.4733961562275868,6.378869945481536,-5.232005427692174,2.5658752967408813,0.2657660490330754,-1.4840444939824473,2.1152713177429803,0.5289464670502536,-1.1188179429156375,-2.6239915629793167,-4.966377677899752,-3.101167831721491
-4.63074797719427,2.8744341027240097,2.9276110028203526,-1.6324420126459958,1.3283545866814073,-6.043781318156798,-0.4405106121238025,-0.31659039617211915,-1.214996067711502,6.368605493826026,-4.955263422955718,2.1299134687459986,0.43332347890745343,-1.299677451920568,1.6470541982801914,1.2748402338487714,-2.1729805309241366,-2.7766566874143868,-4.565066034235768,-2.612360226383872
-2.925722485873616,8.486493885142915,2.4184829796768446,-10.320612647489599,-1.6224139786846035,-6.49934746928025,-1.6321251078660526,0.4774921069768043,-8.262135299965529,6.349261487565477,-1.8751169570780222,4.027493215422222,-1.6658148353362145,-1.6828825839399666,0.4694347107631168,1.4400678581804844,-6.5663321350018125,-2.076779430483361,0.027486484605202754,0.4675680538443715
-4.711238376486591,2.8140855632642348,2.9874938355426774,-1.5057631856812912,1.2031416675622917,-6.0457297847426155,-0.5189564494410847,-0.19931609867127692,-1.1819726124385952,6.376998520034183,-4.92749142884948,2.1345065223014057,0.3716233745752319,-1.3127966581179196,1.6919744849434653,1.2396841361505726,-2.253200192705306,-2.908313156090645,-4.646674454342175,-2.563651084635718
-5.937051039155347,3.481621037347974,2.8044153549316215,-1.203633818207042,0.9179723677681328,-6.07953853777355,1.5743628248815786,-0.5829994426701081,-1.088078438504782,7.280677750887036,-3.2611139092391914,-0.3638708455605562,0.9049238804540914,-0.0629490273671004,2.472216002651576,1.3672544801823612,-4.02985203399066,-2.436504644304279,-2.6538924539358812,-2.6544612808784156
-4.773557830572411,2.2064969447357847,3.767385534000165,-2.143641049044567,1.514452960736528,-6.085274647040535,3.292392931952787,-1.5659244229847964,1.5143445596668672,3.9854089895834335,-4.921021698397242,-2.7261184486404613,-0.23299127822449317,2.193931906186708,-1.5044123384635082,-3.0621827849747127,-2.5982887475261864,-2.445826804620828,-2.073453738713697,-2.340197650203303
-5.265272210570394,1.564434292323624,2.588689060686678,-2.2560949741934486,0.4740901756083397,-4.67639296167745,1.064782755145302,-1.019197116650834,0.13081599134722927,4.061954408652305,-3.8466238119026377,-1.448487521500233,-1.1292039439876476,2.157414347082655,-0.11923168869823153,-4.765671453582246,-2.8702647257804643,-1.0898126289810948,-1.5073185019725857,-3.0705363592651786
-6.574985980561294,3.5854114395513665,1.9094230544440451,-2.060413260231819,-0.7146606145304082,-4.169000770378591,-1.6639069768975023,-0.7489032423629647,-0.22585658122597144,7.578579906649943,-2.0993316584319452,-0.046572941599151665,0.43226625870499125,-3.1939657360080935,-1.1749381935195944,3.9235759276539097,-1.870787968892941,-4.566481160023489,-2.1577411396891364,-1.5148044081898886
-9.619957089559644,-1.1203826709563445,4.97013286879644,-2.6413719506132534,5.632357529557792,2.844509768338437,7.4535905112078655,1.1681621740635206,-6.242879577421514,-4.752270677045353,5.004015908787829,-2.3347540373101743,-7.712132828200345,-5.320115592455738,6.10093497496888,5.034730409483719,2.4751711663762763,0.33777495772971045,-1.405310172468594,-3.6683496870272054
-4.29523028212822,-6.106115449056446,5.703903404648695,-6.941914149819516,4.560781041061103,1.2383517389027274,4.643369836463685,0.9365939020410015,-2.9756721632683947,-3.74435663060824,3.7405619169014592,-4.06585921356307,-1.6887022841996053,-5.739646369641383,11.57911075779592,2.7518278982711166,1.8285934280639782,2.649507802374967,-1.5403361449945674,-4.2291235442612365
-6.440303369953064,-0.3988495488449252,6.046805252300063,-3.025443311181989,4.800461660762936,0.08673654070869369,-0.642622584911613,-2.346314517535514,1.2002158558583702,-0.09713678017046551,-1.973451029980143,1.9100752358306954,-0.9080110397445236,-3.389958514663399,-2.1365738611978493,-1.9618733149971468,-3.8262635032046455,1.8813238737032145,-2.190850501549508,-2.162104122200753
-4.929388072122447,-1.628233858833868,4.491208777131892,-0.8365180949476761,6.4281625132026585,-0.6885061959406313,-1.2300203903812013,-2.3422341993852633,0.6626055755991135,-1.2488494726949975,-1.4369164317808822,1.2313502022315101,-0.2543718589765059,-1.7573175520753053,-0.9303627626928774,-2.013772279718075,-2.3357391438968227,3.170659666799475,-1.6756020938255554,-1.670993880252993
-6.915104488752034,0.29553163190279463,4.4278199420106965,-1.2553422558869833,5.691920294881943,0.14985242683696925,-1.6908227658147075,-2.3723347093594818,0.38073941188946014,-1.1955915075583372,-1.650388326586509,1.137366758036608,0.02597186956406905,-2.6420124951118984,-1.34127559695396,-1.7444314513393642,-3.0940906879060606,3.126526693341771,-2.3815558187048214,-2.105680294166943
-6.244820191392485,-1.0570407283910717,3.757472731635927,-0.11892933219235402,6.272222749683602,-0.2946003363120282,-1.7445819291255427,-2.121923979572115,0.45656597047216246,-1.4001611789027566,-1.2847405347505787,0.8494895785644119,0.1159810079922689,-1.3016408297053352,-0.7177842404319701,-1.262351501532401,-1.8043149305994175,2.119942225474346,-1.0572730333496771,-1.0618574148048903
-7.222115109235375,-0.5014071299748757,3.623932486558596,-0.36312871209987824,5.932373762225373,0.14664537958862583,-2.4318236612233015,-2.4328807987574272,-0.5456557129007451,-1.5300039556840834,-0.72770336728193,1.05030716146707,-0.13709992184751307,-0.858785537356282,0.6110313787054149,-1.930666354425059,2.707566757024371,-1.0683464784130323,-0.22838405589667463,-1.94489075788291
-8.459631001345311,-3.45022205759238,0.8019230671279376,-1.7437237662125677,5.943833145690294,-0.17223608845360694,-2.1980718450356247,-2.3738706083903205,0.34885258544270203,-1.3924812334965657,-0.721216278839442,-0.820568946914948,1.3740551883137577,-1.8843911226857655,-0.8538347336362149,2.1821931278748714,-1.563555198391129,2.2636525451120617,-0.5439815801478742,-0.9307553019577814
-8.189192428934057,0.372557494041552,3.8801150088117993,-0.8168757429222655,5.594578458999324,-0.24049413254961238,-2.09631701084355,-2.5020965723542314,-0.3272351393773697,-1.2237616460140939,-1.6445128221262704,-0.25385024511944587,1.0067140025131331,-1.3828909226447195,-0.7119659280868973,-2.1912367978596095,2.0434813561163985,-2.9661548528633115,-0.08462462510844054,-2.2203863450614856
-8.340055817643636,1.0310186817774085,3.673923697256165,-0.586508048162558,5.813772633869558,0.5050456640966222,-1.9362310368954538,-2.1419016766951375,0.18366336706906505,-1.2052515387869518,-1.3198875163611077,0.8583956316704292,0.20980963785581108,-1.9361149295967428,-1.367730354600467,-1.1875507324423074,-2.652347679939964,1.8872827073683822,-1.4056280538991834,-1.666988109622107
-9.862287600989685,1.6263021024890283,3.271967046976095,-0.03072887860932927,5.644380907879091,1.0608377474044692,-2.461076959664275,-2.26119503882134,0.011700239024815318,-1.5384490802231952,-0.34846660118321837,0.6756874295905997,0.05228639567705273,-1.1811417764624652,0.40769576220842807,-1.4876632036471844,1.8477925698636275,-1.6275743796615552,0.09358290424815438,-1.5247531080479102
-9.837663873857986,1.2580945722588923,3.4683545467054193,-0.01979728209352616,5.580846392105341,0.34367827331708295,-2.3222334828165785,-2.2285597502478995,0.10409883566945055,-1.2935559421799132,-1.160550453908585,0.07383970663682804,0.7064937020731847,-1.4565993497211056,-0.6818359678679438,-1.4933605862704984,1.0236839722960034,-2.439043618670658,0.43181994444060384,-1.363444679507626
-6.10015697707366,5.759742051796589,3.3249820161996255,-3.765427847277037,2.049902165721916,-0.9305424412805865,-4.725492863200053,-2.5733185775098493,0.019362527408096075,3.068945492138832,-1.274226241569257,1.003166341697158,1.726155488802422,-2.684482207789665,1.7432209494919884,-1.4745113020972012,5.912347153110739,-5.185436207162991,-2.0443064556766632,-2.548150909260965
-7.548170113392304,6.891330836845464,2.8422229443739537,-3.084154394491259,2.037609939881402,-0.6818003646128457,-5.032137407310083,-2.2854643022020404,0.2777006729844559,3.2832953850969986,-0.7060321052824172,1.3498743005740437,1.3972098024931325,-2.5880113754724894,1.8824946671102154,-0.5753755870515205,4.668053227737101,-4.652819478749101,-1.7120534880670268,-1.9681726110415403
-8.268157248815772,11.659220558091892,0.6954470613518888,-6.198516864950994,1.0407430264568622,1.6116592636067555,-6.636522269907791,-1.4056238821672142,1.233513661012725,3.035329951029004,1.8083904446730825,0.15723167603994048,1.2521646817783791,-3.2020149827537527,-2.342420808179985,2.965245768854344,-0.5925920326937364,4.390502568386321,-1.3826093306241547,0.6904852369096232
-7.013810695781096,4.472839535456407,3.847864766487861,-3.298897396481111,3.6899215553853697,-1.0488639583539365,-3.498371122622068,-2.7195054564586667,0.03037904003990438,-1.5881313830461694,-3.120290960651098,-0.5106064198503559,1.293848332504505,-1.5787328473139568,-1.1303321068412286,-2.181832228781225,3.5871746767668937,-2.6683982164258664,-0.21700071412241445,-1.9570353309824404
-9.358163992962192,2.022770905259471,3.5567338878488206,-3.5826546704873565,3.9130372268823397,-0.2059624649964476,-3.329598049226444,-2.59054086742438,-0.4715687868542373,-1.5161733321224018,-1.805392858362103,-1.5527247423875812,1.8870788134671228,-2.6265133232598377,-1.324786503479738,2.7582842072082006,-2.0614452488959643,3.3356249423440305,-0.8182466953298057,-1.7479648211221521
-10.978233543094529,3.0032850858372795,2.754148964224046,-3.299962109868508,3.9128842045238788,0.0011855882692971553,-3.7692242012198154,-2.1289056370572212,-0.7386937694963365,-1.624196063893391,-1.5282649226497544,-1.2503562976110616,1.5274355082956348,-2.107027406664404,-1.4883635146777945,1.6976955506969436,-1.8571666836813623,2.0856996286224114,-0.44692118101780254,-1.268971342818224
-7.357218744599933,4.571233420125514,2.5088315268607047,-2.334116646687005,4.173043041957847,-0.05693200154509526,-3.576273757923907,-2.04231377286455,-0.6274615935842883,-1.5554169983625896,-2.353881782913663,0.9308284751089859,0.15962730385938717,-1.0675077081874589,-1.4120612667843324,-0.6150558977602778,-1.334600738183262,1.881726774868549,-1.318095387801574,-0.9779535750876689
-8.031872877967263,5.446694592695964,2.960264354613347,-2.526310477497655,2.81858935768786,-0.382216169817274,-4.291523312673932,-2.7322058441213137,0.8423452033984866,3.042643707838641,-2.2653332983214365,1.207547110467277,0.7570301526244998,0.40200873934337306,1.218372194372777,-1.3018524426620441,3.7482502615109032,-2.4279870629383566,0.9465131174246738,-1.1236595794885642
-7.369923078081435,8.304420521482403,2.830083566229645,-5.573186704040064,2.9973678413772817,-0.5410099747024156,-5.617055847829333,-1.8721690243729323,-3.112332522089517,-1.8581729500134345,-0.7770760429291246,-0.8011560996129085,1.465776034252892,-0.8821416734457479,-0.43030356817640814,0.27026982259485716,2.215120929905305,0.3337127800828852,1.4763432479330239,0.23224252826709268
-11.907734720080448,7.169185230036655,4.625965226318992,-5.7817635840357955,2.5581514819148503,0.8934908310995171,-6.009143034288227,-0.8485254629658201,2.61019880064998,-1.2664121492528215,0.06198069223802074,-0.904324465756476,1.3206428594419242,-1.2848579921046805,-0.7774399984631603,0.2783892723076277,-0.43957365679570626,1.872034639097829,1.2001735796950659,0.13635981586963272
-7.3164293110880445,4.535565384438206,2.5847937297739394,-2.2629913338508185,4.110813642556825,-0.03633501117054644,-3.6427582881247362,-1.9826517687984953,-0.6451773106569567,-1.5212578220834345,-2.3519834294691653,0.9082418797680939,0.1577531335256237,-1.1127511343745984,-1.3768599195074471,-0.5738820991576095,-1.3994752334502305,1.7725508143678708,-1.3854196329817454,-0.9314366750155813
-7.112753826013174,4.000943708265165,3.1550819583769742,-2.3682030654372155,3.943704030381589,-1.336494066715651,-3.7527110294289625,-2.425706983416064,0.11971704602238264,-1.7126373502634367,-2.7069242514992196,-0.23581898851664496,0.9305072269706476,-1.1016415175583694,-1.104082611492394,-1.1083086230498336,2.1759418921988862,-1.5941707606682285,0.13879660246553063,-1.3370718324313797
-11.62131280621276,6.709420004303228,4.532867274079877,-4.886444697520316,4.654211066370781,2.3877715568829503,-6.251080454794918,-2.0871955114812697,-0.6385897628969149,-1.4557833401078035,-0.7584928607693047,-2.1146771168250655,1.50049501515092,-0.7108690449661844,-1.4768834438151732,0.47234469618934805,-0.858500288312315,2.371919906633048,-0.45151009498922323,0.0451104491165474
-7.736647793080394,7.299909411159398,1.5398164794054263,-2.9969444805849323,2.2996464414299576,-1.6251413787045246,-4.936560829708005,-2.160967928889124,-1.0117176632596352,2.111088050028113,-1.3726941914939328,0.50150132404075,-3.848687491654143,-0.16675910215020423,-0.5576604359889141,4.811918154408888,-3.0088142845904136,-1.9281109739911206,-1.4281521992004371,2.724248986984752
-10.972115191452488,3.029942835830743,2.7500902041976336,-3.2561252236799376,3.923354006861369,0.006902367364814088,-3.7773623645203243,-2.1426007680841814,-0.7089351869012281,-1.6281931361853548,-1.5354310325197522,-1.2297899727705133,1.5335606135361939,-2.1174717410108994,-1.467171068108769,1.7330885620579437,-1.889229920951668,2.1048675271291977,-0.3828206315542021,-1.284523284573754
-8.65830959623332,6.1382261588832545,2.189646698249348,-2.4544766233762543,3.8139621556083623,-1.051521863628576,-3.8869767148338052,-2.094492398626497,-1.1221930024760343,-2.178837511511506,-2.2324343606752493,-1.5881618740657106,-1.0495520489636578,-1.7583536672993072,-1.0144655421677289,2.2580809952135885,-1.8377710279367827,0.29801102818696207,-1.2344327268299575,-2.1862888908760176
-9.742651430197153,6.907710195015012,2.2153724010918556,-2.4183476277559186,3.8382698187133775,0.8430734576583194,-4.264987310530736,-1.9833434441568247,0.48126910731885564,-2.1651283498304386,-1.1260979740337664,0.7195420549016796,0.195509478968931,-1.4737411209894105,-0.15181318513137204,-0.6758976300357582,1.8447525983007846,-1.1819422770280885,0.31754081214023583,-1.191129945015316
-12.519619257963296,3.8794825264365755,1.9716908471646486,-2.898644299638011,3.919926807780408,0.2726480803462739,-4.215549573766992,-1.5946179975946126,-1.00688853732665,-1.7092843664673358,-1.2817823396075751,-0.9349268448772824,1.1755392664630702,-1.6552911091000193,-1.620057231960363,0.7062100477885516,-1.7811418020896204,0.7076098550253169,-0.08306311477749256,-0.8638846924556574
-8.403430411990874,5.768983070448667,2.909788936543601,-2.864901755086817,3.8346055457449486,0.44988334298092947,-4.088240743077808,-2.2179398906925245,0.22672082968788976,-2.0487555090459018,-1.5270656767210762,1.1478598458678566,0.121627389660528,-1.622610707110912,0.3552311688074744,-1.460388641918423,2.992254295347227,-0.986465679803811,-0.15198981304323428,-1.7557307303817828
-4.810280404174128,2.277836758311679,3.3618964371533764,-3.0136116066099166,1.4729891283545484,-2.0783358137983985,-2.852522620687623,-2.3443959059961186,-0.9978705064834655,2.073985884958026,-2.683644199228643,-0.2638194730298198,1.7752265701542278,-5.002883617422645,0.8381330481550637,0.09025892341519581,-2.953598409767209,6.829353588218623,-2.2416870026682965,-0.614855211397634
-6.680746162625557,3.230129857920221,2.991774746559594,-2.507236610285281,2.684109284669642,-1.8997045055091335,-2.8775548664401764,-1.8582388239210628,-0.30245024966857753,-2.4979677661303104,-2.946050353629316,0.8857168734321825,0.039458194183735286,-2.825731661995803,-1.0302849475250615,-1.3873691253640503,-3.146330283869954,3.6433818548064965,-2.4180913466942817,-0.7768337385043096
-6.5955728184278675,2.3168288187850763,2.335064830311726,-1.5569225123094892,3.146879301700617,-2.172524464802162,-3.7099260640838523,-1.3108388223715093,-0.6508659629091592,-2.73213125584936,-1.8343232820733715,0.9679337967105762,-0.11381562035745485,-0.8218249503652377,0.9815308689138369,-1.7806214703453072,3.2157003212608384,-1.4564824704729658,0.2953503718852869,-1.4336103884159357
-8.389791913037369,2.1771554903100427,4.248217419786026,-5.89441728542514,2.703507460877273,-0.600100948871,4.736972061790038,2.2304568022491225,7.1361522672738005,-4.547062702719797,1.8370930500928404,-0.6129473122544891,-10.489286705786089,6.410686380359768,10.430863818738182,0.4470409282644253,0.14328742023636565,1.397016753688023,-0.7927147375410502,-5.458577114980628
-7.161411260823978,0.5963419352783688,4.397555821176684,-4.558355785394291,3.096919590366777,-0.10951411391288757,3.008864905877069,0.5572310526587749,5.771783853750238,-6.026362331246986,1.2028001393081786,-7.103022328396408,-3.7086496971664538,4.489783903173147,10.364724507156836,-1.727336565712023,3.050881201115604,-0.281722336641676,-0.03967084920642311,-2.806913635474811
-8.51139382901661,2.1722765235436765,2.9454831274245956,-0.5744639968980629,1.7137509388121235,-1.3981752071217046,-1.2326557296841767,-2.041436524396583,-1.4857245447794454,3.09157392565632,-2.2216718669961457,-1.3948244701571695,2.787849905005533,-4.295482827503895,0.7233731322079854,1.9427995678979082,-2.5965874050685276,4.595396852193738,0.13713369366205597,0.13499788497234827
-8.865914559099643,2.3632036755743933,3.275297067780188,-1.277388426283027,2.9551803107709382,-1.523140495002445,-1.3223887519343045,-1.7030226392494994,-0.33214636536856823,-1.966035704528239,-2.8764598042409526,0.5180112141248497,0.2736425154640154,-2.532099989774542,-1.541851325504474,-0.4371453979312977,-2.732124849007903,1.988752019128766,-1.8209333216641093,-0.4011845076863991
-5.456352006278027,0.22247958350131603,2.2316198761044634,-2.6841165139630196,1.3018973101904903,-2.4116776874897994,3.2226184288503514,-2.4144522574823997,3.769013080610878,1.29636050779448,-2.478993602796733,4.05612588747093,-1.2826796897022523,1.8795093782845993,2.2063124848564915,-1.2516664501720587,5.312722575659535,-2.362355738815361,2.281318572485345,1.0484092621666234
-7.8250253401948315,3.9207976162132105,1.767873170123591,-0.9541138022696053,1.6993847959628217,-2.7122162428988124,-2.562303263782992,-2.0290472274555476,-1.5412835077801579,2.026132949992572,-2.9966687540419144,2.111179276780728,-2.2431637679370633,1.738778300684272,-2.110153943358103,5.550137296749945,-1.360790537233008,2.087783991670808,-0.27062624106405647,-1.7299053106926854
-10.383810016188104,-0.9365488657023089,0.9967166290953853,-1.3779758564902445,1.26480873715444,-1.954075363413161,-0.7848665894841134,-2.7824266599636496,-1.6258842265696092,1.7791592467498965,-4.7189117720679565,3.377836630585545,0.6961814517007987,-1.3249136503244743,2.772878601054738,3.430730728130074,-1.8766835067058931,5.774689837290175,1.7858980678753889,1.0651983578422222
-8.822858441357587,2.3415295297929295,3.1120493821976565,-1.247915159432003,2.809628374707356,-2.0835662271464197,-1.1132479342836712,-1.5974119874338013,-0.8562161985103466,-2.8166405859446835,-2.900459946359401,-1.2946807988168532,-1.741649615553829,-0.6784291057294862,-1.821909443844379,2.4459287084514165,-2.790822319472932,0.355595585956048,-0.8357850487904168,-2.7703997385133583
-8.092170091099359,1.790442018415674,3.005764782880556,-0.5420638506427786,0.39157908329752666,-1.5690830883655067,-1.892709537912822,-3.2663900391899996,1.5278377901805462,8.69938120008176,-2.401423509267147,5.25267839825975,-0.37727379197811506,3.679826953376197,5.118512864234798,-1.5995852690511108,7.634617275508563,-4.30813698913878,3.2222320106021387,1.284854850132982
-2.693787042715723,8.141565270591057,3.1212329874174567,-4.594860904069583,-0.5513700394830346,-4.411764748495278,-3.1943498927311724,-1.1397909292906072,-1.3841187384211178,2.4154214091128523,-4.565786840737803,1.1534078490418995,-1.5920653936347642,-1.3916759072140754,0.10963744843078205,-0.35943043599855734,-2.8857509165269377,-1.2061935799425598,-2.668618213816254,-0.7262246040183555
-7.102376199740618,6.577321572888005,4.327132899426735,-0.1114659231009496,3.7626142644462908,0.7138767250615965,-1.8791807231145272,-1.1875865517298643,-1.0842762727464579,-2.0242133059030873,-2.661018114031916,0.026514475720290795,1.3956844205920604,-3.601688154818073,-3.1959941205679088,-2.0565393381459653,-2.499749749118904,1.406832833066761,-1.909256351069105,0.11465617487418811
-7.798978754500372,3.8167818338108663,2.485623110841935,-1.950254533134058,2.902965561371177,-1.55631347763968,-3.754988956086847,-1.3196839979993733,-0.3760891279340286,-2.6767935926199478,-1.7957901042399527,1.0254594791928446,-0.1138612821597475,-1.1486042229485167,1.1376988861779256,-2.1831178227123997,3.3500621497610945,-1.9578034797810493,0.18613158877994906,-1.5290379225284136
-8.090542160350191,2.44803610381315,1.7937223198713959,-2.8302231932126003,2.5052035067004557,-3.1252407312770565,2.6933378781504578,-1.4813828034256358,3.2507814916914537,-4.233959425326444,-1.729905842554873,-1.301020847029717,0.786977317018226,-0.9565854361946322,1.018492309559169,-1.5399176243868031,2.1090651869384276,-1.6165881618557152,1.8328879858921496,-0.43628457249726604
-10.293342041917128,-1.300895381642691,-0.02115937760552916,-0.3707824046923082,1.453626639867652,-2.4465656056532294,-1.2059144961039272,-2.4334332922582496,-1.744370880015739,1.7146285026966537,-4.4891101158315205,3.7614512946675425,0.17893704382841716,-0.3852535882077076,2.928223334539391,2.1799843955107034,-1.3605004713174607,4.646287042262925,2.2904462434476525,1.5156728736021
-10.330936704963625,3.377603985400307,2.26769100584794,-0.6684224759859306,2.9322498486885187,-1.8068275640351565,-1.3844489770072492,-1.3819937138411058,-0.9793988173921476,-2.8879213516830355,-2.5271669293846357,-0.8469289451107734,-1.366480429580906,-0.37122877427846146,-0.8748867298685903,1.2582353955415528,-2.444485565482182,1.0350533714220367,-0.36022704565008545,-2.8038347324532698
-9.711664906603161,3.052629141361278,3.6079700266193533,-5.280536300180511,2.670632065060163,-0.25185245479820373,4.504027971460773,2.554222236607419,7.426257605890001,-4.558559773249295,2.208984316636679,-1.015988920919859,-10.420547169455002,6.585648236162539,9.730097225718453,1.1180097449333117,-1.2614749958300422,1.0422942040224608,-0.3810972937074917,-4.806188136153926
-5.847732001410883,-0.9333708762558001,4.4212097761893485,-0.9331571368676365,5.918492964213744,-0.21158246321551571,-1.6632557413738924,-2.335019947131326,0.427481635386622,-1.3042689626935113,-1.5807253419578624,1.121176025706046,-0.015793187412659948,-2.3472636623413887,-1.103165377486906,-1.7668881194677115,-2.6601284020691622,3.2478034810228156,-2.1284861413103187,-1.8876851718840804
-11.522647804231086,8.673451947831081,2.813045516067088,-3.431959640754393,4.167741535281438,1.1407762055304544,-2.8614450687839583,-0.838053243674143,-5.628868817016167,-1.5398253315388437,1.5755964306938277,1.3258764845386943,1.3186565664935976,-1.4456302175796532,-3.0692729762483406,-5.032209117875641,1.1327764279987365,2.2337101255065797,-1.895144359699517,-2.1346410398100355
-8.827126769680282,7.14568413809799,0.2904484944463458,-0.45412263701906486,4.115879448843147,-0.5904844187032178,-1.0500216817115575,0.44449691144946274,-6.226146390585694,0.10223294012115514,1.8897035413957517,2.796431025315265,-5.552643690290012,-1.1331984747944388,8.111785787729138,0.6209043046187176,0.43482863076124684,-4.27783956830707,-0.230523349886952,0.7813223094051726
-10.902390844166838,12.015659544892248,5.110639464688991,-6.521000345524634,3.319337716929661,2.455997254189297,-4.64210387855743,-0.16103869308575114,-1.7858551039835955,-0.6547446444316772,3.5247145804075024,0.9270154796736335,1.4725364073504634,-0.38784813541150287,-2.252692045264553,-5.290711602203787,2.7098586958809694,3.0327784129377204,-0.7111312782425749,-1.124653890556067
-10.546662437843596,9.062814256740914,3.529977407856884,-3.599202038338657,3.349352797235616,1.1743056450803313,-2.9912293532084506,-0.8975512723104009,-5.495156388564597,1.0419653563730877,1.2274586131037268,3.159718193083898,1.3194763905779192,-2.1304754036868623,-1.5682581142155185,-4.311866495350146,1.0832681877669033,5.112928607128813,-2.993433645693954,0.2085944199166021
-7.585428238715441,9.852405792607662,0.7717436764080179,-3.8812932084760017,3.6540693212380257,0.2173839918821292,-1.7096331039355606,-1.2475619123885333,-5.161880610265992,-2.0072710886530105,-0.3791190144758573,1.4179649993667551,1.1586958891223837,0.841625002779824,-4.987149307902206,1.3419232518312958,1.0269495095132124,2.2683469157706595,-1.7036973183289827,-2.586291536531429
-7.648683861378027,8.747521907029123,0.37758161951550895,-2.764944417480862,3.013171254820525,-1.929662208814625,-2.4842277484080233,-0.3988039426474119,4.274013536384152,-4.025108451393354,1.7844400953466313,0.06890326939554575,1.0711999122465714,-3.2532755907388013,-0.0684068854954318,2.183417955960789,1.4056507936228806,1.2936382308621002,-0.15064302685970576,-1.388998022355932
-8.673138759329357,12.704753187303863,-0.13040447674534228,-2.6931959068597098,2.4645184298861285,-0.3422701833421844,-3.7227141208680723,-0.665483925988896,-5.614493813777757,-1.8963612665141887,2.0966777361866855,0.02991906789036164,-2.1577628812544223,-3.3786284560138777,5.470344349905517,0.853832314728731,0.03040329770238781,-1.8393468933750134,-1.012813752637988,0.35771208976541213
-8.573635357158647,12.571187140437203,1.8272834023662163,-3.3564427404904467,2.27546396003698,-0.023563155510661682,-4.003558263874714,-1.5219208678767329,5.470833611721118,-3.45287144462026,0.9759713421265664,1.5926240852166629,1.4673751486846442,-4.541278462862561,-0.4996256244844928,3.3580875141093776,1.8599051545570096,1.0556542557928799,-0.9418130779695031,-0.8838588111670288
-7.545010917750408,9.902356769304692,0.4290227467507677,-3.632771009072214,3.6261588810169063,-0.6233141516426188,-2.2509839503186755,-1.4777920605392627,-5.372501659125831,-1.9355408097848645,0.2511917994883168,-0.13805367097266094,-2.38139395920493,-3.3321045040263737,4.475808174769815,1.9356865390312437,-0.38559575053431994,-2.8998968330615327,-1.395519823660919,-0.23252565635748812
-7.814134331885711,11.065068593032496,0.12848621586559694,-3.478798680519224,2.68188444398587,0.387070094743159,-2.1818238076095895,-0.9252150094464943,-5.504911842059268,0.7089365190302668,1.0638288484353249,0.4783536073341481,2.0735431143408136,-0.4775377890598221,-5.563944645007567,3.6285703753311314,0.7876916111249946,2.896012414797578,-2.2356231600432794,-1.5614312076051382
-7.516815873845896,13.840134588238973,1.2841815450466572,-6.7309730002245125,2.8269663070283952,-0.27940174868137047,-4.620234002632037,-1.8966030457865404,3.0558258535364993,-2.5404949668555386,1.3455329192432883,1.9791387500126802,1.9743070128965332,-4.693227593525458,0.47441729860308945,3.5316270703992574,2.3893363329791226,1.7837978005507806,-0.9103368098771034,-0.2521192544458002
-6.569421606380749,5.747176460747539,4.190468379180871,-2.7760826884767127,4.6282136547744885,-0.25084944187727604,-4.270792611187467,-1.8887882029771714,-3.423759244839284,-1.2945128752602097,0.0252251212166012,-0.3288583037210517,2.430701374700217,-1.3289458491359296,-1.9297456618017779,-3.3037878054161856,0.6263546206243235,4.116809156964149,-3.288677659242139,-3.2708658310260175
-3.6618938301978234,6.191709537390795,1.9357759996241417,-1.9370743951452152,4.440311411566526,-2.0844754308003575,-3.9498269396141854,-2.0040324776535994,2.472156657880096,-2.6046871607121926,-1.4836822780805614,1.3219440803327376,1.889805683183217,-2.1378605122199392,0.010388976722677815,3.104135700037968,2.001681471663742,1.7103422812743163,-2.6750360734582723,-1.049504846732213
-4.8857407027463005,7.321414611323544,1.0687508865665643,-2.102566917742526,4.263050220503199,-0.7079228571935564,-4.175076170311693,-1.3808599282720806,-3.2784254565301856,-1.982908068192768,-1.3568176438938444,1.6292810088978138,1.2377619145320042,1.2433650315300604,-3.272516676128683,1.7964705846862836,1.9883280524063887,1.34927392935395,-2.529936889376348,-1.9703230227841058
-5.6246234804272435,7.916779706419599,1.95698216275817,-2.336878336358075,3.973643158055082,-1.419188543442691,-4.640788939483203,-2.0741496941009196,2.907361579648394,-2.50852741912881,-1.436131179062557,1.5650995339601395,1.919241391675742,-2.865021442025232,0.14300806259132692,2.782305447251758,1.8499918465519771,0.888874531151927,-2.428732678694719,-1.6511796680100754
-6.959013259483605,9.589967123965259,1.6132757732911756,-2.919331923061439,3.7686644388246715,0.11303716501263644,-4.506277524372631,-1.4224796966729212,3.1332849478830584,-3.3018741159142375,0.4193305113758504,0.8908431090531228,1.5872615142507618,-3.260623032800731,-0.030569246697587843,2.5221078944614628,1.468414517171646,1.795890211969162,-2.6499955460968847,-1.26758249074806
-10.243701585657764,8.09766336160516,-0.1250768701844494,-1.1392486769107937,2.6245716266915533,-0.9058429280983783,-0.5843121994383649,-0.11635579838354171,-5.244644474815823,-2.427272992557888,0.7531270768396898,0.6919811290883413,-2.4707831703064977,-1.3034568304205254,4.77915994926359,-0.5381008335224431,-0.7088195146586682,-0.9530336814360809,-0.07263864475685478,-0.6901788920602768
-8.719329217203866,10.626711041925267,-0.3526972060372029,-3.081896488801455,3.4302595011196066,0.3914321076992181,-2.5955305069680925,-1.3559700919868465,-5.049558159846952,-1.727507869248818,0.8657581305436156,0.418765286849194,-1.6764385102394916,-2.237439848306066,4.835845385521802,0.06613073587429488,0.249641448453779,-2.2180256508001586,-0.23352416386191754,0.24558676369455062
-9.857590281616822,8.085821653440982,-0.20999642690694653,-0.6535806445648249,2.912042197877137,-0.5149404980569859,-0.39910842302921967,-0.44247509243473754,-4.787561832655626,-1.8165587914466912,0.7587076004720268,1.082974723945938,-2.20578578389801,-1.840425758394868,4.9571566373915745,-1.105380034685714,-0.6661864953076104,-0.2396217469935503,-1.0073600885044587,-2.220778759133366
-4.878336732700886,7.248119827427667,1.826620148924153,-3.468415434122339,3.927572337891172,-1.5349070454049212,-1.8040424685464969,-2.1048262799558803,4.336630133539636,-2.9500309369894437,-0.6691264438836095,1.5771314130290643,1.6143552647440083,-3.3001257337849372,-0.4879280186698427,2.8268584219170223,2.762786761042701,1.5751964458996681,-1.7585657442615483,-1.310835202421821
-7.18900788559737,9.65463269229538,1.9029421779027702,-4.181440633542691,3.5547823272531227,-0.4973869257115835,-2.5196196305323006,-2.189407433387927,4.876911941784604,-2.9205497941857463,-0.6038379002511025,1.8630063531835723,1.6819312828966773,-4.135158260459937,-0.33367486057084517,2.5030622664907773,2.833585586669738,0.6957788989869447,-1.6084206269243426,-1.6744301229918084
-6.564986800332895,5.820320786518039,3.538812940826924,-5.079531626328214,2.8999053252847666,0.07256753399345447,3.4638477022411767,3.1600545718470503,8.72013165573811,-4.658721895456313,3.850986830513825,-0.36989927135811335,-9.354490244150512,4.9452568633212515,10.019158236839834,4.349515101101792,-1.8949300961107114,3.7441989076769717,-2.9998560713686597,-6.392753743349428
-6.83871872202168,9.857261720545385,0.42969940032444964,-2.183366828219311,4.012998165280637,1.3179787053094831,-1.287282891852459,-0.8028017772366558,-4.669889445304375,-1.000224015036506,0.5746096749818917,0.826608416378894,1.3028023965017659,1.8106588101256045,-4.329521869234756,1.5838134864232858,1.47887786089175,-0.12605148496273524,0.3296597611956078,-2.7955444086619368
-5.159316829595851,5.73800117276393,-2.953857401066171,-1.5087946219527986,1.4163524468638327,1.116069465425368,1.6133571744477269,-0.1144675338735549,-4.870142964565107,-1.8969071610569583,-0.40298056120935644,2.432494716525825,0.8704540595326777,-1.972728942779606,-1.6838714851840015,-4.761036559726657,0.03226564923927988,0.09402936146300656,-1.1995329768088137,-2.720347068267593
-4.962038455925036,10.629740344580231,-0.35672357376167796,-3.279093360261197,2.063638357976528,-1.027878929550915,-2.172503689449474,-0.3403861747080592,-4.610097417309327,-2.010937656734437,-0.12273081818081,1.0640964219901359,0.7168503497554796,0.9955721685098875,-3.3950732571317834,0.6388591608666265,0.06772233054415425,1.2522398281741574,-0.006473132064698683,-3.0504416526697806
-7.067252404007286,5.625260659960647,1.6037649650982555,-1.2919123275590683,3.233912038674596,-2.1796758162849312,-0.18039861141756564,-1.0679081935048464,3.7493435393931516,-3.1191583735623216,1.2531887881979062,-0.08741542625527565,1.7716193075695446,-3.74061875779633,-0.040121860090623906,2.5524872267763397,0.7203417402264083,1.2813519882822397,0.03980289604598025,-2.0482436618691526
-10.728733285688882,4.586678870421089,1.6399532186352095,-1.4542992489417665,3.04763583556013,-0.7124855735550124,-0.07761481262284453,-1.0320699145583732,-4.362646342591421,-1.7905190487336338,0.7492869178724997,1.7051575483964903,1.322821402890595,-2.1087623995337395,-2.6038934376505263,-3.4311470748534227,0.22130008052875552,1.859334933710271,-0.674498773559421,-3.743866524328523
-7.149251142352958,11.728738759949145,1.8052168225966867,-0.4703689865170762,3.452198963170068,0.9346841892679331,-0.49877230396917976,0.3349921053571579,-5.813989440720457,-2.632937805267222,-0.12445332463098746,-0.01489163889279882,2.9961623269416346,-1.2270600523870576,-7.0553498426389805,0.35145903455685795,1.1070379651738413,0.5976026146925202,-1.1246361708121648,-1.204334007923675
-3.124075414908973,6.8219783353873105,-4.64697989130654,-1.1914197596745417,2.576147962070924,2.8962328513427034,-1.5238995554626755,-0.8030983185321684,-3.069238606582128,-0.2943459279724163,-1.3079151580555701,1.1645400821154237,1.4810118245454906,0.32813181435877126,-3.5674396889720374,2.7937530185497383,1.7933074863846596,-1.1274123048657834,-1.4189119997940907,-1.9573451770170178
-6.426643759140811,13.753353233254568,0.22695038398976636,-2.3759210215946727,2.816814910475587,-1.6808512780638765,-5.378879567515179,-1.2443326217682424,-3.7369593229826354,-0.8487365910415413,-0.6073406933923611,-1.776229241847831,0.51150366589535,-2.850850129918167,4.351193674722746,-0.6668724433335492,-0.07653503641823067,-3.6940884518261377,1.5539759462612497,0.6121669986617772
-6.3731909523985255,10.835142654851264,0.6971163246915852,-1.077926760321942,2.7487834748332296,-0.7425901891313402,-5.208636986090812,-0.24011111704155708,-4.092499984266847,0.4906741508873369,-0.9085113769129882,0.8721182788895177,0.18294870335238833,2.028396540957931,-5.896251129078513,5.42934859677981,5.258700896204169,0.11737670330252721,-4.239896488484273,1.292570642524596
-9.02559358026583,6.081129066838608,-0.14166593739798256,-1.704629405893602,4.284059784176064,0.06115103888389106,-1.2575213089037185,0.2762185211452638,-4.759046247471002,-0.6091831526861059,-0.04140524176676261,-0.9718527024793392,2.0724665000952984,-0.48259713356179573,-4.4493181464815175,4.941058945848311,3.27672379459955,0.1648090744432277,-1.77184410451899,1.2746936407283431
-11.406852533141157,6.245583709759584,2.093582269103904,-0.3379000194684982,3.1767406222632903,0.42734079316543305,-1.9848387207408682,1.0536888106600815,-6.39038558050857,-0.004713524285650417,3.1135720669909692,3.950776125869411,1.094424018614802,-2.593122616833633,-1.8878725757327177,-7.522380604458764,2.8524687918322225,5.198424354209161,-3.966176284620351,-0.5785916923236412
-7.080758714314667,1.7148116940751632,1.9457290170165396,1.7600265789608287,3.6252250337586247,-2.5393297649324467,1.131267983385767,0.5937076419496496,5.685909861011734,-1.2850401233004907,1.1830133535673806,4.58068194776878,0.8847968486864446,-6.2641084099939075,4.933096661219144,5.617453858158672,1.654106508507209,1.8607945610566754,-2.439807965711605,-0.41748869206031636
-8.452084107516168,3.2245537360847756,1.525183968016077,1.8995915183681797,3.007377347405982,-2.727343822727968,1.3690069426788198,1.6403540662975356,-5.21682907935058,-0.906433674898514,1.3869406248116727,-0.20617126686194576,2.0565505473068457,-1.3046991133854884,-7.621326645407742,6.879659697008128,3.1381030787724065,0.8856196631932312,-1.9588014999864112,-1.2871018656161266
-7.458494981961997,5.913444770491539,1.2345650172325366,-0.8680530737721104,3.792040750622291,-1.1332031514734995,-0.32488478191998155,0.7880659499231812,-5.5592807946857885,-0.8170661741321301,1.2258338496365973,0.5116798257160764,1.723282691785963,-0.8219647676691392,-6.976111126311552,5.457704068917187,3.0299784440857107,2.1808456107627676,-2.5980839335246455,-1.4257300886844746
-7.684147954093775,10.542824050095643,0.06252018839521356,-4.758219768423652,2.7241799511288174,1.0472273762881488,-2.311891207812481,0.6351061101539092,-2.3210121905151277,-0.15236474078921258,3.306213144331142,0.9439291635735119,1.5260722838252687,0.36814021615321435,-5.628321840192857,5.845844468542429,5.517867402423713,2.1793592514082114,-0.855167698484644,-0.5281097955908391
9.12966063932205,-0.2324654626283254,-5.281437201351071,-2.205675458336393,2.619247273643757,0.8308459652766338,-6.430547120830217,1.6833866812868317,-2.126505356312842,-4.647412739131162,-0.595701404338448,1.9287655473798417,0.500860607487826,-1.0302823781777692,0.7672023132670134,-0.8339782658423474,-0.8912646497249475,-0.21761756945602084,-0.2847795475294681,2.049998311844799
6.3609826683130795,-4.170819823807321,-6.337358108811095,-1.0558201444700896,2.9767410241746486,2.2316988883402797,-5.724656522735679,0.7012451850688683,1.2474816067421022,-4.345446691470107,0.9429027401277419,-1.5135670869095632,1.235326921341012,0.5462751331643576,1.9990908865249684,0.24608942581699816,-0.3789276264576678,-2.5378699896298147,0.5804179656413244,1.048694713544843
-2.842940310898051,-19.677837239069063,10.483228589121865,-9.510283029238172,0.3554765297358217,9.536826132044295,2.162634353723829,21.151448677074036,2.7531930495489823,4.517547844955797,-6.769860263238517,-6.1101448700359215,2.1569249972465356,5.686268625967366,-5.409888291816834,-7.7278686496460205,-14.407812041245705,6.744923112937595,6.636205828372797,0.4952717736939525
-6.58831841752345,-11.120235152350535,5.779182383092626,-1.4285553133699533,0.7841830134734645,-1.329387504157146,-0.09024750516530933,-4.189987239750762,0.707737723653469,-1.3938120322440892,-2.466832755910456,-0.9196412833587888,0.9795640173177163,0.7743869926801304,-1.11593577733609,1.5187630389003908,0.16303090865601966,-0.025920570442515056,-1.1993990747378622,-0.672949313074485
-6.241369189567658,-11.318106126056463,4.636043044414074,-0.2837443761767462,-0.6970106027025739,-1.420276529511313,-0.8981036970183083,-4.451187762426049,-0.6595239238667483,2.3600093126390815,-4.152357360319228,3.030728477194719,-0.4190168374008894,3.560282517345683,2.718825849127267,1.6711047978202482,1.4053423642719776,1.7172277783028895,0.7816765397024381,2.0291722813819746
-6.041697127679766,-5.546769988490654,10.167244330722454,-0.7392213278285876,0.7753710393971764,-0.9152224988118961,-0.5650278052395321,-3.0607641504699292,0.2938189980709318,-1.4605299798190456,-3.0220232486615575,0.7238893299852492,1.35920560632892,-0.5827338893961542,-0.797260865471859,-1.9376470810414217,-0.08582715705591237,-0.9582199284032575,2.0335533779870314,-1.2857378502468038
-5.4992168966693935,-6.699854131741308,9.452228474348813,-0.36294584029675564,-0.3734881069562314,-1.0292554578098212,-1.3790910077020042,-3.5115813224917893,0.8930551199504749,4.078869085437336,-3.2188923898670296,-1.463370028792046,3.870124259894533,2.9031232153616093,1.9252145658795263,0.00998427720298134,0.18004124768047586,0.5290299921889674,-0.03044149831862577,1.984405242409748
-5.159184658710289,-2.405614023925794,2.5972499699989964,-0.6753603322950781,-1.9699769022362639,4.779927774317329,1.4364286120235112,5.303290478371627,-2.0822916485121294,-1.9479772200318806,-4.648337712699414,-2.5817091194179556,6.175029932945071,-0.8521160079304992,1.0576078658575443,-5.211878889629364,-5.401767932187207,3.3199593605530344,-1.58732638186742,0.10038542061216306
-2.1555279796356217,-3.680139531455384,-0.9844095904995964,-0.9238204610180517,-4.038384758039886,2.9334429734408163,-0.24383556333032225,-1.2639900040659082,1.3091154832129765,-0.7924970772805094,-1.8606293187758927,-1.2325047886015037,0.6118170242112988,0.7208888400926062,-1.2521680456771,-1.5916426613469148,-2.882314939312669,-2.3042175643224025,-0.32291494247325675,1.1671753690691906
-4.430463055373782,-5.258152499488874,4.246827211719559,-0.13605025478305344,-2.173031644411585,2.0969019321548457,0.45100765098202156,-2.180588946782739,-1.0799046389200622,4.090348693069448,-2.3714024726224254,-2.405027211092235,4.167235404153393,-2.8793771117232825,1.404860263003989,2.990511535942087,0.616823970760392,-1.2907581701058428,0.5788157533490487,2.218654510388566
-4.631771338798214,-7.431058015073185,9.825344587278327,0.07080260328440063,0.10129507210863997,-2.8915940356561687,-1.7059403150694967,-3.9223205615721723,1.3080869663902877,10.79273114061793,-6.43452789582218,-2.251232276639417,7.3579238246363765,8.65850575366126,8.533429119460179,0.9766405387941299,7.315885394116213,5.16410927725832,6.16423582784021,9.840175953176546
-7.060253849041825,-9.786458710492042,4.62716209104137,-0.2236236347028302,-0.3103453855160728,-1.567266397079086,-1.4668402897905768,-3.4491891253772495,0.13176752911056427,1.0847266865328842,-2.3861120197252106,1.9247613679457491,-0.019969470347087626,1.7054286062049788,0.5357157338822672,0.22415569639453953,0.6047412021492203,0.5944283836093907,-2.137853808140343,2.5298988082128027
-2.8538647431902096,1.715111029916493,9.183352885828787,-10.62278559719703,-4.724186783201936,-3.3486213361452886,-2.7993673380293527,-2.736685292471228,7.765021977959922,1.1849910739404144,0.2766439444634734,1.8121523163083284,-0.9551093195465303,-0.8999850855815044,-1.3461487581501663,-0.024367941435889273,1.1707730410488397,-2.100488260088361,3.04139320931255,3.2564673174925294
-6.131589342529372,-4.014317990929527,7.992013778203213,-0.5332086199878476,0.16462667484465465,1.6448234985446137,-0.7533916993478315,5.614215610312014,-3.494320460614901,-0.7608983690756482,-4.661042452232451,4.866711292545142,0.04842136840419975,0.7168587205053006,0.0949906470339058,-5.69274493243572,-0.9504568058535017,6.241545731338807,-2.2490969583246194,1.0203180549251745
-1.5921820103429325,-8.684113673888458,0.09935577837417159,-0.8910157728299106,-0.9577416290177903,0.18366991606941785,0.5893493295416538,-2.9949564721503448,0.4990159383388759,-1.9924190046571013,-3.3282124502933352,-0.2891848178431433,0.208045766860937,2.0179300912249842,0.09108580911027243,-0.3275005149102712,0.287030730721877,-2.5344322938770034,-1.6541267279135112,0.5903316030972845
-2.1453635913116273,-7.144110209282042,5.692720350355545,0.3972273156251349,-2.557679781996275,0.7311822067272311,0.10010968531603315,-2.2894474409934733,-1.4622859404219226,2.02226492282612,-2.2716329789787313,1.5503021984479928,2.002771935548295,-0.5953928559598781,-1.2656630486742653,-2.5489949527421887,-0.13181141959923443,-0.85331551496255,2.188671683561114,-2.0532718070819356
-3.168938417573009,-4.289022816057836,5.080721964514595,-0.4427130550757794,-2.1183821632227797,0.39553719422786526,-1.8479523526584087,-1.6915755822599015,-0.4018624370120183,-1.1879648948671204,-1.3715066898853374,0.21952977353835512,2.584855164149672,-0.5876487764801722,-2.4533526701758652,-2.3283694502758965,-0.10816267997334872,0.02779372137187705,2.2016052042553866,-0.8217905392815564
-3.0876564746877113,-7.4298944177575645,9.998428107845804,-0.1613304397100816,1.414736291902984,-1.2485202124014894,-0.29945255503119905,-3.0262315718043418,0.925622612058729,-1.203424057040438,-2.6037550605016877,-0.22662068339247463,1.6649059363502883,0.992684194819595,1.4645257556110294,-0.8258172947949143,1.8610454099555291,-1.4628965622304,-1.3423792672586055,2.519207430638575
-4.485025349811168,-11.742681792454267,4.495638427537765,-0.367448666449357,1.066532457963294,-1.9356506496808084,-0.7008828661772206,-3.7652840666840452,0.8803119255556693,-1.8702620929583804,-2.217675481110041,-0.9699731493409641,0.20547471948621648,2.824377535804339,-0.3777794319736919,0.5197049597010283,1.024983835164981,-1.3549396792108923,-1.1850799383597923,0.4654936082653144
-4.90841182309739,-6.231511164167269,10.087607463779099,-0.2663970397520983,1.1937122992035625,-0.8194711146585987,-0.38201962648598364,-3.0456669730927874,0.674128001519051,-1.181383166417855,-2.6985168962790955,-0.26226705293520625,1.7829145460046485,0.6299254962801144,0.9273952977620841,-0.782905542173017,1.3483562466577044,-1.4902787167491982,-1.3756912479262031,1.9804220413439002
-5.428153999674146,-5.994287817824723,10.357776023186702,0.018782209763166774,-0.28054907475668334,-0.6249293522246122,-0.4702015067068226,-3.484671732605969,-0.5136070789916607,3.819076760030903,-1.9524322419979363,-2.0353686695339284,4.258601074308879,-1.2577068584276074,2.742179974656495,1.3776529898471006,1.4488959214826782,1.1625597242608285,0.38542737454614107,2.3644291508936193
-6.409454421563039,-6.732059502571776,9.444458072269182,-0.4834913701465805,-0.7355593820463132,-0.7293491822441641,-0.612576276888263,-3.964612457246762,-0.20022969249974226,4.331418488052419,-1.8049976447966807,4.186438136924694,-0.45320088774232187,3.373811377897086,1.7833940744490229,-0.05957500545546052,0.9958881319193026,0.4229129974512332,0.1762288021579047,2.4918394089990112
-7.379027536908998,-5.2600470341876875,9.495836236990469,-0.6098046556655534,-0.7845668758692241,-0.46941571957697714,-1.6515756777542485,-3.6035972718327707,1.4247379985815747,4.424703261564385,-3.1174093814824584,-1.440679274345648,4.023759335598096,2.3360172789554996,2.262769449518867,-0.32529191584972883,0.300524753801161,-0.20824840912434106,0.10257240930890657,1.1273018121192795
-8.50861034076938,-3.7469805107849536,10.529854999350952,-0.8099621049866388,-1.0697846956845116,-0.22391891627859511,-1.0717500119719938,-4.363024452220722,-0.8926789309609628,4.226049216690159,-3.532670764542952,4.527033731394866,-0.8430336414810999,1.728907151646923,-1.4688360623799348,1.3533817558446928,-0.2447681077314729,0.6443010638587487,1.7246777605842758,-1.6869277895548258
-4.951569978302982,-5.136407075500456,4.463654752533303,-0.7324824814879904,-1.0098224256077937,1.9968770415341224,-0.15162778117413378,-2.312089529203061,-0.3779725336612173,-1.0798045308771684,-3.2758767024392217,1.2278229747417404,-0.5550344543925184,0.6869964408687463,-0.49415325923041487,-3.0351340893235763,-1.9959052258408776,-0.5784392564799,1.6928693153930543,-2.345669130920363
-5.957570392943172,-6.172319915150551,9.375794420393913,-0.673737493222894,0.869890675711698,-1.0545910427385374,-0.8710514711620921,-3.3320894164033046,-0.7152151163947735,-1.0963043176172749,-2.5885491972369064,-0.17045596583715472,1.3624807863178354,1.1647190267781098,-1.4077948641019131,-0.5259583132921682,-1.2483425243088577,0.18787971802495618,-1.4044869892556244,1.1500861107301803
-7.473510539546147,-11.047251246477579,6.199151643074731,-1.9876843071821446,0.30897389419819854,-0.8562775498856106,-0.31294998290644005,-3.9772517285351747,0.3425180366972647,-0.9143769824601209,-2.497228212575893,-0.7579497597314375,1.1894585993025788,0.1049378109663027,-1.1193431207184,1.8528926551426623,-0.4740904661487314,-0.3922629997569177,-1.6580544255303904,-1.1331142499222313
-6.879009016144707,-4.7509753720920465,10.194152938856313,-0.5213901009148001,0.8987059777340788,-0.28088291531780896,-0.47932668268495315,-3.086791475167618,0.42621888579952044,-1.0950117108939599,-2.8044282533252796,-0.22591077452965866,1.8393604979207034,0.12934634751655993,0.23700708555932393,-0.7493710781844051,0.6923706867520946,-1.4621972096490148,-1.4915519555039376,1.3275862568899177
-7.81327031068396,-4.700436850737327,9.407993892542002,-0.9760118633063822,0.49880719810527524,-0.4712666354869704,-1.1635823051584302,-3.4202516660391282,-0.26565064994240084,-0.9809215216327123,-2.4305387353630277,-0.07942299657130256,1.3921115548500076,0.5151724109637131,-1.2200190077180832,-0.8806223907973838,-1.206715302824143,-0.5481366051025605,-1.3484993851801796,0.27275819818359676
-8.764868579007592,-4.512932540738838,9.595914627780468,-1.3712699495909026,0.15527846766638526,-0.459960390987414,-0.5676275845032944,-3.3899011804292325,-0.736970231773634,-0.7244052592173602,-2.4369633446764145,1.3707111727326848,0.25437386403190965,0.24623363061174935,-0.8671957786505475,-0.9001058137875676,-1.8763984079000318,-0.49516334432173437,-1.1869585155361193,0.7513227125480972
-7.333192438821501,-10.403318069547428,4.323505147623803,-0.9305249424683228,1.0169444182176905,-1.681125417612408,1.2178710070475987,-3.4323372131013556,-0.9433746124517731,-2.3873991934472425,-1.0319038282795385,-0.1495196618389621,-0.5110026786901121,2.681996455295198,-1.0768010747313095,-0.19726239677469226,1.3056461884019603,-2.1486682973503,-0.14378059929290574,0.6554018370078212
-7.476027744584661,-4.635926375063569,9.592890303726264,-1.2188327245060562,0.8067831369766735,-0.26454137299447,1.2240860206143735,-2.7082758788907793,-1.5624738594938894,-1.9855640393209357,-1.726394440629361,1.5890030048993722,1.6120949031244172,-0.6845636795758508,0.25494411322319394,-2.7144116052517293,0.6525361215869816,0.28487630139010417,1.9757142208878533,-0.599640788569297
-8.353711589718923,-3.8483699478342785,9.616072271661299,-1.0427687191215034,0.8360250069557901,-0.3269949712689395,1.4701235382218343,-2.665652063079955,-1.4216214991272644,-1.8308435658524862,-1.8566912155924062,-0.934629596910334,2.1443547309910356,1.0330603614749188,-0.2920240042240545,-0.5207625644941319,0.9146010672858274,-1.8965076919190442,0.261750200548762,1.4627506835951458
-12.193296002770023,-8.162065239738869,4.871228558554248,-1.864010785486629,-0.04016612103446077,-0.5008262785868263,0.7449643600757765,-3.3708262427684463,-1.5295485692560136,-2.1783109969268577,-1.4464033896395376,0.6473139093210227,0.03993444057615718,0.8499705879954365,-1.4429664013596668,0.04144687962515682,-0.07946426833608067,-2.1571359523503895,-0.41739803354604255,-0.6262748340026207
-3.8050499502516613,-8.401874475864084,9.496878946908549,3.5661946765759183,-11.739687174351133,2.7928373776591466,-0.37927460040883154,-6.976613531784553,-1.2993234980327903,0.42628096499489176,-3.431119553654334,-2.3507816150244265,4.344405331313261,4.420294001685061,3.224640826733322,2.491912767433749,1.1201168844333829,1.955324151760253,0.7807613205662871,-0.8073899801661004
-7.063859727216192,-5.577891234792951,9.6904021612892,2.5966082055989843,-11.129683726719335,3.4949854678225964,-0.2100998375194497,-6.915432015214101,-2.4359115609411277,-4.520477909644255,-2.691442451372242,-0.7671496705338314,1.8100901517225017,1.5959229006912636,0.21330940447071844,1.3376680582782028,-0.1604844467863758,0.534533261021206,-0.5218438994339911,-3.032705418574726
-6.067228300697538,-6.039066984985396,10.52041647313196,3.685866290517898,-10.67820230553993,4.193331431739603,-2.3127666788433645,-4.845376279042837,2.186024873978815,-5.0066880607528645,-3.5159049011536765,1.124819564666039,1.1549323134703746,0.5865636933182143,1.0994171138425095,-0.2828827290398048,-0.0783729803231939,-0.9727820924485993,-2.461742143477916,-0.2886645318064267
-4.0998251657865,-8.822106386080272,9.194911705251197,3.5758677974178417,-10.65539021079307,3.19955452080344,-0.5498333838064038,-5.734406106351782,-4.424910165098132,-4.99081216649985,-3.291765283118498,1.8167500603558042,0.12300216453896201,2.1743303009783026,0.7413162127127579,1.4867854870043509,-0.1395012578438275,1.4932283691566555,-0.16674877542824917,-1.4728788411737805
-5.146497657827397,-7.251412657208963,9.331126197801472,3.196196223375,-10.720933260517018,3.0708645012265308,-0.10903262109800699,-6.767563680030541,-2.597814235229062,-4.689022521729183,-2.6839392749930884,-1.086050853943379,1.8854862446807261,2.425162187275328,0.02902041194245575,1.7938823753669602,-0.37374142817387673,1.225358328672249,-0.5008351650151616,-2.0903498498417266
-3.5656121990793332,-12.798481264332624,4.240252376469944,4.7218934623548705,-9.609516178981998,2.8856194346388655,-1.6757779781123419,-6.218419224216339,3.1157656924051635,-5.206514340373969,-2.0508152474274293,-1.336383606395788,0.26360342055025865,3.306121468542778,0.5520981548175966,-1.5244210619556107,1.9407331700566794,0.7686276773182585,0.24705623987273478,-1.437451633803335
-7.482462404709521,-10.301026830422952,4.355118795835117,4.657768734048805,-11.368010237859997,3.7652430663013665,-2.7093416717966528,-5.744227563764034,2.1459500642087748,-2.398471336445219,-2.3532465091454156,1.8370738010329317,0.2028828774097416,1.6143896454414306,1.544022143360538,-1.7455455473586259,0.9792226937432783,2.436645678233545,-0.9256539050706509,0.32976258907212735
-6.622539542388582,-5.800396909548801,11.002744184990359,3.900070651359665,-12.267691304138863,4.44127554250189,-2.4516802949726295,-6.019226070506358,1.2784914083650794,0.42492438512379427,-4.164037643865305,4.967990293624162,-0.36632854387568303,2.986522694559059,0.6835799149345938,2.993472595732902,0.6118245775200084,0.5139971694172412,-2.159934433719492,-0.29111756388157606
-5.543464660219735,-6.5011979335144545,10.525127960311199,4.364086856448301,-11.850272854895895,4.548066719795896,-0.6057448639904197,-6.232819510851565,1.404631695517992,0.13138976297354243,-3.0298257205127896,-2.2229538760768457,4.816401603315812,-1.7638068989959936,3.183996130375708,3.231359147758808,1.2810001384625571,2.6692539498288315,1.2566411146276748,-1.9006388122173055
-4.590309774662641,-7.178490066448805,10.644890191869933,4.3763426477622955,-11.598725293766703,4.243502050462814,-0.5046466334393735,-6.244944364386283,1.696084438791317,-0.21367393556550146,-3.1569921768442053,-2.238790924729511,4.862803340699385,-1.3972294291080292,3.327096978491036,3.3322172543252178,1.8495586428474065,2.883293069030009,1.3907882853895868,-1.560193674053759
-3.743733138962338,-13.76690102937753,3.15380900890734,4.5625570344122,-12.909555497870002,5.742674964579056,-3.5683723807893477,-6.56489147069889,-0.8565296710703209,0.3654569062541392,-2.5253737059878816,5.216295002499438,-1.0576219358900403,3.124575972671325,0.1606784855858931,-4.4354042706083545,4.710170020581483,0.393802128200523,8.431154831508264,-2.60337403732376
-1.888824773971015,-11.647443043012585,8.382833055865586,3.7084341522321926,-12.177233413730399,4.922015780390978,-2.223553991360473,-6.5199962088223264,-2.6749887194521875,-3.7881451283599485,-1.8154433347518293,3.2522459470131047,-0.2835792624018988,1.2510753527802974,-0.3926583905909029,3.189943163527695,-1.5763219246950113,5.813408974457761,6.427615403491393,-6.815199779476861
-1.8083738532224385,-7.013177344121981,5.90982634010121,3.186028510977563,-11.009965484874261,1.4049698497348366,-3.6639026175798994,-5.389967487215396,2.7174223998680773,-5.655487016167937,-2.1255385139330816,-2.0178133459596475,0.6402142112219927,2.31364879290919,-0.029900117846381413,-0.6537838858223814,1.5731270205284358,1.498866392051609,1.0956915121210662,-1.7887583116762236
-4.044125575591124,-13.347193022531572,3.424174430540612,4.285448895818862,-11.457285305299187,5.316198383841076,-3.3826556706345516,-6.180698164886209,0.7011624129528403,-4.0467674380251495,-0.7903790524720573,0.7681890399699713,-0.12385473292629368,2.108001596144478,-2.700141165583034,-4.644967560883254,3.535657633474148,-2.2462128254955225,5.5486400592525085,-4.82593799769271
-5.042712823088237,-6.623151535547267,10.459326664877956,3.826018606429125,-10.177016362558948,4.207373766486119,-0.3898961326454994,-5.827349698506945,2.8786145232428813,-5.102777474982485,-3.941229321871462,-0.36187597320583176,2.3293926090756845,0.28585321257076834,1.2246694348723344,1.04013037117962,1.4942240559517808,0.23914206737236418,-0.48066215291897885,-2.2032766021977204
-3.9160681872586847,2.3714176934176963,9.623504332721192,-7.063436851060126,-16.289578018744564,1.690393232330879,-3.15731055312625,-5.412119763526042,9.819255346163516,-2.396570711050129,-0.8515412700581482,1.8844026476423588,-0.5454908376282182,-1.6304297004365262,-1.269348779680327,1.6700972505169784,0.8022225319777357,-0.7077517516984089,3.8582763758341745,-1.4149219880063764
-3.0024536862032023,-10.117492051788403,8.721022882450757,3.8230884507130662,-12.935059871028155,4.7912459640737755,-1.6108236370698827,-7.2637710833479545,0.8373653184228682,1.2146347503259085,-1.3508401292586982,-3.4557624219962655,5.293030901747148,2.478599255313889,0.5755241232525314,5.543712170781879,-2.395000279555057,4.7465710556794125,6.720578559895147,-5.299654752513751
-4.626154035345793,-2.742432868017926,10.399344387708968,-3.3201424733491485,-16.007677463327486,-0.33366279182961645,-3.6412515291722016,-4.6097583303901555,10.055810078676434,-2.287230196342109,-0.23722349976228796,0.6157403406003007,1.720250625629718,-1.4754687772983979,-0.16053241985209293,-3.2714076202874214,2.241038993027472,-1.2245491166337232,2.722032691896746,0.5058785188057331
-0.8572973123330407,-1.701693507271564,8.566413392737562,-6.359710789435624,-15.46474541208499,-0.459129628275155,-1.5513134602230179,-4.004800149358507,-11.340603804427703,-2.414594265929081,-0.5093501836395764,-0.5806948143497106,1.9735321644637467,-0.8736362362491858,2.1241976868383237,1.9739548939189782,-2.2673629896487144,1.5596668122655424,3.6953303189906546,1.3892487684271642
-2.439101921364072,-7.386340996295809,3.66027508577635,3.1784823027159996,-12.089713074643036,4.589020119657691,1.4851921472016958,-6.338574700303095,-2.1555426744623287,-4.714140622390671,-3.248437102370985,-1.4096128599374775,2.14001854197622,1.991520503148748,0.8750619050077129,2.0681600779007634,-1.1725279047828008,0.3462895520180382,-0.6992131681666224,-1.9193127848668514
-4.666790205336491,-2.883308134510793,8.618721215832252,0.8051083047758214,-11.67923839023264,3.451008514845311,-2.0557635096581497,-6.500960771732962,-2.899756882117814,-4.723194772796862,-2.7465474472755527,-0.29619539046540394,1.533131580809987,1.7602469688093252,0.16437139198164652,1.4595770811556128,0.15880339220520256,1.4396060350194375,-0.14970788763601628,-3.4870689899230385
-4.701964926337653,-2.8628203733338076,8.285691786333665,1.612311753054142,-13.052744257642999,3.308134843953912,-3.8245508791226603,-5.4649025507984925,-3.909215137377722,-2.2227418664491556,-2.3134474225308637,2.2289887775446102,0.6477867602065284,0.5675119989331294,2.4153490389310535,1.7814864049559351,0.8098385953188362,-0.3911303942956616,-0.6397356409267626,-3.438574442904492
-4.196907551104938,-3.2978698292498425,8.52616793179671,1.1060708303063767,-12.812926362958082,3.5881260160405626,-2.5739124605100496,-6.518883649925224,-1.5457042709980655,-0.044447227054416644,-3.281537213127839,-1.2396429867102339,3.457995909007364,3.199871414358304,3.0464429325880946,1.9922608451562,1.1173444281226035,1.7654429947783343,0.6467102391846096,-2.8115510054427237
-1.540075008756944,4.592313829757395,8.405908038708912,-8.112991273621049,-16.958168845545963,-0.09703033812937759,-5.132873979640799,-3.548221076193938,9.56965200839376,-3.134364369911817,-1.2403413764845612,-0.8793532993655133,-1.939545400963164,0.6274442114166685,2.3265426717899187,-1.3104300107158844,1.6281020152738375,2.395408763587776,-1.8245031921444321,0.2833985262664328
0.6594636115822373,1.3759252719043702,8.1914217040906,-8.05494851327507,-16.15090281862882,-0.5662762310662912,-3.512325195167296,-3.9747582945314752,-11.262822931715247,-2.5144308136901174,-0.8214564290362898,-1.3325052118812972,2.3043975150569627,-0.9102876895692613,1.8298074966620406,1.5013411178006324,-1.814957071252401,1.6732772509864615,4.144132695034735,0.14269941057211277
-5.098753570229232,-6.13950108890591,9.396832943361286,2.7636280487048,-11.778188700008432,3.1467719707674404,-0.48268758398958905,-6.644595074732576,-2.0246815356014443,-1.8108491147908552,-2.00681829838699,-1.1352269597254354,2.6876285977761207,1.0015824400925077,2.792806013913143,2.0578533857524084,1.243805927491087,0.10224383660584084,-3.166592557965399,-1.8024866523713468
-4.459602229261085,-6.832345138610043,10.804069290638944,4.131995758609829,-11.734515369390252,4.486169975349158,0.0036083991669147997,-6.514532338527354,1.4306197312978413,0.29106115181760694,-3.2707501078697008,-2.19505875055405,4.899335805810705,-2.3887229277168256,3.495013275430105,2.805220092458934,0.47656770147843863,4.304040617837433,0.7463288685412149,-2.1123435375210824
-5.230553746607831,-1.7618504884998334,9.339563645559956,-0.10126155764916389,-12.495163886523223,2.9161684905089365,-4.258192183904784,-4.146996684441863,5.268414159204651,-2.277817054557239,-1.6686435815165972,2.418652337279728,-0.9095073311223787,1.687036496173081,2.994739444954684,1.6127158742841297,1.1678658932258377,-2.0868961996177706,-1.3530414376064335,3.1800484560923787
-4.459841469829563,-4.534391216709651,9.067846284186892,-0.4860616577166613,-13.05765105597455,3.2883302697987684,-2.7137067195239033,-5.362806935918354,-6.528414756516463,0.06805631908355683,-1.1454507153985822,3.023845800556071,0.6607402081552829,3.0866156839640553,4.081725740941223,1.74544258357124,2.6146054422212743,1.5519402556663355,2.2584120761608104,-0.8257422243391402
-1.9232448545923044,3.198444901907372,8.651655463986238,-9.815975724229553,-16.258422253207357,0.5986186123264856,-2.8591542113881174,-5.027601733225618,-12.385343465150529,-1.0022322760096232,1.169289509014365,1.6078848516694775,0.25338732592520474,-0.5623695057430482,2.64789297026406,3.3438187952801846,-3.0693992855912877,1.0435509171740145,3.505139052084702,1.0983921700019181
-2.2427753161008375,-5.359623910606286,8.880032046351136,-0.6132169043939641,-10.900503717140017,2.363410886230542,-0.7168312015727933,-6.000833329631728,-6.452168644535716,-4.113539672587693,-1.317724890064194,-0.5564081861718575,1.5460957001502735,3.0174516126611177,0.9105939859392467,2.8514808870115265,-0.32938486710599424,3.286765232047359,0.5054092446858098,0.02700416389535576
-0.06451650198883363,2.2523083799028423,9.243385449829475,-8.946922817862522,-16.094398813863563,-0.5217482362432192,-4.132076303225023,-3.2554673314672358,12.034845545581621,-3.1047577262428705,-0.7358010420535956,-0.48450935983460774,-1.5613591019726833,1.1343232389233862,3.190045551017733,-0.6961423494689721,3.6832995222947478,2.272021967261986,0.4043050478624608,1.6762777538502813
-7.011682853418163,-4.818562421402328,10.17833175380721,-0.8583956604209211,0.6160906409436276,-0.6619134841000767,-0.8263170557262622,-3.0851399557710444,0.10541480507297374,-1.5401867559804,-3.0576508143019563,0.8280307038546055,0.9367488623403182,-0.6822768382326186,-0.7309919767948818,-1.8284282924333373,-0.4684623391599201,-0.8288284608233862,1.7112709297741207,-1.6085232628101986
-7.131205759572854,-6.133910553290114,10.078168326127205,-1.83771686590919,-2.041755913349795,1.560323141847865,-4.586123601859177,-2.986955899839977,-2.2801288651575646,-1.1953112023904495,-1.4486186554029556,1.9019597440868963,0.24783996450310025,-1.7522859046630315,-1.2930293360680327,-3.3325272861090065,-1.7468875051482473,0.31293157583009146,2.985218076754808,-1.811695667722997
-3.641665479790463,-13.39957362040915,5.260900719589318,-2.4545434383622937,-1.9740302345028877,1.029754926080896,-3.1474194402205864,-3.2769429984739267,-1.582515799460122,-1.654088806068322,-1.4883971113529428,0.7828832828905332,0.33806746648969593,1.1320131923917247,-2.1170311695406365,1.777224531085769,0.046330379087500095,-2.114726993298155,-1.2845141697744253,0.7315611410930136
-6.891302257253988,-11.351893209183803,4.170536538115721,-1.8609372751945559,-1.3108300332367624,0.7794890433906176,-3.2628485546162542,-3.1367284578791916,-1.3714471389488898,-2.980107818613463,-2.2203924381891658,1.560097206339852,0.2980487174745387,1.0984052664571775,-1.5811038572502325,0.12963138536913646,-0.07478222503413945,-2.425370695581469,-1.3481396568736395,1.5949528975654108
-3.5752651990893325,-9.783796288439547,9.043719583604343,-2.6446615000489127,-0.8647501422348974,0.663246360997461,-2.5200340911993657,-3.388030066352854,0.48221702818463913,-1.5634661140943213,-1.580982726593716,2.870589954497892,-0.12443428126205669,-0.06989078378853014,-0.9305442363777227,-1.043215551129051,-1.2822948344090181,0.07978357971253548,-0.855725020153367,3.0861118523728974
-3.8319361855061294,-12.977377968485705,4.9616290652774,-2.557806555878403,-1.2169974531020096,0.5186297284065837,-2.6625764963790113,-3.3276054690983656,-1.184501684291991,-2.5798283475080033,-2.0917995001288547,1.0788175043957147,0.5402577084998494,0.7227748519654256,-1.8533444737978715,1.0034419985371164,0.049492516058445596,-1.5054035043315301,-1.5498117169572851,1.4949080152073435
-2.6270337750714745,-9.159536921447508,10.373203681394404,-2.6620102719475076,-0.6911841351159576,0.3519155816664462,-2.7588497981080726,-2.799540276231296,-1.3589870656695897,-1.8677033086553454,-2.3922883062413063,1.7260186893356582,0.22560800240202739,-1.5647138031515309,-0.8209020298171369,-1.7379274111594198,-0.36841033704621506,0.03716827245663701,3.8392405237620877,-0.7267145034593633
-2.4891810643169032,-9.021471655612677,10.452278706791303,-2.3732685739819432,-0.41327089442752396,1.465276722831831,-1.8963926615608582,-2.8284595369775376,-1.0426422398198198,-1.4940297928961874,-1.9537670793581121,-0.6384346432908198,2.6102296709395425,-0.1742481782818997,-0.6664613380196199,-0.9793886129948306,0.47403470300503553,-1.1569410978968955,-0.8464868922057104,3.5456448599931907
-7.81327031068396,-4.700436850737327,9.407993892542002,-0.9760118633063822,0.49880719810527524,-0.4712666354869704,-1.1635823051584302,-3.4202516660391282,-0.26565064994240084,-0.9809215216327123,-2.4305387353630277,-0.07942299657130256,1.3921115548500076,0.5151724109637131,-1.2200190077180832,-0.8806223907973838,-1.206715302824143,-0.5481366051025605,-1.3484993851801796,0.27275819818359676
-4.119949340140094,-6.246433069849708,3.593178312475458,-0.360247243380871,-0.8491175494328748,1.280895531306419,0.6780975690266909,-2.3765097445755523,-0.3151796898632754,-0.5767637085804251,-2.7827863176555603,2.049922463824042,-0.3398931102654134,0.43657155083778876,0.37121036912592265,-0.2318280239806459,-3.16772593677142,-0.3051141154308131,-1.177846013326175,1.5292209200442202
-3.2560168553462967,-7.11409312901328,0.70060367168103,-0.9278360916192441,-2.078383412780346,0.7481247349403692,0.5184862368845969,-2.8312490039893916,-0.026690248383492855,0.9584109520421789,-3.931996011185475,2.7436707231797954,0.3458067171752367,-0.09693567248420976,1.3837730028396311,0.16338975722800964,-0.7493766236475474,0.7666805646007071,-3.175578594518254,2.624701156677482
-1.422527230928221,-4.459440412054951,4.416760015656383,0.22374418465503063,-12.630443478418663,5.5486591360368624,-2.7243090796127962,-4.026497801840174,4.64957379615324,-4.486731916234491,-2.9009658885956524,1.2890972846531819,-0.34312314593519827,1.6181644672159217,2.097652067509208,-0.24339482277513894,0.7284945500273319,-0.9630408831040972,-1.2881740244026774,-0.6502307253960118
13.895117656166207,-7.0885882816336085,-4.243103953676026,3.7221172010274604,-12.56757734859854,5.385541909937853,-2.1008171818354695,-3.28140151708021,2.656863977874676,-4.990479017289486,-2.2271331843200746,-0.1341559415989974,0.23041258873929374,1.6273563061977143,1.8783357035602175,-3.2645399776206783,2.0475131302338907,0.46634001807992287,0.574712152866793,-0.9707671704780314
8.565546415925112,-9.19554585237152,-4.387707492119253,-0.2395384923581458,-1.8329309819665671,1.1874056048053054,-1.298040385729048,-0.7439557924563509,-0.37729649232298784,-0.7166737079023642,-1.5154599920392702,1.5224228247201315,-0.2361247465259109,0.46889894492223105,1.4353629884706949,0.7943511711843103,-1.7982709796052836,0.9814624196689457,-0.6163822250091655,2.260469374251307
0.8852326981796603,-4.576097765696207,-2.310665506319231,-2.2375127797257375,-1.382401710420438,3.4684231232206253,0.8318797303548505,-2.709011164092618,1.3450869722405876,-0.6327630868266862,-2.9406098481689167,-1.010859911475377,2.344252718840642,-0.15718517743474103,-0.3845710040608162,0.5143518616878138,-3.1263159357379786,-1.0957583215597013,-2.1065950118012404,1.0159958390325163
-1.2578179020257458,-7.523576112622493,4.523679540612063,0.010762028356080144,-0.14394063169700297,0.6311730365448185,1.1275668778613532,-2.114220274373736,0.5729623964578052,-0.9827090190198942,-3.1873489987710855,-0.6357151596255023,1.7508345631225648,-0.21509312981888884,0.811165208681417,0.44386860203617046,1.2463137190877045,-2.7717426852191642,-1.0944708473127103,2.4285966576368034
8.900767274852356,-7.981918168821358,-3.5126293029295796,-1.056183159379425,-2.148845206743432,1.4965199760461956,-2.1171600106013893,-0.34410521501041774,-0.35232903621667333,-1.1492260465824562,-1.6184793913090885,-0.49149058262413353,1.0171148429589945,-1.115233717766123,0.3178689576957685,1.0196594863822508,0.5604110770526834,-1.606913516414755,-0.19578342268605123,1.1395573170286473
6.15552523995146,-7.665799341908164,-1.66627930255315,-1.0562026189298268,-1.6665505968535164,0.6983622444793774,0.23621570263184355,-1.154315946397505,0.4381885692102231,-1.3461649145012877,-3.004756759904408,0.09670590178692558,-0.7474901016523916,0.9304235798453273,-0.8253534748406353,-0.6650235221800587,-1.1983678667121158,-1.096443942481949,0.6787704529463126,-2.378062144195961
9.48538250958483,-9.079423443760458,-3.0961352397210167,-0.7865404955513466,-2.6575366168890286,1.3486741041564505,-1.1784324360646488,-0.6668503016009522,-0.18433823577402772,1.7199456109144045,-0.7319187714992401,-1.0254920879225908,1.7499901114219671,-2.471436226342712,-0.6175111299874728,3.3137328609602577,0.7766283013095956,0.2043538495799883,-2.8012230202697723,1.9622018994675274
-3.787465074635592,-6.855251257337641,3.0915028753308,3.096972913301058,-12.342114525299483,6.0319813825507325,1.5987347276349815,-4.628900734980185,-1.304494687487186,-5.251922483096787,-2.548023637419675,3.5439395330476686,-1.2123451151401454,1.0495717109633271,2.148437567503414,2.506877373666722,-2.6336358469699537,1.2145302939698768,1.2381485107195083,-1.029476057851833
-2.280293994432159,-7.356271265147738,4.906317345254761,3.9804443216315732,-11.566786280392652,5.893582004608941,1.026123048580672,-4.959747394679134,2.5513670105529482,-4.590890202378808,-4.34312387317322,-0.6830228852175492,2.2717140443216883,-0.8301133247360531,0.9618458368914213,2.119461822553231,0.9963635835892837,-1.3495026422883427,-0.3669448982952904,-2.0610291506370784
-1.421170196678683,-4.643385404808223,4.159190069867794,0.4128871451078279,-12.04806950277411,6.227072328906434,-0.1859861846133425,-4.860365545779259,5.121580762937437,-4.105991142439684,-2.3618505485247003,0.05895504940143151,1.6871163477699644,-0.7423431635878451,1.1057693676719327,2.080705582807674,2.2812179306598916,-0.44742969773283303,0.3062447434398243,-1.7687905645754425
-1.610011984828685,-5.543955654812747,3.3580412789053735,0.5580428358649706,-12.802152712021268,5.019940062515041,-0.7462304447695847,-4.4921471587621395,-6.065571473882339,-4.460151180467142,-2.2606845263411524,1.9659986892402683,0.4555996804925333,0.6517559544334407,2.4670902866768034,1.4843564032959042,-0.7584869721771768,0.824269301018701,0.9784180003886316,-0.9908400162929051
-2.3430640950418757,-6.289965194769663,5.37685796055907,4.192309353497203,-12.23260094288122,5.80870041858379,0.4560380044079808,-4.986705333335159,2.657947025306519,-4.7459083113679625,-3.874489846738395,-0.4088728731374468,2.0991882774192097,-0.5660716909312122,0.6876882189716231,2.0711464728797364,0.8921617369964159,-0.9918097363928773,-0.16055384256595456,-2.598839428621971
0.8561497210223089,-8.841907048343469,0.7030174660064021,2.7367154442229826,-13.16335170084595,6.336057786321756,2.672837968883275,-6.268278866399673,-1.8929923748874133,-4.762333891573535,-3.3107834112543477,-1.4163904029634697,2.2459754459648176,1.1410365983040902,1.897194287256586,1.5569059277276023,-0.8583894646980239,-0.4939879786234377,-1.142655854383181,-1.8303171493219819
-1.6836411947535836,-4.491261812857168,3.948855470215618,0.6766074036457308,-13.505826591363778,4.877470324792451,-1.3309849812508583,-4.475838181031552,-6.207266484931759,-4.780704348010504,-1.8115367888696947,1.7212494865810672,0.6959376713959616,0.438473325257714,2.3677166694767724,1.6131293205427957,-0.5093019193491721,0.7368709522234302,1.2086795392797653,-1.3180877058619331
-3.6631095268127485,-6.727981944655201,11.07330268991813,4.525105756541676,-12.001071298849222,3.8406567570623986,-1.0251727128231787,-6.243722123565741,2.0857649447392266,-0.5181670566161966,-2.6049935092353316,-1.7650181173001516,4.409934112887367,-0.7520273341116898,3.311145284607779,3.016018401099002,2.136191374031018,3.0480554102431037,1.4056260948863903,-1.7377359940054116
-0.3654669599764464,-7.932942314625512,6.886769485507093,4.897108352231347,-14.029863664603237,5.128691759661024,-1.6783158843190045,-4.059902128829554,1.0466763761140556,-1.8405274782592809,-2.6415674998141356,1.7934152747708216,2.4800326205514267,0.4602471750697216,0.9640983375944707,-0.591872064089539,0.9331152181850537,-1.0443085320847214,-1.9566301232090089,0.02506945531034349
-1.5633607337967819,-5.153602974089595,5.297854066400568,3.0690196869883914,-13.71289137210806,4.292987863816956,-0.998236828958924,-5.336210152208251,-2.4917754242423005,-4.766280417751668,-1.4276707742237198,-1.0912403755874645,0.19953701636799245,3.471399518693115,-1.144108088298395,0.7557690846567824,-0.2967649702768895,1.4657652265459706,0.6160792486358381,-1.2348060456253998
-0.9061222350351701,-0.6686264194814854,9.211418717661836,-6.241562836862813,-16.146658769334934,-0.609636841606601,-2.1343500557771544,-4.0032219177062185,-11.487640111058395,-2.7101714441476035,-0.05631506131574271,-0.8081716719595373,2.219484845162802,-1.0925488589349763,2.023178778768257,2.106538623139885,-2.0034575419612475,1.4950489843447015,3.9138461920857983,1.0771813549093898
-3.6631095268127485,-6.727981944655201,11.07330268991813,4.525105756541676,-12.001071298849222,3.8406567570623986,-1.0251727128231787,-6.243722123565741,2.0857649447392266,-0.5181670566161966,-2.6049935092353316,-1.7650181173001516,4.409934112887367,-0.7520273341116898,3.311145284607779,3.016018401099002,2.136191374031018,3.0480554102431037,1.4056260948863903,-1.7377359940054116
-2.3280294116871714,-7.751408987415218,11.086251774127833,4.167714568646674,-10.688660902912943,3.0474378269316276,-2.149697785149054,-4.648943960530627,2.943862293820191,-5.29821173620728,-3.3300676306851797,1.10781646750763,2.375938680946281,0.5595544508030778,1.727637822121452,0.06602768325527394,1.6956998698562593,-1.2560091278392405,-1.7305235514501307,1.0212929518229243
-3.1794644025116323,-8.52513632321072,9.632475779246615,3.920326299781447,-11.158365436292371,2.832340095243821,-1.0137207476420296,-5.649445450937514,-4.7037758283268145,-5.366900310652697,-2.8133052494443707,1.5351618751310103,0.31654523437585974,2.2410855377499823,0.6407763762185783,1.7949853389337433,0.15992719585330598,1.757957108033581,-0.08437170297655613,-1.5164625771079363
-3.3511571330281984,-7.563300685837587,9.870804973905933,3.538760362917182,-10.98070230699139,2.437608076600678,-0.3816372716554954,-6.656064846985247,-3.2721834938246426,-4.906038765442794,-2.3392397152989775,-0.9470945525681993,1.7009282203650093,2.906374549671173,-0.2386304024682453,2.372583744576564,-0.20829010886217025,2.148597846386829,-0.410582836853612,-1.50852103502671
-4.229384250121166,-6.342213508294782,11.12769268772076,3.9806343621853255,-10.957486016226255,3.4090836590621767,-2.3851149131133744,-4.712517778902683,2.748279402821608,-5.243168247542055,-3.2052752834651623,1.0370307783078148,1.804658784933836,0.3681781022096873,1.602999766758193,0.06348415588473914,0.9958363670911244,-1.0508182231198107,-2.3006155815841307,0.7593782642543612
-4.6596389699681335,-7.657258664287383,10.024293186309155,3.9554718201918497,-12.916864511671335,3.5196188840143847,-1.7906627802715476,-6.386254194672,-3.5277207466109948,-0.2035798602380347,-2.3475752042614015,4.156079745987781,-0.09015930060852445,3.7715451744790993,3.2886660180069995,1.8229676838479318,2.552977715124089,0.7729257994704705,1.4786323026503665,-1.2915429244549907
-3.1708671217601703,-8.515124517635783,9.61548900310424,3.895410113898539,-11.213372980128485,2.871487327309346,-1.0981421175705832,-5.659933706187051,-4.657468526946428,-5.377617052594424,-2.83267823404021,1.5572946139524027,0.31454813251330654,2.2070153846277965,0.6759744969410466,1.771768108095268,0.16222965432867814,1.6961650505443615,-0.09692410511695886,-1.563503289451392
-4.1299794032014026,-7.851861146388041,9.75090564445474,3.7875866359071813,-11.35332357413564,3.0826103887661462,-1.2728315516926512,-5.684752083189392,-4.529119930772343,-5.469532497474153,-2.905641789127519,1.7741178015871546,0.2990144075155749,1.8988876078028936,0.7188672186194491,1.7087856272598207,0.21902670323679285,1.423946782118537,0.10617749018331035,-1.8118959885227466
-5.197984926992833,-5.625622878151058,11.124682613107158,3.8843368812936645,-11.157335099223609,3.6612978282680593,-2.67265793162978,-4.711177418590668,2.5490525259288486,-5.3485144810458936,-3.2175539326469744,1.1503707675779036,1.3751140572724863,0.2704121827743853,1.6814321443860472,0.15661818975225936,0.6111488303373407,-0.8966529568736479,-2.6287784705000456,0.4355669777535742
-2.810676050837917,0.9945773430307832,9.33725616015261,-6.603950885382336,-16.717146354127074,-0.18679727140460695,-2.783432925604059,-4.008774373931448,-11.080419753048755,-2.605355912117398,0.06306862202080665,-0.7291879356170687,2.296157539830237,-1.768997239647793,2.1260556425486987,1.7418470206992518,-2.2489087958338816,0.6272543039542431,4.182192635255885,0.44032654905549523
-5.595450816049616,-6.946897431434994,10.004992654098782,3.8846604335853687,-13.2368272832976,3.772448762300024,-2.0337686972429596,-6.419063019181342,-3.241660862156605,0.058366014027004746,-2.2202366773008655,4.0892630903966065,-0.04412617575223937,3.51350267329955,3.3639864112871454,1.5340585484899962,2.307737239883025,0.20309370903560392,1.602788561130847,-1.661805105571185
-1.0359166756874207,-3.8878061172220155,4.143936530949116,1.0805656304150681,-9.971548866137336,7.794562692442243,-0.9826445792237377,-5.949161422060185,2.1621275073772606,-3.899890027437726,-3.7303287112633905,0.14323947208279147,2.2407928204230885,0.578133602095604,0.3394982086260874,1.5312721410776169,2.4042574389089397,0.023290103664310863,-0.9919521629043362,-2.773772924086706
-3.9159707653674225,-11.867087845757911,5.120936608806205,5.308972202978039,-10.167057460980429,2.8075715950067783,-2.360051420303932,-6.046452723297397,3.264040248832225,-5.109355930589961,-1.3398660218860539,-1.455053629798849,0.47262753266934426,3.0977898373740915,0.44723836893533014,-1.7614546942963398,2.0335819626359166,1.1224155720824145,0.3989484149084166,-1.664388074212021
-4.107074820966128,-6.225230563492623,10.833094624383339,4.171617609345831,-10.670897680097285,3.839669432110732,-1.0250712286177635,-5.843058906265512,3.0683537908243883,-5.3144525124032125,-3.4237260458858074,-0.07885876682562282,2.0912135878632077,0.8222662672231164,1.3882807869916594,0.937122537558212,1.7249880359506142,0.5639963700736004,-0.34921010009404385,-2.40233033227085
-5.0652089265068465,-5.576401545970176,10.759762087460263,4.109741769705237,-10.893568021320153,4.179102902680188,-1.15695811441461,-5.812583942144343,2.8336511331247833,-5.166330879613453,-3.314598800302597,-0.06367462514107664,2.072328523516571,0.4972311677603316,1.0727550759710551,0.879131968854119,1.23157221638014,0.37847192415059794,-0.39675740893979217,-2.765639216296945
-5.0652089265068465,-5.576401545970176,10.759762087460263,4.109741769705237,-10.893568021320153,4.179102902680188,-1.15695811441461,-5.812583942144343,2.8336511331247833,-5.166330879613453,-3.314598800302597,-0.06367462514107664,2.072328523516571,0.4972311677603316,1.0727550759710551,0.879131968854119,1.23157221638014,0.37847192415059794,-0.39675740893979217,-2.765639216296945
-6.068778793140432,-4.760039121183999,10.798775555808803,3.9370882617570295,-11.082268676582036,4.441472329902437,-1.1832180288623109,-5.821646155001245,2.738084819901327,-5.0633764368822005,-3.3033342091470788,-0.0004620494007030185,2.039394005080415,0.2394329822257676,0.73441236555568,0.8155849533720234,0.8537294897220533,0.35755402184655305,-0.45589383681967854,-3.0649334738725873
-1.868702790009831,4.286662880687046,-3.4993574644066605,-3.334618800683419,3.873192074457847,2.051400239327378,-3.2576899193145183,-1.9392839671124558,1.2714983552465444,-2.2879442416787956,-2.377870546374179,-0.03607777434017576,0.7096309274465304,1.081966229283639,-0.45229448631722013,0.7767685875689201,-0.671328929228705,0.13214868712189812,-2.093000328107218,0.4289322843246731
-1.4725475662043266,3.275943071422449,4.701082820715868,-6.457316201518911,4.203769919590616,-1.6162862191207483,-2.86919796445616,-3.4838650416644636,0.6219645215039559,-1.4866116358020272,-3.175266141746536,-2.5643417429029043,0.4982763101504427,-1.65181618217258,-2.4098069058036167,1.8760099206103096,-1.3236511854802628,-3.3996620808982483,-1.290589034541946,1.4234771137727835
-3.175041835114408,4.30502898982502,2.5340386534380492,-4.231106014039796,5.514542118696726,-0.20465471151999226,-4.540010377918496,-2.8547609227280835,-0.014581002083282932,-2.3559002323958036,-2.1773468074107485,1.2454493183766662,-0.02461206439814441,1.247115368422897,-1.0341407780321796,-0.5142392061468213,2.0064448344050945,1.8129559573040672,-2.2124445445932692,-0.18808684974210754
-2.4191689135744068,3.709319077714434,2.090286653221953,-3.716194338305754,5.430781349464091,-2.1212744652484705,-4.135575537158464,-2.923494804766299,-0.6236493870319241,-1.907493655248729,-2.4950761345498815,-1.3030597445709837,2.356997542768152,-1.2937412946656959,-0.7107412913941554,1.4977678380043786,0.8321517627905145,-2.7223606664383238,-0.11737503023881579,1.6216347581378125
2.8348255265699023,-0.38812092943982657,1.9095060768256475,-2.020196960326346,7.021782141808476,-2.9049730915491176,-2.6177633360229713,-2.97153889327591,-1.929791793941606,-2.0580997448449576,-2.458017978895223,-1.3701851857876255,0.9210835374416668,4.005826797552981,-1.9230727296682184,1.6308957626191685,1.4018662928359604,4.0209940295019155,-3.760124179877843,2.2543334224210723
0.8842318162176179,1.0578346554111149,1.7618291780863,-2.4507380554042184,6.1542382314910355,-2.958048579253819,-3.4457611372630232,-2.585223265790101,0.19696068258592964,-2.137491316372136,-2.7281344561493523,-0.9356941737582888,4.377060058550098,-0.32258474850253555,0.1257117534795497,0.6180646415286314,2.9874615311408297,-2.861736984627679,2.0193481503575317,2.458037337651189
-0.8923129087299442,2.1500139688099313,1.9422683199846562,-2.863448184442448,6.069778065752817,-0.9194744086339682,-4.26962738134849,-2.4299646395157857,-0.5700272744791668,-2.480390976632052,-2.214321831765514,0.7695337557775465,-0.12334023142953485,2.8366732129301284,-1.675894283332676,0.7196721042940051,0.7312019391352997,2.666778249506236,-2.106887576826841,1.845053227202393
-3.7869386295540037,2.2326782537389196,2.9308836447535107,-3.7366426824131347,6.086416823815126,-0.5548814156499344,-4.9266360192214504,-2.8310030665557386,-0.3227354586708715,-1.7067324363816543,-0.66342627356009,-3.0389281210750774,0.8484415204907039,2.874292388431428,-0.5211926983702088,-0.225090223777956,1.2633022382329766,1.4213038290350828,-1.5807919763321907,0.8711724990688441
-4.392623381206292,4.761178588347354,2.2659374733109345,-3.442408507731107,5.411167076794967,-1.0200478994942843,-4.863535868683826,-3.3295560936409636,-0.1479784361087566,-1.9385947460026727,-2.5529976398264767,-0.12316564580996267,0.9852468230203666,1.5013673749829541,-1.3869690524725777,0.6000607344108905,1.0484398273863589,1.2668637777128562,-2.7364155725316484,-0.12353279969358599
-6.408757843019302,6.903693307491098,1.9182805600498396,-4.265195158522209,4.961833908312975,0.931025464837374,-5.353115732118034,-2.7417812695638566,0.8065131025822104,-2.3906057858227943,-1.7586780112449467,0.8327440958902166,0.3253172084658289,0.8990244002445835,-1.0975650065215845,0.06431611392396935,0.9121405997339254,1.039598934741772,-2.18583052062905,-0.3208489229759153
-7.977365332412663,8.118576477249844,0.22087707740761695,-3.0092762616581403,4.7743994173577295,-0.6446746259860108,-6.243487740732849,-2.5322256934521574,-1.6619979328325916,-1.4800097092390188,-1.5510085583454156,-0.051647767228858554,1.778716987893893,-0.3480817307387868,0.861690397026914,-1.1272589070558998,0.05705992808272947,-1.8000919914065214,0.33270909129302495,1.142065525555246
-2.578504426382505,4.72792954680259,1.509152730374738,-5.060643676744418,4.714159010575148,-0.9610107122720902,-2.038367958108421,-2.670536840618968,-2.9508170705559214,-3.1742962981701455,-2.537060629362384,0.06322727322599403,2.049588910190146,-0.335585322358396,-0.5222768911030903,1.4122200208199716,0.4249564976291415,-2.601393256299155,-0.3799365134387358,2.341653928249267
6.314976976316213,8.165151438766676,-3.7858899415951726,-13.582654967652434,-7.2122411531434825,-3.41255364675591,-3.008297316354155,0.49093920430410815,13.808964318340696,2.818920748666221,6.509624195015254,4.924993933454821,-6.000714818019333,-3.535362682275505,-2.4185445052007886,-0.05774689284060963,-0.9444158426073322,0.6059154011636023,6.112619473741517,0.8954760059272996
9.072035649275863,5.991690120477003,-5.344987931729096,-12.089836445673562,-6.269563562975559,-3.104354548345687,-2.127596268344016,3.308023185440618,-12.477689402252425,3.143665307216919,7.288953881254675,-5.59516768097557,4.008490615090827,-4.996632477615827,3.0330592763205546,0.31331726024171486,-3.4216169438480337,0.08240205327812845,6.501169577428511,5.474329299510821
1.0192131806623235,12.354898179752954,-3.513503708982979,-14.882290552864351,-6.793557155919157,1.2628287146874788,-2.8265323874828177,0.022655334258037674,12.895852262045157,4.355931045682029,6.877471107430736,4.41666795324119,-4.9945468145797935,-2.894312039489632,-2.4960449658323647,0.6515735589714793,0.20996712989180788,-2.493113982604113,6.686487888177312,3.0539342695629026
-14.087814002663066,4.540441831124252,0.7770565524729519,1.0705434529384508,0.3980321045561448,8.697731788554082,-4.314688410551693,-5.114523851424677,2.2296669722705937,-0.9085088704458802,1.5577592805468068,-2.2383833762433474,0.33546088615350866,3.037427577882127,-0.7249410352156542,-4.581233472984503,2.414584785788224,0.9008753936270488,0.32678020037300126,-1.1721768627057207
-4.2242521377391204,4.763108070711092,2.1637117733934668,-6.69533772169712,-3.434334243352352,-1.4427276722677589,0.8456258981013802,-1.316259199511794,-9.085969800778233,3.645035083539062,2.8301336157439807,4.5384866844811125,-3.2383740544982196,-2.6414538934571192,1.0691003124718654,-1.6910995739086458,-0.9481499876506794,-1.1392996914858962,0.6203417285006634,2.07966838218453
-5.230562188869596,5.31172140195101,3.1498541238069224,-9.98794729574494,-3.7474266041561783,0.17070125555162097,5.89254837947681,3.470170875773913,-2.0008587205241124,1.234866123732519,6.694828931966456,2.618747778859012,-13.90163334833444,6.354421638485101,10.198038346127493,1.6651951175532833,-5.450710276909234,1.7376271827344532,-0.5453959551546386,-0.8061589546934106
-5.547588454581708,9.17178166563086,2.2380951143627676,-10.90465953949203,-2.9719782483387855,2.706963676539673,2.8951631069454438,1.5491814213865245,1.4748324365552898,-2.469310280992426,10.080235531851603,0.721714042677108,-12.210721633943166,-4.73949607064026,7.431869288535667,5.200025281276146,4.517067969261793,-0.9763528108566679,0.19633088784413794,-0.29606603454506975
-7.9747893136304775,-1.5518730812624217,-2.259122496194056,1.1854105014404153,-1.8414281131769095,2.1566728645032076,-1.2706291126054012,0.018686484555722974,3.1074686776940093,1.4699259559602451,3.652061568266306,-0.4145629277750832,0.07684291480156608,-0.7256831774713415,-0.7617342727931742,-0.44101087179033704,-0.3189240243209146,-2.336333127549985,-0.46745066003098223,0.474005214363917
-7.609350543909878,-4.749123371765781,-4.225589459402473,4.662205466767844,-1.4961104565621461,3.3175553963774633,0.7257668254641101,-0.6460490754018018,0.629566402894352,4.073054978908315,2.609677524719552,1.2453178836871575,-0.18311658003509623,-1.7498166502586046,0.2929775001138734,0.8339744948594978,-1.7058330660129877,0.20217633162946377,-2.51132320237177,3.385482887364205
-6.396745034635832,-3.7492402789971675,0.45300484887875103,6.242561627945079,-0.4119102009592829,2.7059055525938907,1.6510478732751697,-1.1901142594958953,1.042572523883218,3.3237149476970282,3.4728101570010654,0.7270746430911799,-0.7745620195660977,-0.6824986828882253,-2.2965011826798882,1.2992832267326042,-1.5432857043198567,1.216760836374843,-2.163828252352171,3.0581444599247916
-9.456751373356212,-0.7642443534394714,1.1277719296333557,6.453960652265608,0.23401681533253424,1.2788742909184414,2.7188470924631973,-1.6524251953878524,1.9774822587394985,3.025694714065269,2.4005848302287163,0.9785927295654631,-0.9820111664909497,-1.1254450415330408,-1.4444806352913189,0.6038819721271694,-2.561987828797835,1.7902314700762114,-3.4394512844747167,2.0372264214443994
-5.472756098475129,5.6075456704956235,1.591523455545195,-6.280139962972671,-3.400242830996841,-1.112152891955481,0.6334776265430522,-1.0604925382252055,-8.807810306191282,3.5793516271413,3.1253544889784144,4.144415731002441,-3.1495061462378784,-2.442808722161679,0.5025837536561163,-0.9657623031285447,-2.1689763130943716,-1.3251692274523088,0.9520524936652909,2.557562059544583
-9.19806301631768,-1.5954898604943786,1.899964144642246,5.963433583070788,0.9426983231993713,1.408830602137121,3.2139638837338382,-2.3081402563131714,-1.2729238666174088,0.315809500947828,0.7093757929985649,1.931438391262608,-2.144257596827172,-0.5852104427144856,-1.1273035424779314,-1.4690517522966886,1.3708187984535751,-0.8369087939459122,-1.5546636002132905,0.990631819134646
-8.58203625955585,-1.4458042295063471,1.4504665861146535,6.273072076015459,0.7930409309236881,1.8308086608279492,2.6097015982603944,-1.78588481442159,2.494429138695942,2.3137484705069022,2.1160875196981177,-1.3835942117226263,-2.1077602391567245,0.05384765269394938,-0.23394648630730686,1.7623384229923325,-2.531012363030778,-2.494039323375395,2.4365195390280148,3.45646973273604
-9.119673825868327,2.641276265416553,0.5366312837618921,4.364897875483992,0.7988224343674608,3.5722536656212287,1.3147839557812728,-1.8822123334141065,0.04157660769651905,3.785044666608953,2.411411979181422,1.0607463608700836,-0.7487157225181477,-1.2779720690568028,0.328305281458381,0.5667307675693165,0.4025141906152033,-1.3186289253340304,-3.88224992532473,2.5745903378254287
-7.286816840352046,7.224922809452857,3.8514703558696928,-6.143223654636305,-2.789275998461437,-0.45724278406445684,-2.444354487614209,0.3714340005049154,7.984906309401284,4.376935126277019,4.573677644817444,0.024237126359113487,1.4251247652775678,-2.2433993917800183,-0.7713980947387588,-2.2698653901643597,0.8119674811394528,-4.203166251849381,0.15289951682917724,1.709888108980337
-3.555641268180832,4.426640882863963,-4.227319046042771,-4.9420897329699125,-4.694303916876323,0.9219886175345247,1.3479414238114225,-0.15863676585992847,8.382440009071336,2.758990947476983,3.803779243489632,2.7773887783730493,-3.7257537512328316,-1.775644270392326,-1.5437519148115033,0.7385282053234099,-0.760315474267393,-3.245522684847553,3.2580427944094175,3.0694568918607237
-7.153784314449437,-0.4721873529402313,-4.182555035759178,6.438248898029451,-1.3180930173661007,3.7918646222462753,4.2728056538602655,-1.272667919116906,0.37183645730625564,3.1899589684826166,1.4507503671767108,0.6659286226379679,-0.8150148964049955,-2.105069650639202,2.001978577594481,0.044824712081709406,0.1556247554344088,-3.5287426455823905,-3.7217971573588433,2.3913375368230376
-4.175744687835225,9.384011782613646,-5.246281680209961,-3.6312127845786693,-0.373361551958453,6.858638298027631,-2.3121712562741923,-1.7857204720976396,3.483505969495876,1.3507648495229594,3.221930185879571,2.494196142675638,-1.5488942006764281,0.36040547393101535,-1.5898964759933563,0.35244986871706185,1.8810673515437748,0.9031795606838966,-1.4778186151669526,1.9265402220172885
-4.182744961933277,4.720550871217226,-4.679958824463415,2.025348190303391,-0.36081668871619127,6.3168967765571775,0.6882511799471034,-1.6616457425337992,0.1278718644795594,5.529988847959542,2.914484870837488,1.0192054910869381,-0.33047404941880054,-2.619975023307764,-2.4567221912241246,2.396837461039479,-1.7133668674221123,3.123181971641727,-5.523986011829862,2.3742958063466895
-5.195957149955278,4.422057003556661,-4.9424709052137725,2.3641913192364474,0.6748864797077939,6.199719263612989,-1.2636929039922158,-2.249977960949168,0.6008285774773217,3.3440404500900107,2.459420534167292,-1.1054349213677204,-2.762188293704159,-0.10479522786790307,0.36013672898792115,1.4845007469096143,-2.6877880938342527,-4.01838894431383,2.083181238648672,4.8106472808179035
-6.248391386320018,7.908990019680161,-2.5437974058999178,-2.4296309762470143,-0.2634117173231709,7.096705884661648,-2.068027636004764,-0.8051274693984055,2.7710308851521703,1.695942761934584,3.031944471286031,-1.0636944172493021,1.0322698740562266,-0.7373872750340326,-0.259693283818029,-1.4149605183422564,0.1354042365949394,0.1880081860581162,-2.680063183911257,1.6294653236825674
-4.935018238221726,3.2615547750975242,-4.093657701120112,2.062719290899402,1.2384532881603887,6.212672460682811,-0.562208447414417,-2.5589576583959466,0.7864341773528655,0.5823713837583369,1.5124086892360433,-2.8688163288289275,-0.6775970414074679,-1.5763917826034914,-0.7945707169657001,0.9412185448832843,-1.6288434433408494,-2.5724394182050805,1.8213973824211274,0.9110621841130313
-5.361344996335708,-0.22104736311962542,-1.447771509598209,0.5931542847907574,2.1467373243865016,5.791674643311222,-2.867792723127513,-1.6122819286527954,0.45652121780192434,1.7665731102806883,4.0228089076505285,-1.959602175913462,0.7792338415698179,0.1185236100496928,-1.5111607218942171,-0.6815102033669487,0.4425391088529408,-0.16375268060194018,-2.4008411452222616,1.577530447604673
-6.95612786510261,3.196544046581473,0.9546774194723424,2.4821724209617466,3.0707856518564567,3.9170795597930965,-0.36885632792585055,-2.771154128261335,1.2791042397405894,0.21405417946513633,1.3061071361738796,2.655571117582791,-1.734196073485716,2.079447266252574,-0.31309304256856096,-2.1597738834158102,0.6756218069190956,1.3798977599933249,-2.6254350424079718,1.5310806631885292
-7.686532628379972,4.022801169044267,1.2450863375193497,1.816083543295882,2.4476761948584183,4.118241133153777,-0.27676644771274794,-3.2150362961122956,-0.18820568570501528,0.11314328723018208,1.5190704561921422,2.5178301228800444,-2.1451752579674417,-0.1011665391705586,-2.2533997664091734,-0.6019807630394087,1.4198306680231565,1.6985866731062087,-2.820993623823931,1.8178693649512914
-5.104137863529291,12.246852072366075,-0.334628693809491,-7.9346205923041335,-1.9323414835045611,0.3402246414578607,-4.218343124376166,-2.5155773384765796,7.834252175621998,2.5584064396391057,4.152910323936631,-2.241466524514691,-1.6900729254370823,-1.146097988105475,1.7048719852405054,-2.5189702870491693,1.1868560324706794,0.07783537201496749,2.624812073183551,2.968153347541972
-8.740946299622827,4.699323951776332,1.4260638287437204,1.8061705750054264,2.3459662299923263,4.449361181910544,-1.3585672791017367,-2.950002096444469,-0.6109895756391945,-0.06684360631551073,1.2237306572327666,-2.875001758336153,2.1047504356057973,-1.1434107479888613,-2.2798258241799942,0.008247471068574902,0.7974019688262464,-0.2800966888760166,-3.0775808242940754,1.0285692509602231
-10.247647391617804,6.366576072666048,0.63323956356261,1.9025387785912296,2.308508888730225,5.327849882288293,-0.6588915855636531,-2.6460024019331825,0.560122079019381,0.6862613951526737,1.4535976886442126,2.4240465782280443,-1.4395643611539368,1.1625445456933172,-1.2458684733194874,-1.9277610757124277,-0.36139019813352236,0.9359388106588024,-2.7826982369517763,1.1040640377635929
6.753306342329555,-4.532969495143769,-6.505975989489161,4.357523730017762,-0.345998044029078,-0.6986240867447973,0.9712442057600943,0.45728934758824413,2.4765912099639307,4.01609887122254,7.012637911638658,-4.542050335366845,3.592783622235964,4.421224874661079,0.9964986509550555,2.3127476723617786,-0.9190308843694174,-0.026520174545370367,-6.767228414276881,0.5525340078793909
7.9792080762376685,-1.3612636210804472,-7.198918066065579,2.813776544672396,-1.9270082687152894,-2.3065319125491173,1.5138041961036048,1.4999597672829155,-1.710153037681978,4.863018186245683,6.579846490983411,-7.079427378517508,3.245676300731635,4.857116012588649,-4.087243578944164,2.0908769466202615,3.245409612869071,-1.7455050148893827,-8.397164116901322,0.17386936623590754
4.769122344934545,-2.2236352875184755,-5.460539108659427,5.468924187299343,0.9666345505305651,3.0072527668567215,0.5090201988995591,-0.11909257918837506,1.824353299220546,1.8560654733331552,0.9112061666340388,-0.8075952104859471,0.687814536210618,-1.1325969024101887,-0.4451319906313453,-0.9652395469483928,-0.3758170853442263,-0.4265642728692117,0.4180656091397701,0.8243228057286585
7.851972623646387,-2.146225275451512,-6.665919968815368,-0.1626037781793332,-3.2723596385833007,-1.6719398566232342,-0.5411702014928954,0.1568364947414823,1.147590930916329,6.254066507293031,-2.1256527780471832,-1.8991076636871178,0.01039942509108742,1.480342207466199,-0.5780764119323507,-0.5147386375616612,-1.997100424573644,-0.5902801766189117,-1.3922056566078715,-0.4455063101491059
2.148202495418248,-4.628247352709477,-7.142442097463887,4.885415228674836,0.4438052292336763,1.5867415726462888,0.262561489227892,-0.021110989777439332,0.7490237136803509,2.3826559017479267,0.8571239596538123,-0.3314379443581966,-0.8957582400894252,0.7585863586490483,-0.8710320065482031,0.6957727570944534,-0.7154638142134835,0.5855816846381755,0.930321067495883,1.4069942371297068
3.4293228167311893,-6.344915938462875,-5.902914930572653,5.122747221805403,-0.6877631998270433,1.2034031014283002,0.9455032306253439,-1.700137939565779,-0.8817617891251786,7.7974418620309045,0.04679379077693428,4.093393487440842,-0.548188212681891,3.061718271403736,-1.0860119316180017,4.29981079523452,0.8376736559299898,3.7228688391372313,1.0643756011868195,-2.264557721711555
3.167471128611999,-2.0589542532724034,-7.572348077624561,1.5135356606625359,-0.34055762061291905,1.413882578102497,-0.7945917816215425,0.20143994533081128,-1.9160039651744822,2.889485409874486,2.5937880627363725,-0.9363588512413519,-0.04567083524414292,0.5712437858692501,-0.5394652487072983,1.0179386959166126,0.06117557478303179,1.9911369606841118,1.1828071026666664,2.1730273258000103
3.7836277160938456,-3.575444278486013,-7.025832516579126,2.9111983950544014,1.30423859052529,2.8547870053093956,-0.7468625715176971,-0.6698673917793045,-0.7133612188968874,3.5713316095983685,1.3584224130458686,-0.009381174463158615,-0.2780509658936495,1.7841852577106532,0.8233131674763163,-1.0035568074571641,1.1084395950863277,-0.1386326635705523,-0.24873622813525725,0.12869617812309916
4.256922506734501,-5.192092088908835,-6.683755447098417,3.7681752366343337,0.6315743216466172,0.39982165070876224,-0.33358295454864795,-0.179004829886449,0.29325748104325405,2.1372756322726936,0.9236141335873248,-1.1410866327293194,1.2292589923968058,-0.2669895721664759,-1.2504030102026618,0.8007381638544449,0.2975190788985584,0.9780982546006505,-0.004630854952794208,-1.7449567663153736
14.007540962784212,-20.93711795297655,6.732341002543623,-3.2305366318857462,4.877383634980061,-1.7198614383438346,1.3375618967338077,-3.3944345252100434,2.814813809522921,2.4815746063915713,3.042278517157544,-3.632211482869936,0.7998222387978081,0.769572171866838,-3.1985754248671783,4.12356081719577,2.1908262633392463,1.3632191614846108,-1.1418578423096561,4.007811027308142
-9.823425121526425,6.012892599683701,2.487161450423714,-1.923946969475641,0.6530350569473093,1.6055128797537468,-4.084265436858735,-2.2954084070419682,-2.267734900820425,5.000211263073451,-1.7596359967636355,1.197093518994524,0.2834085699561155,1.0208698617836056,0.8818546114099524,-0.13048191570812512,0.13634546062331188,1.4074242832643167,-0.28863628774183975,-1.538497810516492
-8.276301259062475,12.788498386369618,-0.2509318941385975,-4.608038437643122,0.36636288322001564,-0.003088867026503128,-6.531610518768888,-2.5066306563544662,0.6644046102253008,-0.1183903925242008,0.2865605850088151,-0.7130276409260687,0.6051111143131982,-1.723346103886066,2.3563455680124004,-0.44918539385369416,1.4473317843954336,-2.0559148140991486,1.0415168357866094,-2.1600454700266907
-10.378067912418569,5.538446366956939,2.883324180223184,-1.9924624068098002,1.8715061140843363,1.2743844799144108,-3.784604876977128,-2.2260630032337336,-1.1377486344176924,1.1654262199763383,-0.20615283336252974,-1.598475040935231,1.0184876920562977,-0.03883684411682961,-1.9629238995626936,-0.46372175912488334,-0.5826799233987221,-0.0851748184553866,-1.0514033565099097,-3.542838923465637
-6.188934646185004,13.823758215614003,-0.258534060758963,-4.031430319087985,-0.4404590988068471,1.5286474537982282,-5.442442857701069,-0.501134835462239,-2.336903856924617,0.90445077428145,0.2138915266510485,6.201499225479145,1.7598901155470141,1.6614903239049614,-2.186821232487561,-0.49206001233737573,4.2074165633104945,-0.38695431347023346,-4.686244832665578,-0.015563239630332237
-5.194519891938333,6.314334210316584,-2.655584184273655,-1.1396510575741428,0.16511695984377373,2.90311898593491,-3.6155821758536746,-1.7395568864214832,-1.5252696959795877,0.36217249715336286,-1.0768687780838686,-0.9389149611532315,-0.2909779148597787,-1.3346745014087433,1.002309769033935,-1.447419890359242,-1.0907725882618662,-1.4953272453203357,0.28692380741845436,-4.041915576857148
-5.0781541274128905,6.555674461558006,-1.54484839547899,-1.4050492358704127,0.003921163708352493,3.2979992860745613,-3.5547310702715613,-1.941048889631341,1.246476929973025,0.017372862102882233,-1.5618882212735163,0.059871284112527734,0.6558237465610741,-1.7098472276007115,-1.0175337788110128,0.9912016933885258,-0.9031360515032407,0.4825245920790523,-1.0601200470353267,-0.5984793161349871
-6.344207875702438,7.493940459571058,0.40932079014063816,-1.2429720298286906,0.6463770104791706,-1.0754069959362007,-4.5141619938282815,-1.3530290616885974,-0.560835389467608,-1.111041160115515,-1.4733542395036492,0.8863838452238022,-0.5534456652466434,0.29246919654130554,0.05687637837334178,-1.6390746085664452,-1.059442379343745,1.3518911663600606,-1.1454425473994725,-1.1669114653784027
-8.616075665660583,6.88188759323597,0.5330337888460281,-0.11746709064776906,0.866971213864388,-0.6159919244264771,-3.147255017109677,-1.1700768118010754,-0.5442431736690303,-0.8589101806609892,-1.4351125980475825,0.714868330337755,-0.4570553180120849,0.5768566991275718,-0.6445957099577726,-0.9368401832202671,-0.628058615500763,-0.3210459408511681,-0.6634726661336647,-0.9687960980943702
-10.588316568058564,6.429496360415546,1.5240299042449341,0.6745625017893849,0.5797348282049731,0.22278757549161887,-2.0056455049716657,-1.0733434326847302,0.615716319261303,-1.0104065848378057,-0.9065485439056449,0.045069931647677974,0.24462904568835842,-1.5483929022668037,-1.4312779281328325,0.9732407096824464,-1.329155367741521,-0.7875036661906851,0.2720554304750693,-0.9321061932494239
-9.194398105864234,8.81491210601977,2.202317656338043,-1.1665764467894517,1.4170077596108328,0.4869245028952781,-3.7011198936229848,-1.9672716863822126,0.8141050537886867,-0.49810630402733147,-1.4420816671204308,-0.0111415485931943,0.5443303984470911,-1.4926619223840971,-1.4514866907048456,1.0589021771432852,-0.877495486744728,0.6233445375465567,-0.035083684762250156,-0.6115266467154441
-8.832174858755042,8.931768640985219,1.7125045682270221,-1.2512843346567646,1.660626190955962,1.0823908614561228,-4.105699062950549,-2.2865796494574453,0.9221259007948917,0.007600865781958233,-0.9305648477190411,-0.18163989540890668,0.7528341206571497,-1.0784860725538712,-2.0436800092342393,1.4391321511934303,-1.3345030694783082,1.4472417339026833,-0.5038913297428165,-1.1105621538030328
-11.749587926410225,0.8187808842873783,-4.462797085648479,-0.4714208754500733,3.2158645249311406,2.3254344286591904,6.788008690371912,-1.3676205948809086,-2.8551021433184722,-2.974901590816766,0.005451576683205173,2.1187904220156946,-0.4626979372761655,-0.23597844744926338,-1.8133041718123333,-2.6023887281017735,0.06901807814082045,-1.551629014370479,0.4699178327850859,0.7523327701695565
-13.697947509149458,6.09336982831134,2.111731197208101,-4.102046641768622,2.8946134644736046,0.3561328715980221,3.160973321044323,-0.3094925711452065,0.9355284122606854,3.6713280157713433,2.292925731272915,4.752287505382724,-0.3058653627182112,-0.025296649925502464,1.163618609004044,-1.527418207163225,2.2728041438285658,4.419731330665712,0.4854727219896945,4.561060706975808
-7.883438976847214,6.849269125786325,-0.06322299559531311,-3.0950622572215254,0.5789145075589506,4.040864167888797,3.5678886717889404,-1.060662935370044,0.24344524704314263,-1.3896646425602093,3.255937740620811,-1.0831683024104806,1.6002722208819848,-2.273303317736058,-1.1874270684389006,0.8087045908260339,1.8824858719586837,1.261860720237524,0.26936632527031457,1.5862096067645437
-9.112693614123167,2.841029010056599,-0.6196179423344284,1.9692509788261547,1.575426638188608,2.951854896528964,6.503846220583447,-1.1796528213520763,-2.7175971453068986,-1.0161014185374835,1.7457863143104577,0.9450263485487537,0.08627236153229441,1.2330091298091759,-2.1823603655376806,-1.8511107130601538,-1.3008080398695916,1.0894610992383469,-0.06820890028260401,0.30697871398066273
-10.546726805141073,4.020145857874556,-1.5204777663370284,2.584068612650273,1.5550880206218143,3.3346101213554906,6.175369635686493,-0.7108493758158931,-3.0292783963183734,-1.1645439111342069,2.106483187152309,0.4369095464274117,0.3225864977187949,1.820548336257638,-2.335898900050442,-0.9990839350235284,-0.8197611117226858,-0.562812394508703,1.2396935475506685,0.9749657834807861
-11.528662718459204,5.776767081142928,-1.3501064142270858,1.1110037615977106,1.936731473135338,3.6819184486697303,3.188602183505445,-1.1424323394817586,-4.176370240722828,-2.311446867607272,2.079262407221428,1.0779843814006382,0.8798193928035494,-1.9421985788283938,0.924376611387842,-1.6306546928336723,-0.2937376721975473,2.5852764700548927,0.1307318480015011,0.7384951913174805
-13.46149442583165,3.296456603064544,-2.1269597785817247,0.059517303727124715,1.475687158048438,2.8149633608944757,3.5949200923015474,-0.9197577619882265,-3.467341160384206,-2.805790469007512,2.3724339825452265,0.6369888891204558,-1.3485243757948793,0.8257451375499383,-2.5388596636999052,0.0514631655894324,0.2993974295331695,-1.8156153775650508,2.390002547318381,0.03891942133204643
-11.848980533656505,0.3639794003467842,-3.129380362787495,1.02543469650452,0.6229373798536224,3.0922341394724713,6.195029426735715,-1.7950132727001238,-4.675480073880688,0.6440769613598214,0.606207154884024,2.7105937696451408,-1.7056590829407072,1.439358118731934,-1.9406976180912534,-1.2440547733140517,0.47542792413020063,-1.2441015128057242,1.3177329056146077,0.18333266044776014
-10.553495626463032,2.3368211622328094,-0.7847057542506007,2.437979437356653,0.5068827007846121,2.210639592138832,7.06360246575275,-0.7544669213714289,-4.4232983048526995,1.1106213375756253,0.6885553883295997,-1.7229231957001312,2.2227997173959455,1.9636033667657367,-1.8290083350559314,-0.2697738578600601,0.12488018819826592,-1.14875609636668,1.775188607896403,0.44454028499949805
-9.43865422944884,5.867379898964553,-2.7067817048239573,-3.068732535863431,3.035981269101949,4.383718055896709,3.910485147644399,-0.9364178497969743,0.2581156424402536,-1.563565996428984,1.500706919864617,1.400104640984483,-1.0307325747602405,-0.35743120755778773,3.5104208495900466,-1.277691585989095,1.72006373405086,1.0359631631686743,1.8287702878020164,0.1941753104386379
-4.475976135463489,4.011997303285689,2.540156976009035,-3.7937818598781288,1.728758614077751,-3.77318507938935,-0.7305094304209843,-1.6893101152235177,-0.20766242737383556,4.250895898519943,-3.4495553781147823,-1.601412265080936,-1.3073619741843288,0.8413841916808557,0.1999735723980477,-3.5862031810690658,-2.5077896489440343,-1.6346147809491955,-1.7111067396099278,-1.6807373782059214
-6.1591424455473,-4.3027144526132854,2.4999342505499547,3.3116032501514603,4.373736725124135,1.1556946002087276,-0.786231877051724,-2.103131184566819,-1.2704199210679648,0.3288060534202286,0.5810634604319802,-0.19817608965169448,1.324764472317125,2.8777144459164803,-4.246143258169208,1.1621458566456428,3.3557813135036176,-2.014900700269602,6.860873675987285,-7.051684608136732
-7.1467278692986795,-2.6853401139533766,2.716130594282311,3.0743540853599436,6.3856170926324864,-0.8894592619534247,-0.09170072907092586,-1.4535475241100029,-0.5905349447285038,-0.3418548567553403,0.5950040927498528,0.2861578457775089,0.15689764503370968,-1.5929060153329768,-0.748021095408336,1.4155609678143133,-1.0045157441617811,0.2736674474728957,0.38353108162164506,-0.6573529349456613
-8.135885785350128,-1.9271333140281361,2.692881282730923,2.911034176146818,6.157528978711234,-0.5084984579452477,-0.22796384811836,-1.5128670035322633,-0.32251249372929863,-0.3240712663937729,0.6933255882797361,0.27146390238683893,0.2532044127048226,-1.986507826318626,-0.6017512920822066,1.2625121440137475,-0.9904739043111057,-0.13601737858748453,0.43623305608105845,-1.0947751645389983
-9.120235736259616,-1.2812365401029928,2.779276725136278,2.5702563722363365,5.931413638249274,-0.42261978765547437,0.17730322057174652,-1.5201851263785628,0.07907589990904146,-0.1526267453163252,-0.08240490727441302,0.5093051321689798,0.5727268960323229,-2.528543936234531,-0.42573400235753206,1.0095068482933685,-1.1175330484807624,-0.13301283169606481,0.9930556712880784,-1.2740287087562931
11.32663197447616,-3.1344188258028765,-4.079478961124822,-8.098502230256791,-7.017147448531427,-1.1655751215356382,3.565100170234391,11.937063537378272,10.672557881585742,-0.35077514988376635,-4.555913188188185,0.9970480945224152,-9.431425599136217,-0.5968485579086029,-5.910143479790539,-2.662160825976602,4.650949364147607,-1.1992533558497462,0.04709361070293727,-1.8135715248594368
-1.8598178979660998,3.055461626244785,-2.023499350401805,2.161839570346213,1.4783740888016232,-1.317277854651955,-0.4509582540093997,0.31134128902582314,-0.43943955232377013,-1.402529877114183,-1.218269346840566,-1.5558715625547423,-0.006506276253282248,-0.6768812659808006,-0.5398705988344701,-3.0655698396565354,-1.182437347448232,-0.5729024592586461,-1.2468315977300701,-0.16544434096394667
2.9676312954687996,4.550219123566384,-2.4184273868734234,-0.44987322406367025,2.0651842022941196,-1.0386483406831246,-0.80302602573699,-0.07479035957350255,-1.5413933046402297,-3.7640981692610755,-4.058250935543624,-0.9517112307879753,1.609752706090055,-3.1441825737072415,-0.5726548945052033,-1.6423155062233787,-1.9116072605863943,0.4849171733369822,-1.7429134955565022,1.588386879615478
2.522421863236641,7.258977025476783,-3.275035249380772,-2.8703005768373924,0.9803618586454723,-0.7175780495073357,-2.1962758053850977,0.2823184388949029,0.1286026934758012,-3.788725753841524,-2.415569411564484,-0.9998473117191973,1.630677021493358,-3.1580635372255856,-0.9557298809546135,-0.85994973492646,-0.9792464968902042,0.43435850192613135,-0.5845737368594497,2.457866877416163
-5.827500498563245,1.0458307563896614,2.8899679829155693,3.3021616607655195,1.1971229001563697,-5.214373140507027,2.679818343573415,-3.4213320906079527,-1.1942314784953494,12.28006285765559,-1.8019949924166987,-5.798984544655104,8.16310086273971,-4.306121256032104,8.262115268596201,5.7233472222791,-0.2881578710244833,10.119394040263877,6.962374595158556,2.2067223175173405
-0.08069471730467208,-2.7609590106228663,-3.551036915162727,8.196920142523357,-4.287670530605007,0.8265264404439172,4.220015301497117,-3.251073473729093,2.702817491193807,-3.4683108167387338,-2.920549920686311,-3.63916216223116,-1.0865942570802045,3.297128969472201,0.9692655818885512,-4.439877978229607,0.729374655513165,-1.1292586955207504,-0.21958059064028634,-0.5030580919287387
1.127190502124447,0.056020106179142326,-2.5819040407609952,4.906665450260732,-1.82837958744862,3.617922199216122,2.642500409028535,-4.176858442331036,3.002607362647706,-1.9013904565801798,-1.6518654451175354,-4.451497035555072,-0.9690968810789367,4.5598460722954055,0.5242235462413741,-4.483023741393148,1.8118403257286462,-0.6718912348537969,-0.3744899420942869,-0.3248329081241622
0.7121698265345533,-1.2155624727004262,-1.8463604054621297,5.013666746756269,-2.531012329004106,3.9010102998950473,2.8358017836547456,-3.2547609031762734,2.873611366959718,-2.7854211890539835,-3.9909641102661997,-1.0323172349153054,4.040688981488259,1.7106337330492698,3.1448685462928667,-1.95755591061536,2.1714201962629853,-2.826514883942855,-1.3315194591398147,0.660273593930544
0.7121698265345533,-1.2155624727004262,-1.8463604054621297,5.013666746756269,-2.531012329004106,3.9010102998950473,2.8358017836547456,-3.2547609031762734,2.873611366959718,-2.7854211890539835,-3.9909641102661997,-1.0323172349153054,4.040688981488259,1.7106337330492698,3.1448685462928667,-1.95755591061536,2.1714201962629853,-2.826514883942855,-1.3315194591398147,0.660273593930544
11.453111513049834,-4.2703764176469825,-4.304106411818491,5.201543918456176,-2.195491228313843,1.078950813658613,1.2707997781272748,-2.3897391228572618,-4.246184356276634,-3.1706872641329134,-2.7982643420976725,-2.0690546505090786,0.16093316136614894,2.7463406697276627,0.13068704274849738,4.338477101397091,1.0824389606888967,4.82657514922659,-1.438932999428731,-2.0006660491321666
13.19363251231574,-0.08319583025217897,-2.6615911487433443,5.3000687572900675,-0.9937476832648985,1.9958355832461494,-0.1616084448452224,-3.0489611092069824,3.262117526495113,-1.81773812753499,0.5076472939132519,-5.315185816623161,-0.8543232773954785,4.607871531921705,0.8083521039889954,-4.337170313106811,3.2038874535187487,1.7192922587241164,0.44689072573114075,-0.415256288019978
9.944799323501194,-3.3664381805898707,-4.132532947416186,5.09337838716834,-2.432116524702093,1.411077663649121,1.058460575853755,-2.4559643132386775,-4.012877046157992,-3.1244575926928575,-2.833143630038437,-1.8311838025186988,0.1390061236087723,2.415904844979514,0.16788582475444186,4.103213631353951,0.9034581928028469,4.296612391209784,-1.1184579214073949,-2.4402458829387403
10.02598217282835,-3.297286612615083,-4.3654358932969,4.662412607000256,-2.2980314040488894,1.439633604549659,0.6825706033354347,-2.5284593714247343,-3.985995342208869,-3.2874096554656536,-2.859051123113677,-1.949317028860643,0.27977802603051555,2.5681639153278635,0.23346364885078708,4.15290816251157,1.1948703260101508,4.462009503430414,-1.4577122763194863,-2.4110258965768
18.827469309159614,-7.238199129146965,-9.099313669543415,4.203400926590131,-7.218399541753233,5.762829236112889,1.0748474592281194,-1.8245664262449712,3.1077739436597627,-2.497686857578425,-2.219703534172197,-4.043760653842074,1.5586066951863768,0.1802999147562119,0.9810830666028438,4.131711182513912,1.6403956435711855,-5.395724920165078,-0.1475231652682769,-0.08383468622617285
19.150606721604678,-7.120734251350891,-8.72515924352911,3.6764193201696775,-8.316082396099713,5.125864374759276,2.383738036576879,-2.6860591145384554,2.8486490511068117,-2.356116334015332,-2.58123358602297,2.3430684551062058,-3.317693760171636,1.316576149752817,2.1008081113757378,-0.782520406456334,1.8075513269295431,3.983623377844653,-4.628487421131528,-1.4652529583792187
16.954994078771964,-6.527757842558742,-10.653834145163461,4.769884617104127,-0.8369652032317975,1.2366365421442749,3.315733196687556,0.9754826285721797,-2.0741938471120367,-0.5869194631836091,-0.7572467301891848,-4.2759540195820716,0.9483680776385666,1.0960942548285943,-0.45360383401134735,1.5083387201695866,1.5435621638914412,2.0420935860348925,-4.135582055544925,3.54663922781831
16.291606180931332,-7.309707981222356,-9.74612676468049,3.7870806247373485,-1.2161527884711536,0.3071381618368697,2.8139560548535947,0.2036942482559006,2.033256994070511,-0.8523133676472949,-0.7768231282827509,1.9663032978433566,-3.4101212321764116,1.9033946673674884,2.012243325956717,0.0117450988548638,2.262880661131497,1.175545558150631,-3.623499271562855,4.098310622243001
23.523649749952874,-1.9791873984766082,-1.2214395901563129,2.297786715276036,0.5491570317322982,-1.7546190222438192,-1.6079992599721353,0.5479998106523547,0.155797618197154,0.6572230463319827,1.6196412148939896,-3.634629284037242,-0.6383151277548617,2.862377254585292,-0.5668939567448334,-2.1126524439459953,2.5903487214694048,0.38656022742280083,-1.033786467619036,0.95836887153377
20.14246269222116,0.9382245018808734,-7.613158045312122,4.332287676648962,-0.8355599738039469,1.6303395316882552,3.153977270375911,0.23714583189688057,2.26139347610926,0.1691844102060337,1.366497538617259,-5.19797762398898,-0.04549812030961886,1.2564287592964312,1.0008179935082189,-0.7063609243883567,0.26963323530651195,0.5955050775043549,-3.027865892644523,1.907151935357145
15.53584795681464,-0.7503419600433551,-2.6231869297680603,5.561476612751413,-0.4687795715578815,1.7073724118129077,0.10247426456414366,-2.920766466650795,4.0198856459846155,-1.7113866606246968,0.8310726076919124,-5.811636357627872,-1.02481813336406,5.319794497705315,1.2006443108976579,-4.218043175061684,3.6605160946407276,1.7912631983083789,0.7368091630555059,0.3341452324815235
11.238746498618251,-4.365806774055086,-4.241157113894918,4.610267044430631,-1.9320876142910348,0.9711370770100427,1.522934993656801,-3.0179871585502154,-4.008382671681593,-3.0588824345929306,-2.535479722463492,0.21241466641047468,-1.1203542723628512,3.6617231692682743,-1.2056929367691107,4.648381582528962,-0.28643122341560756,5.174295402650031,-1.0648696560994317,-0.1687732499941298
13.350957204651426,-0.15031135386316377,-2.645609042565246,5.250987542855313,-1.024016891145248,2.065131654841839,-0.19550922325106979,-2.8719681046811223,3.41091039668699,-1.7955977783713322,0.5366949746881725,-5.261071572417479,-0.8821974267925249,4.671424084403105,0.9386337771280774,-4.305966600739309,3.212556213680836,1.7326961210753347,0.5972896416249828,-0.3024776015167993
10.13800099885302,-3.6704772621725645,-3.657343885065659,4.454436470133973,-2.1687315497442383,1.2127250942092316,0.6765921776296444,-3.0139762684326974,3.2622814979852004,-3.4707277682346254,-3.2896690864537645,0.7340410328460024,-1.1764928278690832,3.412436978657814,2.814186148463925,2.0363644181203857,4.676499458951903,0.7622996277073254,-0.34026268511403535,-1.8865494764649982
9.213114586706237,-3.30968805417597,-3.998854308175864,4.6427697611942875,-3.130352731230556,1.119454595105268,1.2253119966562207,-3.094610353042538,-3.138731174418927,-3.04047107155553,-2.644793574761173,0.1714643342231544,-1.4690442511449187,3.7834808249229552,-1.898704800243182,4.004181423909975,-0.21889893995566082,5.047978932083126,-1.2252240953909042,-0.5465240323025702
8.55391359438767,-2.7827343956510244,-3.9136114761781156,4.640685218313201,-3.211738289588217,1.4237656598904764,1.1222496848315235,-3.214981425488496,-3.0857224443376863,-2.9684224780316164,-2.5664480760569095,0.12471154154366582,-1.2975450389217205,3.618989261548051,-1.8667295296509567,4.011988666434044,-0.19301412018730996,4.821776866685708,-1.0603998815735896,-0.9756687411189706
10.936824819822109,-4.251557116635722,-4.266483303144349,4.64349317216327,-1.9200130460572002,0.7729440245797266,1.4517556235847355,-3.08193525306745,-3.8112477568579655,-3.3639333809654564,-2.6075087508820416,0.22632330240183932,-1.2723917466387002,3.662533672985498,-1.1460574653914515,4.6265854083130264,-0.2536986970310875,5.19620801697099,-1.3109009568038696,0.08898407245881479
10.067888391973657,-3.836242273184101,-4.243912525065036,4.491940667622535,-2.1089746427138105,0.8329250069784913,1.4069159630720844,-3.102307782346271,-3.5897280662455824,-3.490343997005417,-2.658142175176722,0.16042751504727307,-1.1551517899702968,3.4172225362980084,-1.0745928714211879,4.531183883098757,-0.2268873750703256,5.015701606495021,-1.3271237013502417,-0.13404936385507782
9.827061830426246,-3.6132204630772202,-3.822502400646947,4.425385621457687,-2.0268925981985895,1.2063961467327005,0.5791601774590668,-3.0979766273163736,3.1421533977746137,-3.6175839905677627,-3.2097266142628973,0.8673784466655832,-1.2676990795970002,3.576835373805206,2.864262923026998,1.9553791342365416,4.94443148786851,0.7332475545326285,-0.5512034634850937,-1.7674500772625688
12.441686588645398,-5.0593419243296935,-3.758499607475326,4.644794318777562,-1.6085790403903868,0.6013199608191403,0.9259241726547164,-3.118294856222428,3.717182289797666,-3.558299552231303,-3.158401499012312,0.9520241683138366,-1.5155215607088661,4.251085078527773,3.637146589164686,1.8668563676852417,5.771401115797247,0.8506151831610018,-0.48363357120552086,-1.0503543084115468
-0.6041976621601074,-15.642287989011017,19.25643261484781,-10.75384441951137,1.210770957153678,2.878471404899289,1.8980599341601412,2.665121986768071,8.466969593136476,-0.5274999053313667,6.016809935618328,-0.7728643926769023,-9.390751382693757,5.5702498936417015,5.936554645696598,-0.010781773500549438,-6.079698878810935,1.439309791075498,-2.52915547332719,-0.8959943846419822
1.198232509622081,-17.20674182874816,21.189616309918215,-8.33744981334736,-0.8911258667487821,6.382125910835706,-3.770312040650339,-1.1821336207302469,-5.8336772346915975,0.5690768330593754,3.879897275989462,-0.9304893656430098,2.3211238281836177,0.45638190494229064,-2.9519648938900787,-2.617134815760093,-0.865460100239174,-4.192573621492071,0.7961788831386536,4.287156834828421
1.003102947369404,-17.46358133964157,21.13032809460726,-9.142313525352842,-1.3917800728362355,3.5632541027742657,-6.683153124775319,-1.3269027257874813,-5.709268375410093,0.8199893791611439,4.333587522669202,2.2660745894652,-1.0007244305466276,-4.1247472342010365,-1.9916548200393625,-5.112612701255484,-1.5841337370647453,0.9289570577442907,4.6264196836998845,1.9417731361515325
2.4288035995466637,-18.524923405525268,21.45575066159291,-8.369239717705948,0.47595976456819056,1.3283553451024015,-6.949275432798796,-2.1071913841094743,-2.8404741865687955,2.2115387840594654,3.759377093556772,0.6498352553518045,-2.2236480827819056,-6.04659423926168,-1.0301081211375134,-4.709678236817828,-0.30517318488956907,1.2725683694446426,5.266913000310645,0.606171423513146
1.5727127842177757,-16.188980769987737,19.32201560234159,-9.990398609385696,-0.11215101005139116,3.2747717974466632,-3.5888257697898265,-0.41560625649122684,-6.631343125850229,-0.40582482685642307,3.89408083694335,2.6090802230513455,-2.2602392967797362,-3.382604709605801,-0.7487053344112421,-4.339696505129232,-1.2408269610691427,1.6521762420291617,4.1705077727220425,2.2098429284742007
0.892926422742174,-16.824163429189973,16.81650638670644,-8.822595981879163,1.2961093923656604,1.230611625099829,0.3152434344066871,-1.522228051030943,4.62134490215376,-0.443341320315791,2.9339488623534944,1.7285064910808519,-0.3949151576436348,-1.8641987425992186,-1.793138149919753,-1.6480083906786993,-3.0497539757407806,1.1680399959610228,-1.4887725519705404,2.6863772648934825
0.22797475232764053,-23.056641006134527,12.749186875307489,-6.651918475768229,1.3893005215149898,0.956869375130222,-1.8511400921650838,-1.1206437128073348,-3.6029560515237202,0.6993462867332132,2.711611976355295,1.7620827232665923,-0.08476672301173495,-0.42765462799313536,-3.011777690323989,1.4094253820255214,0.3438508598411765,-3.8090138039729142,-2.710576475334813,2.1738778981052724
-1.1620399864522244,-15.816833927423446,21.225052862732888,-7.376786556549441,0.8276775610977224,1.601688438314113,1.6199582970204458,-0.8805417011285281,-3.920136203128087,-0.018129864214683766,1.5581625310912035,-0.4597709451177981,1.0583793911413002,-1.4994633895709304,-2.454410165378306,-2.1009000047185316,-1.879095901084396,-2.91398826295161,-0.6889873929950661,2.8176278350203434
-1.704298289272114,-18.83642110729955,19.56964256720794,-9.769195355212055,0.9540072902360139,2.862099604080216,1.9166577970453957,0.7059355983032416,7.285463482370629,-2.664709315808567,6.0480011813937855,-6.727056016657031,-3.205162018441713,2.459314923913356,8.502598808336893,-2.7163569527329225,-2.0515616431837103,1.6719935199318559,-2.10172926705626,-0.48233321687862496
1.2845962773733857,-15.156920537449619,26.139753282456972,-15.58891270995583,1.174398588421686,12.981550847505765,5.360236371518726,24.761350058765906,-2.0796057173276123,1.4801741922676095,-2.302475780964653,2.453495930787615,-8.464565161298637,7.048231396733476,7.325946825964234,11.136794897000431,-5.379142558475728,2.114716878076415,-1.1807330278732326,-2.935900719093613
1.593027701691203,-15.995524674218728,24.66900836184054,-14.00181059648409,0.17866916930276933,4.860054088245461,3.8356704487260957,2.413714639149348,-7.094451972386894,-0.210625431242413,7.479872594489635,-0.41176647888249807,-8.84164014599833,-5.445051838748375,3.8667401034277376,2.104202626996922,1.0293414351551318,-4.561578755895495,-2.6200613152541616,-0.28555370939255076
0.737631021137868,-16.731541493410838,26.059785978648883,-14.952873558276908,0.15494940944667568,11.719303761617867,8.214206302985817,25.08981523118356,-2.2968765398948854,0.4406213254188183,-3.2358163060044323,2.0417767579160535,-8.455421246731268,5.7324190233960435,7.510009745804104,11.369048218887867,-6.147709422230297,2.6471118951908994,-1.3575366048134585,-2.543724172393789
0.8941713808339166,-19.939399295360737,21.915295238486934,-13.830054369466636,-1.3723362002200303,1.781523052588615,5.547743689020946,3.5995563217378694,8.14597336495147,0.3817925175439228,4.361395550616322,0.9834241840197694,-10.562962898203253,3.1933118480521787,7.706629284736948,-2.3382567284203626,-5.527652248050442,-1.0067072323822819,-3.312301635743224,-1.6743927368411782
-1.3655196181937308,-16.99819388674672,17.619297000345682,-9.424040236874369,-0.4002103702239176,2.835229232267633,3.100486092605655,1.1862973041213591,8.80303179365042,-0.2762126144104488,7.753231664262996,-4.393422128689782,-3.789288875259185,1.3683520117484753,11.087724973330083,-1.037879881701186,-0.9724274179284731,-0.09260055718716131,-3.7681828923291776,-0.6761176883281812
-0.24729108372181874,-18.57185116681824,17.824067767793725,-9.766882750055146,0.9921179317522469,2.874342948835377,3.882793722249527,1.1286902999715607,8.294551109674442,-3.6949319036704527,6.079615198302923,-5.838856263595217,-3.8937090168557007,3.023087917888296,8.88879021853294,-2.357042090560148,-1.932270661221244,1.9737143857810389,-1.8766945046271353,0.14849008071453595
-1.1605216514063836,-17.242167188108485,19.02444693639069,-9.977657953337337,0.4739542343333506,1.5304285444772336,4.496697111427961,2.8534553630556,8.810962503938917,-1.466547329814465,5.042261419649208,-1.1441473987431379,-9.42304420106108,5.70492786906762,7.293583966935051,-0.8228769516004185,-5.502485879730248,0.612555804586818,-2.549648584445067,-1.1632747359341498
0.9310402633991954,-23.550764659390722,15.571013933660957,-10.547694853945481,0.1494934738455106,2.5716322708441623,2.8120579963411405,2.820277324562176,-5.840447164193287,-0.38434403620844904,6.9051318947953995,-1.2473324119864813,-2.770869275510972,-4.313161412885381,8.540554374993615,0.7410901830936001,2.874307944767065,-4.825713755443875,-3.4096724436758703,-0.9657141391234059
9.09497551273466,-11.66742598678615,9.533086053452333,-10.52236794130275,-3.1325088716705602,0.42569463976655847,1.705745259139834,0.4155715253372246,-5.862232104969344,-2.735122853318412,-0.45945705573511614,-0.28479700921632584,2.46261158638528,-1.5242638154429637,-3.2742638750624113,-2.3390613706823866,-2.862167033718575,1.2269802064629947,1.5357941232863994,1.1515117196728386
-8.465940287371128,6.153287694131082,3.7667022189317683,-6.171000178729306,4.455422301271771,0.7259173310358366,-2.372345992173632,-2.690737881607932,-3.8296148188610384,-2.4996760300297036,-0.8867197464521881,-1.6038099741052416,1.1709816727727196,-0.7238614019042622,-2.1111382700114776,0.2804337725965962,0.008918371644675682,3.844482467045168,-2.0458158817093963,-0.8822120400424034
4.391312467455057,-5.9087619371703575,-5.489093419816015,4.616279944805073,2.04979777985083,2.4329514732777486,2.639053452452557,-0.28630207424988924,1.9141625537806757,0.5713635361143781,2.064038731117241,-2.908916201695319,-1.6047824205337142,-0.8506130748946533,0.26814298423005367,1.0866569387476095,-0.5129935572165147,-1.2805583795771298,1.2083563962708537,0.01354454505913253
5.216876705243456,-1.8991060857846864,-7.102249074282486,0.2384552587795694,-1.2292848617190486,0.5693444050642507,6.809524410584114,0.19410070032103965,-2.2858675550546037,-1.04618051090337,0.7382099935840711,1.0331188433572296,-1.4969114716858811,0.05690128343085285,-2.019617849250765,-0.6057060192906583,-0.41543005278261047,2.2079847829207986,-0.8483241728578769,0.5108371865583752
4.232908136278075,-3.3025307971273685,-7.009799555583943,4.456958811661375,1.7720637040103098,1.7313215041028525,1.3806558650532157,-0.12884477701684394,-1.055646529446181,0.2584798484580858,1.905644806957593,2.3638941776841014,-2.4287649075989535,-1.0876886171245534,0.14319800555883894,-0.6811227832348461,1.7352688318993703,0.1691646754047525,-0.8131389952703937,0.24031021547440182
-16.04398314062092,5.098538357467546,1.0978729265318172,-2.967067460775879,3.8834823387555253,-0.027337302962823662,2.799447045958091,-1.5893020870864267,-0.040368898994899594,-2.073626376753783,1.9464718646992851,1.3716655175119583,-0.46050013809487883,1.142943021506787,-2.102421546777326,-2.878620027079574,2.3277476471144807,-1.06684255836185,3.2858306360939085,-0.31192052669461445
-5.1670847440325485,-0.9747860242551196,5.960434072736316,7.131851931425875,1.9391207420125818,-5.098776071580324,10.216198453396174,0.974116144635998,2.789896644307285,-4.072793721018503,0.6823371734844764,-1.9779761067777764,-1.2370166446832216,-1.146864318496555,-1.808229588615808,-0.15451989637388866,1.334133800345541,-1.0906536145481427,1.2017261092093738,-0.2598962664898625
-8.665069310787393,-8.466697714071865,6.7880600730395,8.446525940987282,6.407239654547114,-9.716535011310139,2.3725221879700618,-1.064889390837525,3.2719495094534667,-0.7779069017974132,3.507824319720126,-5.18822167009114,0.5370225930160313,-1.379211578359989,-1.662751904487719,2.3520176993889472,-0.5701084740754372,4.032861691312132,0.6168478223545142,0.39127354234596523
-3.8851409160292336,-4.077820480521545,6.747216163440559,9.669313398852465,2.901423260458606,-6.875668065108732,5.441868988010456,1.4463865689836708,-1.6731202146304,-1.8921471504161473,0.5354071877030148,-4.065763658819042,0.8102813184107369,-2.016031434811523,-1.0018479766178614,-0.21717545312534955,1.7863640072877094,-1.9274784187050662,0.1854558740492271,-1.5975861133102476
-0.5110263697179722,-5.102814628418967,4.2308279246691605,9.07082968735958,1.4263882732473672,-3.134340690130653,6.731498969397717,1.1530835027368287,2.618050697094519,-2.639579312839374,1.4331946645906075,-4.7265296986507215,-1.2879114826559808,-0.671191789290466,0.15410767471093914,2.6159150998304552,-1.561909418448136,-0.1817060299383901,-0.5791451001882448,2.046841470468238
-7.013929075279336,-10.1041315311275,6.843079351980252,9.690633193420542,6.363853524210175,-9.288094554729998,3.7146750078714033,-1.3108587858137342,3.5279151553479577,0.26663220838249113,4.185224856007817,-4.975603836743089,1.2395324455493508,-3.002029045412062,-1.8726905424733713,1.5674296856270105,-0.5300940382693782,5.463870964854962,-0.3782206005298199,-1.0634580080138978
-4.6722823901541854,0.628515264382685,7.533290572226647,10.195256130755178,3.197208992520798,-5.060078369082505,5.382375310815386,0.9740248429048424,1.262204133775833,-2.7832696560379664,1.9838881357782743,-4.242222619726717,1.135896318149625,-0.7462382491776953,1.1771717075922843,0.747537108297404,-0.6710674319203631,0.43153823799762653,-0.5199216227338681,4.833588286520858
-5.9786110381279896,-0.3916043484018261,13.452314207784815,9.175174486542765,4.532721901868568,-8.097840131235921,3.727987341695639,0.09008811853794751,-1.7603080542113734,-2.8339232618486463,0.5608011692776241,-4.820246616878683,1.0434407011601978,-1.382080619718103,-2.8066639942794396,-0.3350501939189897,3.4490443100036923,-1.1261078781930767,-0.9133890480596747,-1.55164671386885
-1.6336598339159283,-5.83696042020876,-0.39407403610086494,10.223566341019763,2.555203904363327,-2.9111019348441554,5.396932517456374,-0.23710291562517638,2.462915510390047,-0.6397853112909471,2.6581483949844404,-4.153615440445706,0.022609350944302192,-2.082210861547365,-1.0195440053626206,-0.6983734750092347,-1.5266836996875233,1.8617245668370912,-1.843246216989824,2.557129553762498
-4.871460746863533,-1.784441408992452,7.450503707464669,10.157349087823928,3.1911251311473245,-7.335129719626553,3.400557599930541,-0.13451262793718327,2.242117626751152,-2.258254981928127,0.5294640221096677,1.5421568224866553,-3.6203645892571723,2.2525551257682253,-0.6116326440826165,-0.9177432961846335,-1.7010153943600752,0.837662058591217,0.8019407129168958,0.2834574888412784
-1.5216659422974712,-3.5590287147816873,4.050609344355268,9.791934937899537,1.3211506366380212,-4.430119897337148,4.431633805843584,-0.027252226506152,2.36942624030398,-2.3008109495821207,0.2593349127735292,1.5746299017335705,-3.8399293118405398,0.9654504767643022,-1.181293140589208,-0.39329484941049725,-2.1634146316202107,1.2148339548591347,-0.12741984386132715,1.1869589313925137
-6.104140094109831,-6.347249635241217,2.3045333969511486,10.809906286213486,4.836836484472755,-5.870543639852602,4.489558949976191,-0.2350296913223111,2.283470234215713,-0.3812116965399712,3.1797828867643023,-4.406655727337402,-0.13909415468453706,-1.0217085824663426,-1.3393902676293226,-0.8413618079595331,-0.7806436692745903,1.4247717281430603,-0.6860236840465235,1.9127724638779537
-9.33197651121474,0.41977129068618235,13.220341587431061,9.184595877457529,4.540465010188808,-7.503799284148595,4.912877654323603,0.12585158983544176,2.0865867168320147,-2.75625060636249,1.704676169514859,-4.34359552718783,1.7252431760331075,-1.8361429476370463,0.21480184062103452,1.545247805035214,-0.08735346255977794,0.7654213244201828,-0.9492292429309758,4.037723789888359
-1.739589579475706,-3.849687323229695,3.9959100435018478,10.182739029795401,1.3788989939575504,-3.559077343728765,4.291021246769521,0.297052212501199,-2.447689371654902,-1.6499757012146683,0.07100891993213547,1.6650144444097692,-3.950473600515575,-1.0237346206162323,-0.39643176694897886,-0.3811007024576018,1.6977408331018,-1.3572974605025465,-0.5068654172631675,1.0127437874082197
-3.4871690304222582,-2.1285885554440194,1.7419718988851494,10.968459874882672,1.7698946524799841,-5.253592212755931,4.391438854816318,0.8386190077851836,1.6715117880741284,-2.231333221143629,0.2069178396411661,0.9074041822633195,-3.3633970547035537,1.7794503692572108,-0.8002944658640743,0.6478932668583495,-1.6179413573193706,-1.3839436430292582,1.6631515327771649,0.9345716829879459
-6.5252337455410965,-1.3676234714644628,13.826905515826049,8.711038432541823,4.899897332960115,-7.903395900704709,5.769971299800572,-0.018169589300641276,2.603920842856315,-2.942195864547652,1.411096265958626,-4.805715728951081,1.6284864706372069,-2.2407835404748147,-0.1978105361228697,2.721599449257764,0.18862632092115805,0.5384143669302294,-1.186724061364649,4.288522803367625
-12.3200317742259,-7.526333829493232,5.075789408278914,12.037566526866504,6.338509959817991,-7.76833493002963,1.797226757379986,-0.31015657303843913,2.3545962925774067,-1.0937454804861417,4.082729491736134,-4.121736619595035,-0.8062327672741715,1.258806421967411,-1.587697170331087,-1.7022942647247454,0.3387501769523006,0.9985034873594317,-0.10205189096215161,2.351616930343264
-3.523926834291377,-2.196812014791532,1.7239040466428315,11.112094955876003,1.7283629062734254,-3.501773504151046,5.638209629891337,1.9276421440416178,-0.45052794414913017,-1.8564432498404662,0.1167401742209585,-2.7749691145446223,-0.5117083344018525,-0.9646398551450845,-0.28833386582133735,0.9834530679916148,-1.8894782563862251,-1.4349801045010004,0.20243308145094446,0.06960760540198457
-3.6955214461742987,-3.7654028701154476,-2.510406214020426,11.043772887843863,2.9765162541070325,-3.718176687184646,5.320267503509238,0.8251290887531193,1.5971997033214989,-0.8164596121651794,2.1411200397321393,-3.329469398155264,-0.5843342082117524,-0.9508234494939254,-0.6524998681020922,-2.520909966126619,-1.1970257609818102,-0.6603843767508969,-0.9594771963333639,2.6569785584588455
-3.976029093544552,-1.6011440833525425,-2.3744110836731736,8.481678429750133,1.7615738092987383,-3.1847534907492303,10.873105567425156,0.5207093627086087,-2.0795940462925167,-3.23522634694814,3.0071245026976303,-2.2014173500944922,-1.6277650462160749,-1.1096068879533567,-1.7189866139267898,-2.221802008856266,-0.36710875009119726,0.23480523243340704,0.49476796500177433,2.8835271305762307
-3.7825681078656554,-0.6729743259908805,0.3541651450388671,7.880245748762872,0.5869686613164422,-5.515533431103036,10.097139506884822,1.2433476825496395,-2.075213329002786,-4.044590849579087,0.5989407836929747,-0.49583267193239056,-2.351916952978515,2.053806760089495,-1.5989573600725528,0.1351329580269796,-2.0854088435198763,-0.17817444492975193,3.53422257596262,0.7681512410262185
-4.83789464924042,-1.8843132218913352,7.475837863732451,10.222182853135692,3.2097798250330287,-7.264671082840579,3.4037632028773155,-0.14226218978950034,2.20260464432892,-2.220641733715108,0.5365400079506031,1.5142946638281232,-3.5823312321518115,2.2042057736369145,-0.6568097394258792,-0.8762052141297147,-1.7291693489547928,0.8190847840151287,0.7787529744903342,0.23427796132021217
-10.043165625108896,1.9417567657182595,16.544855753664788,18.407605687390824,10.678143949980557,5.643561371290275,8.442725834039102,0.17954032878508175,-1.3820160752808097,-5.7906786750001915,-3.80883465209644,18.117560792637974,-0.6410203810768306,-6.670285790433936,0.21725078376802287,-3.2060504245991157,-1.992441181243818,-6.543824166502009,3.3605240273719135,3.490009394555586
7.869646683218364,-14.335711894356175,12.351097124740619,-8.659471104572068,-2.8410150533815584,3.8798880817011843,0.49466656554809024,10.464115472164627,-0.27313671384480886,0.19167948182550387,-5.313193156069683,1.8304601697175333,-4.3180973371079565,-3.784185357752498,-3.3700674792436205,-0.25410524184805144,-0.8367631863091597,-0.8642815553063443,-0.465651195675387,0.4687464747385902
4.6768251325321,2.160815632414482,5.954730951880045,-4.489185983736029,-8.278573981764803,-1.5954718286546576,0.22470895792538736,-2.48477883834612,5.060516109673566,-4.513653199108574,-0.0931902344932518,-1.203285801184179,2.0844269603603665,-3.362052367751705,0.6773882993197319,0.038232177894792496,0.704034686522976,4.95439974537481,0.39860050362094274,-2.415855195161364
0.15505917468774955,-8.537303611193723,-3.9826815310546584,7.536461533156658,1.6754023783140417,-1.922690581005379,-0.2796757480959666,2.151552167375695,-0.6301240384439079,-3.53545121839048,0.29990802261095567,2.570417613550573,-0.31334960908784987,4.468109047058933,0.8619678714141175,-4.183426721562635,-1.8742708779041666,4.605551201529295,-1.6932201963625606,-1.3394334449221141
1.4755896480640163,-5.778278756551427,-5.386103448319384,3.804713793706151,3.1729027511472196,-0.1263364372461847,-1.9611454126782921,0.18656562689655584,-0.2873128667964848,-3.022399949067146,-0.48290843083953433,-1.884393857876098,2.1238712089688407,-0.38084358309652444,1.3154689810601454,1.737634491004808,-1.1469662721921499,-3.495972075729364,4.185291490056839,-2.6544483525327167
5.63919395982597,-1.7902911370421333,-7.189715477729327,1.4574601292603688,3.003719801934887,-1.9446811469829854,-2.8089485906258105,0.8976791708786491,-0.018394827331976338,-4.895561139040708,-1.2422434304987178,1.7411174545701409,-0.07383667990639914,0.22733514908016839,1.470376073590459,-0.6569653783600471,-0.7611438637502054,-2.4865245669007,3.818985615982465,-1.4908402463493164
4.187816179841469,-5.888245178406327,-5.286388013921782,2.928503326378097,2.857290033992337,-1.9749355662945127,-1.9423889081199932,0.8835668515996815,0.3022180074929663,-3.5631434305145584,-0.39899565005635595,1.2390046404203126,0.8290875620305307,3.1628005468034543,-1.0843733101514328,-0.20421716391297545,-0.9914186985938616,1.9483339983904178,0.8693555712713664,1.0264158319442163
3.4843403851820947,-4.117905493770808,-5.587567677501201,1.9307159422361502,3.8098916760370827,0.6799643037051588,-2.9874302699545967,0.11027360093637578,-0.16117827964424694,-2.905376779478696,0.06392115633712464,-1.1116210096659962,1.4234126888214074,-0.470458795598265,2.1185915308979846,1.2316144838111183,-0.8316364170815815,-1.2289591761245113,1.2846370966513552,1.4122189531076825
1.8686542791221439,-4.935481986094949,-5.449044515645658,2.8824424875008567,-0.6183241532943797,-2.5158032357984705,-1.669880102602059,2.351318685711767,-3.3991678069819766,-3.45943737567318,1.2043533155696018,-2.118310748334164,0.4868757578603224,2.302267021126914,3.0315190828173906,0.9262004687190052,-2.635441759189555,-3.44747040007286,2.150919295222001,2.2727771678061623
5.20501449709111,-0.06972954002547327,-5.858127443421198,-0.6837197867116747,0.8365145638480205,-2.3058079100958455,-2.672905421475734,1.5612483304246974,2.7784357798270936,-4.014652496779265,-0.3418305965021102,2.234646900166679,-0.35256503622275603,0.6678393096615888,2.3519020652295755,-1.2650853145462584,0.26233001555892993,-1.9620409090859203,1.696578701217761,1.8931809885161153
3.1722491585236705,-2.747411283195535,-6.271600688916188,0.12584241006569466,1.8151507719840083,-0.17273302183491063,-2.5145218252696995,0.8225009086445872,-2.9252233798407787,-2.322457376962689,1.4005780066923015,-1.5680571145748516,0.774807762815267,2.6161743593730398,1.7802121853274484,1.33637872235792,-2.4934527230188044,-1.7189405933272508,1.4452509950908223,2.2881096969085437
2.903282938363791,-4.013001282947647,-5.186348879067648,0.7636396973796671,-1.3457113749796437,-3.2972660584013562,-3.2627943693880943,1.942930477627683,3.794251584554926,-3.7679391872045307,2.1849417353841,-1.4117690466764208,0.5860365205679714,-2.236791755074274,1.723950915089508,2.4885667583076705,-1.414760137018277,-1.0979381841108196,3.158211237068782,2.3291186929754137
3.772952846006584,-3.529277087388347,-6.367069769504184,0.24242380369611416,2.522771561191617,-0.9038860594420008,-2.140559159725149,0.6915470347441375,-3.47154462203253,-3.2316903089832536,1.0389775280991294,-1.7724928097724315,1.1635097996022863,2.153158078250447,2.960022701405806,1.950668536936202,-2.349405520998771,-1.9885192745177067,1.5726576732553839,2.8423106983083946
3.0551968049982112,-2.830647174758642,-6.295549207567474,0.12740584247018494,1.8445625506605654,0.01890009040278312,-2.3142359374921937,0.6378392542503456,-3.184144497018079,-2.299002828059738,1.335441607305519,-1.4935739139501991,0.7288040420148091,2.9300742899352104,1.7667226611925129,1.422779053282726,-2.6114678503730904,-1.5424528607476338,1.4582208855873429,2.469161681052838
-6.950569496975813,11.970676308335111,14.440455967081228,10.778416854859382,5.213765707978873,-1.60956952126792,9.455608308064587,0.5579701301355969,-2.7461419023996765,-3.816099126607146,0.7225967251957885,6.634997436057191,-5.7435897883193245,0.23006294992268067,0.9303490988978628,-2.5010998137607636,-5.061418452011992,0.09960069402595018,0.7670589311751972,5.310414958443493
-3.972364980242447,8.63254807799985,13.184262442173985,11.609021457657219,3.7870189433431314,-3.9491231675039637,6.272580719519757,1.3997976449492424,-2.583723884764265,-3.4680268368533143,2.221009869661829,-5.691080116353772,7.640719329341593,-4.428419098730816,-4.829610647586873,1.46105847081887,-4.756603123762824,-2.4342839094801336,0.9187801071009053,0.5151638921364831
-9.344003806636112,8.531105170510514,0.19236287486995204,-0.9248880060840624,3.904782440029107,4.577113859865594,-3.7882429608077546,-2.3625088465541335,0.4022919463178451,-0.8804065731889152,0.47326943387176246,1.229201117677686,-2.3960816008104473,1.8518694495574515,-2.729501561589874,-2.166703183949117,1.1620046687732528,0.3803588608651176,-0.02790330466827852,0.5293568434942209
-6.675808133080021,11.431863433162768,-0.7045619061373485,-5.4564632238431825,2.5637328441910996,2.101566896879147,-2.0908591993320194,-2.7983730019954405,4.413883127492172,-2.9358307955964102,0.501100290454834,-0.005285797136307446,-1.4471289101996727,0.9691020148503552,-3.120106036947801,-2.040761503557955,3.3029557857674536,2.4109945091164553,1.1920483241189153,-0.02658354117314854
5.227105264817997,7.957166129535395,3.240553244102113,-12.433654681461555,6.322657618735647,4.368477506176639,-1.7763558889368158,0.5415524944558545,-6.992851232845392,-4.032940983893729,2.8351935773904806,-4.531759310679229,4.240959778171195,8.853252406027046,-2.0666812548886178,6.332520370871832,5.139461388935872,-8.383320106355587,-4.572829318230938,-0.9952464655320947
6.804326745883655,3.3923794948426425,3.2418720842383455,-11.512345545130582,1.5379759411913718,0.3617817403921022,-2.9356848050743136,-3.6622259057097386,2.0221560837995347,-2.7827321745476974,-3.5298796039675366,-0.7461658331050118,1.2121972143163329,0.7229283059683301,-1.7022970068269088,-2.4455000942185454,4.613346059719037,-0.950879127577097,-3.143025514693406,-1.2187858240681972
5.199873113143098,8.469834905313693,3.306005749892044,-11.917933183143633,6.445602521026412,3.9716554111411098,1.1413825441249748,-0.34675786853594825,-7.793680775506064,-6.026019970394161,1.9467132935939948,-0.7596755789552105,-8.058532960538844,-3.614500839722762,10.090773919978925,3.496939535529206,5.273810055875113,4.163586098787971,-7.317397110151148,-4.779650519731307
-0.3310867897237517,-7.206711983335782,6.323830500517392,-4.7326884112286765,2.606920778643359,1.604884383814866,-0.00015939116757657246,-1.8746430672725225,-1.1989168778298178,1.6504288971291845,-0.4863785381459731,1.3617155747042289,0.5314327954263928,-3.0888812801880086,-0.5580926102539714,-0.680740336157508,-2.508221415872365,-2.2534372631005777,-0.9965533765112142,0.3167305143635917
0.11598940383206448,-10.246544400150047,5.944495549119304,-1.026981348043491,1.5405586047666726,1.764210988416168,1.1104095935746239,9.651492659317075,-2.5720022727419267,0.27315288596960585,-3.3538391817071553,0.8691981597781872,0.4576977640249047,-1.0188988014387579,-0.22576439326059286,-2.6201803950047995,-0.9274050346360995,-0.2573041179282233,1.0686001010848243,-0.1156493161302423
-5.768490644985723,-13.998501491441726,6.4063539402796215,-3.5671403063655287,4.114717552350973,0.8229382920880525,1.8497879864899598,6.789272990870696,3.364422178404729,1.0910192840787443,-5.090918687946023,-0.7424721924070571,1.7943853940470507,0.9931052362214874,-3.7565144426507757,0.4286623967353854,2.1489785953845106,-0.09027963450082277,-1.4116239090206308,-0.2665582400312526
-4.69038133582616,-8.524804634119608,12.772967664707851,-6.725542216241948,4.118140274721233,4.045994755612812,6.697201747143417,10.416699731375527,2.2478528417996633,-1.5702929545628326,-0.07464542584971734,-0.5482904359849138,-6.864971372556645,5.12032625532184,7.545179613150527,0.43394827739986985,-4.790688052759406,3.2646630395486835,-1.3102913825976734,-3.569578402259306
-5.168605144851424,9.694710845090242,1.0316174242593907,-8.804674084802333,-1.547506528192149,-5.03030786265549,-2.5353868865843765,0.16667219917588771,-5.813604281486699,0.5774931794350225,0.10780079372723406,-0.5620561892061655,0.9844053559633246,-2.2676243447622775,1.7267502084594857,1.0807366185849296,-3.775713047154806,-0.8226379153872303,3.6998557993734806,2.8499194510359644
-7.493543912638623,3.496659310926013,1.8252527227623074,0.7432292338536395,1.2948472976296015,-2.8030668295137438,0.49202482205515696,-0.3984419859736905,3.2093072679986028,-0.9918152751258131,-0.2773518709622718,1.4279275167201426,-1.2898154481954345,0.08339087703823483,-0.2476335567708443,-0.06655288591658984,0.29155758471128856,-0.6879223285383143,2.5989663120821187,-0.6878704188921457
1.7188937786029044,-10.052613852187603,11.219550356662818,-4.675030369767594,-4.340953179206643,4.665018595717877,-1.684906357238459,-0.42798846694449033,-0.1904321396613092,3.453030410240489,3.282559693156254,3.5840056496898347,-2.626432147379603,-0.7482151327378337,-5.0790238766877,-3.498455473823496,-3.01585060719293,-0.17791112209271925,-1.047013750830998,2.1492024619414174
-2.5444237735440796,-7.561426182074861,10.33105265535093,-3.4762514434858,0.8746579507536985,1.108234498040872,-4.222776558411041,-1.7254186199667028,-0.9708586333918194,0.14265715944762591,0.04070099473749286,0.7579427397800198,0.7789502474064398,-0.04340402549662861,-1.2768199988541795,-2.0708597970738314,-0.6370624107044252,-0.2827306434134562,-0.15131327838163539,1.2561309484053247
-2.8922422734664677,-8.901370418658761,10.827462845890906,-3.112934469505822,1.4577918967114558,-1.3586796044099954,-3.0542200775452373,-1.445598952780521,-0.6999119995232146,2.3425733226501464,-0.0982016344997805,1.5955122053055464,-4.049819471139166,-1.0318173158857387,0.6878007086610838,0.046055116219614944,-2.274687158599149,-1.2343472933531054,1.5230118530945447,2.6904574035440976
-1.6491115212789205,-12.231977300212247,5.22999163269976,-3.874968106309799,1.8679248606009247,-1.544150761743213,-4.063214828809239,-1.0547716455667588,-0.48064035990387094,-0.49932683759722574,-0.1012720718620986,0.5083762076143681,1.2819618562616923,-1.389586291889755,-2.240892183230002,1.4705900358966064,-0.6633436055822645,-0.8467915088449796,-0.406740296476364,1.3806992682478376
7.802392928028631,-5.398318622670001,-6.292743269880619,-0.965253000829418,3.4736092100674494,1.9428127834165396,-7.174621863261055,0.5300582636279761,-1.5828810743073018,-5.475808711658803,0.16685282745809948,-1.6642518456882025,2.7551705399214423,-2.3755512549405537,1.5538978182080196,2.5998858047344404,-2.8200142860193087,-0.33665225806509247,1.8567424158460502,2.64491878843915
9.484985425092542,-0.3093337874265603,-5.505347833720437,-1.5498606011291103,1.826640112282072,0.8236154426950617,-7.62094925101779,1.6297053796103105,-1.831044363291895,-6.507950397703178,-0.637309504059383,2.614233695783463,0.037627910675596454,0.5210157104893927,2.246011662875209,0.2940560106091761,-1.4484212733842545,-0.8827429727547973,0.18700178095744838,3.4557812999877573
11.262643557720356,-0.41150042551740446,-5.832637236028189,-1.412841351198031,2.349693461479573,0.339699891344245,-7.565217699594806,1.9897568802469552,-2.2417289211602944,-5.23957388438221,-0.9198049976929829,3.9823701966909173,0.00149923380783952,0.2586446512975369,2.647451285879519,-0.05396058249323459,-0.8525970596310108,0.032857836668804985,0.9704529319396491,3.483532315740547
7.701290964143974,-3.4864444592354107,-7.3005873879467895,-1.0273139454167215,2.9457174999204634,1.981954071760211,-7.877017765514441,0.8052779938230832,0.7639082715422555,-6.488398457358875,1.1646501708217398,-2.548705990300398,1.8192609642062774,2.995177667409865,3.12660805949318,-0.09885293630350983,-0.09660804520747905,-4.779137615995591,1.2082408650089995,2.0368074421820066
8.712318664133896,-5.922804435372553,-6.374061712641719,-0.8508446902359209,3.9066899967066746,1.629981626889155,-7.586721068355319,0.5818525830087862,-1.2331512133066072,-6.2373189140144385,0.39387155734079093,-1.977449729210472,3.1643081685151473,-2.635523691022697,2.248756006989546,2.970874199734991,-3.3285867356295173,-0.19544035176071037,2.189208698135435,3.4508332687212215
11.745423889650514,-0.9769823423485989,-5.936418189371183,-1.7298057460352878,3.2296857180460705,-0.010790084497293628,-7.778935219012034,1.8319611759549115,-1.078266880116641,-7.791780777659496,-0.8289750430939355,3.2573682801218085,0.22218671231300696,0.5020744681141972,3.107126180182062,-0.3288881911186027,-1.3986165728027298,-0.40195841063050985,0.02616587580063362,4.943960318293568
6.88662398824758,-5.091061791165792,-6.194406407102193,-0.22799497405649294,2.1987624031363477,-0.3961779545012528,-7.967027885361356,0.9393044525124468,-2.029085390779982,-4.753050179080095,0.16689024991022594,2.9038734323206317,0.1175850345837543,3.4278316895681495,-0.942974455821832,-0.10509346914386408,-2.048220655369284,2.2455563407946064,1.904334570272721,2.5140201564144116
9.743651483448787,-1.0860190037144932,-6.6888085529125885,-3.53632744158089,-0.1984020411740195,1.6216946330220985,-8.31442029920996,0.535720054599705,-3.3100893477469207,-5.4500245807348575,-1.5839801433043919,-1.8270363997236723,2.8987723581005005,-1.9492640399065317,2.3093772896403983,1.6894254530603705,-2.8365175932306235,-0.13393082029561304,0.017395110820570103,3.007984312110455
5.1439481975699906,-3.2165552944610383,-5.026643437051671,-0.969197502395091,3.4531417224035006,-1.224026965246731,-6.230043821249378,0.3312926011415631,-1.3136519674667106,-5.867944515563702,-1.2144792667056326,1.988335229314805,-0.8697676059115161,3.255270530675295,-1.708387072853097,1.7140878775570043,-3.2262078564551717,1.5721492549116443,0.6777118543562564,2.3036682140839293
7.9302453642748905,-4.8225279195836475,-7.205430850092541,-2.1684503056708424,1.649535460725028,0.20704466664471866,-6.795265036194153,1.2871750093427203,-2.472829141741778,-6.6671245349668125,2.186550316279304,-3.1589776802340546,2.2105225663916035,3.3593804528052864,4.827531849360218,0.855312212061972,-0.936470638046633,-4.950591792917919,1.8521959420228966,4.470627929287883
7.460448378951075,-4.957302816312231,-6.844765065487264,-0.6581995371333436,3.1607804886933653,2.051721403622012,-6.702376323693045,0.42338785841970034,0.718461311661576,-6.117712618046726,0.920599930027485,-2.5661385761287434,1.9385484879749764,2.944945460714052,3.003615731007835,0.3196058537975301,-0.4924004203659786,-4.202470689158907,0.6390636620264394,2.748597856474748
6.507532603360637,-6.673724962307336,-6.971244045826554,1.362300362767241,3.0974569132437155,-0.6557339243684238,-6.156454067834255,0.6508779017822992,0.46235577427049973,-5.2747070318912,0.29951903961488124,3.5644885711972063,-1.453502403601645,2.0027354166311815,3.6397216705213147,-0.38746624503253685,-2.371814057982944,-3.8746928182534535,1.8093395039592184,3.612784388683202
8.479980272697912,-7.133484319486848,-6.208326822335501,0.1193628611180458,2.4448766787195306,-2.2924874192627414,-6.756109396181911,1.7934809697714316,-0.9963700926088397,-6.340849358527496,-0.3577956697519924,2.4441673930465537,-0.6717652490195515,4.296589325147009,-1.5442047869641522,1.2607001508555742,-2.21100115730166,3.000551379014151,1.9184612237773506,2.3586620936909153
7.294148528367553,-7.545013121077256,-5.87055408835802,0.8137697800305626,3.0935640852744415,0.2903241659751461,-6.531169868955418,1.1433692281447105,-0.8874679614084983,-6.563026225393249,0.3638740558819962,-2.394134639610047,3.0615883545813416,-3.1181071136668805,2.157338699497271,3.4266554568929326,-3.984622110587143,-0.7937404107766433,2.803843206348081,3.680041570726396
9.230982054344427,-0.04744957137772643,-6.863607853639544,-2.873822304641132,-0.14616682738080125,-0.24030384367658025,-9.148581839764043,-0.3238169044178618,1.8761818875100784,-4.858446300599389,-1.3408655348507175,3.0501528547416674,-1.1885767313699709,2.9681408229951076,2.089542626130685,-1.181323588617358,-1.0147005366554334,-3.5932936178129573,-0.2791841978827102,2.954462397133165
5.142595696987174,1.1793755794613257,-5.970572486554415,-2.97282130044392,1.937923256826723,-1.2026187401791184,-7.909303475900809,-0.7222780377607577,0.6546964671693665,-5.652769669053498,-2.167762462191206,2.9336142848995994,-1.223346098100094,3.7890281532775334,1.785956826307138,-2.1091184307279525,-0.8506359046844094,-4.76491635809485,0.7194653445795585,2.9733601557984146
5.401169364037651,-5.842483606224996,-5.314051866916952,1.0802495546903934,3.309425271215079,-0.6565899109213992,-4.408780293736349,0.5471453846060659,-0.73067156460599,-6.418517608373069,-0.1937908133491939,-1.9478940878518278,1.1880961679900974,2.795603044420923,3.664826853083117,-0.9481853909371645,0.6452255769992102,-5.232423788978281,0.7995067325839023,1.2287991058613557
6.546104797450715,-3.936013537804165,-5.346499911271112,-2.418173430359765,1.7754569489861711,-3.322723241249875,-5.213670942635281,1.3323262499960618,1.6939974040950552,-6.399265875311195,-0.5200972116785463,2.133774022189454,-1.3514476526719301,4.027201579710743,-1.0343805087678541,2.0019688683710823,-1.718721219818769,2.2527535219060595,2.136126246025937,1.0060030019512056
8.334876642440829,-4.738307286584059,-7.457782711909484,-1.8156184206258303,2.2896515357894445,-1.732185326703767,-7.410294301991382,0.9844967342738952,-2.483707873466137,-5.9629695009475085,1.647103567611932,3.6651499322243577,-1.1350703600177232,2.426439514228242,4.7190633594920595,-0.2297578621290408,-1.705876497167238,-3.5817089448489856,2.4007995953562973,5.395462080956793
12.317385106860563,-1.550137451489717,-2.633893897360452,-2.5882536535409213,4.119481262196794,-1.0071506132671464,-4.688997809616168,-0.09490986249475786,0.2121860402374712,-6.523653960899905,-1.2380194354723555,0.3096000810200349,1.5911397163184848,-1.3641880571948959,2.376414554673209,2.9506511090973744,-2.1021896101671045,3.066280036655727,-0.7004240742538065,1.8096076774781034
12.317385106860563,-1.550137451489717,-2.633893897360452,-2.5882536535409213,4.119481262196794,-1.0071506132671464,-4.688997809616168,-0.09490986249475786,0.2121860402374712,-6.523653960899905,-1.2380194354723555,0.3096000810200349,1.5911397163184848,-1.3641880571948959,2.376414554673209,2.9506511090973744,-2.1021896101671045,3.066280036655727,-0.7004240742538065,1.8096076774781034
6.1301936006861375,-6.754652709413719,-6.673064252542381,1.080022834233187,2.522325748866733,0.8481115061694477,-5.570724899598854,1.0821111888121362,0.344935286738968,-6.272966770480735,0.8745428898154862,-2.978329834623479,1.9658658810316254,2.607662479790643,3.4387661764933664,0.3949454430925539,-1.1275185536403816,-5.267671232996744,1.298994864403393,2.692778080914228
8.551321218560929,-6.302552266875599,-7.159319982061356,0.3743783082784226,2.9917254842143706,-1.4016179124464652,-6.905969164051748,0.5490740065061767,-0.16518791345064787,-5.85876789692556,0.07589286556189156,2.5185040875363867,-1.0199985476845441,2.784558247068363,3.1105563076976033,-1.5763928029458407,-0.8377432638788945,-4.465075360172879,1.6619133321567954,3.3986967149079694
11.15345043955006,4.689699795435082,-2.536646680901402,-3.1752490297118707,-1.0611072918962312,0.23964077907536768,-8.590692286269753,1.5068674217688778,-3.4661531086210253,-7.0473062032956,-2.48198216296219,1.73710833047953,0.35098035348535284,0.7677068484940732,2.1694225895543466,1.0700879815274091,-1.850273855800725,-0.22667260501700293,-0.953260535116264,3.2635480211897274
6.167507310362732,-6.763321683815045,-6.624639242207397,0.9964495430110188,2.4933291668631083,1.1515608695392072,-5.470589762235983,0.9625593532062402,0.07700352815833211,-6.1828250256636945,0.8469910963224534,-2.837336115114977,1.82731441840287,2.989902412677182,3.4402076370068633,0.33679985951896974,-1.298554224144206,-5.133542545149394,1.2333851757507248,2.925431071470845
8.124503728638645,-6.407418213303378,-6.935269808252005,0.19102887630722776,2.513910621892376,0.0924938996713136,-6.675936434492982,1.2187169104635267,-0.06989366419296716,-6.872700870990319,0.6708505396730549,-2.3730794450655273,1.419595575257648,3.086805289279509,3.6746659917660276,-0.7504915042128482,0.6242678663351602,-5.072985971278688,1.3859417642845457,2.1155747287623723
6.546104797450715,-3.936013537804165,-5.346499911271112,-2.418173430359765,1.7754569489861711,-3.322723241249875,-5.213670942635281,1.3323262499960618,1.6939974040950552,-6.399265875311195,-0.5200972116785463,2.133774022189454,-1.3514476526719301,4.027201579710743,-1.0343805087678541,2.0019688683710823,-1.718721219818769,2.2527535219060595,2.136126246025937,1.0060030019512056
9.449394015693409,-5.000244323661482,-6.182635287079503,-1.0440496319146146,3.155085185495903,1.156389505768654,-7.349899199454294,0.6667861283428742,-1.381723859121218,-5.5636211149551595,0.37588216432405785,-0.8430505448928305,2.0682795416366124,-3.0241816101724943,0.6247469168224424,2.268892880160674,-3.339031455442589,1.0846416925961668,0.6931401589914298,1.239194146754228
5.64208937222946,-6.4222371992797385,-4.705421586143607,0.9390435286060637,3.2749125160781816,-2.4441760004072415,-4.1673823671764465,1.2150581435197774,-0.5737181728828153,-6.331429550661346,-1.1324929384353803,1.9744708322792777,-1.0075502131760659,4.097275512306223,-1.5117572632812053,1.2001767331354682,-3.129248053705856,2.4387186572593933,1.2718284799097317,1.5614156751888235
8.124503728638645,-6.407418213303378,-6.935269808252005,0.19102887630722776,2.513910621892376,0.0924938996713136,-6.675936434492982,1.2187169104635267,-0.06989366419296716,-6.872700870990319,0.6708505396730549,-2.3730794450655273,1.419595575257648,3.086805289279509,3.6746659917660276,-0.7504915042128482,0.6242678663351602,-5.072985971278688,1.3859417642845457,2.1155747287623723
8.011516347574869,-3.915747483398147,-6.860431777311082,-1.350035755485936,3.2628323186482002,1.8156322785418726,-8.324698170845178,0.8126581759707503,-1.8593371975349169,-5.819511843740873,0.34575172868469894,-1.6820549642067941,2.7178912889420968,-2.6766552735803675,1.6351449161943785,2.2094241922921767,-3.79108764272155,-0.06770856401755354,2.130352656798798,2.032250275568714
5.208153396587576,-2.9799943452840645,-4.944734791528054,-1.3990614702729602,3.712613584019464,0.9053525867453819,-5.889645098581909,-0.12759489505655053,-1.028975614395479,-5.660451046068431,-1.0840710915714213,-1.1411502686026025,2.31986414430518,-3.223635947009061,1.7479980296737874,1.3416732472247208,-4.319851922126269,0.889869939898776,0.2811629310068806,1.2498110167365397
10.367093727077371,-3.1150761889561087,-6.979507297521366,-0.11721748407532565,2.3954203934278686,-1.5508164185590108,-6.3527754944405075,2.3495723433596423,-0.8018813386575998,-8.309991471409058,-1.3387590169806889,3.7106165680488155,-0.009504401486908232,-0.04126424294522185,3.3941789392981394,-0.35420045088995267,-1.914620956066935,-1.123866562271223,0.3853445568136551,4.837050255169753
3.9981576689935934,-4.512687301505894,-5.258360613742023,0.753605887614042,3.162569560124361,-1.206084387700775,-4.615586482556992,0.04449183179967897,-0.4177860307580496,-5.518613428902632,-0.9948112270189322,2.573634164305937,-0.9762055839916595,2.240073937608627,3.1087899374510597,-1.8867297003498344,-1.2176752767481367,-5.326422528673028,1.2896630339763264,2.337771160638706
3.9330202897680264,-4.901451060767191,-4.647632312818762,0.2935654571295909,2.9856604214245843,-0.4973869567048873,-4.682857532533646,0.5160402104907817,-0.6253009529513261,-5.9837907510626955,-1.0578998001404711,-1.5823605830435366,2.254186123103497,-3.78019983062849,1.4658104981673472,1.9185259355163753,-5.0717768329482045,0.07206884853687226,1.0723632415337316,1.4511893059733505
3.9330202897680264,-4.901451060767191,-4.647632312818762,0.2935654571295909,2.9856604214245843,-0.4973869567048873,-4.682857532533646,0.5160402104907817,-0.6253009529513261,-5.9837907510626955,-1.0578998001404711,-1.5823605830435366,2.254186123103497,-3.78019983062849,1.4658104981673472,1.9185259355163753,-5.0717768329482045,0.07206884853687226,1.0723632415337316,1.4511893059733505
8.190981443758128,-5.4851808103412125,-6.931001015357385,-0.6616489977165934,3.275908361512336,1.7033109900357053,-6.601257251380279,0.5061898572218729,0.6632468299501668,-6.188836481796679,0.8035470868944787,-2.531807385756588,1.7920746581343479,3.181627020758887,2.890601483750398,0.4193578290977769,-0.5542470261154244,-3.8703622510530615,0.4146739495577212,3.172425623549062
9.743651483448787,-1.0860190037144932,-6.6888085529125885,-3.53632744158089,-0.1984020411740195,1.6216946330220985,-8.31442029920996,0.535720054599705,-3.3100893477469207,-5.4500245807348575,-1.5839801433043919,-1.8270363997236723,2.8987723581005005,-1.9492640399065317,2.3093772896403983,1.6894254530603705,-2.8365175932306235,-0.13393082029561304,0.017395110820570103,3.007984312110455
8.571427153800363,-5.372957524038668,-7.1530827918513396,-0.33859725545089503,3.870985444508756,0.03503041069310053,-7.39888172591391,-0.14296101777706233,0.5235796574778948,-5.105135791083291,0.20871814874464145,3.03963056432974,-0.9655502859234549,2.5028724105584352,3.069573347890368,-0.16879924230357338,-1.4287511209740167,-2.935551814984651,0.4738076633488284,3.6114303332536513
9.306126228601382,-8.513039748486467,-6.798221191871366,3.022440462521402,1.1473554984646728,-3.950090331593925,-6.232854783988535,2.3722600068949324,0.056456303386488216,-6.467777831722394,0.2935702386818637,2.2052467712066157,-1.5426424964013563,2.6925040210816347,3.540726358062444,-3.4796307852761856,-0.2852515367766677,-6.767721268140223,2.8014199255385375,3.0136758265876855
7.25954815278809,-7.808107948446834,-5.803080702903323,1.1673607988975476,2.9039383468577236,-1.5886133933112458,-6.503657158808554,1.7569698543286603,-0.7929992927314575,-6.427742448629325,-0.2549593329876656,3.5942005059483555,-0.5640957329654451,5.528525284920904,-0.6170297643009837,-0.09519861318847825,-2.226652995057841,3.2542704492393564,3.5028010337646456,2.486133916377821
6.167507310362732,-6.763321683815045,-6.624639242207397,0.9964495430110188,2.4933291668631083,1.1515608695392072,-5.470589762235983,0.9625593532062402,0.07700352815833211,-6.1828250256636945,0.8469910963224534,-2.837336115114977,1.82731441840287,2.989902412677182,3.4402076370068633,0.33679985951896974,-1.298554224144206,-5.133542545149394,1.2333851757507248,2.925431071470845
8.386034730626879,-5.415680085756626,-6.47205948643162,-0.6050137916818457,2.9650612926192164,1.7653877221686751,-7.429500277076388,0.881578603211653,-2.2969660083149623,-3.844345648021254,0.8686775859099501,-2.07401642977183,3.158553925229487,-2.3943375011174997,1.5915360201420632,2.415568762775649,-2.6351659845808046,0.011886895979103751,2.4137235465896407,1.5630994619691991
5.260342415903525,2.439505112752688,-6.071176610321502,-4.370470801764209,2.687616464698127,-0.006452842423094074,-6.696817962606784,-1.5577102873353463,1.2910886926224794,-4.971557607419865,-2.33242253131511,3.4757922316613996,-1.355654796126181,3.171117990940015,0.7673498412391506,-0.4504127720950709,-1.0594091055217116,-2.91147035648318,-0.0031846819059915266,3.4258155546569564
7.935431972600847,-5.577206534237774,-6.400014333558474,-0.6297977448290116,3.314992865505464,-0.6684362045992895,-7.8960447521265165,1.0109895949348855,-1.647298350647269,-5.218367142595358,-0.1798037460551204,3.0120023342906217,-0.59205711717343,3.817986206510321,-0.274205567524176,0.21099953891292184,-1.8658895616399047,2.146755592331721,2.1961085139788947,2.5611548283925583
3.87645570249713,-5.088536832723962,-4.596456790266738,0.5542252171460442,2.789072967651713,-1.667800939683378,-4.549126194773876,0.9639262817440625,-0.6535962923855037,-6.227483821428994,-1.2351063691705049,2.0506629447122706,-1.1826900231312603,4.216220463264974,-1.7806033257361793,0.9661631876632307,-3.5418407026538548,2.4595862217636912,1.153957530691307,1.4857852657370991
7.976312959759179,-5.282375661654214,-6.3169847761386215,-1.124604512073246,3.543079925608626,2.0696773450576167,-7.300879845940871,0.540492349637646,-1.534041158307747,-5.401185114620009,0.2072641185295303,-1.631438744168363,2.7232924395288562,-2.3785414771757996,1.6406941093727085,2.601922163787716,-2.8745111352461192,-0.3162234375297059,1.7516114388658008,2.5728112383327892
2.8678915887255765,0.09819005914543805,-5.7087376214344445,-2.8400714057396,4.054437519737059,3.5119256673460217,-6.458335412489028,-0.5763360178650349,1.142189349276868,-5.9229691772554185,-0.42660775802869966,-2.514555816110506,1.9786955576420313,3.903823566336687,1.8470232657573258,-0.5619695577754757,-0.46952013420151745,-4.5237149580071785,0.18975216524892446,2.8565825366135784
9.475538120305883,-4.515206436622084,-6.889525074376119,-0.32464938446679187,3.436672487517057,-0.43998988308935644,-7.630598951832357,0.08069427411101449,0.37942226984736693,-5.329374645414028,0.34114966962678117,2.506864133302667,-0.2610020976252513,1.109555615749898,3.213653136341663,-0.6377069913639964,0.0025725966657548227,-3.9767229018284427,0.7562248789862116,2.2862780659634403
3.8017928835653327,-0.6644273291572791,-5.797128003052608,-2.2585289169996954,4.608745707723963,1.4192903667321688,-7.424842790771768,-1.3097576201810062,0.9647041404652785,-4.937199909154954,-1.0074303292502447,3.294916662070115,-1.181416125641251,3.445534852923047,1.9835704951556763,-0.8792133085641636,-2.0186868208913427,-3.309134128635425,-0.47648367993547214,3.4729786662472444
6.264899597888395,6.130055952196082,-1.9266807143276652,-5.0062602902249385,2.028657480811085,0.7119008329432555,-6.271946846383176,-0.2049078290255415,-2.854728548086369,-7.206906655843211,-2.586885174940428,1.0824796531222625,-0.12567136366936754,2.0302466721688406,0.5205814141158854,0.4880068380150707,-1.4287764720356755,-0.1083161403390756,-0.37127255628331385,5.427710684519796
6.9240039445164125,-7.042566791741565,-6.48391209134388,1.1687803108421468,2.8134027814385134,0.9633293015438702,-6.001290808138676,0.9650250573955794,-0.2303223884753488,-6.913049719287593,0.9320618818930213,-3.1754226993408268,1.9483790052643066,4.024527620564923,3.9691986547390554,0.25061723399637503,-1.0050461503826915,-5.7870220502651195,1.2087975424874986,3.764257947061666
7.764184683142986,-5.699808067088579,-6.37261815831803,-0.4793816122651912,3.247188467574082,-0.727259297026723,-7.7349468137227895,1.038451728839,-1.694631580521212,-5.302244461518099,-0.17128113675038414,3.10602876458992,-0.6218497994117049,3.8121595962312895,-0.21173151957310427,0.1642904258485237,-1.839222913308729,2.234066064393546,2.229833425115704,2.542999721727829
8.483495411897785,-6.033162742508212,-5.620751515873577,-0.41789982123124925,1.8908074962614503,2.810442395209501,-5.814773686287527,-0.5477031289952428,-0.8884039664327636,-3.8016320547206472,0.10616240160597501,-0.5250254462306763,1.4748850322955147,-1.0327311547371134,0.7636323505319453,1.2977475270945051,-0.6365313211857213,0.8270728465911256,0.8924148946318717,1.8835503496370936
4.901649257247774,-13.87497372291359,8.252704323588764,-7.311152502745463,-3.023424650238189,3.5419970905392066,-4.157185469563221,-0.44340810739204445,-0.7555923557473395,2.8080661356458534,1.1747523379144387,-1.5556598571805598,-2.9780229366701283,-3.760609821868166,-2.150019275684056,-1.9500007214403925,-2.953301157749736,1.1685133380477397,1.4612111074406757,-0.3153614940128401
19.4514635616996,-10.043730128416252,4.673575731478051,-9.661237725668997,-9.176697851600986,2.533679128891164,-0.7983203456670107,-0.4666202685582095,-2.0976290249828535,7.354261995644471,-3.463693790898524,-0.36383503366838726,2.731012914954967,-4.887897881863767,-1.519843978512788,1.6224108791897942,-2.606332153179535,-4.241204070771304,-4.750465044581782,-0.5949061398546257
11.464988244542578,-12.883770799617984,8.615573296562392,-10.458578906769418,-5.722939557196187,5.102636842395439,-3.7663319673611113,8.543852670131576,1.6494360137070792,3.0158658752910643,-4.005354200086886,1.2597012739185849,-6.568188492604088,-7.130322936949579,-8.054768839788618,-2.775203723934244,2.6886690506373347,-2.301596156972781,-0.18392861176993405,0.5530086557316632
14.011294379566056,-13.425944514685657,9.552828706137227,-12.268076535102164,-6.333037533409431,3.949662078961026,-2.663012402332372,-0.6483981020983393,-0.9375259449075719,3.199848413591897,-1.6129918732394293,2.663487613440311,-1.4191622982187828,-2.8968799764376847,-3.298161067118336,-3.73725129586777,-2.465568007560673,-0.7504000829696447,-2.307133442053502,2.259358013330429
12.178676141992126,-14.255022758547902,10.816721899840468,-11.652626259084112,-5.930521702003307,5.310167202680153,-1.3082788428705885,-0.8395221565711509,-0.7752865889800837,3.8499994989703334,-1.6895813841564482,2.7028659931881895,-1.1126281195953753,-3.381268661339635,-3.957929098179765,-3.231245181262666,-2.259773659325076,-1.6865291202144643,-2.9009913002354324,2.2364746331612575
15.41237854138949,-13.078352440097017,8.166537511646268,-12.88989463067794,-6.697905307350454,0.962846690717192,-4.434456144951977,0.09200232501446412,-0.7943180294739425,2.6111987566336015,-0.7423377249180654,-3.322690247943367,-3.1860741134299726,-4.3277505168553265,-4.234103544680697,0.07893213906007973,-3.179205560388966,-0.047195892033090936,1.2926049570367697,0.2522725133594486
-8.116620302738244,5.031415669931942,-2.0176088841855377,1.3275321802335682,0.9128661276599555,-0.20095940957306058,-0.7379603100064765,-0.7730080973790046,0.5818831665054873,3.80169546185554,-0.9561382093214806,-0.6085516489345928,1.6373279654198492,-1.9048737215149412,3.879347811292743,1.6220902374797328,0.6376944795446666,-3.502252310393696,-3.720496275768099,0.465974670342595
-9.2013604523735,3.576058950081732,-2.933515031858188,0.00833060721563228,2.1611379135541586,-1.4401053448946637,-0.7852987689589607,-0.49037788365225166,0.2548565116073836,-1.5566458127083413,-1.985697967240882,-1.119006481832993,0.3088521105281611,-0.3419506931082646,-0.236887609091358,0.2750002248102056,-2.0512193318158793,-1.8862142894645055,0.5553124747331601,-1.0134983025632673
-4.241947687468002,8.2614215182073,4.948338974322048,-3.3737172188524145,-1.124528609239141,-5.691211580842609,-1.180688150588002,-0.5174916737759498,-3.6661049738059783,2.176863784750518,0.4961415832011249,-1.7425717386339874,2.056042179571231,0.4714693140774356,-0.10448162470681166,-0.6715456635468244,-0.6807700922828727,2.829985604109053,-0.6375866888913512,-3.1306644669631725
1.71313693388562,3.227567849851366,-3.6082999866016827,-1.2712773292195219,-1.0531610511034861,0.7448968449672323,-0.14755278770050717,-1.5677949550249113,-1.4022928234832,3.3928040907847197,-3.0786904243372826,-1.382103293151669,2.7014986635737808,-2.113911202376185,1.7393685916904162,3.194526140457687,0.5873248329587248,1.9351811373826435,-1.690032831114598,-0.4029989439630468
-9.301206782262865,5.1973353647973015,1.0654164404376307,1.5570237145124932,-0.8266663152834498,-0.23372280753350677,-1.1739770974251595,-1.6973823098726346,-1.9265793389902663,4.985482792108019,-0.7338838370296747,-1.6751690942470048,2.865034704756268,-1.2632349855718652,0.15469101865240226,2.861854649221287,0.16286735564667792,0.786327410631843,0.8822151514173386,-0.21443218812531312
-12.013476746359164,3.2314429947753984,2.198620426280457,1.5673220487092818,1.9859182982866446,-0.6621812972212646,7.290634778510999,-2.8439888477947486,3.07715597742061,4.204896519380959,-1.6219090841662598,5.948458669902687,-2.4250317698805834,3.8929696180588738,2.77155445503407,1.5944241084421409,1.3168862723886634,-0.059957076988199826,3.805322286219829,2.5665925281808697
-8.706692395769617,3.2171710553841333,-0.999732205203271,1.839439413167837,2.4841500100028844,-0.5163893154633038,0.6965852227704296,-1.2011433082381502,-0.48635917520736127,-0.7171251738070151,-2.686351965183914,0.03239196654274473,-0.2241406249539038,-0.009412770682734592,-0.46604834888078783,0.026922766955906424,-1.5565202328381706,-1.1598746804597517,0.4956542123900469,-0.33168853842361024
-10.64450347678712,1.6977990015215454,2.4814417028623206,2.9134395575196597,7.607775180314585,-1.6650525920169217,0.7312865155438446,-1.9679050578141557,1.533797746530905,-0.4738394794020162,-0.5396272714840932,-0.731579075956354,2.0873510131781883,0.1716031459090535,0.4335347445475548,-1.8735976675482133,0.5434071816503718,0.22899854578163514,0.19705148446701873,1.1709345041901662
1.6627717629266632,-1.471765977241154,2.776699912519768,-3.6463668712115846,6.876565002837224,-0.7690313943340427,2.4857547773299986,-2.191013846668274,0.4581000893251004,-2.7642764167404335,-1.8988519492034117,-0.4388035243657795,0.041687827444440606,2.4147142466270237,-0.25298410652198977,-1.969976476716528,2.8999530492000556,-0.5001640591786012,-1.7125384407226012,-1.2344075893110407
-3.559247506515366,1.194928142333854,2.8072108242597618,-2.532818870226375,7.195447943132576,-0.10630492313213735,-0.17414055231105605,-1.8939493437972768,0.7659355587468959,-1.9437403781218099,-0.8378428740500283,0.09943713799192655,-0.3782823208754936,1.9223095631136848,-0.3835749872275518,-0.735342012697336,0.9051695351059486,0.7994166371727854,-0.16587308131500655,-0.07570508651031588
-10.56094950787469,1.5366093836946604,1.7447101495415045,1.7436173266642336,6.509158471452277,0.11956638498556416,-1.8253979877267512,-1.7273921429551444,0.12445774274192867,-0.5721233346228413,0.024367660153155613,0.35719121518374747,0.05011066929916269,-0.11098396782233766,-0.8983765533618053,0.78218803904719,-2.5809314511521233,0.17926259767501093,0.9117022138044996,0.02494825646916843
9.696112509356531,-14.866601439612918,20.04227688658075,-12.644405740168992,-8.137467278487604,-2.237961041182473,-3.6511137546878087,2.050797949695177,-5.202417226264836,3.383215265797353,2.6099958688320903,-0.320204377782225,-2.95399530338136,-4.361195962862222,-4.183699754779907,-1.395782265339681,-2.609678614624201,1.89830984962258,0.001615681630252711,0.008103003407359255
11.63172806560565,5.349639082040203,-4.10879168674276,-2.838637124882015,-2.7801596245984292,2.282603988515301,5.095024670225069,-1.7847374860780003,-3.7535533121529934,1.0896391001906767,0.16026735958655614,-0.29918225943056886,-1.9294876340324658,2.6998342680815313,-2.2052483328286416,-0.47639133812755063,2.0084538109491072,0.3286440651523231,2.607044626669194,-0.5604002990982992
1.3604524967406906,-3.9053058550203867,-6.16810368219717,6.440521858985041,0.33205690322319187,2.3415780015940095,0.7676191546903741,0.6432452638606622,-0.8500511748262275,-0.44952645779806966,2.5387202104036835,-2.8291086893592303,0.947521098426833,-1.4099357694452104,-0.16590282783066873,0.6606809158451137,-0.5030995653516104,-0.8150155164807659,-0.1897361519621878,2.4307520148931827
1.080506784195264,-4.131556315864323,-5.9313538798910095,6.58907309997499,-0.043968781142697366,2.1992260985701737,1.595583098506063,0.06817949695270709,-1.120026769577252,-0.05807404420189183,2.6580357846614717,1.4198550136951729,-2.4491545375981483,-0.9547341573836061,-0.22298100000030469,0.34038102230662604,0.22001251040071756,-0.6631586401023795,-0.3496010525512667,1.9343611048571825
23.175663878186125,17.10146541172794,23.250401087989214,-0.6070222577085312,5.285889011337432,12.40506437699657,-1.8580795668102645,20.517333313791113,-1.9745713886679295,2.533195387859821,-6.6715155979089324,-11.517148422617359,0.40885048355093545,13.972095585961148,-3.777259450073112,-14.220434644901948,-13.405352129967858,13.533557556476724,6.29744673602503,-1.4898646549714614
-3.5579187476783174,10.56478340521942,8.126816378415556,6.64321831097862,2.3700684652701884,0.940732569044755,-0.26142851262062594,7.62602949613347,-1.5116556771128387,-0.8232335895132334,0.43267542646543244,4.936894847894255,-1.867462573605676,0.23344732140581226,-0.3085579401945133,-9.332674631898184,-0.5012930476196518,1.0910446326060357,1.435895384271346,-3.431969737907406
-5.448417836101525,5.869033625164858,-1.742280128254655,2.822304329413445,-4.9164285001361225,-0.09811442652040303,9.312306907078007,2.04969006754012,-4.827321822335345,-0.9708816678614836,3.16854450412412,-1.0041016459700138,-2.8088496423238265,-2.6156551281580493,2.74912813644659,2.869887686110226,-0.11306931585215035,-2.02120094478701,2.2099382048941534,0.28627754762896546
-8.428341491414368,0.7102777451334847,-2.974187998930484,4.210365231573839,-2.3935271335201778,5.427797572201468,5.140029080964464,-0.08911901572048032,-5.476843397160447,1.005159635564185,2.5267581207852636,1.7599420550656926,-1.6428294906530576,-0.7213478682152874,1.8197133426267493,-1.2557603041296472,-1.6993111996979209,1.8103599696373147,0.5716936727615904,-1.0853581694917693
1.063897363089048,2.213878035303377,-3.6520737110573114,3.4000996079130164,-11.666731029285508,-0.3097916610218314,-1.3170299658559026,1.668709654803005,3.1883235580583884,1.6172874631924383,0.5695952739078435,-2.8035260231512327,-0.24419651675805398,-1.0951730457681668,-2.72636699363909,-2.421865695522644,1.6320635662478291,-1.9979233133576058,-1.7284334999918811,2.8088246204148346
-4.579875659097725,2.363190417950115,4.720509710719906,7.393739152212042,-5.45947581396179,-1.5655196960476085,0.10502880950076282,10.021110405435458,3.3511178193471487,-3.536035426010038,-0.8655177019044107,-0.06177033947155397,0.09179177161672805,-2.5857482830635385,-1.1891192777884116,-5.619980238763607,3.9231932119050192,1.6215221470849417,-2.6875713142162883,2.569128904034909
2.85697044679727,1.0916003604541813,1.4433373805792689,4.600108254765439,-7.286698393637683,-4.597671443791644,0.7513752995312781,3.4224457128019914,-8.90264086658128,-0.5792266551385334,2.3635893087192454,7.5123818181005415,0.1454944887524045,-3.823675523660925,2.5853584233525333,1.9346388363107108,0.06804098577962847,7.305580323456372,3.469557794762306,-1.6247935495703352
1.0900329224783392,0.1379446132936637,2.083153941043334,10.240560790197964,-7.0992872619762375,-3.2046442904608647,-0.11887480053088743,1.6094659968160927,-5.034623689572911,5.9847381297956685,1.2187340489010712,-0.13200958520355843,-2.836237907368842,2.8145273355539473,-0.9978712273211285,0.1100413766353738,0.20242433616463762,-0.501155112460582,1.1391770920269488,-1.161362137661249
3.513033573459392,6.301464535670199,0.1265924530815985,1.8319667849268053,-7.757922397480188,-4.367271516000465,-4.518938303382683,0.7451079477433028,1.9718603199734788,1.4498205727230369,-0.9855431255922673,-0.9179669356831377,-1.4892662955394047,3.267523091764715,-0.7140901402359968,-0.34190925346730444,2.9499627963692783,-0.2358996122980715,-0.526676282861996,1.2504263723532425
-2.4396431072297133,1.5975625907078443,-6.709522194586704,0.2569116946628155,-7.48178507563755,0.2750037591721126,6.005193354906656,2.1196332179149877,-4.3634744726713794,-4.4444890628944815,0.35758596571579987,-1.0391088441146932,-0.37188731558187604,-1.908587690317984,-2.4526312731645112,0.0071385921080245884,-4.133756429698842,0.5171400686278838,1.701989382138257,2.7084028004271534
-0.05012102413922177,10.466628768513315,-0.6303267273591029,-2.4964966389951,-12.837542493120177,-3.7340698602272164,-0.3975884100000008,2.6417587705188272,5.3210875309242525,6.32600932324741,5.335524898149228,-2.5267106075973835,0.2844497080878099,-0.5497870559024995,-0.395460351773791,-1.9975231084032885,1.7123917612890445,2.730564032196575,2.7994723673104653,0.9286996369628837
-5.69136544688876,4.825013952045992,2.692811224999209,7.037893719089436,-7.376544415711361,-3.7369704853571433,-3.344486636990604,3.0631608374676604,3.6254160021298616,4.529904043208674,4.353831390210733,-1.5597666669331631,-2.818776381326765,3.488782871765898,-3.6781337681265684,-2.7942423408399883,-1.9031946602319567,0.7811560429098372,3.400351102928227,-0.4839253784656876
-11.447829134117644,6.907991518963897,6.138092649793611,3.3271916702270117,2.2642432410467777,-2.258946223102323,-0.544711163427101,-1.0115300821956716,-0.6697594480117055,-1.3697126791497267,-0.8832024044958084,0.397872617154289,-1.3714626604331408,-0.6697170954699256,-2.7588140420431384,0.9260271892017581,0.16609797901430384,-0.22928077638373512,-0.75760584465366,0.5255444640366121
5.329831542104075,1.2048683178449624,-1.1597743940826912,2.985968797001613,-7.657066093815884,-2.8008441844811363,-4.558212479228047,3.3812636483467458,2.627446121070605,-0.5121425897177467,0.30961504873066215,-1.5645289573295647,-0.621606412935141,0.3453910539172308,-2.6926930288239856,0.9769294239532238,0.11698896246919974,0.15987074430217818,-0.3618195227583993,1.6496223063497375
-7.761109822188914,2.0047097564068332,0.27284563503789266,5.742286631874872,-4.147724260261992,-2.8493431482857594,-1.6468198313698361,2.906986247215403,-0.5608699938149082,-1.340144748437815,3.0566692210179824,-1.4676607888732787,0.7641328914426138,0.524617134704785,-1.5869910633691324,-2.40197899993243,-1.5779080385792097,3.3154953885492864,-0.15318324484143447,-2.2402206928450625
0.008968511036231419,4.996964101064579,1.4823288003097068,5.8536544831819235,-7.497872010708978,-4.210451028843933,0.12261587309274868,2.2482596753838138,1.8904088925428804,-0.09512127436004467,1.3888529825179263,-3.4313323482978673,-0.11973366056141665,-0.8700552730435182,-3.033098184032425,-1.0698015670390912,2.3400179263548364,-1.8283176091698716,0.7481940268800132,-0.3570741280844757
-1.048446552850519,1.750585405712687,2.3834040488037704,3.936389573429637,-5.123448542148846,-4.02977043117465,-1.639356894983082,1.9018065668815272,3.7436689725227943,-0.36902086795257627,-0.3618240897823365,0.060062084932096804,0.6593108076971053,-2.485631874774145,0.4328726141391558,0.7104099792819877,1.8780661028034138,0.5009592304564531,-1.3608743077990568,-2.5951252521977732
-5.5562770119314004,8.9944996689081,4.7602656805486285,5.423424956565571,-3.4898602722040737,-6.790123185364152,-3.4315701281248643,1.1798529846880434,-1.5310342403502433,-0.5027759490880608,-0.36236457023310575,-1.6511335252597727,-1.4254246731343396,6.195435460275672,3.953394304752565,-2.512797728782549,0.13394021205027368,-3.2070863718832965,1.7880672738223866,1.6324420260981654
-10.232826518521073,2.7834925442621063,1.3128423137183947,5.5045252787734515,-9.271978529082368,-1.5990417184681356,0.8539754867143563,3.291050217239686,-5.525134728401101,-0.08294832676587338,5.227088714933447,0.0004463428543625414,-2.150595067629969,-1.443830916876404,-2.3592954004393065,6.377277086244254,-1.5654864456496624,-1.9355801368303105,3.545487875861827,-1.6016530694010422
-11.744860757241728,7.265429055326084,0.7484479452850167,2.2992267796320087,-0.9443247529492275,0.2945532297759909,0.4720529173073124,-0.4269643676779939,-0.1581762354636923,-1.0744306979418674,-0.007492706144305417,-0.48498751674791174,-1.4084992079905774,-0.6966417822757545,-2.8172084134453454,-0.6667604146455064,-1.0816316112715814,-2.437700116004006,2.3738891420874046,0.5078594238836776
-3.5557508814017047,6.497684717182777,2.7970074487411316,4.888948282437297,-2.678569472222937,-3.6585120068536074,-0.6891324591003736,1.6601162071591364,-0.08048038788212607,-2.012591864971721,-1.1481213113683841,0.2701391731123479,-3.880492238123297,1.4994993700516348,-4.0537998952445875,-1.2944313697382657,0.07777519568942451,-0.5765647272095922,0.4399160572294487,0.8235764061552555
1.9981938761577385,6.200254960974831,-7.494663736825146,6.768617572329973,-5.591939626288372,2.0098455227522933,2.0633027101908166,2.8730402120033474,-0.6307903998713041,-1.2198531562860282,1.1766753083135604,-2.847874470626196,2.0022850587352417,1.2186260355661385,0.34287196983209384,-2.368475804870533,-1.5329241692111357,1.095404193689955,2.0767050058084364,-1.4492024693805634
-1.7633398910636364,-3.1940983854893914,1.163626963310075,5.181587979249073,-3.6988474400869213,-3.155795625202969,-0.7560701887808712,11.500142931772972,-0.11744419851107579,-0.6531179365536722,-5.840059890264185,3.061315906644273,0.7979525204585047,-0.740207420786307,-2.7741639111369256,4.806481054230474,7.428069784747059,0.9528630156284017,-2.6865886126492824,-5.981174200299632
1.8973394839531892,4.35183546351888,1.0912799454167081,-5.551488946919533,-6.029893255860882,-2.722439189741036,-1.1872988919405252,-0.6551613838045127,5.612447731679156,-0.40385166790845994,-1.5935662662678376,-0.7769456398651955,-0.4179373471665747,1.225402298444036,-2.847951245301477,-2.991429902267301,0.3906646603499031,-1.5033011461349615,-0.7646913075111438,-0.7214700234543675
-6.90722114800521,5.259901124649042,9.012265455297726,-5.020010235270072,-3.1669340695359116,-1.0004482875265996,3.902339839255239,13.262972547550469,11.361219996151608,-10.219154750277399,3.827486248298398,0.38815484710168824,-4.688267088343844,-0.4120329690863769,14.1463725796051,-4.672160421615617,2.829206691219848,6.885357065068637,-0.03300771861464087,-2.5981012585898124
1.0958922648839096,6.590116200872835,-0.9242659379996272,0.2045448713371727,-5.725406181938271,-5.153749905182079,-3.9014946003726294,3.0726264632560687,0.6404974210713177,1.789396173540466,-3.924899401461482,1.1494548217441793,-3.329424335803974,1.8199258144831765,-4.02558455545216,-1.6780104818001411,-1.9104825928879698,-3.207795520763419,0.34303069429262867,-1.6836748548872378
-10.666258951187746,8.77560209633591,4.939170958870736,4.820830452020772,-1.992174240789982,-5.327895417134205,-2.585790946149481,2.226485750493617,-1.234313660401377,1.1806872253477017,0.7212370724894328,0.3435076157842927,-2.94990872767507,0.3587283199083359,-0.9840758782482077,-0.29674070202195935,1.7275039968574935,-2.155695297750909,-0.4909027269441787,1.2122880555234143
9.31801773278337,2.136599519381612,-6.277283380771673,-2.679528011586581,-5.604238041957739,-2.422091913837458,-1.6398573308594773,1.1217907626739407,1.8277228010993367,4.563855343417276,-2.2636733536111935,-0.32317605673212557,1.7063839265382579,-1.0059626394872778,3.874601957472295,-1.158678956041732,0.03059336631994114,-6.117520853630649,-4.358818434491936,-3.4283219931326068
-10.201328245292483,11.603618464965995,4.811978860616127,6.091682908230183,1.136808939389515,-3.785399751008978,-0.14294959469485558,1.3106947901057557,-1.592380774226743,-2.822024386070949,0.42242515393509017,-1.9567316594278166,2.3941353652433968,-2.106403229981241,-1.6379627444205562,-1.3970724385530073,-0.7018265688005982,1.8217459999921923,3.1210213896616743,-1.4620195058946819
-1.0826307304010718,2.4715098039365566,5.378337711469001,2.7499945636881966,-3.5844180184538486,-10.776092140269139,0.4837626520499353,0.37254416200729856,-0.3203081498605873,4.940573369220386,-3.639219346612025,0.05088197601638772,-1.9952798323973222,2.4526096135439035,2.8241278279849005,0.2901138357905571,0.03579845096897949,-4.902047804122693,-1.7824978615949445,-0.31630571024689524
-1.5455931490816162,5.02087398985743,3.4062336608226724,7.441606314430539,-7.152283959534707,-4.862154483468008,-0.9447303506859649,1.961490914090562,-1.7154286468980566,2.5167963429009212,3.1141737401345817,0.1756642290393599,-3.4196328905749516,4.789317754315395,2.218928462526433,-4.6284108852942785,-1.5592644081211224,1.200974761009123,-0.5470298888473506,0.825341877279307
-2.122690091407437,2.336938669527641,-3.9063264280664196,6.350268284083944,-4.050300912611323,3.3875263120738115,0.8835243787434729,1.059357377074903,-0.160662171324922,-0.8505493501278326,1.8982850383913759,0.557082888257395,-3.7200369239125717,1.4533835469183887,-0.5615861456252739,-1.2698269087830696,-2.1049172192694443,-1.2158771603746683,-0.2852996970776934,1.9742162068832017
-8.643109409864339,6.4064641712353065,1.0616402330282815,7.792250131319324,-4.631962412362867,3.4421240662491046,2.101610929734939,5.656576600640052,4.567630088434859,-1.0757698977942876,-3.0480836413820405,-2.1295214986074673,2.8444430751147074,-2.520881525834527,-0.9079668175122831,0.18928130241247476,6.799632592528636,0.33885721736974495,-1.4227523343924477,-1.7976252262466401
-7.121999488134612,-0.2170810987811876,3.940678557455154,8.82050977999018,-6.150599730828329,-2.7910146487281624,1.8126833396002704,0.8237194631387573,2.2710844959889567,4.075651032104734,-1.1731959758253514,-1.0839197221203178,-0.9559931444608895,1.0650302387355168,-3.7895149768345164,0.5881074657280426,-0.009161923809555439,0.1743327951323015,-0.36081592660329365,0.9593543944552744
-2.5628227559902688,5.307275370585489,-3.2747605430334907,6.362668425983395,-7.352706811048675,-1.1614540073582853,-1.933132143421793,2.2709736102531486,2.0137286362282616,-2.732873154911548,0.3911671753665824,-2.29772646978984,-1.5053093265064452,-0.46358866785676545,-1.7865319931309034,0.4561895404345591,-2.0086801530429534,-1.3101784694180472,0.8905223725073524,1.6857543708572418
3.6643754950232292,7.572474494103399,0.16208660967018573,0.21091099088689558,-3.188549768011626,-5.894766477715091,-5.64102154375282,1.8206749479121926,-2.7227724585408986,-4.8531942377582356,-1.5562517552603703,0.5799991599769581,-0.3135255665065172,1.5017810265916736,-0.9686705195922213,1.441375211016069,-0.7679908717982749,0.7226198804063761,0.40441663697883234,-0.5030666985025093
-2.009358841972581,0.6538792338177148,0.27134668043292515,5.116639649399828,-8.195120973990964,2.0338249906942156,5.505703774232817,7.048575885635936,1.7157983796873082,-4.454113590083441,-2.2203177206520297,0.7336490632169379,7.686051581864235,3.3639373557989467,-3.4126482645482263,-0.5545649370769177,10.622569897247043,3.4101784009447877,-2.863666108658433,-5.246098183063777
-9.764374893622964,8.583522073448089,8.52909174771948,4.724601049456318,-1.8177560767341847,-8.351031346606717,-8.117686659347688,3.872458090565682,-2.0443529968367473,-3.4589269114201584,4.189903783619421,0.8948214391662271,-3.8329015148922716,-0.3279710286324641,-4.747451620025725,1.6621519567713698,0.46563214131733277,1.4892775449979143,2.261223073082687,1.550122454150531
2.4113103127264464,-3.0358454715360454,6.560065655251991,6.99641525756453,-4.859522889025298,-3.6428671600013693,0.9743008593160133,1.453020018129212,-2.4078359341256497,6.479253732185738,2.278101786500453,-2.6734620116954035,3.604555833482377,-2.742424284283456,-2.197698746642005,0.9059476421646113,0.4146249796362338,3.064082092271588,2.946363767852534,0.37873098666627264
0.20116735208374031,-0.2989402544139249,0.7402967613441864,0.6131025481948569,-0.6484193262301656,-5.4037157286547846,-5.730810454031134,1.2815480163858064,-0.8727057098493433,-4.129691170426128,-0.9338221274526166,0.16859746549863816,-0.6913315848847037,-1.5398092400175096,-0.26413269374106985,-0.40268506549540084,-3.014042424460237,1.2257930455865957,1.0968012356448429,-0.21788717963972137
-5.6521598616066155,-0.12684840761577532,1.8037625690885317,9.121298623798321,-6.458418761054258,-1.990538236228114,-0.9091156242241738,2.363136746717028,-2.7779499389657767,3.9336617789070973,6.786274610862655,-0.5279673134905754,0.03772984082792383,-2.7853232959587384,-1.6065814570716561,0.7034515619143579,-6.151851229526247,3.9764554767734497,-2.329464786543098,-0.4415053996474814
-6.7343714880834025,-2.125831623799799,-5.109952343291475,9.61507970839287,-9.70507756907655,3.7496304057898495,1.1284638272357426,2.0936787948159394,-3.5842687082473788,3.477835492353447,2.666068169270884,0.018618748064293644,-2.4937491716503164,-0.996091207957289,-0.7667671650964603,5.517567197520981,-3.606171937266285,-2.974510039930412,1.0388102075782593,-0.4234604003322309
6.8643931854913,3.872315408315584,2.902944247924891,-7.718663716232536,-7.512792087497054,-12.541820213296846,-2.4269120811821807,5.024986234985752,0.8211799947682931,8.46691983493522,-11.211488497553841,3.7903892239747945,-2.028788702152256,-1.3155020666260682,4.288254916827693,-2.79643697590036,-6.775434786279343,-12.597321599158692,-2.873443907068532,-8.891784054509149
-8.270906444129075,5.2779354358077795,3.4160008371270028,0.5339414268824327,2.0356696296820016,-0.6106511573571679,-1.9088827354618418,-1.3106621156778429,1.2254589288433477,13.73251582154467,1.5098758706359403,-0.35433973204664027,4.2965164624894605,-4.041619518021646,11.682777424042413,2.3632996234849855,5.127164071017846,-4.180412716429446,-9.577443307643483,2.3672647137554463
-2.7810733400046495,5.6444668824976745,3.9280049405061646,5.240341617475728,-6.578049813440549,0.517305170145582,-1.7833777961033896,0.9176628006332692,4.662779656703776,0.600851710511628,-0.03867477154490792,-1.8741533367424512,-0.4784233846904971,-0.9779934167219612,-4.774145788001046,-2.3849150052485704,0.5996300948069475,0.32243930719869984,0.5730645686869251,3.4449255028997294
-5.36473341978205,-2.1348710837877585,-3.019783452535744,10.231870920871735,-7.774179037510331,2.3592855329779736,3.4453615282958565,1.7599563186655907,-1.281046122641309,1.4735185358043645,2.903111910052568,-0.3292232726604711,-1.9115646895218554,-0.9490737252478141,-1.8262576523030944,-1.35260687434396,-5.076896531555679,-1.1245661869174732,0.5386905121843729,1.4276947546761691
6.624589258144178,7.327059431451435,1.0357061592735866,1.262005947132597,-3.1713814654126393,-6.419090286694874,-6.496073341852876,1.383375227237358,-2.1992771523786523,-4.699310877813884,-1.6588221562032546,0.38901116097762195,-2.2669142926896857,2.9746658396673924,0.4105572945466089,0.5450980214653744,0.012662728264842937,0.4654109667676988,-0.37335379487728537,1.8506328983101274
1.2228932111924147,7.267182654013359,1.8777385736566028,5.943638030786271,-8.192510985494977,-0.3379755929411844,3.0490606676970855,2.7745766891065293,7.907042450498931,-3.4387218866070457,2.5152618753763347,1.5938485709612884,-0.6480182931282429,-4.60138585422082,-2.087287559603045,-1.4355185579229714,3.90839283524977,0.018614509522923317,-1.5124729668699302,3.718498450622512
4.412022143975759,6.514264731132995,14.897783823801866,1.2678915524994796,-5.615733840523047,-3.7024122203729393,-3.8695129896509615,1.6324901210452292,4.227354372932755,1.6050616761909082,-0.3573819001050756,0.030779686649621607,-0.684039195782687,-2.9916945244976283,-4.507735246165447,-1.8036861470032337,0.7369338521214003,1.3188759177270597,-1.7886751065916058,1.8565413425653552
-13.239227148719301,1.5190728356259302,4.138997163931206,6.023638015437513,-5.002119943740716,-6.8461372126313185,-1.8573555690513777,0.3217827259873287,-2.5109458886801517,4.775057452571801,-2.0765287292159345,3.3851282389392034,-2.193884197073139,2.7808267250888585,4.168281196823058,7.131808128004026,-1.2982266565863418,3.508479035347846,6.909823948577744,0.8336921802376824
-0.6349067026362858,1.4088855038683428,-0.9132961287724233,-0.7355083199326711,-3.771096163698979,0.902540801557892,-0.1141265015373385,-0.36323760532842114,6.762810473997759,-5.031947229847203,1.4939762416678755,2.4997691931947945,-0.2070540086503697,-2.6795907065293245,-0.7602954905479133,0.4869071084312498,2.362187984962085,-0.21683392894250397,0.5365591302276795,0.858724606735568
-1.4340018858134749,2.1689695979497543,-0.3011214959327022,7.085658602452421,-8.496517546762329,0.3358608600222597,-1.1589623647151537,-1.5354917924002371,2.8036993071272347,-4.480974142240844,1.5189058945672937,-4.028938111682606,1.088223830139946,-0.6624185049777753,0.7413868359872161,0.8957115808059918,-0.3246015556076134,3.833418919990562,0.6163302324876833,-2.181905048916632
1.717596464729383,-0.8894845332847782,7.857433907553478,0.42889722786751383,-6.430872922738714,-8.240002776707378,-6.2991346362846965,2.3418190444159674,1.5540258571851813,4.666622782379783,-3.1249939530199464,0.9423116566340501,-0.9525524461800399,1.8126466172493232,-4.377357671174488,-1.971880070288019,-0.32878297149663666,0.28304428593862785,-0.1272055566602157,-2.0248788882733884
-5.203459543057164,13.148658456411276,13.603008441158472,5.337449526483572,4.089376633848485,-0.5499939161798811,2.1906281023541303,10.277761213409851,13.888682652845704,-5.0026218416980495,4.658730760241515,23.48099245065141,-8.077226804770746,10.363636588967719,-1.3226644736919546,9.1327705015009,-2.5205883446966144,-2.6285837222967494,-4.965083661849216,-11.534278616281693
-7.727558570468386,0.2776913422024687,-1.3637753549487615,8.550432965914863,-8.63551413285496,-0.9556367686164924,-1.060142196362331,2.1160414079063585,-3.4635358800192213,1.8771055563579775,1.001044277194916,0.08257609435866231,-2.422102101845338,0.987794783107133,-0.7567899713023397,2.329042373999995,-1.9872424020501098,-3.5588566891910434,1.6117704448207961,-0.2802469077168156
3.9240535492584376,3.222311540328354,-1.8813092529710829,9.22380208874597,-8.62197820108674,2.2847847552160334,0.9078281730685779,2.5541186839092433,2.537705929455919,-0.28126235803596095,1.5655832615215277,-2.172855139872154,-0.8314033850896981,-1.9458308015246615,-1.817389363425806,-3.7269930239260693,0.7652392773506408,-1.891303479921465,-1.9278957160061394,2.6206125905400306
3.3524403345756872,6.9256556978796,-0.7528469393886805,-2.576895037969946,-2.587454211575053,-6.09225609457425,-1.9884624193769884,0.021162440219945733,-0.11771214538810909,2.6680051321456952,-3.748387331050679,1.7101013512164298,-3.057163331939587,0.7853873954079025,0.918292666988404,1.0186933472763806,-0.49213866975301984,-3.1688217141133412,-2.272589545216177,0.03590458720838563
-9.366073194198554,6.14585319368123,1.6886939851343354,7.476160741990485,-5.393803508241344,-3.6752648102808116,0.635174117788153,1.503113248710013,-0.8850394213056743,0.786507296362695,1.1519799048062356,-0.590538519297078,-2.516527658360031,3.8044011999371676,1.044441180214616,-2.0623222887755057,-1.2950535092663085,-2.172803656734695,0.6600992927315756,1.3817842682695292
-9.175334314841882,3.543863903232536,13.191506756768263,-0.2713832231744877,-0.29252487345851985,-9.511132697607707,-1.5845261236932475,0.49002781525124994,-3.016192381817627,-1.0583432278537255,0.45344354706055917,-1.1043796747078343,0.3540793383736187,0.6360616936044953,0.6936991852290627,-2.4704869240914764,-1.2436861930975547,1.342249497936084,-0.42893582194846025,-2.7411014342322817
-9.58393740519999,2.4962155331823466,5.6741945018788345,6.772291331332542,-2.728750434633194,-4.127391827613459,1.0276738857220131,1.142425132615933,-0.9178510953528123,-1.5916863196451776,1.525986091944754,-1.9467632453676225,4.187995658311695,-1.4192717754582478,-0.35747710168792,-2.3792168273077356,0.3101373357510768,1.7526550115346273,2.440549624895035,0.4738796166263472
3.0257342928282984,0.6327016598380697,4.786592104852247,2.303128103417797,-8.67940155450213,-7.330957942216207,-4.003443507827121,1.8696361317941226,3.9711631965566747,7.3657916348316474,0.8627155384909289,-1.6974521775393963,-1.6110419181894393,2.1818394582115004,-2.8590351740156175,1.3626182808106557,-3.5463473933031393,2.221814642371769,-1.402424901847764,-0.08935678496564287
1.5866687092105185,-3.158107440707216,6.033902883415918,5.297412786449229,-0.9966352563803242,-6.712360592417458,-5.009071702694861,3.28498800661943,0.6160139652370304,-0.4919424168837738,2.3487710526176997,-0.26655934110924107,0.08482900909399634,-3.0764374627664,-0.4164829187990291,3.9655229405410726,-0.13503778422231552,2.382850389184852,0.5180170674663036,0.10232463425783653
6.9967411627587115,2.657065600260437,-2.6277763756155883,8.801956470243761,-8.446569661878677,1.253743093683509,1.9455214612399403,2.627908844491518,-1.2895686399858617,0.06563178416187998,1.4438218719895741,0.6300774121843995,-1.6198799545465792,-1.7386523433017913,-2.286268144457106,-4.345620526564501,-1.9091506610804885,2.432539553741491,-4.195970404876768,2.735723719079817
-5.206788688995603,-2.6726411097764684,-1.5731863930678436,9.435103711817609,-5.337728610046567,-1.9328608146512924,-0.05900091768405519,3.0670784064952494,-2.4080904731484343,3.9213955861613634,3.74741191509837,4.3918670494725705,0.2204960787888,-3.6600220582701084,2.681138071378562,3.8360452878129165,-1.8697665935906778,5.177741725749426,-1.9854654359433281,3.4676413131874098
-2.210784714261606,5.260421741549947,-1.9624954208887764,7.679515879879649,-6.324985395112774,-3.2807894444980406,-0.48756959036785696,2.709299152891418,-1.1895247818897234,-0.15295259299444314,1.9516779511674343,-0.8884779182229947,-3.0245685349104376,2.9882568150172717,1.998701502790086,-2.5649191832957827,-2.172007169138443,-1.924324065396191,2.095347049486063,0.05043757118352582
-0.2357182203949476,1.7045778165884231,0.8139743770246672,7.402354883981896,-7.303892130563884,1.6828194346523602,-0.5951571541101522,15.903454902617119,0.13475546703705776,3.631068032956055,-2.155582407932244,5.580317359690235,-2.2997865895069536,0.42704371071542224,-0.7471454935332879,-9.085290306570569,0.6546151143803712,10.109913347188597,-1.1228155913669609,-1.1399762669421134
-4.177007494695549,13.207092649036928,8.10860313459408,6.399501604618532,1.0135514410844677,1.2197863357312393,-0.761687473375384,3.5567888442163116,-5.554999486314085,0.7750061126917436,2.2918193146452133,4.043569961570325,7.345014554955478,0.4317750214279973,-3.1681995583866303,-6.660400229062266,2.8423339576474307,0.5621332910038435,-6.969545005486806,0.4085502236085766
-3.061605871309857,3.7578160371155285,-4.535877629719664,9.403059464594717,-2.421509393105032,1.117351916160108,2.6953265325289073,11.67111502371489,2.3077401354347034,0.32911536966634863,-0.36790125736189583,2.5708133371339703,-3.0471336223511116,-0.15980973173802343,-5.2422329438269,-2.1146486732290617,2.7119257355832356,-1.3145924476592854,-1.255425883642774,6.614362633890951
-6.430053005035338,-3.109607346038171,1.2731679787710695,11.084847192931093,-5.244718106376759,-0.3229987181049905,2.7635890515578057,1.041122704758377,4.490886938260438,5.423227266700408,3.4936844859254528,3.715767302629585,-0.008049052653557542,0.8282779833562273,4.269429519401488,-1.4736061151254187,4.0867292904490045,-5.811706649094976,3.426113164987888,1.0083335694230136
2.9211865900918657,7.229366184060945,6.6231330809742435,1.4816250404098337,-5.051844806161761,-3.002005048027353,2.648982894027143,6.9803124291782535,-10.515686694316196,0.2860332299389897,9.390335167096648,-3.5261931647743587,5.702429003163013,8.183609269876202,1.6910083759745231,2.0497560448490284,5.7516761126105145,-3.966376172647992,-3.871014082582598,-2.8368123614334397
-5.884707159285584,2.9235395652191696,-0.2127461297590808,1.342869536295758,-4.52875552900394,-3.018304253746688,1.7960452235273003,0.8794792781447913,2.5923089571473557,-4.090813174420821,0.5418444050342073,-0.8781053322684109,-1.252005486098422,-1.1610485428936492,0.5330170944270864,-2.4655169382507562,2.2363341188094488,-2.713583861678652,3.1352305399486045,-0.7453511336589976
5.343530461125074,9.730688958974062,2.329604706157987,4.320830148803429,-3.0649092129362687,-3.0259945808492312,-4.036579440716007,2.125396719050326,-3.178892928368664,-2.548905235780598,0.32454230158184083,-3.6664978506331796,-0.37828606527241304,-0.9128048876620806,-1.775600626216976,-1.3812309785178347,-1.9043059713869543,0.5020120522274062,-1.4000328067571213,0.36869444183054056
7.421830550453516,3.8839207079368605,3.436232196112578,-8.484008840563794,-8.073964484571082,-11.373087034055818,3.6957111251909684,2.932038238585133,-2.2305698549360877,8.709025564130876,-8.48815846382086,-4.109577441143505,-3.260013676254188,9.49180921674821,-6.779958889361937,-7.076244737201574,-10.490533647254214,-1.2188815748368529,-7.186349795376713,2.530613849087964
-0.3802555514955325,12.770513914148083,-3.3882681736901485,0.04201254352242878,-5.849595180333823,-7.372192999596133,3.0513607068258755,4.377460643898003,5.6023853530629255,-0.42737648318358845,1.7423269612158832,5.681569521168564,4.207238124256518,-0.02174542032376009,0.5650016403842018,2.1937932283882122,2.309475996826384,4.192210061367362,-1.1144571531031082,3.130051469760554
-0.4982265387825199,-1.7233900901139956,-5.66793372954014,5.267187814360101,-10.664411336600702,3.616849381293903,-0.8129293790041638,1.0566709378124943,0.5567169158452664,-2.4389761053688495,2.7404497866661233,0.9702969737148746,-1.9630415598663975,-2.97405799729073,1.203722634261,-1.3423989191626182,1.8362835070946089,-3.4112375055224815,-1.0738973680239,2.028851775311196
-0.44757965510845577,4.969091959119838,0.39082221246781995,4.980426961383726,-5.782118210816996,-2.3351439992976255,2.6643326786381354,1.7839441357376016,2.874039711428723,-1.4011916205546044,1.571956910557243,-1.0820565934566275,-0.5091634339253617,-2.118009937614044,1.1099899775552693,1.0575491769219023,2.5023196938018746,-4.040389256292824,-3.4019474343608844,1.4514913422988893
-6.267109625103231,4.239607037832253,1.9099516060291442,2.4926484051026834,-0.7234870883049462,-2.079928315510983,-1.1463123006154063,-0.45571741527639736,-1.347985579838984,-1.8521782786078473,-0.6761268105982434,1.0892366555344961,-1.7361423837487053,0.43957639071294285,-1.0841965013419539,-0.7700168338049056,1.0160937607118607,-0.8925308206837451,0.27135592625921956,-0.23226914523316253
-5.2503108975818105,4.41404594792526,-1.2799929828486414,6.491767364313771,-4.884770310958888,-0.5028965875430016,1.5208794545969013,2.279138192113277,-0.3770367874437289,-1.628346524942265,1.7107227046217397,-3.1447767708178627,3.084440917740046,-0.008954001280649646,-2.231378272783535,-1.6550019750363334,-1.5974347413668224,2.0884614091695313,1.5486598315634739,-1.409929814798817
-6.962327938359518,5.417730648378869,7.971195663565443,2.226104546555197,1.2020618410528732,-10.586243641883947,-3.2930674233223707,-0.4190243539983568,2.005788641281924,-0.2155424809312303,-0.7638607572751179,-0.08162481039091485,-0.1958677176896887,-1.996936919890078,1.2657747315781376,0.012169984944847334,-4.082594769142511,3.260112696126617,-2.9425475303425417,-1.705210309672338
-5.948591137050164,-3.478227779546482,4.056647891383991,-0.9146244199896467,2.9301836966863712,-5.476134450678936,-1.362179640644861,-0.9821770228434104,-2.388826669596375,-0.8100265806801041,0.22668718446609895,1.7316255567466468,0.46116434410646945,-2.514951939805589,-0.8545900098482117,0.5117506327638183,0.29428873745328354,4.635267573672129,0.1920772555025057,0.5219284047483924
4.616899996456483,10.173142458165717,3.9557602373306406,7.492238957250569,-2.4356157993576613,-4.213745210627394,-2.750542841010948,3.6865136171920696,-5.590268371327817,-0.3718519756065788,1.6689271008290447,-1.292143060508165,-0.9857977962105606,0.24026104432675244,-1.0471065440479512,-1.0804679040231444,-0.5725935746224023,1.605249898006052,0.5042769128576086,-1.4164015190101478
0.46661170885599945,15.29731897467069,-0.45265873611138496,-1.280893470207271,-6.346980069376947,-8.606271819707649,-2.9786081856342888,3.4584010587365057,9.13694024091241,-3.821954198983615,16.673904357984853,-11.168605318988403,8.503100981175503,13.010564054171253,5.090049034587364,-1.0493896210923017,-5.732338018380435,-5.212021723723604,-6.480831533687202,-3.0748370551967223
-6.284725895974532,2.1451646711117385,3.662585661408462,-0.8464558141918348,0.4758648844239135,-4.32618365456611,7.906699792205371,-1.6167589768847033,6.493138618449795,1.5594527898238386,0.05738610108930298,7.826856542365815,-1.7272383342028332,1.312451813581042,5.08813179461146,1.92675951157115,4.530896666954983,-2.4073483732156835,0.426609002439814,1.5234002005411802
-3.0873710801560263,-1.9743042513013989,1.02838105175234,3.693469279207822,-8.281148482795128,2.4912745775858682,-5.066471287988087,-2.429510266340641,0.33274135109468417,-6.766278907827017,-1.5804584066447571,3.291076696551783,0.9350992299619101,-2.6550082383271523,2.721600426941854,2.3495868981581074,1.6073123354031038,-1.5018184224178475,1.8550793925941114,-2.657333226007694
1.8936532692734644,2.18618848056137,-1.4068723976108979,2.863989993741491,-1.2354558336887025,6.172257244169426,2.3696060107856862,7.238903072528738,-1.620664452997967,-5.019464495309467,-2.4143848118799864,-2.869363948711605,5.441344211185489,-3.804622501076267,4.4264658404437185,-9.046279113960061,-0.7803494427431251,0.5969513197200664,-0.46600227207895295,0.02437898163929597
2.0300603042946106,4.771145430661273,8.252994941754407,1.927319918630282,-2.350813569242633,-5.743009510398744,-3.183916623420064,0.1521836045956137,0.45866731015770235,-1.1943751508120555,-0.596151908694001,1.2855336531782335,-2.3661508084206124,3.646038254870513,-0.18650884503895884,-0.21319455127974996,1.5380720415338178,-1.7718904235070159,-0.39381944894257076,2.002911746504819
-1.2275794107787619,8.234088514731212,1.4689743367047647,4.102292433668018,-6.947009164261372,-5.370830612185031,3.930591969860516,1.705122554390233,-1.8849370155777943,4.762869527559271,-2.235055701601213,-2.4457332372209306,2.82319901395833,2.577219398428911,-0.20929982043484285,-4.9625646249958795,-2.485411902090908,-0.9056646564892692,0.1746119704007808,-0.2026122909781865
2.789687374946501,0.012769794616213574,1.0055980992975495,5.813280411792401,-3.251740677338129,-8.44025178399244,-3.670824799053868,3.7315503891025568,-2.5618046843917366,0.701813027173938,1.3963608859756493,-0.48118565924579754,-0.14976493987602696,-0.9755260071387539,-7.559482715992073,11.292882200369485,5.16793261878002,-0.03374515176741477,-5.476448901341493,2.1276746616748543
-11.438392419029027,3.5176596553292745,3.528731595855927,5.3259507353641204,-4.554846550490529,-4.167628510795174,2.9030222608970577,1.0299065133628371,-5.0738926460283365,1.4110339880222242,1.0386285741190417,2.158507080843929,-2.008789620880182,-1.0688829464309246,-0.9963270962261125,0.5534030884368148,-1.4291595123462664,2.9503486877192167,-0.049143644792066586,3.362699729870176
3.123350021648723,0.25841717943238984,10.03434623538449,4.825319530130655,-0.8304067675011423,-3.2759731486937587,-4.727515830206668,0.8608550949604362,-2.5832801889135144,-0.6436514553788729,1.9435691538054338,-1.1091780132421578,1.4303376441540219,0.0564233926370058,-4.3761387220042565,0.06743726656684446,0.5996735739443719,1.5325603616352188,-2.379303779211038,1.5200448220682854
-3.5872924583214933,2.0725439560664505,3.4999265400338633,1.2428132729889354,-5.004598607755093,-2.9397801810028996,4.598531863391831,10.340424400395854,-5.206360354795929,-7.71959703358859,-5.366849419038105,5.273372884977242,2.5039564360389455,-3.9963686150288558,-4.457459460407468,0.9882983110094492,7.569762187526507,4.31973895019948,-4.886068345313718,-5.555273442558585
3.0097701660886895,0.7280657073983426,0.9639645379846535,10.550187577796088,0.6660252101613277,-0.5513647081031147,2.391451090092755,12.305853549014222,2.578849859242791,-2.769713965251136,-0.9837737081517165,-2.0048678433072156,2.2611946329605646,-5.33932009790709,-4.52728637451718,-3.795683975649483,5.195399723860999,-1.408387079320518,0.1043155538173215,0.2197951925869045
3.0791051037590265,3.5165331145379124,-1.3350254293284198,8.312018179678693,-6.991672078102411,-1.0242553346652246,2.4201706940218037,2.0819340551060237,-0.0829332820556663,3.8822368032540147,3.3168770804303174,-2.304550063686948,0.5526400552600204,0.17542640790097153,-1.0646414895977085,1.5940012613037968,-1.96813417966887,-1.9981063146575324,1.8807918194627389,4.065242632898709
-6.317777922341847,3.7583063158539263,1.5363827889467139,8.184956272328535,-5.417230214125711,-4.805710273921597,0.5948150300047945,1.2376819911933938,-2.41356494620475,2.5755078037847277,0.5270268969845286,-1.6006459642196087,-0.9491074277706377,4.311030970224973,1.6196227071115374,-1.211438121566979,-0.2992500749381664,-1.5671713509649323,-0.25763330515054267,0.9724138222686264
-3.873803715731153,-6.682895265443955,1.0337876326856277,9.504810226720927,-2.4235212459173185,-0.5290483382124933,3.1501442531159527,14.689880018851795,2.451734865193994,1.589825527181801,-7.378619949488437,2.3266686014789784,0.1768201892039088,3.782873091465385,-3.1430983419459886,9.100068303181079,12.046578013681172,1.666001754307094,-2.5321485595354605,-3.6753465112244195
-0.6394921598450172,2.337622670501732,-3.1206597762020793,6.113632174521589,-8.92915783193564,-0.5227935815199716,-2.4658077274559425,1.868477462243138,-3.2358063072582404,1.4859864042114876,1.2266160986020216,-1.812678597954101,-0.9121744878643328,3.1111110718409574,1.3346761269294327,-0.5941135802352872,-1.2718491932026075,-1.587354252429078,-0.45434396853272574,1.8881592187542215
4.009347218400884,4.781887806443326,3.3209705882238896,5.709942523685806,-12.746503508483759,-4.988693428020411,-1.7072117847037487,0.6247008867841262,0.5942083655618031,3.8323105658300323,-1.0525743368987306,-1.6988483393284937,-0.8364263391000462,1.874494491111548,0.5041094177785532,4.204643887028595,-3.5673822486112257,2.892790724721518,0.2172608303175998,-5.950820249201232
-8.090539358735821,9.638337954766747,3.943200347323218,-3.5085763041868114,-0.6719766727669492,-4.867507239921655,-1.8221665373129106,-0.12054834701512285,-0.5083221786579915,3.750475432522493,-4.1981769160203175,1.5404046613517455,-1.101510507338547,0.4570695183228753,-4.302777294668795,-0.6316883406122379,-2.817535819348487,-1.7755234907285904,0.10998172032026404,-2.6408795966098477
3.156334940429576,-1.4984409505622038,-1.389767312260573,2.8036622150217303,-10.947338984941027,0.037497420198587594,-3.351086929152172,2.3401145821423937,-6.760568232015489,-1.1068490272536402,2.7936317243288276,2.168388897976558,0.40112296422018423,-0.9030596238116839,-0.6136353477527932,0.6476721236456676,-0.5728045103314783,2.140137911607955,-0.7112932708144958,-1.3625700787336816
-1.6536887388682433,-4.81875256535432,0.028908341527483228,9.415091427069783,-4.677927274614417,-0.488277055524423,0.19086243711593218,1.9040338780205244,0.6146735287232096,-1.9314528263586728,3.956589613233767,1.8726342892519101,-3.0710588814433217,-2.243540640409461,-5.032845406772479,0.9826953394741682,-4.1589749035943715,1.466385806723024,-0.15462172747402358,-1.1507518356340514
-1.9313187017372768,3.8304183950486093,4.2249519020984625,4.982591464503788,-2.425719331253052,-2.7146370341416635,0.7190786002020317,10.556204373591948,0.2688676511647612,-0.005253534521483805,-4.350304520256827,3.3285791141619545,0.13545518682333627,-2.8127206010486066,-6.686766790234329,-2.8574480102203768,5.312719860125048,-1.4620255263827224,-3.4349670284876286,0.3309537535864898
-9.415606053905927,-1.660111266540437,3.024124373491447,9.059017511236462,-4.695881458585841,3.2939581648816474,2.4681760806398287,-2.4210021787964324,-4.088837133222717,7.7587957184193606,-4.84561815338396,8.062182838931424,-2.2373461376713806,1.0608852663960993,2.4990312314006857,5.8440583174527445,-1.1270970393378201,2.6438991009874635,3.3109065595652956,2.4570124222019767
-7.632518705727209,3.409756350406986,-0.42134000454613413,0.7179634314913255,5.170929504866402,-2.304032854135724,1.5930481425039265,0.10884271027004515,-4.221582637217,-3.0851774524580375,1.8009334338673462,0.08409674371878217,1.0150083891851256,1.8281743923408034,-3.2033313802598213,0.9345440628367087,0.2113475770997508,0.7360046033236551,3.1242772036146915,-1.9126991153994304
-1.101641274991409,4.30289090734203,10.226581635436375,3.8316174885135554,-4.406710170536698,-5.888310487949028,-0.7926612497975887,-0.15153451164385534,-3.3343587718997187,3.863679890708546,0.6289164766509399,-0.149576933631493,-2.0592352563748704,3.5667854657570803,0.6580765471151736,-3.982883675889356,-0.8239440384592577,1.9979310596853517,-4.585364400615402,-0.48669726407141967
-6.563507206541958,1.0710255900063277,1.0126927990081458,1.0164137033316922,-3.8269261303212323,-0.19036547150701932,-3.7630469218701736,0.325069521668003,-0.8675598042859921,-3.6780643221625358,-0.8472538174499954,-0.32682888738354315,-0.8511346623737072,-2.771661112769428,0.12452696460253371,-2.5699285130534806,-5.681912293774716,1.4038226866240873,-0.6997767105384463,1.3449789718712037
-3.913621359547805,5.870014660375407,-3.9558148906478543,2.6780662566088105,-4.339540308607253,0.035096581259055015,2.4894861383500952,11.297784660157514,1.9455989459485814,-5.44510018467847,0.6041525251228199,-2.4121206831720743,0.4465655617998841,1.1197882759483815,-0.08598840206754244,-11.332072342184269,0.8823105455572018,2.2686165034184214,4.798977809436139,-1.919632556847481
-13.319303093637437,4.768941177486961,4.98672016521007,9.193944497095963,-1.9655296894039416,-4.310787680423085,3.8252968263727025,1.5734202654926726,-1.680970063146729,0.9440056817585115,0.2885929482453091,0.18988728901888535,3.61107451657116,1.0700665690755082,1.8976919511389414,-4.569412769060635,-0.27880231933211724,1.899666365628847,1.971100200930772,-0.9931475771584162
-10.5738503957419,1.98417667686119,4.9240128415464905,10.11126204389843,-4.600001955258539,-0.9127356864773938,0.5863180223987676,0.5511494262525666,-0.8730592744713922,1.0692040082674585,2.855491874667732,-0.3906874696377166,-2.7842325488391872,3.047039820447562,0.27412806434299514,-3.5000431669623424,-2.953525908868621,-0.3648066034935726,0.2844315686757971,0.8732763220013976
-2.421315330255806,1.9865684728269808,5.355454363370336,2.0323898066179096,-6.665850985610575,-1.0896201460491688,-6.777342857934413,-1.7009883552850462,-2.321516126619571,-4.767507881425634,-0.8020862875751491,-0.4870794209705395,-1.6240582822721117,4.517074431513007,-2.401725569030318,-0.10894691117531852,1.2757201614889246,2.006361084360061,3.308044960823696,-3.0261076449459745
-2.6929100670839317,5.82357635344936,-0.5508704109525699,2.8268271211134346,-6.516908656260897,-4.245184767213946,0.582175937373492,2.208711650702612,-4.756279718098812,-1.5894131816871155,2.139352953325232,-1.6490482022201718,-1.7143362189008695,3.6172625973718997,0.9364847152888727,-3.116630476476781,-2.337480800427808,1.262011864281971,2.3685487604616293,0.8500036639115032
6.346350706013273,4.732391759875012,1.0649806222656695,-0.6621918518705386,-5.745150702123072,-6.062463939611695,-0.8816795045150025,2.7446506516436218,0.23195536027176408,-2.2590552239216044,-0.3848565632650393,-4.953601641606507,1.3947995074461648,-0.704145718233576,-3.437164169573377,1.6715997644017948,-2.1479202385315297,1.1735835163643744,-1.6210166989300963,-0.8542816956476159
2.8935654565006366,11.539623702492342,0.8103667889307798,-0.499925326693838,-1.9778624537782012,-3.1668504456948936,2.099666062229099,1.3332987094247457,-6.121719192253157,-3.4274495887940963,1.015228291367653,-1.6559897223923554,5.147598760744882,-2.395536919700278,0.6418164439247346,1.1388104081005552,1.432754290936713,0.4758945073527836,-0.020310012781717734,3.0713331335987397
-13.221271118678679,-1.0579495508941394,2.373786632686477,1.8475860558269583,2.3699570881669567,-2.872985114377347,3.6520357847900815,-2.8849004323061544,1.276726540078681,0.5097695638432266,-0.1505909990974596,-2.496945757453432,1.0054290904501642,-1.6199450444522858,-2.334311404831296,2.2558981911469216,-2.233247698848414,0.6989472139045443,-0.48294508034651806,-2.082598963582064
-6.487772018643344,3.6133503001012777,6.481660264581773,2.9266190677708432,-5.639783292091451,-3.0903993616401424,-4.043102080791719,-1.507125584467784,1.3503528490105892,-5.089963024666026,-1.712865544143409,-1.394726650441532,4.19880967848547,0.12661566183207174,-0.6851755774956216,1.173848971866991,1.5982782318378648,0.8424942753893195,-4.27918914483516,0.8508179077256623
-1.3321026426021563,-0.010853544851229774,3.2392362878763947,5.654591497676552,-3.435770190719249,-4.8773452613585135,-5.224788830475609,2.5431654376031023,0.763222802170668,-0.7642525329486438,1.325653088146879,-0.5808608103822788,-1.3098456109018919,0.13813783597221924,-2.484870561660843,1.302276482522541,1.1634599786850077,0.28571064936872237,1.4547877376704748,-0.27159673867836776
5.291254209670515,10.247647567042943,-4.71906409378125,3.615023330548179,-3.465718783204373,-2.0572984587111733,-0.8578930877767672,1.7938157227806109,1.2968655238127496,0.06231175095561434,-1.7189995117855703,-2.4491664291689257,-0.9240370378271048,0.8476102180927179,-0.3304977969532905,1.0895061643944182,0.7958536195060008,-1.4297858960422396,-3.2505094795623872,0.6276615874150231
-7.483981097200518,5.509810862999702,5.368896679988537,3.400563261689352,-2.6297631691184105,-0.6250248025350453,-0.7423673771670534,6.253513067756118,4.572149363666023,-5.327022862320792,-7.714340129161755,2.09515685235244,-0.3237520104380126,-1.2258787803211295,-4.524018831665215,0.5308351876169659,6.168150686849286,-3.008756207969782,-6.433463587449209,1.2646382034560815
-10.230323940229276,2.235390180376495,15.268239582053194,5.33392410631411,-1.2729760873801688,-13.71876641417828,-5.593396633773793,4.113226026656353,-5.646344525074191,2.9376281261278936,3.9324399877957004,-1.6659976001571075,2.625244106972869,0.8987282532345355,-5.410985008630137,7.668722731978649,6.205480943406384,0.6277988323618762,-2.694533114385694,-1.1978458368529552
3.341368052258469,4.601285447717838,1.01044646458311,3.3485769940599677,-3.0838448122642874,-7.774773841164301,-3.2003351979213948,3.383115899600856,-3.5934641015992455,-2.0250831691132563,-0.02657337754209388,-0.7289517003395952,-0.21490658993782433,-0.16154135556928784,4.8285715581604505,0.5153035984727425,0.9919343164514448,-2.928763935700256,0.9993693111101651,-1.7618290161405037
0.9281471681954779,0.8937458660984936,3.8432038804762514,12.504550870082996,-6.279958254622581,-0.7569656678318427,-0.7861028350823822,1.3778308065161469,-4.926472274265672,7.034121122635479,4.517718959784728,-0.5614368156528436,-2.7793837206668526,1.4073886421081774,-3.7562853432293655,-1.7305660081202938,1.81778135790756,-1.4520321273603305,5.516168694205006,-2.5746808228146643
-2.7851078184468268,1.5523913582889652,1.5455307302998815,3.2449195162832787,-6.798328267416704,-1.2102571360547876,-2.971322368329491,-1.7008526716021615,-2.3675342103005077,-4.769377571454593,-2.670879474373122,-1.1400861311355235,-0.8464123948834822,2.9172565369970553,-0.5425549067596398,-0.21504403978576844,-0.3238057345468437,0.6959479231969146,1.683778021689601,-3.6475562050429273
-5.874880236290695,6.410438571406505,5.458034790152404,6.992243812782465,-0.42558673096694016,-6.2915448828884575,2.3621198843304527,1.6825972211651028,-0.9955500452753083,-0.3450060387625298,0.5657073879077974,-1.4807738053128174,4.901579770370061,0.12532513669084253,0.34878060749139134,-2.7117289868937444,0.7190722051835261,1.9167655594697597,0.2576119169257798,0.6985604852902076
-3.609860038803003,0.23299622070543669,-4.9402904269454915,7.679437325564072,-5.79403650887915,-0.8280803758085735,-2.488102827277915,3.790628609208637,-1.9879306715448264,0.5256277761427854,2.8655553703343717,1.4069672224643475,-0.8099466339644696,-2.6797126567695244,-0.5734837583606901,2.4817681630363033,-3.099120851366126,-2.7789646801463332,2.4140216069634235,0.44694907117584437
-3.49937044501152,3.723505498789743,-1.9656202504754106,5.897007807583851,-12.731186418269289,4.332959444840457,-2.5413451728331298,-2.140648535549514,0.2629982345029387,1.7218829401284919,-0.5806296948994757,2.245219855422976,0.5742948710227999,2.7526661173198472,0.5125548451648618,3.0820926938144417,0.7637878806704115,1.261791141007772,-3.4352720772130767,-0.9226335696757232
6.210548406623339,-3.1636721268474357,-3.4465980344900453,3.8268566072438235,-6.101447533875488,0.9484289474412422,-2.5420377350988157,1.581991406267834,0.21905530316890126,0.36418582399847643,5.395065137002575,-3.91954462842622,-1.6661291794895052,-3.3764341284033184,-1.8094082004522156,4.36855906034523,-1.2638706314703045,-0.039838823379759,0.3407811120533282,0.5615036642254772
6.380391801545606,3.9619161265813134,0.45328695620755155,2.8738334185278727,-3.941604059728753,-7.73864884209377,-4.1253319069673875,2.771459797383166,3.8273405070263466,1.093882615737548,1.5085029892934076,1.3759201030730246,-0.21539221773936643,-1.4195727102431168,0.9257073660409796,2.507098363034511,1.9076414665285835,-0.08060682972964449,-0.19913581697004645,-2.3623266588923157
-2.335862810703631,0.46790677845591455,1.6453187310177662,3.4313974530710056,-7.134513058657115,-5.257016921054683,-2.6744147493980392,1.3808524505251567,-0.019300550856550774,2.413876561972187,-0.2815501490010981,0.43748679924666173,-1.9419428440908502,-1.2576069739201046,0.3303406536814619,2.289113583317552,-2.8201516225412875,-5.73538951662936,0.3564675885618156,-0.1294520166945704
-2.641787441763876,-4.9104995497266,3.396410886926561,5.589955949507436,-3.0415684576635793,-5.089532576760734,-0.6670226104189757,1.4344929593306235,-1.776616115342181,2.23312558584061,1.4230032527037932,-0.12889002161901075,0.769137361031078,-1.4456418182133723,0.3682658903077351,-0.9247272031208204,0.4169990392907872,1.3918514174728902,0.3428640293984186,-4.270830213537279
-0.22885332770292555,2.0589028904751787,5.2269043814533465,-2.114136600759136,-0.6449615939652628,-3.6662194339340304,-2.9888852981173617,0.7262036615491465,3.511616564841229,-3.3070135836731733,1.6633370479469534,-2.2834077496602756,0.48625304245320766,-0.6389515513381118,-3.040733857344681,2.2427057353520983,-0.22532672836590822,1.3820197063132618,1.4265146034554619,1.4872741498065056
-4.76103213037723,8.813449096454292,2.4326425511015572,4.7532710662671835,-0.3005622404399833,-8.87567047867384,-1.4285324059700961,2.8650125106862276,-0.34615062970893024,-3.646653827073474,0.34087820551068404,-2.8794876004285177,7.244980622366485,0.4371811445993259,-1.729420925969217,-1.917503871741412,0.8589084274654172,3.285872412559786,0.2680704530347995,1.192623058855234
3.9433905483778653,11.201171365100858,1.822920321459949,-1.4194569749598749,-2.1220373846887974,-2.9288157122885963,2.694171440786423,0.7988790181044465,-6.003458250033511,-3.390960275179166,0.4876035219295931,-2.200740314061056,4.271295465529848,-3.158722598146637,-0.5725941191919364,3.233616750213117,0.8731916551906426,-0.10338732668143868,-0.7703054792562822,3.1236884595727012
-0.8554877080471432,10.951760228390262,3.081223889751751,4.313013763587529,-1.5001957204344665,-1.4689119052422819,-2.3282394089592406,1.5888729858100414,-0.5501572676407285,-2.3490439705497015,1.3391558338103455,0.7629621512002566,-4.246110820146253,0.5230570763371842,-3.8311797837936847,1.2127704432703093,-0.1339490675346617,0.41863227755021765,0.14949277472417133,1.8935508789101716
-2.5718622714639037,7.226713327852502,-0.24015129015377612,1.3406956121484883,-6.17236839805344,-0.5756950395993043,-2.608048680767319,0.9691509928163601,2.6113342446710037,-2.610002622841819,0.3623153418650087,-0.886645949973953,5.923378452784078,-1.374934544865116,-1.2318676694851474,2.4675523497045724,1.137300394110639,3.015692205396346,-6.48236661849045,4.620512417089744
-0.7002116535726727,4.779110524251714,-1.8373724067135608,3.3224575022173566,-4.940039969183721,0.28215909659248245,-1.942346532104647,0.6178855345701162,-0.650376013677376,1.586310422647107,3.633177714666221,1.7611009864824343,-3.5272057954128475,0.9317351085973362,0.654876920627115,-5.17594403043008,-3.5520205591864666,3.3387458573503714,-0.674012690197777,-0.9987055598757013
-4.2822976909904416,-3.5689138672474985,9.87617124120715,4.954941995827644,-16.794424280681625,3.40779534364344,-4.386097354697172,-0.8157961850548141,2.4117806617180713,-0.7195106013319785,6.075637788954071,-1.5890144134448898,0.6745852881418546,-4.3781279759322835,-2.880328620653741,-1.763776350092122,2.3640560103644375,-4.572151600682152,0.7582568520704059,2.5057385119350495
6.865718573166434,-2.57091608801745,0.6663217779037827,2.2924372107702835,-5.885828399432388,-0.08488496271288903,-0.13318131368504138,1.6473144375703521,-0.7573788481024599,-0.46294607203019156,3.93542025291252,-7.288072462325468,2.2167166267532004,-3.5503875115921786,-3.4737055356771496,-4.335262224744883,4.04021935378372,-4.811077602927515,-0.501010698494692,-0.35515186130408793
3.465176602265896,6.163803379316264,-3.188471063372778,6.835745975794734,-7.445366379716954,2.1051367924735436,-0.361307004629451,2.9551472164671324,-1.6190483393586819,-3.328100978400966,1.3476667050291384,0.6661271637516684,-2.5844732027640576,-0.6607805778647815,-2.295001029284278,-4.312576691465422,-2.102284376826852,0.8241050757348076,-3.017251718913222,4.378461679251831
-3.753800314751416,4.957385399450832,3.5879926889376597,9.387544645414334,-4.901060796699346,-3.6566694919414253,0.6357211498771888,2.46994458171873,2.6442338559167586,2.6586674818721066,2.732961521863065,-2.4003954159105576,-2.47441876254961,2.1094809967076618,-3.5457279228086307,0.42495475635275604,-1.8277918755188778,1.444622580819606,0.8287216150716201,-0.14461456362953395
5.182306142248461,9.787201099665381,2.697735971933876,-1.605162209038396,-1.352670872775268,-5.573381174604775,0.9022400063624197,0.9927823558989672,4.063204591591547,-4.18747054493441,-0.7469178104274334,0.3980733533605346,-2.755339759620772,1.2177648612656549,-3.553296550131562,-1.337273489068675,4.291994603393368,2.678154624292453,1.3646459550965766,0.15056617391797578
6.809453725831604,2.64436220170089,2.1429095427763807,6.505926571386042,-4.042883977949848,-7.016428243955406,-6.3894186317458015,4.135580944209606,-4.633431387039533,1.387418521203378,0.8849383203570356,2.7447346794158056,0.03685934727218765,-2.6656679994760433,0.45440357745458787,-7.163802503077211,1.2860883626148865,6.028033046223495,-6.15538189680017,2.159761489268373
4.163442604155575,2.0201736306486855,-1.9793134990189571,4.775193224479812,-4.997699670794538,-0.1157483333756163,-1.9107851504994366,1.2487641937016503,1.1233602504153422,1.1167005737606877,1.8475529305685954,0.5543899324602701,-2.1036640134738396,-1.6399425760055015,-1.9992232167130046,1.5217747440306955,2.09023088081142,1.1329347098727343,-0.7024892390262774,0.6537047650719487
8.119778047401361,10.936508519212214,0.3514514379958458,0.26833121338577626,-5.385814885349987,-2.595976740262092,4.864220454169968,4.9793451313200965,-6.283187112616671,-7.092532890483309,3.8375903656517147,-2.360545235680712,3.1292902679535683,-3.204418608209428,-8.44909877853431,3.4369156578219124,-0.434648835407533,0.6838460832257509,1.6507141161601306,-1.3895470340689362
11.962474750664382,1.1346381822630525,-2.3163273968347866,1.523083785706237,-7.814330656425082,-2.616031753187138,1.0428286020362152,1.4802595565882748,4.930005796397447,-1.1469916429218565,0.5309318540063342,-2.1760200807391,-1.6057712265608617,1.9152020001322883,-3.0552131997618384,-1.0627594551293098,2.9184094910381595,1.7633364919543915,-1.5925514552892204,1.2198696406858514
-1.9512380974774222,1.4618174643296777,-1.6118382810664276,9.706489360652618,-10.550423181328107,4.2458623942032805,-0.6119343439274494,-1.3741560753346427,1.9677188967063288,-2.399585660076246,2.4474065070844797,0.22840452045454074,-2.1796552309533825,0.7355195109918707,1.4464947623332567,-1.9808439708724679,-2.8942347354994107,2.181591522954192,3.4991965099512834,-5.36836641630829
-1.8726511458725004,7.0224011889140545,5.08083935970107,6.638242808213729,-7.350681835830592,-3.1273227769488665,-2.090015594938665,2.338219895791241,2.169287611354875,2.0778929131784363,0.5334625306875616,-0.32708760131750514,-3.41865261645389,1.3834623031937134,-4.6280013462474905,-1.1582317238648925,1.8519391224228818,1.0935758918126988,0.7449820493121123,0.21752542256138468
1.161131366067537,8.638315517260443,5.3766396453480905,5.715493015548158,-4.959994584519531,-1.7473472622191972,1.5195003421653532,3.3778098035864064,-8.02366703129394,-0.9514716380312601,6.070040997786149,5.387819974745586,-2.137827802611098,-3.1043099792250297,-0.9569451095761605,0.11913715059367769,-0.41344900346664276,2.9818178296567037,-5.143334110984549,1.4585505378033565
-0.9224281165553179,1.1272651577162112,4.6026752093286945,2.5654761820217185,-4.027367551894837,-8.457046419800628,-1.2362179471865133,2.856281897706503,1.0896815878257178,4.419301219727948,-4.5104694309576985,0.8103963268543626,-1.182230679366509,-0.1027147619403905,-3.2091721580466777,1.867179970268229,-3.5666564499530713,-1.2132696662029965,-1.7018274402231155,-0.9719291991132504
-9.798998844124876,3.991857093171229,5.365908802651301,6.788061275735945,-0.9094117657624399,-5.655720667386923,0.6962504695660067,1.343623802528909,0.7242443669504459,1.1459192674196026,-2.660683889854588,-0.9748801947750283,-0.8300720494288368,1.4262597613904822,-3.2410137757456807,1.289037040718612,-1.7294932303661303,-0.6058195141721201,-0.043315501897935815,0.11528044901372919
-6.556904029088336,2.0141089678307584,1.5448451634051998,11.359422933082573,-5.219385926177415,-1.1259692567351403,3.353208196038905,10.61166380171143,-0.11196035859640824,3.732298844406305,-2.537285618197941,-0.3047113003712952,-0.6727146916535394,1.965465028599461,-3.3793388232957384,4.58216927671625,6.08859612372715,0.04242552742827171,-2.9023778024693003,-1.6754821698422018
-1.8629679814277873,2.3044437575661685,4.2765929950458474,5.581640031074444,-6.675807602010656,-5.330640485248197,-2.1320108159550095,1.4653467883072833,-3.3155523581244504,4.983836039622329,-0.6408936492899135,-2.641894892902698,-1.1026157208100524,0.20503567576801918,-0.37620765590263655,1.1964389136994105,-3.0084349044165806,-4.580323993775324,0.0046436318527490195,-0.8933054882341013
-2.1362140055835113,6.359018263950896,2.8969764453394884,6.366205948944149,-3.517007970893137,-4.133465698005159,-0.15592251188143197,1.1833418461917327,-0.9967839632885885,-0.947693862872292,0.16473197403154968,-0.508699577713725,-2.7096162567456528,2.8300896889600438,0.6182556701904978,-1.101541288383471,-0.9913849189339606,-0.6115374829562716,0.6157373681887635,0.7754369593351641
4.5416006597585135,-3.452776168201996,10.77648602298583,-1.977613175251617,-6.028877830888449,-5.8318630459849174,-3.4616453529493945,1.3834549228374846,4.594968732141443,0.5289199070029107,3.1802309617824296,3.4295676753377893,-1.359082319499361,-1.2372933206685472,2.731117762364568,1.8007486304498328,1.1327616163908472,0.14909278769556855,-4.124595220490508,1.6846396616722656
-3.6908757126176823,15.410233074194448,12.643133241056425,-15.252822542594052,-7.205542264601092,-8.255914626642998,-4.732602824735769,0.5235741308932395,-11.112122984177407,3.403675530301859,5.5842269576493155,-6.000397864498202,4.175827172531114,-5.405871832124735,-2.3305368889106237,1.9593679597858613,-2.818395253553952,0.46580307782931135,3.5660613853054146,3.6378428619357264
-11.24652331379228,3.483406928618388,0.7056948981273536,3.7030840208861835,-1.719684954510032,-1.8116413144262176,0.7445480207021365,1.6134621014578234,-3.4085720725120883,-1.9653474790727232,1.3465225575175168,-1.1870222677738949,0.0847800172847184,-1.3807125296468674,1.1152265499545184,-0.9229013665511834,-1.435602005457393,-2.58375790767915,2.7032682465392384,1.4101510199710272
-2.918963677955919,7.505205880229443,0.8815909244277454,2.7226815965007485,-2.7489834002165483,-0.4786927070506457,-0.9772331041842217,-3.539522252016804,-2.6653846897003692,-4.119810954392284,-2.645650966403955,0.7469456349761859,-1.6206644507713346,2.3327732168543065,-1.5370026616717043,3.4420882953771437,1.6619710408974897,3.269399703129591,-0.47561407544278167,-2.321163257191047
-6.564402010702069,4.135126372705109,4.834520844054557,-2.2485004467139564,0.2692599928540039,-7.203264741587272,2.318708797387898,-2.510501654423996,0.374456039505882,4.245033778227858,-5.4664014465761825,-1.948672858673857,1.408567382494986,-0.7561881279586985,0.6200889765128068,-1.2414566791690382,-2.091152313893005,-3.310322191888214,-0.8671374223114492,-4.072271921367532
-1.9510431239208383,3.688847549744677,2.1613551594304035,5.583043413596643,-5.422564374661915,-4.199249197866751,-0.1888044382112059,1.7785982682849286,0.9176073632883429,1.0279806898487571,-0.8426728493580488,1.0532914726449571,-2.668330252849229,-0.36879005031447515,-2.814579385618958,-1.002664346650668,3.1702442813948206,0.5103080989200741,-1.2640395027640503,1.5490668073831868
-6.904741306064276,4.4667234571801835,0.49164621222653376,8.238054369551302,-1.6121009303100424,-0.25762527185375256,1.4528229488317228,9.895206241292886,-3.178233946938704,0.38737465600557663,-0.8102374771425166,-1.6720118479134671,0.9094872294211426,-0.19328264897777697,1.280341300025732,-5.910320903851666,-1.4613544590980503,1.8890245051285954,-1.1509728333140414,0.4471409480219236
-3.9009524012825376,3.832689267285006,3.2522847796100547,5.540837111554944,-9.369812727682985,-5.808138786207267,1.3737882544936464,2.3672285773486026,3.467155625088165,10.579859198482032,0.4957832736310314,-0.6935917888985906,-1.8544268512921165,1.0505318958921799,0.24238369072090998,1.4552834109841815,-4.023961682002569,-1.71084028806506,-2.745586873928816,-0.932961190048049
-8.854767730657642,8.96991762883713,4.2818454772162955,2.6736926921550666,-4.954304840903532,-6.5969230295077725,5.839648882012475,2.277673294342862,7.04875128990349,-1.0714941516093899,1.0237715080667018,2.4520663799923215,3.4934289600551307,-0.31961056681599254,-3.3169322006941035,2.632073191003857,0.7306690498301698,4.554365710079229,-1.045422069585312,0.9891617791657599
-7.5967287577444935,5.187916077590743,0.9458527511909387,7.136456521157995,-3.822096634084972,-3.8016763563099496,1.933008042742434,1.95575035377873,-1.5874907105997147,0.9629137974069852,1.7760318327184832,-1.937042346602567,4.573706792001159,-0.41213949210689216,-1.531032242272473,-1.8555549659578119,-0.49985882193549647,2.2156750949035153,0.9829315001875787,-0.37590179438626786
-6.214805967265978,3.991347302287881,-0.6598756237579227,3.929781449850021,-8.04876212012545,-1.0240533435268595,2.103597992122535,2.8148205703436675,-4.992036105459805,0.23740346573597804,5.53671189340521,-1.0101393623073436,1.4341164744110633,-2.1715602891192156,-3.6316535199903495,0.5234832785171899,-0.6031697150277018,4.730593882773953,-0.4436970755360625,0.5312779839223881
-8.929453549141883,3.8912638088995464,1.5789156926947614,0.06960523401679353,0.2908038210424432,-2.470551275441472,-1.4700782556523804,-1.0918646567327457,-0.29545471764936787,-0.391124708656421,-0.41604998682099237,-1.2709741536745716,0.08656724904808928,-0.25672307079091616,-2.441975961694453,0.20351786911852227,-0.9851708266938951,-1.1465979437552702,1.6687799240028847,-2.5104738703425378
4.97001701435204,3.6147090588112634,-1.037547572802648,3.970739082069671,-5.790941887664308,-4.391505820606929,-3.8595860658747596,3.294269626644149,-1.3465701478200751,-1.11628867249382,0.7018472070176872,-1.0303315703847278,0.5863959371540337,-3.139669091366098,-0.3494257007590511,1.614320166688246,-1.711065084124774,-0.324141920720408,0.30350218238180904,-4.551175481372958
-4.347868355621165,0.44084284747508606,0.7494401474223635,5.539076620050345,-5.322305231259326,2.7696877612342687,1.5198276050474653,-0.8530440982989407,-0.009175845033415314,5.756638752639223,3.951233532942587,-2.6885215883370406,-2.9591200164807914,-2.3676386505287272,-3.177861039347484,4.584734867784327,-3.953510409128727,-2.923257490399663,0.5283131987724835,1.8460659795787127
-4.710719044402213,7.42942331301907,-2.4268032476037025,4.089281567885333,-7.420870384171373,-0.7504430300992955,0.6066390853998511,1.4149631112793941,-0.9258880791821724,3.350305029518398,0.3460833861221719,-1.1443843094242012,-1.1369920011080494,1.577942103735113,1.5749238989895713,0.48455274690441824,0.7044775055428796,-1.3497456714960827,2.201840101792526,3.0880758842368996
-10.86083090380207,2.0852602352764125,0.5546599392946548,11.818385559504488,-2.752255986016071,-2.6272339717070974,2.8943319426615375,1.6557155957189567,-1.149893233998299,4.063892318340496,2.561636942215724,-1.907329252309183,-0.6386794172232924,0.2346468694070095,-1.2471438770310364,2.931383079364477,-3.021357543602474,-2.1149009820243747,-0.03427916877887882,1.418907090499415
-0.8723167266490052,7.527431149663876,-6.279124863536764,2.439881543832189,-8.535967292863319,-1.6778007946664721,2.563084409684005,2.858292679412796,-4.931751092339345,-4.261132351483782,1.4454470824367527,-0.31646429466581205,-3.083064037685136,2.488082877013538,-1.227675596294958,-1.751856294233749,-2.9366575184568084,0.062423336885715774,1.320359355983632,3.386304246486389
7.217915045480897,7.465755527345323,-1.2964281621251499,-2.2566537338383625,-5.351412413958102,-3.370619860008646,3.029303969348295,0.9313185745869748,5.209052579504375,-0.20578659188271253,-1.18606044851052,-1.2152624342009006,-2.2036406597251843,0.7258858037555798,-4.118962290492071,-1.5630464439629472,2.7283143561817065,0.8943014382760548,1.1311018054532391,-1.896528006584974
0.34495211883734705,1.829993342416918,0.9291358548932321,1.4266322015316226,-0.506914965163563,-5.132478764296644,-5.2238242192085504,1.2254497447124357,-1.1147292284865875,-4.355649688044834,-1.3183186416622679,-0.44016554630796545,-0.6104819737952197,1.334166795846836,0.6905789255900525,0.39778053391407037,-1.255188223222765,-0.2694153154540384,1.46187694403041,2.0887759447635297
-6.788928360437854,-5.2280883909371205,2.2023268989252864,8.635886229278235,-5.5326255413268655,-0.7484553136891305,-0.18048225052811864,-2.163630429792195,-5.294124264077031,6.202653325335611,-2.4405787664561136,5.309291175445974,-3.42740267841428,4.015396085751287,1.7913441950560818,0.3494840402955351,0.3536999804123191,3.0969540014559422,3.243308625363042,4.118448626069756
4.636457345984315,3.3376387400800906,2.3066567882153532,7.913016270951815,1.4106550687473205,-1.1868887419022058,1.0347495218884464,1.291844230729866,-0.44761065631052593,-5.235877908681054,-3.245247485838385,2.383157175506427,0.5548330407204067,-3.134902887796214,-0.7770935988883076,-1.7725807873861603,-2.458434257085196,-1.9328752309076027,-2.8528582680456323,1.4084134320985315
-5.329707062120393,7.951756114602713,0.09507302401760243,2.047460044635973,-0.6526017085499366,-4.282559086369401,5.110208550474599,1.1246728442846143,4.080742162411268,-3.194932929290613,0.8391465776331521,-0.60583429951575,-2.159500477884743,-0.5716639204794418,-2.681242540712334,-0.2303484291379093,1.2187674541083982,0.12373320254823522,1.9383986307755472,1.050578700365266
-4.584898961350023,1.6060911266894302,-0.22028665834128502,1.5154396587041887,-4.539569364996487,-2.741524291332615,1.9937528214399765,0.839993646580404,3.0576427872451446,-4.472918707684499,-0.33901091804331507,-0.05642093012561665,-1.3943135427207778,-0.7783250196795883,-0.8114948474719956,-2.054205149725553,1.3227431586601786,-2.6217568643540914,2.597411974460833,0.7234286557540585
-5.836356080596781,3.970855311744974,10.182059295186106,7.655589382557378,-4.7515620810002055,-11.701889768848005,-2.01742600567423,4.224818720204739,5.802649928624626,2.042104282189021,3.289655169006202,3.02837943504327,0.5148166592180483,-6.120007683214653,4.685804230948026,7.768500061234995,3.5962261130855993,4.699133863656944,-3.4486519757673832,-1.244403892021356
0.3620660660400632,8.301906375319588,4.585143957759456,-1.7853283447133639,-3.1049194598299312,-2.2809709498135824,-5.741518354398409,8.547839913166259,1.7684375164412458,-6.304084436493863,-4.478615739422832,7.123739941488761,-1.8888887576901605,-0.5317306751582913,0.07252572764337217,-11.296724333527905,3.4724932855654735,1.302481013197017,1.5713170072134615,-0.2265704351847876
-4.854374436963641,6.985682096885284,0.2742210225958133,-0.18354134593735155,-5.502997474012691,-4.927609031705565,5.646270882784769,3.2604361908558968,-3.2039972992866073,-0.9233621665875416,4.192517430948535,2.555281722947714,-7.23742510691693,0.7001409084372902,5.5425700569908285,4.261177664388112,-1.1337433688977365,-0.7894366209862603,-0.726421893504424,3.7748658641487807
0.14102755906463008,3.2054153336604014,2.711151804622518,8.810931548895837,-5.506534255537643,-3.952145490302296,-2.1581168816143403,2.9327701786648523,-3.062140452989632,2.839107557200369,2.294578959303582,-1.2308531117189714,-2.287584411246647,1.0185851523003,-0.8765733313128663,1.4100698336578361,-0.9998646288009266,-0.91764427411617,2.1084691295183036,-1.2789629254307817
-2.5577709607541856,4.753870932527951,6.176710396462264,6.200893554671177,-7.8224706888143185,-4.2799095810044285,-0.13772811891414935,0.07977093347473066,-4.194173954649438,7.772489572416966,-2.8714370001194385,-2.6430240886556153,-1.8826251694487535,3.456359957384492,1.042978187110033,0.273147105816117,-1.9728645049052043,-4.278871170680205,-1.5347984194802224,-1.3757903028120317
-12.274980988125995,4.08182259163424,8.502990434688211,9.016401259347166,-4.725609505098499,-5.7308429361068844,1.449445979062868,1.2690199326246483,2.4072045270452893,3.0277044143862692,1.3562056788293604,-0.5775393243914635,-2.352276662399164,2.053175805232157,-3.129680913203337,1.265398182069804,-1.5081245349494459,1.4098804663361328,0.23169152629762024,0.9760442978548038
-3.4248019286797238,4.190882600977595,1.8984794277932946,6.80129528631843,-7.813732210615903,-3.9763539375836108,-2.511587930893895,2.3819961542466377,-0.6939201813690947,3.7888871174658334,3.865580581399568,0.8495978424514006,-1.8980076455081223,1.4354982392081637,-0.38650980404841695,3.1092642699034982,-0.0555053215844694,3.0422746403140724,0.28259491570286566,-3.1785019053164927
-6.138237704618707,7.237613747524977,2.0862270078650074,-0.8743113450115719,1.1565406836798957,-1.4871113281339863,-1.7633001423432462,-0.041540086051511715,4.967290429849015,-0.5110425446737556,1.508463963792864,-1.3250645687055178,1.060784762976163,-0.4943995904693364,0.09042119848080354,1.5422880185668424,-1.8332512665072964e-05,0.01196485213161086,-2.1271743400137897,0.5538805852726816
-6.313393447556486,6.193570330115719,5.2709025714538384,5.237144499923303,2.0494504113588325,-6.028847256096601,-1.6164019683598632,0.3903528518413229,-1.6105245185901786,1.4776870940212175,0.9760569018130776,-2.4753660555460373,-1.0144375382516921,1.4841518664305462,-1.5592399044740743,-0.9143120221323697,0.10992104568551608,1.0518852477501537,1.1816270487539096,-0.36773770353251706
-4.403885811426237,1.9184025060484833,1.3239034765449005,5.550236023035586,-0.6765611571586968,-5.61052327807171,3.9436133559411704,1.20213660044414,-5.967288567054425,-1.4425442345977473,1.1448413719005934,1.1374506607816097,-0.963053286938974,-0.5328029500591146,-1.150627190555484,-1.3595838595364746,0.8518205621970314,2.795994395347259,1.4340840323774617,-2.004868504467084
3.407905700192717,1.4532067851753274,3.5893569159866723,5.625811225142197,-6.43854283618972,-5.5457908856328215,-3.678555441247529,4.2091449538956285,4.2443572466026875,1.2251560175437557,2.4113249193917534,-0.8845015872473105,-0.3333210546958732,-0.5150809564795208,-2.920396145729611,1.7576251519515576,0.511361720538783,2.7684826957814215,1.6279406959631975,-1.8064904087823583
6.769546161291251,7.361128577801027,-2.085588399044286,3.768161289426215,-3.837528840100653,-5.505099970469638,-3.8130352801619014,3.00949952857501,-4.7196382454784676,-1.4958427680051798,0.6169059009489295,-0.22570931821731377,-1.10467751896491,2.446088181741903,-0.4670612555522528,0.3569276290913994,-0.5250851680959885,0.2887906777158744,0.5100911977380949,-2.243621931458714
5.1175299296547205,8.801037640075503,-0.5639091887149186,-2.1723663566459175,-1.480540304460956,-5.737310401942699,-2.68419143700328,-0.4838988621259858,-0.539085763782251,1.7617830773978043,-4.031717608278052,1.6371547982912356,-3.1197704458919415,1.6819332258893158,2.2545414670356383,0.22485234564725104,-0.4299822441614948,-2.763329915722499,-1.9480899043313493,1.258181728342866
6.40406306974894,1.4220883063164966,-5.283044449884269,4.159976453697834,-3.6355781269625966,-2.6499284830806973,-2.9323261440813067,3.1087644141507376,-1.6945362750846458,-3.1588178903618527,0.6491151576183134,0.8733676816776808,-4.167749740512116,1.0104694197827166,-0.8171377101781491,-1.3216539346863274,3.042548720039422,-0.8571458398377343,1.523049053721387,0.5505016147261783
-8.805434636450261,-1.1064367173428198,0.9570701216294124,4.48809719588338,2.1181026853071954,-2.965406099010073,-0.5743817713167796,0.36393410942444626,-1.6985095349076225,-0.1471546193837152,-1.951151901347372,2.344185488169193,-2.1405187934477756,2.7236719503273643,0.3381318221566458,-2.6591812630895744,-1.0539836114207901,-3.5650251337618535,0.5874136041025207,2.254146255155482
-8.555632989388641,5.799799802252124,0.7655636738505092,8.204726645134226,1.2627132812945623,5.940226331043773,2.324666334348005,14.692113180723297,2.697281312655882,-2.5500713176984457,-5.819381202039063,6.283685228918412,-6.716005051349098,-4.36069198738872,-10.958027469836317,-5.0748392261258255,5.828806368405635,-1.0406235430552366,-0.7512504574648285,-1.0758748858394616
-2.21885302093106,-2.582278252591098,-1.9777594326241654,7.1967192080296165,-1.1134909135128557,-4.118087016412791,2.1392792885671787,1.8874566828680532,-0.41383641371333935,-1.4852097161156896,-1.959464004175498,-1.387084623339013,-0.5618073861627547,0.3478485377084074,-1.3959237155126822,2.7384852078170225,-3.600183457234672,-1.368960568726397,-0.256966328676006,0.6188478794434109
4.072681119988992,3.587518249577319,5.428495784000908,8.908524490781476,-8.223515919458988,3.55132761883714,-0.922014185351109,3.2367921727910933,-5.208216600203391,2.1324182867956973,3.9474481642738635,4.619140118889191,8.546577255505056,-3.9267650587179093,-4.0678299486972564,1.3765353695581495,0.17994377300203213,0.9365971471289822,-5.206598902426027,-3.4268114154097966
-6.644047052072455,7.966876463104439,1.6169347439373651,2.29225872787736,-5.0650430486681595,-4.942497211740935,-3.883339316998193,3.3576498002184705,1.3006269978146023,-3.1216837773878665,0.998153360575008,-1.6417053828702477,5.108040722835371,1.2609733112762331,-1.573635698410214,-2.506247258516258,-0.19955997352121582,0.07147960610239076,-0.2852792355028138,1.4582009936041904
-5.641553409580274,1.013047864507361,4.33411675124476,5.983760354929487,-0.6873476658506112,2.9222990985804396,2.897178289829472,10.559324779949025,-2.2198684688983263,-8.067059156586467,-5.548321952589367,5.232034723382607,-1.5198108985712122,0.5034183036154112,-5.071906205903647,7.733473456850083,6.041677411289827,-4.579373454519026,0.2022705845006838,-0.08567811384845503
-9.677704364433751,1.4364525560171908,-1.127369209356804,10.611391359354618,-5.574687697020736,2.4240191702062592,2.0721873037268272,0.8051255686859301,-0.5915237242873577,3.9652103699933097,3.0487539310240632,3.2640107631888666,-2.406516970804943,4.545909577396879,-2.762760806598328,3.0564928894899412,-2.6349719584195954,6.32389670070201,0.6977861251244833,0.8433148291593503
-10.998150742433946,6.9090794345622415,3.5570854302109307,0.7085634630322963,2.768236402947288,-3.72404896205641,-0.614191427743144,-1.2571604724507426,1.2976836631070117,-1.0984509890567897,-0.9435551518252882,0.5098630184473544,-1.62618108476802,2.435053010453888,1.308570886784858,-3.9749913072020773,-2.111433438764714,0.1111001040560704,1.738492199752364,-0.5460243604598757
9.301654431232715,4.502953295635177,-0.0952832134866789,-0.5143462558743281,-4.447343466311056,-1.3937195576772283,0.929610358133098,9.868753146038113,2.1141810547463837,-4.594076334540374,-3.19127528160178,-4.096484503506369,6.749589999569507,-2.1768605717262326,3.9176943886402738,-9.859109980652462,1.1795875784512784,5.534446951920781,2.326570053274171,-3.7850966339468917
-5.5817818674348665,1.734171261761506,-5.386991639653998,6.226189576711366,-7.874512647151667,3.8700085733676537,1.9343546069055324,2.5779535758169816,3.291272373062287,-1.38498578430226,4.462577889292312,-2.165590699246416,-4.490446713887604,1.3824890877822735,0.05033290951873437,0.006114904733622084,-2.964581970142396,1.4876312058821957,3.6886982817774285,-1.7013056122055397
-3.0407883681471675,2.732401418218233,-5.2494642845001875,0.48977234530373726,-6.593419625822238,-0.3342687818728045,2.406190331335366,2.3755897251285107,-3.6533235649303792,-5.043389960467585,0.591354358404443,-1.5196681596088464,-1.218875694339324,-1.5508888449350569,-0.4513763654072757,-1.6585020044846779,-5.1458061356950004,0.502494934128062,2.4371257633693872,1.9234392983157158
2.1518956054391447,11.742379385437385,8.330690991240727,4.786650180000095,-3.0459046641282974,-5.355671865902348,-1.9773831039429166,3.5258576146400866,-3.9398022170290825,5.919798085711957,3.537210622707681,-1.1363310722120743,7.813042962525721,5.469285827632266,-0.7282235854824257,-1.8379173045410693,1.0587266974143532,1.2763702728764401,-2.03408533206903,2.391511036549799
-3.0543422396109245,4.246947985556103,-4.27974263425477,6.992113981596042,-7.456883851097003,0.2745985983735084,0.11393021843418305,2.499824806235083,-1.0100644459561332,-1.6805652138976757,2.5180668218997546,-3.478991428757853,1.0246139085179387,-0.20228140563853386,-0.4737015518233879,-0.4993351298156444,-2.221113923975588,1.253698944086911,3.3695230905864975,-0.995356618595965
1.3137085555612407,6.812906354105481,1.4835002433756885,5.537662004254537,-6.908732769519894,-1.619008293335182,5.558676048039721,2.8200225559376486,-5.289372408127029,-5.475157169438918,2.037976479175703,0.8870342759936418,-0.46678334952343736,-0.7711491257638543,-6.521935759943546,-2.693689736872947,-1.5566826632764847,4.080671669495428,-1.908211158950991,2.136691406979721
3.3028628068335797,11.503418831510348,-0.5791802562326559,2.9580649111869697,-4.134123606597166,-5.368672192473639,-5.1589825226420984,1.5511716841362473,-2.7917761492646047,-1.4586102407163244,-0.9373782126121849,-0.8655608440993481,-2.5892988833522717,4.893409475677421,4.507951059139694,-3.3799058604048753,-1.4140063649662853,0.14951457819169828,-0.35953514769761885,1.5355455925490002
-9.073463126136039,6.098721690429955,6.143732451445501,9.150920724979063,-4.01887131780679,-6.455601055785923,3.801100399372854,1.8357765948025697,0.26545911067775085,3.267727680126329,3.472872495600078,-0.9516837053329765,-0.12025451981944711,-0.34101536734121,2.304803555777347,1.054582359509089,-1.5742849057799593,-0.9216460196277909,0.4073972566948391,5.970455054704237
-5.7209430786263535,4.9837116295460895,3.223377418324195,4.967126578350557,0.5939814476887912,-4.060098407841051,-0.7432251918857662,1.0066591596263352,2.7602527843881832,-3.8362178878318622,-1.178230047052597,3.94941962377757,-1.0938288318387148,-1.0043918600466528,-0.035629812345857936,-0.832123776312222,-2.836582169841651,-0.482217671740019,1.5669988510833073,1.0721734693411593
2.4547456569805672,9.494743432821952,-0.8485892066820695,3.442808511014972,-3.7164855468293765,1.9265634905664004,-1.175147214490515,0.4528740821297026,0.6579492530949542,0.6478401928855336,0.7941708154018537,-0.6103906768458092,1.5010775905825682,-4.321641032166204,0.14532562737159624,-3.6840160153982238,4.478821272615507,-5.208704008570859,-1.7777904635974369,1.2903783007426854
-4.791404359627467,7.573549540014604,7.78274593866592,4.069522630635097,-4.482075628780802,-8.134339747616119,-4.530473058250759,1.90876024659877,-1.9382285796299703,2.143115615217842,-1.0899290896977558,-4.136892440849982,-1.119346295796456,1.6651495475516362,0.6186228506101535,2.097592680272259,-2.6971020743122485,-4.912505299803373,1.5399914827854273,-1.3752663459589893
-1.4740977573732437,2.1663227043249047,3.24283037323603,0.1334732340620569,-4.4705975137823675,-5.1649078248924205,-2.2394161218511988,-0.15657119142086218,-1.0109179741167562,1.3716277005900017,-1.8876666639215736,-0.05275412695355436,-2.1625210021788894,0.4457395193809974,-4.450340913999013,6.798859514395089,-1.9515531919381082,1.329463213431524,0.4742707725033588,-2.8145536873959016
-5.944876252623555,4.366043565418498,6.999531138470324,-3.2759793252416514,-4.081995337925695,-8.780122438865325,4.836504826989971,0.6049034251997751,4.034613703763849,3.1593028436960484,-2.9474456157277267,2.2616919739395684,0.38802498233173865,-1.4688175723211745,3.0739396706272704,-0.9980329586029993,-0.7206460060342781,-4.412691376112589,-1.740068160719984,-3.200681070343923
-6.043610334825351,4.6827317568456355,3.332832179059885,5.736941260695215,-8.830337124796891,-5.283135210605457,1.5788109558506025,2.525750144113635,3.9384587289213537,7.778699536444651,-0.38607725758073963,-1.4485219207737263,-2.3356813207184977,1.9377767417852145,-1.7159755135682788,0.785388175181354,-6.167553349024029,-0.033767626577197035,-0.5210859637084561,-0.08723908522163032
-7.555771188539823,11.801953474151057,3.2386445670509767,-5.412514169145052,-9.906560827649262,-7.04073812111412,-4.177746850511622,3.5865736355538593,-6.122112765849868,-0.6772177605303862,4.68440834044261,-5.0745944671508205,1.1145382485083548,-2.582373600719901,-0.9769713294750368,-2.7658540799547082,-2.6586082275272407,-2.236224223132371,5.1489104338800065,3.650662597168489
-4.655803281757953,2.7635586499785885,6.0749173945285655,0.9015025235883749,-5.595002502903276,-3.174787766616335,-1.0508131237190288,-2.2017303587497867,-0.6350791443529265,-5.931535375885398,-1.4972566166238692,-1.275287481381368,-1.0800033828960554,3.9179676489095328,-1.0837573640285982,0.08292740423715361,1.2827335527555257,2.216805338404165,3.119172280052328,-3.189866950306683
4.463471661120391,-0.257723165954026,4.350242029365538,6.94598167707187,-7.817052349170311,-5.921217113337731,-1.7772602627311862,2.7095000449047273,6.298141021632543,3.1177773792547856,3.2309420584739756,0.8327651556754146,-0.8330008501267334,-0.7907035956597293,-1.8083456611329454,1.9235732694315275,1.6034527105951422,2.8837812550197164,0.8570066411732888,-2.540758076372395
0.9395133723900498,1.3436881058597592,4.80215894999093,0.8440296849485547,-5.4606316370734955,-8.962359531983939,-4.689389565653573,2.1312100916061185,-1.269996842515944,2.6067216925550127,-1.8975914298436853,-2.105442319737813,0.6192946856995656,-1.546993252524885,1.2402970918449365,3.5616485371263336,-2.7060252164606244,-4.499169089098688,1.1708388109454715,-3.9114580399555745
-4.207017714219241,3.202955074390915,6.232493529811953,2.2201741591923394,-5.4985374107707266,-3.8568827615549255,-5.313616348084831,-2.1106853590049828,-3.0896970152767156,-5.635115759509694,-1.8354361537571862,-1.8464721413533869,-0.5802299629629397,3.6319498308578035,-2.073732496290445,-0.6499580756128649,1.2770308630809402,1.2168306651512253,2.5164049154408703,-3.556154786160874
-7.145588988126538,6.0628581127200345,-0.30064043168007293,6.390958725553651,-6.903717831821621,-0.08343313660541263,-0.9772715997220152,1.5995452548211095,-0.6140875224430866,0.535335366883978,2.5178632688154465,-1.37865748919039,-2.1178768967307326,1.2145461820178383,-0.6357476368278967,0.7495601279855729,-3.0188930482767584,-1.322660302948334,-0.4138845663121674,3.998667939666661
-10.989816269106758,4.032012677103767,4.148930059337504,2.4575205103255593,-1.859127649042136,-8.343771189259805,2.1642858663341107,0.3966361079874276,0.9337586297669416,5.137242884620491,-3.3035023393255654,-0.44266915519662553,-0.4306763665250734,0.7662642603207234,1.6938909246830047,-2.3903371213013833,-0.9757465550063829,-3.9923022688741074,-0.4561205220577669,0.6725596127371024
-1.886302845715483,5.884443896564356,0.6929075751428646,4.908290074570801,-2.164463283877806,-5.49705417318556,-1.2010326745434832,2.558433116411086,-1.6936849129897928,-2.6523845349253965,-1.2725097010787074,0.6870645635100509,-4.044068659585541,2.2339256156696647,-2.8715107661068626,-1.3574068704345539,0.7843959711128978,-1.174757450392585,1.3557984185978282,0.7715212039672081
2.0518675287682786,7.490708057254146,3.2918311466901935,3.54285113391352,-4.031850787916156,-0.8032145400751216,4.420846722662506,7.152656587692395,-5.5393256298146385,-1.3688867168071854,11.197806532562787,-7.221586282104466,6.8174850744659885,9.899239256337212,-2.3786194717197113,2.8679026567927175,5.23700990804883,-1.9111547913885407,-2.337840687981301,-0.2612261433731873
-9.646243004974565,1.5427876366784317,6.115563659098443,7.935209331488135,-4.909602873185954,-3.519401541256838,0.27927735591301395,1.2375188365492147,-3.77784277512626,5.080619296455861,2.7903942050807427,0.7483962829605577,5.4658454733627515,-2.1404832816681165,-0.8241798319151694,-4.0464223179431205,1.1805236731744948,3.5447051518629413,1.8286448622265699,-1.395005585093951
-3.71905838260809,3.2995641145540575,0.6708808696676831,3.958951511026748,-1.570873181048851,-5.246906758706516,4.335835055005803,2.046370077503503,-6.15916849288464,-1.3808671344688699,1.2317065922728485,1.1830661290680622,1.327280770218236,-0.3329315112764379,2.3889681633272293,0.3935390955849458,0.5392574104971094,1.414334466608684,-1.9548676847752071,1.8878828160074956
-2.3602933679371123,2.649400544248614,7.193948631424112,6.942723273575443,-3.2097539529066905,-3.2388157584344124,-0.33238389782514227,0.32360427250442614,-4.144520076733165,2.663643448127658,-0.3634597184999246,-2.348392747291057,1.9056712584865594,2.9680491267108318,-0.7215299322082963,-2.9511511140627573,1.5661237392793463,-0.9240153774568652,-1.4091149152745928,4.199715136929153
-6.191561473142955,1.4588366340693972,1.0544068447933046,11.41196649917672,-1.0961081151742444,-4.475867842922467,3.3472693940440377,2.4974138562258736,0.4181036254855725,-0.7241190397623534,1.5607957842586773,-0.2779085716651523,-0.9105055178182879,-1.1022523291256385,2.171395708977289,3.067240238948018,-0.9274502561312316,-3.6526311302643117,-2.584013224270876,1.6551799528474342
-6.737534339778655,3.902690427051888,1.1378546202836026,9.100882676992445,-5.021134518743444,-4.71443881149383,0.12064779890277674,1.585960542837285,-2.381107492953981,2.706323875538839,1.0855788321166888,-1.8400504938889144,-1.1412745386199816,4.794242162865258,1.9728896303364598,-0.8236121535769605,-0.14988865041144755,-2.830092246346254,1.0234942764429054,1.121902755945799
-7.319669749623692,6.462876525986719,-0.3522281763791325,7.283516669492217,-7.463854114578828,-0.026856357326542457,-0.8178765731435574,2.937812368283474,1.050883759395161,1.708996950374617,4.518148589138022,-1.796537742209962,-2.3170574904666994,0.11141508438611969,-0.99212768373778,1.6550781755719803,-1.606031761067323,-1.352393695270199,1.4711974634774798,2.2016112189500165
-2.4343408162428632,11.25901227733384,1.7778707043119992,1.2394586675012864,-6.130959216504939,-5.83042167029876,-3.9862479467183887,2.7093462153918937,-1.5919370802463382,-0.40546814722579083,2.3537174072769256,-3.8093749823391887,-1.4119274159388024,1.9974211893692435,-2.2162755356518407,-1.0832861299303578,0.5704584613676242,-0.9303980032439582,0.6873763564042128,0.4061046947653457
-5.737715377263671,2.2054132692043256,4.05812696567174,-0.1564204745150084,-4.724495567691873,-6.185840194646034,-3.328109711776727,2.934602526419213,-8.5733653034888,-5.02135621977575,0.5649777744945692,5.631908440057305,0.6474771672132615,-3.85936125496775,-2.8923651600204656,-1.6385114565085939,0.5616209381033053,2.4317522156876956,1.4117829715446573,-2.0880918531934607
0.6186878979677238,3.207288382337153,-1.7485291788215083,2.2144335279755354,-6.366698163676469,-1.5780290528857202,-3.5510131357603507,1.7081934382035462,1.2443098643576802,-2.9840068898034473,0.23973607383228046,1.4476324471420032,-2.3940530374691775,-2.1454131375311705,-0.5729542870133694,-1.5684918422874654,4.057992997950592,-1.1130246718854877,-1.1938625614281198,0.7459591766368561
-1.1377288934140029,4.916087891315666,-3.6098571349244666,7.599531865782764,-5.58595108679736,0.39768360736007785,1.3284270780541076,12.165297349704307,-0.15249358865128618,0.43125265797672846,-1.961521066523971,2.2360659550779554,-2.496162206258794,0.5628297055934072,0.45655699684040224,-6.029120477001703,-1.9488648833669258,4.86570833378101,-0.2643799224445462,-0.7934868616089508
1.656910179798024,8.515488336358473,2.307825598151323,10.49502568155993,-5.370407751459483,-2.0240284775292756,2.0626663384629507,2.857936388887372,-1.8805436609628012,1.8941982804268314,3.7083618644420673,-4.248391200843149,-1.3147604833204043,-0.7590617544328366,-1.3477354386355147,1.7761398345452457,-2.1526016577272125,1.1353372386227505,-0.1288171422542006,0.8834589367221068
-1.5072715797625036,5.551280185465442,-2.1375236979721404,10.313938077017557,-9.389215679615635,-2.083230340450532,3.9365132832869443,3.3878403965029418,-1.8295583890341687,5.877733734242842,4.919706634522703,-0.980580639836522,-0.4670818683273489,-0.15366988510361146,1.2188406283402018,0.644103511152052,-2.3607827369316117,-0.43313498100061176,0.3543275606408698,5.018273001016871
-1.73343618202615,4.016880812278919,0.7337029724650275,3.987618307888619,-7.274050473653768,-3.7532025217586504,-2.492726970080819,2.2203177058327963,-1.4010864803959526,2.99496398065019,3.629514398353873,0.4344753000163418,0.8291223593868047,-2.1399126162100157,3.889741443529755,1.4299223242432757,2.8327051189821635,-1.2454393089161442,3.320216686255386,1.8473705526910473
-4.846552493841493,8.40782723454745,-0.06736776515956197,2.9591394438338265,1.8656983914236251,-2.1969201679508163,0.9866079884791134,0.8694590516373366,-1.0145174821509972,-1.543259932866124,0.2939373978461805,-2.7491263274503286,0.5996674327918128,1.4940973365168917,-0.16304666223881847,-3.571666119446567,0.3536724155309879,0.9922925582051765,-1.4007293517525705,1.40058608865648
-0.07657418477720251,10.357596942546934,2.0130181254047628,6.8635525139729685,-5.893321618330627,-4.933824240479055,-2.3453234315629548,1.9012616649475653,-1.6018178108498673,-0.9836935967623212,2.8757616436158275,0.8815326196848341,-4.115317707507589,4.811174976319601,0.9115315057634816,-3.4632087882184033,-2.137258411493079,1.6902980560863579,0.7317016687020351,0.2810298885599486
4.809684902720291,6.590084879018159,-1.7913991540120975,-0.05273154791800061,-5.902044221782319,-7.2659407153013955,-0.4145789480847716,3.478896796756656,-1.383135993706939,2.4885951086142435,-2.2995073472120664,-2.8553423134815423,3.123411484673567,2.982026860396971,-1.4488002427309181,-5.107203788306544,-2.0442652666200005,0.8900378618690263,-0.6087949107297643,-1.1623393758745497
-4.8704594788728794,0.8792325223952246,3.0678010280886205,0.7425506819524768,-1.3372579725074714,0.15008720251361962,2.9465694592774447,0.4245487949032629,-4.499173168433511,-2.349509544958059,0.9678905891416245,0.7973237620806006,1.1435991543674067,-1.632100407382569,2.5400128616502737,-3.000813656646706,0.011652664774466137,3.011098985819609,1.5545053816127337,0.34849910666703743
13.093633411810924,6.925805770542093,-0.6347033991938279,-12.875796719119121,3.701629378064645,5.507682397129594,3.5850344012105353,-3.7868316030808793,-3.1847016281229013,-1.7557186863537022,-4.172584889264295,2.485688842013527,0.05237186347796985,-3.05548762249728,-1.3143466465362617,-4.2242503268446345,-0.658512604050834,9.911956635088128,-6.526169962073424,-1.4196144817392617
-0.2526355149720095,5.746278591413477,1.6434555079787605,4.659075397022517,-9.136887725106806,-0.4630739299713652,-0.9781511022827833,11.850562845650746,-0.029991932960143408,3.2344727696348032,0.25098819004855133,-0.8183061202743626,-0.2967219865428279,-8.641569734863934,-6.501079635233573,0.3113180729083729,7.501492986753591,-5.257779558269631,3.0994793207541393,-1.3923436653303298
-3.225360494404028,3.4571584096648964,-0.029246538008858236,4.088126514727666,-9.877760719773075,1.084083381041395,-0.19659867959458657,-1.7098769288976456,4.0673612916148425,-1.7112746246573227,0.23769366605718645,-0.12618003527348326,-1.2765672357995073,0.07898497926510739,2.3171101578227864,-0.6120241964136971,0.12976837776156097,1.547383310670837,1.891622106199672,-4.140842998337177
-0.9535077124438776,5.233184820481043,-1.4345440099845024,2.0126660082527077,-7.974220526754792,-4.189879436314292,0.29625320292149904,3.1783820328813723,4.154772280759579,-1.2535428773722996,2.195604054860411,-0.39859994382881875,-2.0714181478229197,-0.20155648774010407,-0.8738826960028376,-3.3878556348961437,3.026098422520418,-0.804480475078601,3.7194408713046814,0.07013220006249155
-5.543142768809671,7.416216426161641,0.3110780821277245,6.120067849931553,-0.8415188089934885,-5.573970039036718,-1.2330956253543393,3.0267234222351247,-0.8391347873504125,-3.075768834491646,-0.05780746856165893,-3.90659975222854,-2.374536151859365,2.7621444120980967,-0.3399846351452298,0.6911648575753846,-1.9284836197010933,-4.482416108495211,2.7020767755033916,1.4796812311959942
1.6759043623142449,2.0800026303336514,-4.864072861840224,1.4341589192558952,-3.003309051137923,0.5292674271254987,-3.3764724552702754,0.5325883791687083,-0.6409521317960788,-1.635077599624747,0.44076633863427983,0.6357740359339534,-2.5846382326677624,0.464092927127716,0.8488015822540048,-2.207232775260497,-2.5922995586262925,0.5511007079303798,-0.2571282967980598,0.0327125175446287
-12.561303289677522,3.102563550008851,8.799777757510828,4.311738784438614,-5.158809146419322,-5.920970310777686,1.7207179709532006,0.226271376516248,7.907378497864155,6.823122128369784,3.384117219876276,5.9709119397044255,-3.0144306753573455,4.307884428609302,1.178122404740807,-1.5917947428935508,4.634251298461141,-0.43219946158261047,6.107216344809148,-0.30083968638735387
-0.5424420144244038,-10.879304594244871,16.68906147473929,5.506262769244271,-3.1318016602374685,-0.6669394828048676,-0.33388271828529437,14.799855882245112,-3.6497347338688706,13.622150150637035,-2.181753092761756,13.088120914660298,-2.503470052391416,-4.712270827405128,-11.204571258599174,-2.8792434985960575,11.569868589490376,-0.49097136751779114,-5.551219388445541,2.0275965243290957
-0.16762146374662745,8.8280628289261,3.4934734442406583,8.260565330565665,-5.176085618618344,-3.9703104028523115,-1.1845527811360432,3.391198547375083,2.221184950659922,2.517919971762555,0.5520486625766365,-0.6450382359032861,-3.426841152961525,1.6289080130630187,-5.092952757303815,0.6871906821423217,-0.12590470109048607,0.6421110165601868,1.1777488623906385,0.10883834623128444
5.431137806338281,3.499508097720643,0.12453876942369602,7.887439240814796,-12.59823124763953,1.450957445750408,-2.326580312143516,-0.5291720508100111,0.9848015813330647,0.4601640675812032,0.7220386456882546,-1.6333394244243196,-1.8972813452431407,3.2128838046427224,-2.0615168241030135,2.6351592939751383,0.0803206709330894,4.383597268921511,0.4775960286798785,-3.4114635553306774
-4.368533682446829,2.6890091591807277,5.551490710560298,4.919503832349715,-5.214296072889768,-5.917363925809774,-4.451460188902431,0.32856288104833725,-0.8324890904131439,1.0767849497788387,2.1059975751294577,-0.7701870500697161,0.5563294876052793,-0.5518908106835118,1.1732970890866512,1.1583698201561161,-1.900406116364,4.120742122975017,1.6915693681652224,-0.16381430908980488
-6.653086221533357,-1.0843621519433684,0.7857843349011493,9.586387592850674,-6.167371333882342,4.148262884159397,0.9281412238038915,10.603787370565922,-1.7881768955095778,-1.9980029793532768,-0.2244406926837056,1.3167612741331038,0.7977775926157079,-3.4720157399062432,0.682790257845719,-7.930512299260522,1.839829322184788,2.2133703593588514,-2.30532433723097,1.725903375631976
-2.7964676021062,0.9394131385713592,2.7355193352324743,6.292574330270475,0.41159503104367656,-6.062314609919445,1.9755246341944632,2.3755172372496065,0.6342439528965588,-2.0441935304412437,-0.535483659521365,-1.5328144843382847,0.30022619825925956,1.4311778859247337,3.162921173339973,-2.1779402346124703,-0.1353789777371488,-0.3995432706350634,0.9024958654084523,-2.8354329002286143
0.7654440498520892,11.387630147690775,6.567307888424388,4.53003178497029,-2.705525988824089,-6.678595133530807,-0.1668739173145239,1.5838554355717331,-1.3390757431043352,2.1174466840443222,-3.310538277317506,-5.677380819614638,-1.2655323130982432,2.297797686285348,1.6657076296012001,0.8058301305343609,-3.2612242728763894,-5.30147281174944,0.32840079466165695,-0.2685918823271607
-8.486388095372318,8.520430545565084,1.6814616800655617,2.0073849805032444,-2.6468204914296347,-4.4577066385044,1.0870657157496237,1.8246106670523283,-3.84491070486782,-4.181269149809917,0.3819555459840874,-1.7899717145341505,-1.2159733425407357,3.6460654826836647,-0.3657668281253366,-1.526920993338611,-1.7312222108562496,-2.124649155383258,4.516548108382113,1.2275589362842456
-3.5731541037754098,1.8882693659070195,-4.920135472148028,8.042552930670103,-7.580456810110963,2.9022308460852284,2.77525716512608,2.0113074350372986,-1.9078067718752751,1.4901547111093372,1.655375841160284,-1.4907453917030788,2.312621876402388,0.6126832402478578,-1.4326878757890025,-2.5619263775944128,-2.071488264362356,1.3846645384122387,2.7904003874292838,-2.2089607438074954
1.0942170354052343,5.087985276373427,-1.4985508458452668,1.8492734887811257,-4.324703236241364,-2.912949403084213,0.8691735753877459,1.533704206482705,-4.168332770803302,-4.450501170493279,-1.2873620406810868,-1.461889015386339,-0.36540954886279087,-1.8264765719077998,-0.9505874155347118,-0.8216222376860703,-1.7405108350803085,0.3993488817060053,-1.315678895237794,0.1265836687954061
2.583244643063524,4.032769073937945,1.6148088947371402,0.8761725020873223,-3.1710398259162305,-3.977730392858996,-4.682555219881463,2.136711495252274,0.5242052182068204,-0.8238619591089571,-1.6094407787963387,-0.5808186309416882,-0.21210542979484584,0.2365968176855867,-0.17332143497500102,0.784134152150669,0.8731475340896787,-1.283691255263538,-0.4997458498734523,1.9899667314072076
3.570255345999927,3.7996298016952363,-2.9234954134698166,-3.7732648390122487,-9.02758603608576,-4.3271185131554555,-2.8967126100402685,3.8642030921673363,-6.207311955530852,-0.11640553145188298,4.04052159306515,-4.39713241453817,1.3184075816242806,-4.088697456805743,1.5749957607221756,-1.545825687169526,-1.5781093348132724,-2.7226120274279575,4.44625618358776,3.4869089741932617
9.253722806362607,13.723017141866823,-6.445696072473671,-4.6943408972143565,-8.586121133613265,-4.475461412460734,5.367742165526861,2.0593357200451736,-6.4071361546539745,4.532006154191426,-0.15002897471309457,6.8737948602360746,-0.392663864851967,0.6148817285362257,-1.9158405610370397,1.5355145915070634,0.659827622870054,0.9257253845497068,-6.514691396252423,2.045139915063068
0.36748270178263726,4.068879139772719,0.5267295309104147,4.062811857326238,-0.05086780466951461,8.456782966269898,1.8621819172076588,9.352598280009516,2.0485696242487466,-4.988738872335985,-7.687404174524625,5.137381710326389,1.836406031096276,-4.257022034809255,-4.1705565393491995,5.426874708080499,3.711995269061003,-1.5783896186187192,-4.819221250024133,-0.14114054414391342
-2.6700886101511716,8.745509012154862,-0.18821997838486115,5.526169988642009,-4.4390142008716715,-5.173774367892328,-2.340725672974575,3.138982896145194,-1.1792171898786852,-0.5083872293239213,1.1718290261130475,1.2122393220481031,-3.44234420976247,0.32444241012547775,0.2011194640048988,-0.029355451982842493,3.786865981821612,-2.0165399627326526,-1.3830667376284311,2.3673907887802264
9.231939783935331,1.4777335800963194,0.4866170845601825,-5.423630834474103,-15.828996161292684,-1.4556630675041287,-3.2864753356492065,3.772022827857856,-1.3038088851830933,1.927321647549094,7.348284430297321,-5.759175235273162,1.0348633597549002,-4.848182983225188,-4.125164994446835,-0.7826484294053593,-2.921182214605661,2.434214326325064,2.0985996501722037,9.548961559561757
-5.00048373244449,1.643532855673413,-2.203154858644264,4.156716602145167,-3.327424717267222,-5.790121622924119,1.7817005507688515,3.2971432406556564,2.839775777975125,4.084361535223476,-4.543203528709347,-0.2838720056062906,1.6739129757914892,-0.826153867506807,1.4167878563369025,2.017761710433324,-6.320376506933176,-5.173251336067077,-0.8749880424621803,-3.6535110145557637
-9.962908711818647,5.451707141962997,2.640097705340106,2.0871867615860227,3.534915916226943,-1.9976982992499157,-0.4329968266220043,-2.728659089112298,0.6356248024282598,11.956223500758203,1.0038676358394722,4.791683794838596,-6.432521863223234,3.423999222752988,0.87011241845323,5.009647740589225,-3.388813918703582,-3.863315451917611,-2.4742579788634713,10.685247887356176
-6.584399228234727,8.201194140337263,3.4324639336994567,5.253796473211675,-0.1418289015175261,-6.48191871081276,-4.128478824446617,3.2816083725257696,-1.2903221399163358,-2.950352116693274,-1.0181677177649382,-0.9590285847436623,-3.446851533691471,3.9298576739936633,-5.111944952921579,0.6106392474050322,-2.3203034636860234,-1.323465821580681,2.9958001262644602,1.02777136795491
-10.388509414735488,6.327141398467573,0.9489441813557151,2.665325607733355,-1.935228365529368,-0.0005045366011753871,0.5144084813245191,-1.0000477002067236,1.3105374699140195,4.697242120976137,-1.2153210671452854,-1.3999767755935464,1.0019980373929356,1.1752199666234024,1.136989942040468,-0.8848165809906479,1.8285064062263996,-2.278715262695655,3.604713851029811,0.5914600392358357
5.308811808103107,1.6595824264164092,-1.5187436053138186,5.115083881342546,-7.9662720334251516,-3.628686349402012,-4.057909692913456,3.2996061139330806,-6.57866013679395,1.4391212449116924,2.4081456760782416,-1.8879243506706578,0.04044213584992045,4.676968689580922,0.8459038403606319,-1.3694168554294155,0.9647024152246676,-1.1288268488019793,1.028699378857636,-1.188547526160281
-3.9525472019900834,0.7826176251382059,-2.270942065257505,8.566486823584537,-9.599412227919847,2.2342253300749664,1.1111447791612437,2.1220029005693575,-1.3512052811833255,4.5485113462923845,6.149656710806845,-2.124632261986235,-0.754267023962923,-1.0097558462890845,-5.51835387618116,2.3715024255206383,-4.521523123142508,0.7234612889478513,-0.4378995109238756,5.147138920804052
-3.8052145071789347,4.815506876029485,0.6316064552382858,1.0265178554384167,-3.0898937908483446,-1.3424565769628822,-0.6897055783486784,0.5302997514948173,-3.5277298797571994,-0.8782224769866656,2.3517479352280444,-0.49331334529959026,-0.8082446715133549,-1.578555877348657,-0.42428354890474657,2.654833246515805,-0.3812065824882946,1.9402989722852568,-2.2861438158755445,0.9213040766219026
-1.510654853600395,2.508690521226411,-1.5863843702781257,-0.9980546425223306,-1.0981562504781668,-2.623217156903377,2.181003551095518,0.21093481904826927,-2.676174345214935,-4.3153429383542985,-0.1209299466237583,-0.560881488780334,-1.1989706739925268,1.831837755865438,1.1210008509984404,-2.59039007818487,-1.1472770483273453,1.7988837296826443,2.061603881309865,1.9946326736915276
1.4880728657178384,7.8757032028766325,-1.244021452150397,-4.834463094419501,-5.6921994095011215,-1.8768850098339729,-1.4249399422048632,-0.67209879227884,-1.5711241340866666,3.8363522404658044,-4.700935212108016,0.8790597625268268,-1.3475856636519066,-0.3441455523970507,-0.16984499075934334,1.010769554130054,-1.4889690369440518,-4.561626642086061,-2.8333883662067767,1.0239172343218397
-2.880245363538764,4.285522143424674,-2.2367825865192104,4.513817870815674,-4.128318162422044,-1.5267677976078926,-1.7553151705447965,1.1972098394998734,0.2402468048581453,-3.1079482148780198,0.07628960480487212,0.19311837405157986,-3.2622109868469167,1.9003137290500312,1.1482199509508435,-1.7945747785620512,-2.7023431835912706,-0.20643794567164575,0.3796353638318523,2.3071679095559867
-4.024769967556818,5.399160661844817,3.3774884392291624,8.414997769381168,-4.175892715964281,-3.2298129812523717,0.9428731629650176,0.7883410194171145,-4.2672485286555135,2.817190795442987,-0.2940207068029077,-2.8746849602906615,-2.5470597548519773,2.5522314373969013,-1.234122489398651,0.8799440195785376,-1.556775000799219,0.302039742200579,-0.6318608464733798,1.2000928180792714
-7.103897313201347,3.3041380304303427,3.316082549994313,7.920638873334628,-8.182597342218697,-4.9348741789346136,1.7916383937216596,1.3914985200512098,-4.1353064297609325,10.623856234072006,-2.686412319961173,1.5717098665084372,-2.335154054420784,1.0394647468210159,2.2317511518861552,-0.13318031865966273,-2.660712929901285,-2.838652349986022,-1.5958112140104075,2.0409310598331345
-6.676471419630019,2.643332486556087,4.905480180042433,-0.1472700699116683,9.140251942262864,0.11440808237544087,1.1848598065036708,-2.7472653450821443,2.2259574061925145,1.1155367626575736,-1.119489047205856,1.937353356120442,-0.7755536910961798,1.3882453608328242,0.0957461580171251,-1.8056210228530407,1.1993383497395396,0.6932146986411494,-0.7769102856881964,-0.30218990705660775
-0.5519881498020786,3.617626005191613,-0.0873407971593787,0.06857508466695261,-5.156891815902556,-4.747566131930103,-6.441869814843768,2.630625971881556,2.3115777364294203,-1.607204495114442,0.20034192221577862,-0.6081802840004759,1.1458774777259504,-0.5357579953092717,2.2632205433369097,-0.6500377740104956,2.442516702702134,-2.3635448798957257,-1.7034875325956675,-0.7388946138783519
-2.239423114004585,-3.2672457339229464,14.016451093105118,0.8050795247328004,2.467619205594943,-5.808707565779324,0.6054073266891428,-1.1415846722345004,2.8827916321407088,-1.3614342227529472,-2.75775487383682,-0.12410221887407613,3.061066972853903,-6.275409231913223,-2.8089739824272093,4.595093494016355,-2.9678787364958925,-0.5136920319705924,-0.22491074714456938,-3.671584019413729
-6.764863379692137,2.80656432532173,1.9875078962106385,8.08155165267295,-7.027748472031632,-0.04342446309006531,-1.8880555510895802,1.1514799143260996,-1.0345025426673216,0.11338485513519395,3.765063558233757,0.27801833999089465,-2.9369481558104464,3.768107107387772,-0.39342285055688037,-2.157590202152054,-1.4676592067705023,-0.7905534355266772,1.0286809567761035,3.1210406234118286
8.033789930327096,0.5470308279330107,-0.29037996354826767,5.163732025023154,-9.572766787425312,-4.682835429293244,-3.7616469032063424,2.833740345551959,6.84151790781074,2.545918126748105,2.914370717071975,0.7553608243421006,-0.7999989048354972,-1.203546932057042,-1.6183676392836925,1.6273207879507643,3.1259714672288474,1.8763991904776156,-0.2631776246230877,-1.2005754954420722
-9.587616893910894,3.9734474526243337,3.0062210726965897,6.916414584844545,-3.659743403777869,-2.662865834759261,1.1071804065677069,1.2638349470324461,0.5102987429228945,-2.4375373904930537,-0.1819866227153088,-2.131628414505023,-1.667328643688121,0.06969589896851378,-2.2734445722506607,0.26073850436234847,-2.5186830218995233,-0.38837455449466574,0.10330051509926377,1.4699158151199037
-2.735616068564669,10.875799068000386,7.961684030916619,6.994939564978051,1.955287755051093,1.1847816906348059,-0.7281993204314846,7.624981653583511,-1.8805348649946145,2.2481027651166086,1.9520180996203411,5.813623953880464,-1.6507279236174877,-0.2648624740149906,1.512913065316956,-8.164805717947223,0.20845281198700766,-0.24516220425557952,-0.01669727907387003,-3.7970319223476814
-4.687400926811243,1.4581536082719968,4.245924317624247,5.121184649204346,-6.725399808188362,-2.7008511665932766,-2.7032923196900724,1.5967986958739384,0.6315568370587475,3.546320110095575,1.2676632155640046,0.8712788176291849,-2.8163448311592774,0.8393622156887892,-1.9026356857029674,-4.816642021967428,4.423646725032253,-0.36031258985774106,2.6197394782017245,-2.935510522232489
-7.499852110312805,11.101147220426032,2.1870456323983145,-1.7125217083162023,-0.7384910976893269,-3.3038391022015126,-0.6227052676435274,-0.005228471546126323,4.8205107559666445,-4.419968523265698,-0.5194345875498713,-0.3352072096950935,-2.4078762931943354,0.31727766962634385,-3.8827635805222114,0.9324357011704891,-0.3713250206877502,1.4690435175045644,1.3546610412594242,2.096228801238296
2.52331981745918,0.8565254652525193,-1.8835009001680312,1.6808949488793439,-3.526550544223703,-7.991089265214153,0.7940960592801842,3.453255839983437,-1.6634627550026715,2.172476608605637,-5.412395863757473,2.1344458786128415,-0.7549589708748198,-1.9658711672693585,2.129366225347584,1.1706257852444049,-4.069152036724573,-3.7281177496084537,-3.6084776497356406,-3.422275027665071
4.170663278958352,-1.2984252921245911,2.1622465480160455,6.261786056115479,-0.9861489157651024,-7.637325183245105,0.6661083889892787,4.293967305503915,-2.883946961748154,-0.7257055908220993,-0.037200975322573826,0.5719002066219722,-2.6024674758821242,1.7995982916128725,8.951563801606138,-1.8882102540049845,2.5407250000132313,-5.0241793546225,3.5731738108653763,-1.7671423348349211
12.649588530639447,2.7765736180203553,7.207454524065124,4.572538518347097,-2.6560741968217902,-6.452356931099847,-0.7751854805672146,10.692598047049483,1.3477427435257734,-0.29222941981306466,-5.304488460578962,-0.5048914196067036,2.674056397880972,-2.0538420050402277,-2.7790427156774666,-0.346107055749717,7.68722388360662,5.241726528179608,-7.09625396121041,-4.8874740202137685
4.844889287082623,0.11879264737045059,1.6524998863144158,8.176744281314743,-1.2493367942118891,-5.823344507497522,-0.7449553410991301,12.576127709229427,-0.6716625530605429,-0.7309441144589889,-4.593395577207012,2.218103240329849,1.2155095234825986,-0.11972312876812885,-3.3013366832181337,-6.593167970159511,10.881720078313204,4.065763016962395,-8.958169214281838,-2.0912333190218266
4.07524070678493,-1.286862798913436,1.4322832117831545,6.092647515221452,-2.1720133560526147,-8.757445846067176,0.3954374579732972,4.746963956025889,-2.191966638760177,1.3051770555237767,0.7081221176040517,1.7997511224897382,-5.851659258557266,3.041698391808702,9.81990493608922,0.19250895900906836,0.7167290596552234,-7.750571282555394,2.7084473530578252,1.2256152797529491
3.2312463025327975,-0.08247440767484515,2.041261196089496,6.773093697288832,-2.925083334708682,-8.507119699364454,-0.30804634892112664,5.372101066445916,-2.500686678946021,-1.2141128104281333,1.4338046118161203,0.34130912647718764,-3.763454916076122,1.7126586031776276,9.345949631184826,-1.1633794632005312,2.235911393430243,-5.053837524804267,2.9812974777897763,-2.372472439693996
1.2577916247091887,-1.6276347216868734,1.8624872335046687,5.700892100871354,-1.5246246928382836,-6.717574771727276,-2.698983539422293,4.324120698369609,1.7861811966607872,-2.3330222236646514,0.20929122801831712,-1.4682806566598583,1.6891554705334935,-3.957566144241902,2.4275229790937765,7.085254914933476,-2.5943894733261383,2.4126330058903127,-4.727891070862135,2.5039832782220133
9.2916300509285,-4.044742605027656,-3.4319289761989165,6.222809715694652,-1.9475139553888392,-6.458880915466589,-1.140591392837311,5.2268973254064885,0.9514735665937539,-2.304766865297725,-0.006564033796420787,-0.8897369298534425,1.1498842683253172,-3.8912017104036796,3.7403604658845806,7.5807192935021135,-2.2440135018309144,3.3746781385173854,-5.982335652313933,3.3260499710661042
2.881912638342482,1.7271407911978878,0.8834154631025737,3.237673299505632,0.034110579457128434,-4.659881573134324,-4.372282307692961,3.4167668902567128,1.6010853747828109,-1.9618572029444161,1.0184038975228527,-0.783229514951525,1.871525362373119,-4.275790562594379,2.4605210234454282,7.722493248482692,-1.8374294552339498,3.8681865542136356,-5.876103223101342,2.1128080168867918
2.7364689202783907,0.3052593408391224,1.155654265407566,7.737648417631487,-1.769525088438576,-7.521109029046375,-2.141208119550413,3.3217509431702767,-3.4133643996010923,2.5582569035061744,-0.14147048881213597,3.452487435708653,0.1330565247672273,-2.4977196736125835,0.920118540977711,-10.29913385605597,2.0150312170198,5.341979342668639,-7.725730432175496,2.072266376091268
6.927248482693058,3.0789076411421,0.823193478002674,-2.595196468521066,-5.452323601190995,-9.612538251368758,-3.746092947424697,5.912494446408942,-6.234210581383905,0.17521633100674844,3.2039653330256845,0.8259676718657987,0.0609940976295614,-5.830506786576264,5.073905523798958,7.762617245966183,-4.594707780919122,2.0145092441628787,-2.6044624091238173,4.890983954615021
5.825418529429217,2.0705197118016296,0.47543519360948233,3.903210339782574,-3.6990255597948436,-9.519310821505794,-0.7613003665638696,5.868991533752255,-3.1087109901887686,-0.44085228134282267,0.35237289026489504,-0.49548786306779624,-4.665372203275687,-0.0028713763836542006,10.009828028773505,-0.19769581055872543,3.1296602096756034,-8.84491395531257,5.564881568138711,-4.561897099320289
7.553947520527133,2.6223859759271946,2.5350285942868496,6.2877502774673895,-1.355464340503121,-8.479175671821043,-4.372177037382551,3.4354740478070687,-3.1493488977109036,1.813017364009113,0.420132618674913,1.5424102720124948,0.6521786564090597,-2.9252958826639928,0.966179033920981,-6.238755567341693,1.4358875586676363,7.87498041314924,-6.080086379012579,1.2402130990863154
5.551423090281546,-1.0963816868715959,2.552693456824275,2.020673311152394,-1.0856524342452742,-7.067018742682858,0.0487257716437115,3.2401035923378174,-2.054504967056343,2.721557221466355,-0.02276839380806661,1.3588035853608045,-5.284683082684706,2.0851127570461814,8.510404584481714,-0.8710606146095217,0.4327049683848285,-7.730113375561737,3.0190399046982197,2.4735348946047493
3.11945842131332,1.86158156629704,0.4682227817722176,3.135843620401395,0.01564986678143973,-5.816779256079721,-4.403874796011895,2.8021139410856732,-2.691097260918469,-0.70492123325437,0.533545711932774,0.5323332511362167,-0.7088064487767654,1.5523540122812711,-6.811139335237012,8.615740934070134,6.792563211027582,-1.0893616507565338,-3.70036623865767,1.6643915906892381
3.1202942133019995,1.0745031205152404,2.877890008622167,9.707408855656805,-2.6714895333734052,-8.339376690880018,-3.084647281577403,4.518776837797162,-3.289682706472959,-0.23443279894913738,2.5238476547439435,0.670421804706997,0.2580142628160784,-2.2538782588740993,-0.8039721795782224,-10.775105423443993,2.762752597047538,3.6600219751053418,-6.167744746147643,0.13527384871601078
7.500294603303516,-0.04608006546886377,-1.7367558329582549,7.400483081263174,-2.7520496183278444,-4.815530130120118,-1.0902592344195903,3.2419442697946175,-3.1232847613554573,-0.17930898638886855,-0.23416041702836987,1.5743580921212483,0.2743104720004745,-2.401795480572399,-0.04968802703066533,-10.686595817471002,1.7519669723196232,2.863728109404783,-6.941364847325848,-0.24041655152547625
4.483468877987207,-0.2941899260186348,1.242368991746782,6.1957200136292885,-1.9999243268090778,-5.998031185000556,-2.404683772087493,13.015925652361236,-0.11136546354082655,-1.4950035717249124,-2.2065110662393326,5.54707516636989,0.3688895898388648,-6.1959821755134605,7.172265700737141,1.6501103585296089,1.5214760221280201,9.544672827970548,-5.272525242658532,1.0825979129892938
6.715546365971278,2.2291472329711235,0.19122687973263286,3.6724944197115197,-3.0867588467364273,-7.753965054292692,-5.315590962155681,5.037642789021175,0.9981178827742268,-0.5802808186309534,1.0942743346917072,-0.3167225578431808,1.2823022994148447,-4.796844516889424,5.186067689699246,6.3804593035731,1.1887662130887404,1.8598470496698034,-7.065236005632801,1.3743928647729435
5.006640923811879,-1.7359107405083847,-2.2449177798060953,5.783878924974093,-3.591090404544774,-4.287535181315927,-2.0943691346674203,4.436398277111904,1.5486836485905484,-2.6150261175397786,0.8777983401605043,-1.0969692521609185,1.7087352253954338,-5.168451181621132,4.09785113442541,6.9880917151845665,-1.658266526512171,1.960911367173966,-6.187839063949631,2.1686550416060495
-1.730191464469408,2.214645524615714,6.199226246142498,0.182613413644652,0.561956652883002,-8.325911649741158,-6.412883757182643,1.1061283889140932,-3.0625476779597407,-4.274455313729315,-2.1591758875124447,0.7493432791566595,-1.2997643690252194,3.055051941954428,-0.1810636987591977,-1.9238412618430714,2.447231300621304,-0.4556084427359767,1.5575373900190883,0.07245938003150576
-0.16012167458635768,12.000046174852915,0.327976392767976,-7.608848412236606,-7.144418931880368,-5.810273231286626,0.9140813007004194,9.910339018411193,-5.603446224767572,0.8212232746785123,0.17872637631710364,-1.488497662675139,1.9834956270669597,-1.9592233813580018,1.1771553862360244,-4.372732906435967,-4.06479406024364,4.357774421596881,5.323448130004945,1.1282848917782922
-1.5085903299569348,3.0019263949035215,2.179803206237271,-6.576715167098925,2.0999755315307818,-2.703729091530856,2.495815396041418,-1.3708635092729213,-3.0162699009689447,-3.839955682065797,-2.348189238317322,-0.5899700302922213,0.17247754461506584,-0.6758318193894519,-1.724437314182809,1.4516246564741366,-0.6703297316174563,0.8653255206640679,-1.6797721020464693,1.3998379489449735
0.2461219820832462,4.79066870501926,2.227498183857513,-8.25612104505635,3.7143519607245232,-2.9063232911356094,0.3296814152529106,-2.4391603336134247,1.962483016144998,-2.7815332260655494,-2.1975713170518523,0.7589017149630736,-0.4597633629267593,0.23236905703542718,-0.5787211090004694,-2.151930105795153,2.0582942056034086,0.5270283274291728,0.5214358334198697,-0.9673240091872475
-1.6384606693593502,8.444658401190578,1.273325787129837,-9.39282869746785,4.618870275003631,0.24293148979815493,5.161306785879216,-3.6934285773216153,-4.002512116307387,-2.2727378765395265,-1.9048087262339197,-1.0801377536539947,1.262570028295895,-2.770477996457654,-0.49112390332387434,2.269174487056213,1.413549772698454,-1.1540494049288448,-1.6630663199182103,3.863986527041063
-4.294644303662375,-6.74467030185709,22.00117876528502,-10.127999902598372,5.3332158918815065,-0.09954094902293065,0.0796371355966724,2.128234356538883,2.632588217798202,1.2455429514653877,2.9636358766320594,2.6250027396053395,-11.152211054953241,5.243273867770713,6.900852927361898,-0.1861919819567932,-4.025436953797265,1.2235887969232038,-4.6498606165531875,-5.032354501584001
37.29764205552478,-0.7188172452387471,4.729314289273475,-4.533131119982613,-6.980019200161545,1.6191075086320181,-2.590114388983911,-0.35190470648563754,-1.9370895960698518,6.020839583022416,-0.1848416725645914,4.290904891207315,-5.32887906199252,3.496642924978623,1.9258946723049468,-3.7040634424732417,0.929052725204599,0.4600745937842219,-5.609236325228467,4.765253935404867
-10.495199606355584,3.942087920905243,0.9687183680869352,-1.5453702422370643,4.917448387584438,-1.9297356724295935,4.075665102078863,-1.750573106782153,-1.3773638491878337,-2.407392400495341,-0.18285723287390238,-0.7903204725990538,-1.2028005926841616,2.731371219209863,-1.1628018201555739,-2.025072695048876,1.186809949307513,-1.5515379523076624,3.19630744907746,0.029841716373959812
1.8159547004618959,-10.593724075971858,3.7473781626341442,-3.0869430523178507,-1.2249544529152783,0.07726350692222755,-2.3199163639419407,-0.8913950986943454,1.0545061960387325,0.0962517191385881,-0.4764179476190107,0.27512257879608326,0.39250949710393274,-1.954879920312652,-1.7437206320629297,-1.6473034926898769,-1.2093482757109297,-0.7323537636069828,0.5364751119727355,1.4506448392612783
-11.090411157071598,-0.8050672516064874,6.309249459550271,0.034258350706544476,6.051110196263006,0.10306130064111318,4.297538707861428,-2.082628242713674,-2.0748991615376693,1.861005598759713,-1.9013135915310624,-1.2006877587441638,1.1746775832800098,-0.9822972786544341,-0.7979876152759475,-0.803705913817181,-3.328966695216044,-1.395562163795423,-0.7875594691820089,-1.216296992818377
-12.670288440986923,-3.6110837373859077,9.718872753207494,6.0077436317615796,9.440736147470751,-4.94913128661919,4.720379574801232,-2.2323600160504737,3.244031675527926,-1.370686215848032,-1.5063746620684337,-0.5487075589645466,4.377267890836989,0.5870871487484188,1.2770343332985266,-3.3044589874556287,2.663428754432168,1.0310225488706126,2.3555851001836112,0.7684098953145339
-15.367585658168252,-10.259267852109003,1.043692179600542,4.674476839304807,9.936338600245271,-6.230803153186416,2.9350499947677267,-2.95962454728539,3.417418784236876,-0.35795009479166007,0.15276108374590058,-2.292488704162392,-0.8318315040638378,3.948655840782063,-0.2886781479584337,-1.260161087871354,1.349442480927439,-2.762429927945517,1.5544520207218804,1.0915339593056177
-2.805834183669397,-7.3520515541652545,11.487018028404524,-4.439760128600844,2.881203867764598,1.999771954528545,-4.9183693290732915,-2.594987666402769,-0.45567764012938583,1.618869533468542,1.3029161711132167,-0.18929533710200513,-0.726014435761377,-4.089680793927554,-0.6786703617737591,-2.088710483392084,-0.9291802425595738,0.42783890218641374,1.0435697565288387,0.6444939232052783
-1.1493501543445634,-17.633327618441214,21.995171709514203,-7.9479611914366135,0.6556009026371783,0.4778215999174812,-1.255573719885159,0.5337296283116469,-3.4702681042959433,1.0378458500682046,3.04460366997128,-0.18275714793496012,-1.4760531549131277,-2.3626708395734846,-1.2556912639422744,-4.295255955286696,-1.4798282188130734,0.8382579679382456,3.837357343244394,1.3813927733280824
-1.515605435919757,-7.006170204179008,-2.041309600276888,8.123712633611396,2.8588619491916334,-5.505448646506148,4.102385529591832,0.883198177791487,2.325785020384423,0.06867157202570617,-0.5619368789092506,-1.1206858800137443,0.15106004637018733,-3.425331869525154,0.5172242401399865,3.0433021474193405,-3.0815210758336042,-0.25238904210830565,-1.0614397483975935,0.0694714157660632
1.165648378599374,-14.839368231219112,20.417659735922033,-13.180023499248845,-4.335041055591391,14.067043258152907,-2.643087734042796,23.409459718083312,1.42368614412533,5.740685878796138,-6.799829147133714,-2.373912523650699,6.826854320409632,-5.890735733326825,6.184238639335671,6.20718365066165,-11.20990909468585,7.854511582379134,0.6060617530892173,4.099749415464754
-1.4208779281287247,-14.367436853704234,20.317877255008337,-12.289138869284482,-0.476975381763291,10.756007159864431,3.6490486550989183,19.482940217336424,-0.6924306504457692,-0.8844929170772712,-6.114504120406476,1.1871531340436245,2.5142271948593384,-1.7568164322842925,-6.621178711326236,9.422144805907251,7.266404141186307,-6.203840673875785,2.8950519182124688,1.2476129865744077
-1.714459999453982,-12.93956192120821,16.74590470988111,-7.142040954497732,0.6523501964166879,9.416969615454086,0.3643880612906146,22.23335620381571,4.887363122742906,4.633422548490699,-9.488955583033494,4.973252501290005,-1.1516104474995201,11.166724882443336,0.09632731627651414,6.494989676850592,-10.004842019487763,5.058749912038708,1.5252294972210998,-1.596879302122118
2.6044965860848155,-18.62740064867018,22.059350859373744,-7.988028366651671,-8.415733298968306,5.129939779266666,-4.475760996306649,-3.2423138671179634,1.941857207719187,1.4516651166050831,0.9483315672298004,-2.3692574783420244,-3.1234998303443313,-4.778688111277326,-0.6866166542624579,-1.5461145974689048,-2.4878477573638924,0.301350218679695,-2.2815119154076093,3.0046787673759674
0.22486837051773556,-13.649095875822532,23.252640859947565,-11.641648286622003,1.174226251626506,9.884416832212514,-4.161233922863623,23.057457161273636,2.896308409356769,6.469110586857888,-9.81565805805135,-2.237895997129598,7.551549733559383,-3.8920228099705163,8.34667701296725,4.64474214637761,-10.36253358196356,4.572612775153334,2.0159624817393977,0.8599968519169137
-8.807415416056145,-3.243387039335203,-0.27595209545648647,4.59298119082915,-0.293210720773643,4.062158461980756,2.623505446798162,-2.8235276994838445,0.9328038507061661,-0.2363028906559439,-0.49093490743821566,-0.5197782703690847,0.021760629215999916,-0.8236957998781542,-1.2612854633098518,-1.0278115899859317,-0.725816953135931,-1.6414680729509588,-0.35264267785229286,1.3672850060955077
5.728443501054006,-2.500483372145931,-6.061842805271798,0.7578087162983493,-1.8034402330193458,2.852500766559948,-1.1558761671793638,-1.8710903869945343,1.120650517235365,3.35661118104933,-0.46681092708344035,-1.1101367617853022,0.24585730994738816,0.8677580795825524,-2.9543210408817053,0.8103858740687537,1.2560255306808403,2.977663354386264,-1.3467527001446666,-0.018143373420332537
5.801876806569418,-2.3045293837835334,-6.047049377226905,0.6883305344858657,-1.7940182298949512,2.743193750701873,-1.1790687219573641,-1.9242557578709532,0.8797800152017482,3.244346716522132,-0.6243387666881801,-0.9481051329342018,0.1644034639537368,1.2468507537344244,-2.7464189854509495,0.8099111583704612,1.3124188597112045,2.8736296477968057,-1.6739630455573504,0.06540530260778428
-9.110064849050858,3.249601821666638,-0.7290935278289039,1.8380495072721508,2.197075801576096,-0.23886376665625458,1.357946458006802,-1.5253493900862858,-1.0906142649124053,-1.1565698115923904,-3.150517381344209,0.20619107373957374,-0.2444201992078056,0.2694261875525663,-0.2805492512311131,0.20727980152202025,-1.3959522778833469,-1.2325014291157839,0.5083428376038511,0.8790566358061118
-8.237075034817098,4.812265280930633,-1.7984702359710703,0.8034925462323264,2.2533321136390634,-0.17791574993280573,-0.6301921079912136,-1.3738267106427522,-0.9041055304723155,-1.6780291290772593,-2.345088629352129,0.24480101943719246,-0.3214389332555156,0.5347634722084821,-0.17492173848988943,-0.021594072840017936,-0.33270387401664564,-1.8431492582198716,0.08847585316590098,0.10917800939661843
-8.505302237901192,3.640531267762179,-3.4978959162036727,0.019937740360682854,2.2313788900151574,1.315406710737138,5.5429067984777145,-0.696510088658644,-3.309374815446941,-2.6986203749467186,-0.9752003795809838,0.9473623902911307,0.7787499658489851,0.690432404299829,1.11969008892323,-2.3199639556037583,-0.25899702577155087,2.731122211883086,0.08631890261684555,-1.572389605470534
-8.899029403486104,3.1839712569216814,-1.757569475440115,2.9030312745869784,1.3432810586111978,0.0641140052918302,0.943883101947184,-2.398693162588762,-0.9331687597522624,4.644563377906962,-2.863138144578744,4.250614274695314,-1.165246521005188,4.019128520548914,-0.2123955957050523,2.3884891566536224,-0.745185622513487,3.2290626747054323,0.943590688953096,-3.1222304480209164
-8.675223925490428,3.2620309074940783,-1.1411742486240066,1.6669376024762714,2.6345841904677645,-0.35446825784645675,0.4138156031816488,-1.4280584443929143,-0.524443198314465,-0.9754213841239,-2.3152237658512695,0.21662589939316176,-0.10536426279586653,-0.3156595647567909,-0.420154735452683,-0.12481889677540421,-0.6467131650571181,-2.10206714221533,0.0029657836555986045,-1.1477964004172678
-6.9970962471979234,3.531596349547419,-1.8503050955371672,0.9963755124141884,2.5582855751841636,-0.7853103299058857,-0.6680338200948944,-1.3782113653890466,-1.3251816334332904,-1.8121452837947258,-2.4311165425562606,0.4631451419302477,-0.5429937962839152,0.8792109374630692,-0.3923387365637948,0.07767199543103595,-0.3727255050229199,-1.460823399922684,0.09268141771943487,-0.1136315846467974
-7.573812645228655,3.119503692520037,-2.99060903586432,2.2890052747751377,3.2742086809226185,-1.5266764724315043,1.5371299995831489,-0.5139840429939326,-0.6626632744434887,-0.9712987933399446,-2.903572770668058,-0.6039987382410821,0.16092721952813677,0.3716357362064379,-0.5582740816759943,0.9685860857044724,-2.859553464418096,-2.8191652996057055,0.8135251158403323,-0.41935169577767806
-12.037819572265835,7.470912239145903,0.3918248306345355,1.064559162498406,4.29922200696467,-3.753402091154679,-0.7158851106218098,-0.8653820798885464,0.23682143203885409,-2.150485844972251,-1.8680785999834058,-1.629826406094415,1.7237199261714982,0.7482993370301916,-0.38206321135663524,-0.9797311384628343,-0.6933456739007218,1.4014653622419324,0.13534116176838196,-1.5968126575857011
-11.230781241133856,5.558451018833836,-2.0137831840391263,-2.465238618966948,0.765431533517718,-0.40517135623767037,-0.5697749234097385,-0.3294004844845853,3.3832918185909517,-0.8257897827078771,-0.9686192010856051,-0.047809211878355184,0.283369441752692,-0.032638921492224,0.2584813575180431,-1.4431328402057235,-0.6061328360369272,-2.4957270362815067,0.5751035833839047,0.8288639872548649
-7.963025415209478,4.53515743278944,-2.5626046211348363,0.9041650923476283,2.3902837090385156,-1.1151827631056361,-0.8235186131048338,-0.6963822734675013,-0.11330880294603873,-1.5697522663597554,-1.8859145493618585,-1.1143934453295572,0.6120219398423361,0.6758097119888351,-0.469523462862443,-0.9229558592289957,-1.3683785557033776,0.6370058815674722,0.1519152918033428,-2.622317231566226
-9.846814645002674,4.213942755980809,-1.8869843713048273,2.032648569665036,2.5289444603838462,0.3619572176481437,0.03190164432976006,-0.9338860623142485,-0.02643990608531044,-1.0356789064134948,-1.8247017470351015,-0.43396265745835605,0.11370366755788996,-0.19517038803422931,-0.8250847426522945,0.6878967376735691,-2.302501202130321,-2.512771772203045,0.41398984782479037,-0.39269195733263107
-6.192917269979624,4.813021217101905,-1.5463768372453188,-1.8471209569228695,-0.09828048249349436,-2.7805727305915164,0.5808132082602557,-1.1032654928021035,-0.19808583805238775,3.4321991628264246,-4.2770371181553815,-1.843368253788174,-0.02377431749487463,2.93197563986781,-1.9092167426009667,-4.492049784324237,-3.925615733281374,-0.6282349813553718,-1.739548912469635,-2.53926131525951
-8.099112256453687,0.45799839467047676,2.8343448981139785,1.7991621873570123,3.418432489885865,-1.1989465045499923,-2.672894724912275,-1.0322646140962597,-0.3395254504145068,-1.451490155432119,-0.8667555423227632,-0.6900516183265335,0.2779198512435763,0.969373372716462,-1.7228233351507787,1.289540975230646,-2.009244190998915,-0.5939449444886972,0.5698746622437039,0.8111510335960945
-9.481722230650211,4.384609175172105,-2.265914289755983,2.0028861362504067,1.4362495220388976,0.06171331773742278,0.47997473370179883,-1.3902859265027523,0.4819268614389501,1.0575124091342634,-1.8767527888641058,0.9428843351009798,-1.610232914757997,2.493160856453744,0.8997566720079538,-0.47522593596891044,-2.312911319495867,-0.7191283277843535,1.1473121988396517,0.1502864271946764
-5.950471801774334,4.678175513466536,-1.3284346094910093,-2.167627829274301,-0.29216951413169207,-2.8265188180593306,-0.7871458108766729,-1.0728551541820655,-0.07118168150978864,4.4606316277752045,-4.45964392062624,0.442074503968069,-0.8243833081541592,-2.05502399676938,1.8308484160822487,0.7284990758679829,-2.832664772890253,-5.9491162459329985,-1.1198818215473065,-1.5400366268630987
-8.91711937259856,4.539139030106664,-1.7051438325415416,1.9453037777036677,1.405776609318085,-0.20268245745474334,-0.40333131692827506,-0.9082628635400124,0.017959374904264025,2.4022177797593507,-1.1972945378003492,1.3792970792944952,-0.2651303357598537,-0.9463511114505492,1.7527496032620853,1.2203274944752025,-1.0150554823485098,-2.4781265423196928,-1.0367771467400253,-0.42450331570045674
-6.444563901129788,4.728681096882687,-1.1068794264064654,-2.099082079998129,-0.5571945623845349,-2.635437074516481,0.02178956087344787,-1.5028894058734295,0.6203880170734904,3.8520495333388496,-4.974506007642171,0.4107307304815873,-0.6460119191662312,-2.195189216881401,2.0298409548300183,0.8488338514465137,-2.585710329854562,-5.31973548051952,-1.1595009158810887,-0.5813716916733189
-8.693687125882645,2.9389289061995205,-1.4969608428757462,1.700890807547004,2.5047306336091886,-0.46142407479769854,0.5992796065155228,-1.1510266664794127,0.4948676364630723,-0.6363040208302577,-2.5498848210379914,0.07739058659922843,-0.11987500136720841,-0.6598019121617434,-0.23653859553054013,0.47650799380259723,-1.2523476337246233,-1.9645343742756456,-0.4151353941155179,0.03720494332562446
15.00029654306927,-3.0214567804890105,-9.920993639201242,6.256923682613495,-0.8266567736266863,-2.7028592605952984,6.173801342497703,1.9175800173129114,-3.012772230737782,-1.6109549665860916,-1.815690929685731,1.791270541577739,-3.7319520796431744,1.9608109540453524,-0.9523188721828179,1.1890400870587978,1.397287964369033,1.6118001903728258,-2.1834523154673713,3.9531721905121984
16.156127102635114,-1.26003472561181,-7.295641794202356,4.295992726326375,3.314906625276286,-2.928439091511699,5.811586485491046,1.9231317351477624,-2.950217423338725,-1.4815460850046407,-3.105717706165204,-2.72434658781161,-0.5377624780517956,3.5746862251899882,0.27946298481467713,3.0596276924796717,-0.4976401864067771,3.236192506462887,-2.345103583015095,1.8276033691773739
-0.2634955859814455,-10.831857614664756,1.5241080662704916,-0.0545218454685113,7.503929345157324,-2.9408768726534706,4.612667869374257,-3.6791196144181724,4.430354964344443,1.5276879453618706,-0.4844781098919604,-3.6573238790647795,0.8166148833192861,1.6389089012842233,0.23928238430938148,1.4770124207587734,1.0236952416403633,0.2889703343672221,-1.201090480214312,0.6264693747561995
-10.301971287231886,-6.550351456132725,3.224548530940144,-2.184867478931631,6.103571802614837,-0.7391100629933002,4.343567420971743,-3.832481189799763,3.4762433095160437,2.2254910949843554,-1.5858164851437047,-2.1914478826046118,1.9960232228104493,-1.6874356000151747,-0.33148241544545487,2.1720675871433945,-1.664641265777667,0.2737670385390102,-1.9269542031234559,-1.8872361648324896
-8.893783388660333,-7.18488541146536,-1.3295164546567388,-0.33672631039445533,5.479698667878964,0.44558971463500313,1.3564423308325853,-1.879256121797762,1.498699016969823,1.7623409907682523,-0.3788665747130139,0.29838867230539423,-0.00327416190291141,1.1059858186959202,-0.6727742200646537,-2.0290515293346054,0.2226625687269551,-4.334680331094279,-0.34653415306678054,0.928777755095745
-2.650457755466852,-7.359029007370245,6.159729897241737,0.9239074267851336,6.916299426802452,-1.9515076610114623,5.661770444926928,-2.0877374509932185,-3.447734978373785,1.1700220736388447,-2.101363794687278,-2.090920310829432,1.3647813652755834,0.7332620035847901,-1.056035754242811,-0.9863900440462459,-0.27244938514569333,0.27966674394353164,-2.0265838872777575,-0.07569456436081562
-4.987985935756104,-9.097082713889876,1.8185251702413243,-0.5338513693438393,7.010470137163933,-2.012933927537087,4.316576042615405,-3.7023894150736023,3.8017986520890528,1.549508999370714,-0.9354844956673591,-2.9500220604923912,1.1729866396535498,0.44792015550382747,0.011915129335899444,1.6516118248016927,-0.02151956577132258,0.27269741079294596,-1.3874317281616344,-0.5730857366966744
-5.6435701458932215,-5.180723517679761,5.89193674780198,0.5901179441804139,5.667315472137535,-0.17542663128363217,2.6368662920226997,-2.214330483346558,2.0871534725382306,1.7165030328110977,-1.2305442365295407,1.1764894290799146,-0.26266638328914277,-0.5472086216195545,-0.62281903796423,-0.7699647428753524,0.10060109409227186,-1.800599411144225,-0.5709454882744901,-0.1042958143172637
-9.085960495935002,-3.236158821926164,4.154978597378507,1.8101447515414724,4.516909672269892,1.327104039109733,1.4820015490851082,-2.0495198365755223,-0.26387127693632173,2.321215584796271,-0.48912991658488925,0.2328594159568388,0.03927840045267071,0.10761433772234333,-2.723298862304259,0.5263276640438195,-4.4894370950682685,-1.0284627412185439,-0.11795687395658344,0.6392512946654697
-8.854574024975317,-7.304178599710832,1.2914829712385107,-0.7612678829679276,6.724355306407689,-1.3364557082478576,3.9121498553609437,-3.4026408076562853,3.2519250933843407,1.7487957005597092,-1.0584405292966683,-2.116855684668916,1.0699797404790456,0.302037073418594,-0.28912964688552756,0.7594546810290651,-0.3282787039503181,-0.9201544317865085,-1.0499825368872497,-0.8285761487312784
-7.710542272846977,-7.80828579097743,0.3883909455781268,0.059964719920911624,7.207012782844535,-1.7346698847740827,3.767339406988991,-3.119077907043697,3.350492280190693,1.6468264859639743,-0.6532395182235222,-2.2771608291903616,0.45682317159934344,1.725753000296113,-0.2033877261089974,-0.2570006813709459,0.49171702912360504,-2.1816002139596486,-0.6480338172051303,0.3180195021661091
-5.182316212000289,-3.480044529016084,8.533890005164306,2.7774116907071913,6.492767593150491,-1.817475594515171,4.691268414491946,-2.7287838216328724,-2.29426009613655,0.8761118442241262,-2.5230109815405877,1.6671851624461347,0.06996628066010918,-2.0607966713263166,0.5946404315640289,-3.383597743781229,0.11979526462922463,-1.7143484640122297,-1.3125262966606503,-1.0755549610335362
-10.283688918281094,-6.684006537801534,0.4424203356620266,-0.28574007523295675,6.813206229434573,-1.1561664389643747,3.5274766704904406,-3.0269192426877733,2.9567661754785353,1.6673651189287737,-0.9064656314087587,-1.7477383002663949,0.7083238713569409,0.8804720938102459,-0.367714655752141,-0.17321371233856606,-0.17589976637949462,-2.18602450382333,-0.6860628476550799,-0.44781126007403654
-6.747914806108356,-4.508540805891231,6.120449065112066,0.308099259851213,4.529134723287411,0.9481838883969333,1.9980381566726457,-2.776036151463537,1.7825936346088112,1.6284430832246983,-0.887147089615637,-1.2564316101439752,0.1977236281356145,-1.0675115650836895,-1.2799017127167986,-2.217777258094228,-1.0890652898161963,-0.6245922222673239,-0.3247088977275455,0.09132083836666503
-5.391374754115329,-8.720879991857846,0.28382825166906434,0.335256591962639,7.530922160417958,-2.2456799797004985,3.9701836728245374,-3.124987210945813,3.694665898873854,1.6269092074211078,-0.40302999844545895,-2.6331082550832368,0.2801329521360848,2.3228657445328933,-0.09710937356206811,-0.3307715361567616,1.0149603611404165,-2.1400725651394947,-0.5216130673225592,0.918324930285895
-3.893567954749747,-4.776437604331418,8.837231795140276,-0.6264433164823049,6.462214046575915,-2.666019037849943,4.7588349609166025,-3.200647390847708,3.7442883722911855,1.459367203445852,-3.0250212517960584,2.47776618917461,-1.5282973880848678,-2.512614403387683,0.014404164415429688,-3.051504573645597,-1.8529232985298045,2.0763907358849947,-4.0320154943342414,-1.9918937644309067
-6.678520644275634,-3.5228948543963554,7.367004495102475,-0.20825127578276847,6.732825971653944,-0.6411067018646316,4.466826076210305,-3.1495007279377076,3.29702782414668,0.4948316586385325,-2.3201968926027714,-2.3925225628684634,-0.3196236503489981,-0.8134473824185966,-1.97089493498292,-0.2554042957168009,-1.4697810695379303,-1.5598461825129404,-1.1307775640720688,0.3612728515457236
-2.7031999892772167,-7.24325557933409,6.265972316341711,0.7147287858460294,7.028367877986563,-1.9432683081903055,5.851919904985852,-2.172923887153333,-3.5577898921825186,1.2936438908247865,-2.1220023757783055,-2.1875235088315126,1.4590911182519193,0.7068519328956046,-1.1465093011903544,-0.979193419308109,-0.22206963701581384,0.3905407841357359,-2.063728910601436,-0.0467255482356414
-4.432676341985008,-5.070082303934539,7.347541049640345,0.5845802411367467,6.9918728981434395,-2.5105050892981677,4.432575705710512,-2.7604791786592795,3.714887226536545,1.3826533219728705,-2.3427659874069953,1.8639552023714958,-1.1034670144593044,-0.5177624090905226,0.791275074593746,-1.9450765912406913,0.04511354543064716,-0.20095424391330952,-1.967742599481428,-0.19457024225125835
7.3599380973519235,6.243071035188716,-2.867646966930247,-5.150504585593849,-7.202897471537277,-5.344168262324629,-2.049001187908046,0.7719387784718035,3.920015421914158,3.653979631252401,0.9927567607261206,0.8537891750654618,-2.0001707451850756,-2.3287870882995727,-1.6848610399150126,3.7623027118151153,-0.6039578074756982,1.9570744242556852,-2.7339209941315716,1.0503726712649941
10.411512371801564,5.2523950715299,2.1567377814492903,1.2394868393594969,-6.08984200943046,-4.7297140461113845,-2.208955779428962,1.6029596350550221,-1.1687343640232006,-1.043338603706875,-1.0812043295533262,-3.8336465270682787,0.022700473622551315,-1.1333813130388883,-1.3015910143336107,1.0414809679151171,-1.711834618236909,-0.6876456407370335,-0.19242246189028614,-0.6181860864107445
8.268407707689073,-8.705935805924403,5.120868665428134,-6.116652609909694,0.15734136640978547,-0.16612246446312856,-4.786476609536837,-1.0736184194392657,-1.1637298032036387,-0.15029957068287025,-1.1920787192339481,-1.3162467253417616,0.02349105991386812,-2.8016939306812647,-2.969483504613195,1.7663059634916611,-0.5078961692322799,-0.08843163877162419,1.061378536485572,0.3058324455512112
1.492436093027703,-9.3590952123261,8.340332694519901,-5.104975790740232,-3.4046324763181035,-4.320546494598645,-0.7385231498824842,-0.4839466881180191,3.4340469897675567,-3.190492027432434,0.0686345549597723,1.0309916202904896,-0.5356638662426686,-1.5578235099937123,-2.700261442317346,-3.550321485571041,2.1875010506465915,-1.334438553761184,2.3132407958783627,1.1422626858943805
-0.41848226827086055,-10.241142747152765,11.405942447737836,-1.821553799551976,-1.9081334307152413,-2.7034318774716155,-3.7928258121493306,-0.6220264659186321,-1.173490789947318,-1.505908944193564,-0.22765470110530903,0.1494115542721713,0.2970949108524257,-0.8618838942188147,-1.4021726843355307,-2.6326665480835034,-2.823464303838941,0.3375496055531832,0.5801331337851332,1.1655140302022602
-12.034429700196615,6.689412192792031,3.755758234454186,-4.157807522020342,7.839136698648742,1.7339104930031541,-4.4930895779109346,-3.4869525141541065,-0.7789934350777094,-0.21269979960320162,-0.41358543580884527,-3.395652119295968,0.9002705387226024,3.4952972347288984,-1.033154663627975,-2.7887227246114694,1.9858664846749288,0.6086571670081667,-2.852384479083222,1.5516212821436672
-3.968974277711654,-9.968860016476222,11.665936052333231,-3.0864263731757706,2.265755440581424,2.622846323074244,0.44447426211244234,-1.554514851147438,-3.3811915122522915,-0.8044116423930976,0.5742646167030929,-0.7514662687798238,1.8277893541732566,-0.026385068381552513,-2.6330779701511196,-1.1172162009755344,-0.7816615997071767,-1.7951813938995058,1.3247919322326605,2.152826678016938
2.351675106129436,-16.79933059750068,14.376919690526968,-6.839885115749116,-0.7608265496132507,1.7253215821149799,-3.393886509234221,-1.412985245512973,-0.6380032255585272,2.6751822947490287,1.8447536899749903,-1.964632552208744,-1.8766097865482219,-5.379092022870594,-3.1746719782477535,-0.7639181756454948,-2.316325151662857,1.4992716509572188,0.7120534407869353,0.5998197437500369
0.4459113236351908,-10.888684466722472,9.481519904242603,-3.500549173944389,0.2611791272150853,-1.3315610345701188,-3.7157358747138676,-1.5178192857492276,0.09911999540001182,-0.4682681461096392,-0.2163695248080211,0.4386731427118359,0.5292977790711481,-0.7678665989406389,-2.12985757148524,-1.9110589401659128,0.3254915423502952,-0.14886738215246792,0.45846322747269413,1.803570095965454
-3.3967865164569164,-3.466599352000893,-0.8767944515699554,9.235197685755898,-4.805413065928039,1.5188701304254049,5.417869879626239,-3.388179326690153,-1.4393222744967233,2.038794703284739,-2.012926477524437,-0.5805700971160115,0.5424525824413573,-1.048146090865689,5.41622498465223,2.6100091252930406,1.6912675663186505,-2.592678276683287,-5.0553508809047525,-1.545158544497976
3.221114756091934,-4.932234129576971,1.035593352282009,4.4645083400424035,2.7199117498782837,-8.443735148833598,0.5196375096337533,1.5067227555538851,-2.449682609680589,-2.777264506410865,-1.0689348350589265,-2.0908410452808512,-0.19092937550549388,2.058941728493709,-0.7062131535282361,-0.8147588488803692,0.7388102611978111,-0.11598073972791001,2.2415740383234954,0.45905665678071067
7.710746217339178,0.036437344806764305,-6.1567713659735634,3.7553236054037287,0.09475385849217766,-5.249698014350373,2.9851304473752975,0.9216211392626488,3.040898328509761,-3.9938520925139174,-2.615535340809243,-2.16732679145382,0.6910628547594971,-1.6396889768218526,2.2764721573502706,2.0132599256327346,-2.1897411980870167,0.2858398994511221,0.9045681471341054,-0.7906386352474967
6.4262738541436395,-3.4178889207761136,-7.3379923312426225,4.884294209580063,1.1147961923668626,-5.329844268362882,1.931827012326662,1.9603187662100412,-3.601099113338062,-2.8773821970076154,-3.177321632492533,0.7282619675355833,-1.8648248907831397,1.8523613234310283,2.1558974750765483,-1.2426096515031553,0.9324840437126168,-2.542946371082684,0.8885357709405975,-1.4711565323253661
3.3799449676614297,-13.906430102170834,4.2782090537545425,-1.342214118316284,1.5129674800293045,0.15638378537513511,1.3141425968914635,-1.171382788979504,1.6413341645177384,1.8066383042514857,0.6279578513911326,0.4691644199853399,0.01525210354015738,-2.195929878338998,-2.5857090555376443,-0.7362341203366343,-2.786756542879901,1.8697868896651548,0.8418017769573884,3.6006510275769115
2.104493037150004,-8.340596162834535,-3.26823399782032,6.86972508543275,3.253485316140677,-3.6274697613614877,1.2270074774657664,1.19358425954923,-2.2303299727967127,-4.125300983431911,-1.2683453466032422,-1.0818334062655488,-0.15257575405256382,2.45244628255495,3.4876720346963417,-1.2765549966186354,0.05972503462659679,-4.660213234233517,0.5548414073224747,0.20269905119120013
-0.22985611159865976,-4.458512896863667,-3.169560079486081,4.972540234954192,4.228587351065966,-1.1239666755186575,1.4719874220357552,0.32988352561638323,-0.8986523621298533,-3.0865063408476434,-1.9049143613722526,-1.7331965325375474,0.16477663475079174,3.184591203605312,0.6392701474162032,0.8353028773923433,-2.3993186965223288,-3.106643553769622,-0.6696752338425748,3.032270014553682
-1.9237545608479705,2.8251723693992825,-3.181472741702197,-0.5352915029338952,1.1894464819522002,2.672969976224924,-3.009573434644106,-2.280651962338212,1.749896903971206,0.7089543462552326,-1.4776589173506691,1.3438099985588363,-0.3646818990868752,-0.012529832519493134,-1.3265788832398013,1.7263746826065003,-3.487033955881791,2.22251070131322,1.051308730620848,-3.9478227301348987
-3.2987125313994277,0.956763093173679,-3.375619045194844,0.8565626342298447,0.5561596879712637,1.9572876772196892,-1.8894641362554299,-1.6818140921481182,1.626763483529241,0.33426346942392254,-1.5768541160776797,1.7294030158407525,-0.8070514027934561,0.07654308080349781,-0.9507899182515115,1.9242653021968934,-4.1861295537548315,2.069378615251262,1.6816629577060596,-3.6649894054211756
-2.075929695437927,2.607799376600783,-4.281829962871773,0.625862037606506,1.000355333174211,0.7529405077067904,-3.336318278166239,-1.4083712446835177,1.3322165169048774,0.04782952506797933,-1.231432817916558,1.0314136206553468,-0.9197604438613928,1.2316373181092797,-1.259921390903311,1.1677629184185192,-4.010664706964564,1.3365285085217304,2.446167993864072,-3.999277574461456
1.098420974030076,2.030797140081675,-6.085329135008097,-0.9654095867574262,-1.5506558143910194,4.858688519360044,-0.8892223636975874,-1.5274477872594845,-1.7748620581569747,-0.2902835587491366,-2.8276191599245384,0.5589408141026923,-0.20494020448124062,0.7301870939920212,-0.8850465810716928,-3.6814311863976363,-0.8296938686249509,-4.400331789777573,-0.14901148218532564,-3.783031468058938
2.6841553853259423,-3.374657739804558,-6.938167201540798,-1.987002185601935,-2.287975547177103,4.321075455184998,-0.2591208558098709,-1.6544364208031501,-0.7444047206732773,2.5570498177433354,-2.1391358498680892,0.3286524954774297,-0.5722798648903379,-0.05279212675520706,2.0711192456657974,-6.284604687372289,-1.3506631686629467,-0.8531775732269503,-2.157405156862036,-5.4175153654567545
3.8026022481520574,5.039682310516832,-1.2735759859014033,-2.2777280688302204,0.7684371159509711,0.2725265980527546,-5.377330967718309,-0.9983949980869291,-1.5395865460428295,-1.119186962143749,-1.5056505228943884,-1.6746433825318447,0.6787093556091879,0.940920289711721,-0.5527373774284768,1.6934992360599304,-0.8898407086350266,-0.6110920381712251,2.355121259765261,-5.440672432904709
3.4704945287501916,1.904945098771242,-4.537341211947608,-1.5895038932129348,0.9577738621627723,-1.3394628547573342,-4.800239275250247,-0.9765553567821315,-1.3581322040950203,0.02127905170853528,-1.0846731274928116,-1.2196768391501878,2.3328807765440693,-1.1272798259156542,-1.7791768936910435,-0.7610043383903766,-0.4664876596016071,0.015626439830555172,-4.89710520774711,-2.1663417928384963
6.127752845659112,2.017978846442362,-4.414730491483445,-2.6392852444726134,-0.154382106249068,-3.1815836162624533,-5.188041572768995,-0.39609185897741434,-1.847243285858937,-1.5429197535116943,-2.0439998299075635,-1.694422121941705,2.376701239824473,-0.7841885423813182,-2.9062045092526327,1.100518849946567,-0.7496741465177145,-0.10463692456149021,-4.667634490330096,-1.849016026142714
-8.778766031364828,3.2940957950440533,1.653773446900443,1.4754780146029278,2.3350407171327303,0.1256426246408451,-2.960034851804155,-2.257075380662427,1.2380907504091834,0.01223349854298933,-0.5954126899499074,1.456073819625212,-0.5470048774236587,-0.08527814627494662,-1.8206450095857378,2.283626530849772,-3.832452174898793,2.5822593103516036,2.699268715047436,-3.7147298733802216
0.6551824550645645,6.53440085739784,-5.880402927494699,-6.670793209082709,0.6011873232520037,-2.846929010826097,4.615634419121457,-0.7525035383706686,2.0068749636949534,-3.699473061662904,-1.5814294051943918,-2.134948160736324,1.0761981078031477,-0.6056628196605238,0.6102853818544549,0.31270616828904785,0.3314479210860833,-0.10315549854224698,2.9729638409342565,1.888339632029847
4.844908879914938,9.986704204649588,-6.720865168819491,-12.97854885440304,-2.862418274488366,-5.644057516034227,3.6100235668840392,0.3296632742287515,-2.859903136149107,-1.4889688302026716,-0.5783874511649809,-0.467810184929485,-0.44106928577880644,-1.7884460804301912,1.7169508457398683,0.3459375632186589,-1.7434125986524842,-1.5862650601962391,5.303013783773067,3.3903146820590093
2.265151455908524,5.3883196994402764,-5.805351409650871,-5.4682508736246564,0.8402835429428561,-1.4018195676423766,4.1122465822007666,-0.938417723410861,3.8301273095340798,-4.054522456163282,-3.8237617039768255,2.1379267259291588,-1.679517859055124,0.7672895853566074,-1.079797844016222,-0.22007826823016263,1.354953706447434,-0.1441981690466866,1.3818744723280532,1.1169815127581364
1.160305821568104,3.471148106125492,-5.43347731937284,-5.005948826658513,0.859595332105379,0.431918579048926,5.998160914013179,-0.9443965416817852,-4.739956399470489,-4.357258532959252,-3.635218634753395,1.0742657350967482,0.5427443947848679,-0.27821563080769574,0.14151305668640943,0.9111536303900486,-0.07443782660163392,1.8151982086676461,-0.07019885819097224,-0.19185428199121113
-0.021550034930315487,4.6571100673308266,-5.6498348940080145,-4.375435623015792,1.3555960157089058,-2.8376201316605436,5.250318280210866,-0.9063654637450628,4.000466530341361,-4.175197620209566,-3.018098936385198,-2.357499779071783,1.2174501397272157,-0.28030608428796655,-0.2664489583145746,0.14133480888561567,0.0613867709353918,-0.5800052252398732,2.2805146623146695,1.1279910564185716
-2.472769539711208,0.6460406071171788,-3.5407914128578395,-0.9075560960632523,3.4122306714229635,-4.034990537000544,9.937961224142633,-1.9574489187027524,2.1172424742964755,-2.8293548942248314,-3.7400438301446624,-1.9664418621509951,0.9348874866701659,0.472025490062295,-0.8784156178063618,0.3571830101324736,-1.096072956425245,-0.07900648593790341,1.5934329580375115,1.0185877019326304
0.8068731207649209,4.5933029241042345,-6.308203057612731,-4.555540237154372,0.11496060805610761,0.2698199165859133,5.277899239508791,-0.727975154041457,-4.926693646399769,-1.5128346516266309,-2.6889398703642557,3.029645627340169,-1.4667710386579929,1.105989094193407,1.5447171429016657,1.467526214603298,-0.9542040849420528,0.2922829609361519,0.20997860919857467,3.69341785786227
3.80933288140056,8.551273122287018,-6.281400083355244,-13.06936289965812,-3.587826559681659,-2.023869890122505,4.975977462251638,0.16624865197128125,1.5629835148672422,-2.410605740786919,-0.9261535629553767,0.7063773478861809,-2.5965992607106285,0.9142311779323634,1.349112607041573,-1.0562997400931162,1.1008297840439483,4.754897227147333,1.9006443635616443,1.3925251809289745
1.921504306161363,4.6910559182736336,-6.172919183360182,-5.702975717634383,0.7930054419840973,-2.0883555077979192,4.671509591740672,-0.25651097133853895,-4.217926191917855,-4.212952028623169,-3.9119748779097483,-1.4766389260648713,1.319088075783992,0.11913226863077059,-0.2986402640597164,-0.4395100675630365,-0.9101043773037998,1.5507988171413483,1.277462898446918,1.2281607454527126
4.5930498673609526,9.617470351760865,-6.969955850197267,-13.741979792150733,-3.85266191640759,-4.418578272555521,3.3507252654962576,0.3037282076846737,1.8780206641839574,-2.183245433422733,-0.9052225976038817,-0.4200385983766446,-0.6298712820932657,-1.3984818672825812,-1.715651673587606,0.9234094657097672,-0.8451954566879658,0.43979841141889275,5.795751498504168,2.9165551176093016
1.45707780170759,8.617379951861539,-6.535805982644603,-9.8515098890994,-0.6988090006577725,-1.1365337782971068,3.3449209654171668,-0.06504444820408312,-0.8894902136398617,-3.2453587837309086,-1.156234670846792,-1.1588927794078967,1.0911166728610129,-0.27493474056666295,-1.4982490693193609,1.2464723619679494,0.8568556025073688,2.192039806311209,2.5050845764047938,2.357152338641235
1.962183414076819,7.143500471774947,-5.833927920592707,-7.251504628791077,-0.8184258394801728,-1.107626560412365,3.8551427718075457,-0.6508474675160564,2.09369273791419,-1.048218255020294,-1.5393939576064657,3.5066800920106656,-1.3141326534231648,-1.0498682614303751,1.5546379844202551,0.9321452580524404,2.435236509546529,-0.9153644051473504,0.9273784990955802,1.807780404431811
2.8276003370193523,6.6536635413466305,-6.740658012496585,-7.916240577048958,-0.15534501107760992,-0.6296528539240885,3.661121361085852,-0.36568595250731956,-3.0849894312290487,-4.323927253917522,-2.251034206506546,1.1772978633057107,0.09437522020491151,-0.30695156688924596,0.21930995905713635,2.2369602610173995,1.1035720731961556,2.423561493059858,0.4907876151664045,0.6062604555728752
1.9436805160859625,5.681432741726065,-5.229996887664089,-7.254482701988808,0.6071151632532041,-3.3451416156156792,4.846248261079025,-1.1652798855270061,1.5107594514799403,-3.776191428652148,-1.976254057068759,-1.5073205768388478,0.8546037673210455,-0.7050918439804952,1.0526647035122303,-0.594582914791162,1.89052826931491,0.2982600833907141,2.5540349905514446,1.2004349563115326
2.3186357024824495,4.374580503378649,-5.076981838227613,-5.150206235853645,-0.20066682008511938,-1.328443310079353,5.311468613139524,-1.2591548283175897,3.668527560069392,-0.979446443558259,-3.2667659873684185,3.5028268983584736,-1.3615966295406963,-0.9572623310570074,1.172976225997345,0.4460182905996754,3.4271929060507027,-2.2993211834659757,-0.8214114919780131,0.2779920174701098
5.960986065928147,8.785719108343411,-6.6410043831506655,-13.73569775726185,-3.8977017678977295,-3.3056664753787874,5.004097954606399,0.15935870477729552,1.598941012788223,-3.1930545704035898,-1.342555838754161,-0.004729250074992253,-2.322336918319688,0.4649794778209311,0.26806527249614576,0.7338832169571601,0.9517503797174279,4.936502406006824,0.8128624264790099,1.7016535537610493
0.900845617478436,6.296469614655282,-6.1185630669920545,-8.207636080204937,-0.20704739926686713,-1.332201141345769,5.190108909067552,-0.6179803025674087,-1.9387576313163386,-3.2274166410943312,-2.4527365499547242,-0.8607306447867071,0.9716630002161099,-0.6862983921655914,-1.644849810027949,-0.16011732666642428,-0.304697781284336,2.7025228099541674,1.3968530874178362,1.4566099865016202
1.5985703124570319,7.757553660846163,-7.233013049747664,-8.095898040948088,-0.30511181143731886,-0.28906784073367653,3.6100748781864738,-0.8171208415844173,-2.9450960567135485,-4.313979147254522,-2.041641699277405,0.5265733941654982,0.00921040124253815,-0.9754944975135649,0.12408033523123052,2.5254070819854286,0.9311112094326742,2.6030755580538774,-0.05500514462227363,-0.06382953625698878
5.699859671265126,11.214696763057255,-7.04506495284054,-13.998256113347775,-3.06247540391964,-6.033773845852356,2.4857925215686216,-0.016181393876882222,-3.0638583499689727,-1.9096512019277192,-0.5842501782794072,0.5129178871837944,-1.0909836557368617,-2.183275380293791,1.9403481222803922,-0.7144994907743663,0.6332929792454298,-1.2462907468842115,5.466529918539404,2.3974751430340793
2.882461513252033,9.017959273768334,-4.984528392098748,-6.545933490158185,-0.41750470546614826,-1.4597537815308048,3.9084463244210346,-0.745217609059407,2.6513242618473796,-3.3662917173994575,-2.4294545227657864,1.2953597181624354,-1.076550718299005,-1.2314248328788928,-1.1925909646630233,1.5650768346299115,2.483176332694543,1.1776933172280224,0.23408253257775902,1.732771378005919
3.283127883360412,6.2519292423386315,-5.834150676671063,-7.50364373818093,0.3722119660773194,-3.5676887636087384,4.569937085543522,-1.0374172575732796,1.2151945179360113,-3.1020745462757713,-0.9223812657631743,-0.546525899328534,0.5375336223480679,-2.3681400360533695,1.7123851621651882,-0.42880564816091066,3.2028785735209566,1.1623703525809534,2.1088204754342645,-0.00955885878512408
2.73227121054197,7.613113577701505,-6.339698985755659,-9.945413416681285,-0.9413212554723427,-0.5525536209994786,3.430791276795779,-0.7506120609524578,-1.8911573797744334,-4.413056484457655,-1.9817941276018158,1.0007874315235306,-0.7111404722498638,-0.5868052292488939,0.6312061091633814,2.8409276534250933,1.57417559176554,1.5595449940849255,1.0453764912105816,0.6968958039640705
2.2579997732782053,13.653870699134487,1.788859628467179,-9.421831395559172,-1.361026731457979,-1.2206353720945677,2.994953509227953,-0.2822369955949068,-0.14173520594683764,-4.150745246589795,-0.20221498774312618,-0.7251006140994892,-0.14253070412595303,-0.9654257415763352,-1.7416941235179126,0.9904843891124089,1.000688884513349,3.326759407891651,2.852524156859265,2.328367859414536
2.401422421702149,13.564629932479196,1.8874016444009754,-9.452534683756486,-1.3725072990362337,-1.1444959357030722,2.9237923485933655,-0.2584131815288554,-0.011783849628817233,-4.0245530216429435,-0.23372790159218448,-0.6481686775900461,-0.1295737824425377,-0.9372332638653816,-1.6556376845679137,1.0025673640689714,0.9939857499976698,3.2630913228526284,2.920162708366856,2.222079750702452
6.212292445038662,9.294807679579929,-5.813836557134677,-13.598375676702268,-3.4869308443120977,-4.760680574985809,4.565449233410366,0.507366687044512,-2.2859734047255613,-1.7583635814140641,-1.4608664608083184,0.23570104528416347,-0.27255654078958735,-1.8218621709138278,0.7238291922287466,-0.6823520641323496,0.19792455414490984,-1.1079732330843532,4.497868198160481,3.4498357953462078
6.040367550657857,8.81048501504133,-5.987140613662858,-13.273318491532638,-3.0444142805241365,-6.323708928661052,3.9156148751341515,0.04976904365253376,-3.1685351211989956,-1.7288209451985996,-1.037962669392319,-0.01275173483878178,-0.5484515860592267,-2.1248244348687333,2.3164017560707064,-0.5197381167076469,-0.14188463017113756,-1.3821968721631628,4.877984835630792,2.6576901867108904
3.4588699640451166,7.494549625217018,-6.8239052646818275,-11.946832547855461,-4.887419760054385,-5.441728473829236,4.736072769684924,0.7997075766149822,2.8722184675955775,-2.1554920168760243,-0.514057005776106,-0.8076788388508744,-0.4887386377263023,-1.6347903528412695,-1.6567246862238236,1.3914245187230692,-1.123469556664714,-1.0456950882903133,6.813977712691597,2.823582311488949
3.2958000140352146,4.930959929503842,-5.242110299926638,-6.961903168307227,0.5776194572994973,-3.19423828472668,4.721089525380925,-1.150053260349988,1.4094599915061812,-3.1614952221081936,-1.5498340029102602,-1.7986967511646432,1.1727830097352148,-0.6391496739819011,0.33820969919810195,-0.15353495267985726,1.258347162779885,0.6781011774369787,2.7336550030621343,0.4915089779656413
4.2729353484771755,6.324773670919294,-6.621782053395976,-11.822776548966232,-2.581084211234742,-4.307874720863947,8.730578489935187,1.0363175748040134,8.312327826703905,-6.2818795642088645,8.859081106334987,19.395522854417422,8.911878413699949,-2.359766541175609,-1.64563655975827,2.2974068144647606,-8.891532926363837,-4.967433269369109,-1.1803119705111975,-5.6509405234722525
5.47651313819625,7.691383444716041,-7.015437847412822,-12.932098166638859,-4.83079565785537,-6.144562679274755,3.7506045058193953,0.7107938697125347,2.7769924022988284,-2.680981987338074,-0.7212589051844248,-0.48454127855773976,-0.8457314241773052,-1.8673051088402146,-0.9305367561394075,0.2636682898926052,-1.8628601954688535,0.6559815428547566,6.190495103436792,2.3689441534193194
4.410165865785878,9.8072018103199,-6.6098769685297825,-13.103653718029857,-4.937318830721894,-5.268002204105981,4.882878994597708,1.6168133031952356,-3.84124310871847,-1.2970874801176309,0.29728428536246587,0.8330674762057237,-0.6085876517725544,-2.065265989768403,1.7071163912853122,0.0899210091195406,-2.155907096807068,-0.5870348383462083,6.286015625152656,4.584431653599434
0.5400948698284365,6.348002687749361,-6.25046569342531,-6.418343196594895,-1.149421697236828,-2.057274042604462,4.963891485250442,-0.29577542254799616,1.1671548171471104,-3.663870142831079,-2.185013480626146,1.897718577465202,-1.2681337147993212,-0.3668999357347823,-0.5369859282226812,-0.31748973266983666,1.2803610050397731,-0.3999924688125252,3.26897070999767,1.8418953723109084
4.432001144214208,9.179265246188681,-7.024148026292881,-12.232481453905496,-4.012226903501384,-6.922550713862753,3.9197576846679727,0.5059372551259749,-3.936009867790202,-1.6164788605905063,-0.43003504579705704,0.11044388695052487,-0.8680892713513086,-2.132768516354242,2.0833510186375728,-0.4656328061214321,-0.7055099781862764,-2.1480661853678056,6.129887053904529,2.188507074735716
7.724404773119905,11.955403711160152,-7.612989401053156,-18.3630979749569,-5.2033252448462095,-10.692681580635188,6.696273433436321,0.9992766358955044,-12.814012736650392,1.1774356653538225,13.823612023315434,-11.843922139328942,6.045957645853779,6.896415896155416,-4.207903583099094,-1.5219563725298957,4.804518246208971,-6.592735605971434,-3.844436695655934,-2.703400615644653
7.5526765819909905,8.382207861198436,-7.546463027354255,-12.885065688178994,-3.6684161570786156,-7.8912606352242065,2.5962428613992286,0.7024393601359824,-4.434407427197681,-2.153247857877998,-0.6174948983742226,0.5547864081066282,-1.3467540181243134,-1.4125244783293023,2.2830280565932637,-1.1582604340044995,0.6555911816541429,-1.649083823664247,6.2732609329365285,1.7922942642383792
3.0997297875713112,8.865646712327793,2.555241253460024,-3.2380556363842463,0.5866825930573737,0.5770706647821792,7.0396040848920345,-1.0170033531658393,-1.699602971840215,-6.213681648951955,-3.3508720431769987,3.177297049565437,-0.49016978749854073,-2.5938511094524284,-3.022407075837072,1.1888197118088444,-0.04637438348667472,-0.3481010691942226,1.4277408666765363,2.4627119221003753
4.019322825278344,2.1364505228270643,-3.1119814269939763,-1.3719187235041224,-11.69404790956246,1.0653024803281197,-1.339532575434731,-2.21668583416545,5.308310728520856,-0.36112292493484155,-0.5732864812237259,1.2182721328727912,-1.426370714323467,-2.2286681453486685,-0.20123508555325909,3.368093079537247,0.14642959314603415,1.7259185496887808,-0.9189676073651689,-3.9182595694567324
7.3831161657529805,6.347709428250848,-2.549539363174901,-8.953067968654597,-13.898587971708995,-1.854087235112975,-1.9912550904670356,0.04381762563668301,-10.593113912289486,-0.6866108772449068,0.3723385380238686,-4.277453880129302,2.8743260201064245,-2.741615535687647,2.894765997973913,0.8215017366517379,-1.2734199740735086,-0.2567612695860645,4.494388603571196,-2.2418664203241176
10.573304067551229,6.583865393151702,-2.7571261970710563,-4.389237772741612,-13.297945936659609,-1.7791708973107458,-1.3486997909362965,-1.0564738366552375,-4.96287913504935,0.7365838117104259,-3.809495845407719,2.653037820416272,-2.2746198838513383,0.17527951087119542,-0.285990718328022,2.9495018793962107,-1.8640951948966906,0.8019367760469278,-1.4538697130761435,-3.8906830976730875
7.586412185139981,2.7193659149751026,-5.363120740352649,-0.9326749642428073,-14.806844856232647,3.528404374486022,0.33956156098013834,-3.77144540215102,-6.541899660732842,-3.054777591423996,-0.9000294355928073,1.3958206713980386,-1.3099672278173138,0.8286684621405134,1.5233813796332196,3.6436750165747687,-0.5020927112610118,2.6534232688458936,1.3202754187527754,-5.347850494791681
8.233932097449644,2.141645467627889,-5.599128844864925,-1.902915904293238,-13.683292715643596,2.8018080824184577,-2.124534457810903,-1.4345862380276697,4.842848430064869,-2.8533255351191564,-0.5297292009538005,1.9569809451077358,-3.4267053342985854,-0.5897442167828512,1.6299311142469795,-0.8167141998289339,-0.3606305120520885,1.104325895556635,0.608304928881253,-4.4195816444539595
9.638717949815028,-0.042896940199095734,-4.145456921099064,-2.005047048444518,-11.277984622443988,1.1549603169020066,-3.3756407452800556,-1.5560231033975436,5.068322112228845,-3.1578139167220893,-0.33828365567981544,2.1366623607604787,-2.535393935795423,-0.5255415413252262,-0.18956966460426877,1.6860007811359274,1.2848164114228413,1.4237299013949327,1.1695256587480705,-4.493358437171335
8.22667438971844,0.6908694781311157,-7.0142425598855525,-0.7229516769534894,-12.563926836466344,2.481923971937137,-0.610490106925125,-0.17090754255004403,5.172633361649232,-2.7312819153721826,-0.8291218594410927,-2.4765607553866,-1.037200532852783,2.175525890931408,1.7027071203254678,0.754994763445489,0.3538393080814642,-0.48337969994281793,-4.0890349203588565,-0.30128311029269195
1.7779934177295464,4.046567670957337,-1.9813340690794394,-1.1692292009006622,-7.506909605576578,2.2783324439501564,9.003309270177924,-4.768929773793168,2.698581049226572,-3.615759139915027,-1.7401147681127416,0.7021834753518026,-1.2699863556078852,1.8083221247318249,0.9005761197320802,-3.1031115970108476,2.999465272038919,4.244582858721912,1.6305430665683232,2.354860710585346
2.624305737813616,-5.633103742462849,-1.6412620503544737,5.722864941368349,5.9031964934731445,-4.319979959030446,3.943486355535361,-0.19882886283018128,2.9346540221044197,-2.216926155673619,-2.256412858124796,-0.21332512605859252,-0.9753837137312618,1.8071654488729556,3.964723090253206,0.6436103279070878,1.5383438788013228,-1.4893899868280538,-0.16217909470228853,3.127013672381966
4.307931086350944,-6.577471508751071,-1.6146979949504283,5.8267964047595555,6.218934321495,-4.758882496662332,4.028400319142429,-0.23603103225621555,3.3011825116450875,-2.314631332805888,-2.166712242441209,-0.1232487532170114,-1.120466420794643,2.215674650619624,4.4677578029067995,0.5737305119633697,2.0892678928691404,-1.253941625901025,-0.07066987742612799,3.6641094931039624
5.828651575284841,-7.18183433754813,-2.514261911562058,6.515642882170269,6.6287987679043106,-3.568765809900323,5.84498552508073,0.6409972584207135,-3.355225686887634,-1.6076908864898423,-1.8250674170936165,-2.037082624185957,-0.7347667795811489,4.735303954413904,-0.0023733146268188343,1.4923710311801968,-1.3930852097527981,2.773021336748486,-2.437272031876736,3.0895028821473707
10.702325100322156,-6.133429257630024,-4.688276532580044,5.664394837859477,7.7732331399856935,-4.860951671512044,5.132134192785321,-0.7298357032240944,4.373393804391073,-1.8836140192542428,0.044070090203031986,-5.441002336769605,-1.4635525813167471,5.810521327627669,2.4811994394324266,-0.8826276300475486,2.5510981105933555,-0.5634522317877613,-0.48605168607466354,5.195152336512059
12.831132084143249,-6.636436117091665,-4.698825188975851,5.9111192462737545,8.175647577373022,-5.265231981239875,5.336376344434249,-0.7541235009405507,4.827836737996163,-1.843005849548558,0.3368902590729766,-5.923287168952482,-1.5754183425782766,6.376811635335345,2.6444830494900486,-0.8710151586079937,3.042804673938334,-0.41697668555700457,-0.4008954869141718,5.8189793999921005
10.87617520807854,-10.27165513921166,-1.351288781894161,5.973935024541351,7.335362998725019,-3.884516696001885,6.7514737277711285,0.19664414267360675,4.386877167617697,-2.508169882079766,-2.3309647613896627,-1.7982231919081295,6.431393758983323,3.1763737552275177,0.29867140234266537,-0.8176762901423185,4.983390332675419,-2.029398132871929,5.231556864128708,4.710806305793777
12.556277539610324,-11.088169412835388,-1.377125436944013,6.080478475629669,7.6110202409290055,-4.174437861327608,6.9942304094188685,0.22318755053958228,4.767846644666526,-2.5408216236146863,-2.319806855855167,-1.9178316559278132,6.927497819134115,3.2590972518749277,0.3575000800118331,-0.7035818820568016,5.659994475744864,-2.170238031501531,5.71644401226861,5.1485188001569195
6.89384520845228,-6.164783223195718,-1.9557190838739238,4.7936483086407105,7.143852313817705,-2.3520724422507984,4.9030545817915785,-0.11414022231480006,2.8465636370328316,-2.0318252110132056,-2.003938132904088,-1.1578656295390357,5.4018910135221905,2.384140963998007,0.6028248570749251,-1.609089161851937,3.44244828418969,-1.6345007553903796,3.876051457773905,3.9043041503117175
6.708156102475383,-5.166074297498982,-3.3995610338980975,3.1303714473841495,5.606601783840175,-5.155870055853175,6.995243544515658,1.7986227759191462,-8.92799607151071,-2.458784368601158,7.1548345938087685,3.396532454857064,-3.9270543129885356,7.623569438683946,-2.4528815241260453,2.944409412700044,-1.5177056754703864,1.4199673846001462,-6.456113147387416,0.5866455634960264
4.562350355684549,2.1335696596277014,-5.059053202128063,-5.481303406718776,-2.5115455650108403,0.5446664925379172,-4.187703510168062,-0.5026133058511214,-2.6984078321640386,4.123468749801336,-4.195744152975292,-0.7883242922882248,0.7781331555531928,-0.5120773088096738,4.639915272524342,-0.3990205396666738,-1.5639887466477314,-7.148849854890678,-1.5051273117688582,-0.7379945432646938
18.112943492465682,3.6695911766652793,-5.709115065918882,-5.471359624043668,-3.498320696707785,-4.397419947324447,-2.9985057476135832,0.3982170457753323,-2.908092614440926,3.6439981630195826,-4.781695409713255,-1.8122679384216949,6.462486013256535,2.3375074286156297,-3.0846195287307836,-4.153487252439053,-0.05443865072962928,-3.282603678811979,0.517035640214818,3.3257966673533743
17.604069653764807,5.766328194712779,-5.548218526954515,-6.998719741948248,-2.3559772195224356,-1.6104100312070737,-4.142724660239224,-0.5284704610648485,-3.067470837285217,3.875201003540792,-5.063759015865778,-0.16293281382210895,-0.6193919036778696,3.932676500485849,5.839430993217309,-1.0894815325755138,1.5894992208332557,-5.3074851040291735,-2.0352946654762976,1.7538718628003462
16.004765703187104,4.004285384042663,-5.158854123714665,-5.123810755425157,-3.2504226746784775,-3.6741959689940593,-2.447357464372558,0.23031021727096102,1.8068456174070269,3.7115661095284658,-4.653007718074247,-1.7098917062409593,-1.286166209407256,5.754242709206222,-1.8535688667345267,0.846819987522883,-5.229156085125936,2.423826945252336,-4.33348919642442,0.11679968019305625
17.121672359460355,2.662536465278226,-5.061206704342466,-5.581576395686161,-3.5380016949960256,-3.7439629229314177,-0.8301425027915231,-0.10898670201701699,-2.3552886108030817,3.508410009675286,-5.3287161054557854,-1.6315449924512864,5.923629339797949,1.741469438391149,-2.7661646830291913,-3.870876841881609,-0.1874456359281712,-3.088683425432679,0.892010689181169,2.9860586713167763
18.136092388451424,4.196152379385974,-5.619919757850125,-5.826764849473957,-3.2220671461463173,-4.600785494811572,-3.1161354750770793,0.26567456019728686,1.6143114311036377,3.255611417279653,-4.8888008103329,-2.4068665785662975,-1.041438143464979,6.1526461465880535,-2.280226637053511,-0.10048499955334939,-4.017052294391747,1.65198559023639,-4.212561790965321,-0.3236882402903602
17.22248444555089,2.977742277087816,-4.732776818785071,-6.332330053050004,-3.3208495279990933,-3.3502964972332983,-2.613961340692792,-0.29490344189186135,-2.128078937308183,3.148270006819639,-5.439567239505017,-0.14147798545970441,-0.8313405813053651,2.832399513216407,5.96801743947114,-1.394035434684797,0.6886294468881908,-4.365994963357203,-2.6186033381048466,1.918411012178141
17.642059358781154,5.999870559775475,-5.3094976575449415,-7.167683284479727,-2.322025400109644,-1.3068104848746982,-4.477029600055355,-0.3767036070112585,-2.6113889537893384,4.0322247928854855,-4.768007619717714,-0.09801570264431725,-0.8853047955497979,3.8672751096324562,6.2747423793935795,-1.1763738625833198,1.658790397557659,-4.965514272527063,-1.8100158825588997,1.603672648962506
19.462374192377936,9.623092991644597,4.1541829042619325,-2.4263686179919945,-3.3629039605176265,-2.554481871781508,-2.011139268934926,-1.3867958790651322,-3.9818030097571384,6.07049789988779,-6.059289802030696,-1.747924972819381,-1.8686729153753312,7.2445127527499835,4.879849358014601,1.0348269918727726,0.42540259161113636,-1.0902569647842937,-0.5489138549351826,4.075805339452903
21.79419627621839,14.29858692999748,8.314217926124083,-8.453753737577632,-6.260614273856152,-5.082350024398726,-2.955477344637586,0.7976626949701939,2.7515384775286384,4.436677949805774,-2.4493412567954285,-3.2917988829770843,-0.5463340700105567,3.4295510000462732,2.1949217969416246,-1.018893573127864,1.0741096067544813,-5.120140866837863,-1.1882403217218847,5.003312212077058
19.864425926875647,7.109240436403986,-5.91670521940655,-13.171467109436287,-7.553426281713186,-5.548167327547285,-1.8905772682472495,0.8833371592538176,3.596202676940845,4.6587302080772695,-2.6984505971237347,-1.676490176219874,2.9102714312616285,2.9207471974992565,-1.522758073421417,-5.149803417680003,1.1853108470783091,-0.6882801990676044,3.1455589130081956,4.470862265485504
19.566116336910344,2.6667102784079835,-8.43507152520302,-5.642702156762578,-4.765530119933603,-1.3317343861644946,-2.1705824743248288,0.3287699604156339,1.7949755027717695,3.7604261148651723,-5.171891541480032,-1.6797397079475662,-1.1900553821129456,5.15619090044965,-1.086782790905429,0.5266150653650368,-4.657559636266917,1.7174248538485855,-5.057771729030025,0.5568543451421737
22.458573981663548,10.420151901457888,1.811034724648918,-3.260863252241517,-4.097794968010131,-0.18588712371244953,-1.5852190033965936,-0.4335883142687603,-3.1785725886955976,2.5820025238332525,-5.079378411448704,-4.946556659171547,-1.2628133601671163,5.740826804807175,2.3591833105886053,-0.29142592266208395,-0.5896006793551906,-4.667253764400382,-3.624191015433401,2.9544253130632194
20.890524367105346,3.8089543234868506,-7.609635637275555,-4.850008587321378,-4.262416093687021,-0.1532608482790183,-2.682901057571094,0.8477154489714627,1.2651661833818593,3.9167611191501592,-4.38845395053988,-2.6261070232154506,-1.0457858569127634,5.79480166265949,-0.9684208324908193,1.1484195249698652,-5.046239489737201,2.6524297264474335,-5.468958897097626,0.7193534535199111
211.32528663080086,119.89844688730003,177.27816084121915,107.23497733521616,78.71411745831537,88.60860219240666,19.8157712181366,-15.6716223310993,28.811659693294203,-1.687559793609342,-9.979106996548177,35.60158424745747,2.966611673494569,-8.33542697592868,23.337311296027508,-15.535685677250834,-14.34801810496605,-17.515280797488323,15.36416721052068,7.720149879172296
73.80909577686776,39.69236455162607,83.67406498320278,41.10967098229342,32.02576168927835,30.237677808196985,9.547240191667573,-7.7771154062372005,10.48710692365422,-6.3146436395049,-6.099484153122689,12.029984018042951,2.588654806966262,-6.943567945035385,6.672951512155059,-0.8084976596773361,-7.4085530961539785,-6.512775614442329,3.7674846623167335,-2.2901475382055962
79.189026072154,39.529329805707675,34.22895223290878,9.016650379829425,8.01538465539742,3.4655014371167003,8.75086856113354,-2.9812368366016284,1.9216744463901017,-3.9682059046668434,-2.264964271385433,-0.3317362069355685,1.2001175747008,-5.344948767451891,-1.6272934720179248,-4.2773678353698035,-5.3149828375554415,0.6724038731263944,-4.087748132252543,-1.9539920744454067
71.02737288978506,27.4916492999821,38.23303663416871,9.90121430289865,7.833218385213872,0.6319939989917964,7.354097433891569,-2.8284207854333423,-4.771193288692718,-3.1330044011234053,-3.1017685109339155,-0.4290282199162192,0.6558610171158246,-1.6448047059072621,-1.1906432409793903,-5.675296436316213,1.064037260006776,-4.2948989827810875,-1.8855586426789723,-2.067419641166655
77.34194279986664,42.28597820198094,81.37991940053008,45.705082862436946,27.112159550625645,30.403214052083385,7.649320314120453,-10.594634876757077,15.88621181741793,-6.367711252755583,-5.8504878806187115,7.038022885248979,3.491735376653204,-5.02655415989719,6.570089958989844,-1.9018877867762194,-5.0151320102283,-2.288057453173878,5.389163624054553,-3.3670741723031723
75.88898796747901,38.4257958475669,83.74246741435145,44.10148767886975,32.33690486717484,29.920480234466453,5.6209332287948355,-7.481204478559174,10.04907103496497,-0.02511034637778975,-6.101901576036095,14.038966843358635,2.2965917201433874,-6.572305107823169,6.49544217016118,-0.06797950028313715,-6.41420349118745,-6.337839773070076,5.026670695510713,-3.374656761391069
73.70663089014433,33.04684023955858,31.756066280437658,10.89384209240544,9.465390031030147,1.5085210831007951,1.1367550341629244,-2.915885522328501,0.3405282960645286,0.14094917329716017,-0.5168443188268348,1.2411557836625402,-1.2163302989067726,-1.975389850254909,-3.9237092782606666,0.5450733458586976,-1.1593930171818758,-0.5634187905032038,-2.0277879673681007,-0.7136232389024038
5.480180172034372,3.69461273084056,1.2937742451303644,-10.714467931097484,-6.866020804170586,1.2604795685439572,4.064423757932707,-4.895722336636785,5.270112120396185,-2.6265875365033837,-0.5082232779617522,1.540809047516041,-0.42997179713112943,0.810866079362845,-2.5610188267588017,0.19540602486670067,3.0325569453857018,4.64201979082747,2.1528250114589067,-4.507449143966244
3.0593673539000097,-1.788710415984227,1.541694977891132,-5.136428790611854,-5.376020606999735,-1.4005512491350345,7.684120031204497,-5.633131509401279,-3.4925812593247736,-2.5231295637052273,-0.7895883453843163,0.0799454909920233,0.5019125185092831,-2.0989844567779663,0.7251165142807336,2.014633616852266,1.8551677758562581,3.431894451140278,2.9004775921950223,-2.931180071192928
4.4777686153979905,2.9387375281020782,4.158315797361554,-5.300234396322813,-4.9613760233013195,2.0566887037297192,2.987219008135158,-5.271136913149832,3.109426638914057,-2.122427795518879,2.323086586555903,-0.5533444859105566,-0.1506934729222567,0.4066475156155894,-2.7353415756304145,-2.6406397835310638,3.590039210325121,4.959088942097213,3.231414596352087,-3.6615462049169736
1.7125172974510434,-3.9707043110660836,1.411501274843105,-0.5587690007189168,-3.228581925591884,3.4893965106367464,6.833409857492524,-4.167531826375377,-0.11106619907143855,-4.348766192050867,-2.127604498501335,-0.14178095198224905,0.4771709012219477,-2.7988246082102504,3.0274300187458723,2.630597275805728,2.271338884000058,0.8442784070927536,-4.812422403090228,0.48426976807615085
3.3929666778718586,-1.2740048421397034,0.8600391273042348,-0.9595829177211258,-2.2268694508004736,3.3252439138821765,5.099953480489766,-5.554140204914527,-0.7727999055556005,-2.9149628238711665,1.059219658665288,-1.3191770414943338,-0.7426272199219054,1.1298170006372703,-3.3978396829516533,-2.795354021814576,2.7753574168367257,3.510523197262742,2.6856295160102728,-2.534038098186288
2.8355363531712534,-2.12581982802124,-0.05882162903752186,-1.434394730499299,-3.117938611270249,2.952255556796832,5.882361106620338,-4.615433346980621,0.04934986056881485,-4.027984578851763,-2.066088048471655,1.3187531701904502,-0.25764618607774237,-1.2960074499093237,-1.6521279084967104,2.7921409934720556,3.265876290681763,2.9376490443239582,1.8348138598460126,-3.296619076813287
0.6991184220641271,-0.7995921623519823,0.10782847444027144,-0.8862292925467053,-2.933474515295911,2.6843606722852402,6.37995229636557,-4.19374019477071,-0.5171539094572857,-3.8094329321238334,-2.4815643301470445,-0.320237974227927,1.1848678320199417,2.7930081845880426,-1.78696628748617,0.1249594968056463,2.329376878776881,2.485180867830291,2.503621839395846,-3.575134818782069
0.41187446714749987,-2.6871371222606655,2.1050481038068054,2.193638707551655,-4.187629133157213,1.4081610181485407,1.382100513852111,-4.399742263942493,2.1239440232860503,-0.3810263883376569,-2.601338179455654,-0.22235761648059227,1.4022762845168075,-0.483739510365417,-1.5941300646182521,3.0482900302353726,0.8810820225507041,2.9503107989403103,-2.829676038950786,-3.392244458938095
-2.1357956614324407,-2.5155157864605338,1.5200172493969084,3.1369121832567415,-1.3014631697477093,4.776507672582387,0.2300317898111576,-5.287626769322091,-1.84568853228537,0.8216165325112061,0.6339670436714394,-0.13341484652685254,1.5314299024837152,-0.9818222540561484,2.1919739058929317,3.684256804678702,1.0625066365108915,1.7393672835100529,-2.5346317392042743,-2.678976265013487
-1.0330020648564804,-2.224062040890079,1.633470602008518,2.917393219341095,-4.100737153946243,1.8376162194268129,0.4890945143434136,-3.8341956413775318,1.9632065251883335,-0.8834618288494892,-2.5597505218913437,1.3493078876464344,-0.8937199026729548,0.4773089086706608,4.086803832502683,1.4578932138369771,-0.2625641938023963,-2.8695136249829813,-3.4913769714931897,3.376048732149506
-3.68771698800428,-5.09379749833625,1.7516501368082094,5.477430872300742,-2.4319477049248945,3.2278269388865213,1.5336390960495656,-4.7308954460556,-1.770380705913434,0.2711297930666629,0.09087379334831353,-0.8574630162419463,1.740289415292383,-1.2066760402341155,2.8341698032076583,3.709005604573145,0.5754156073831809,0.20316927802678664,-2.270637248507786,-2.55329789824472
-2.4735645504468895,-1.103417835769779,0.7379913028292174,3.638522604150241,-4.311988555776557,2.155208258573766,0.88785336087564,-3.9240488922199996,1.6696880897018809,-0.30441706266790863,-1.9670654432868486,-1.0004548987574238,2.0333928141735322,0.441682974751136,-1.8693172544514183,4.608159694636244,1.8607396630273585,0.9238122477664629,-0.9235495181257569,-2.228554624697537
-4.921427164603958,-4.191361688489486,1.4474527062548672,6.54607229053479,-2.262696466123299,3.872423487815393,0.9107926729626044,-3.606778482880635,2.3139393970772373,0.5239663731287686,-0.18772552823626792,-0.9107087548280253,1.740906206881159,-0.8704127403552966,-1.9066459973107361,4.717062762258406,0.8242277025773983,0.5275586463543315,-0.4885600063507855,-2.723155136524352
6.952593405275238,6.116498663348974,3.968049531120221,5.494200443880637,-1.4739302865692445,-4.262886802022669,0.8347805379252027,1.7527096071224304,-0.18573955007816081,1.2377000796413375,-4.312184404256009,1.7919339892343693,1.362354129829383,-4.768495069927073,-0.012971425947376658,-1.1245283378555455,-2.652327527588244,-4.6836206589795335,-0.6668321225241521,-3.182771843527303
1.0191032708295693,-0.5016778331872107,-3.526565466879487,3.2264411749889295,1.5796299682936799,-2.344125556955368,0.12511994183094244,0.26629559991810114,0.5232322926945285,-0.12659074814914473,0.2993500797651615,-0.111634700328272,0.780129437966244,-2.097180904402245,-0.6569693529020214,-3.4854000825495346,-0.42537312281390877,-0.09221266591089111,-0.39632206035902195,-3.1413205863655067
-3.741413308627886,0.4960211145427416,-3.3293285200973344,0.9663572170221912,1.5207831926326603,-1.2381490424700266,-0.7291912410873829,-0.18276612460116146,0.6704939066349014,0.37890100889714884,-1.9397005897993347,-1.2083349151835625,1.5118437816805637,-0.8620242646124816,3.061081671425913,1.2513691794683086,-0.4282369915658403,-3.445101026413751,-2.4049752302501175,0.5252633535021156
1.8478508394873345,-2.7523705932181146,11.58734897787928,-7.586208402619979,-0.07854634030008428,-5.899757162537217,-2.614236184348051,0.09452667295500494,2.7344626219803194,-4.0506434203028885,-0.4842268380388274,-0.8546942431946285,-0.2431110323581928,1.3297769977439222,-0.9427614622020782,-2.4614739708573046,0.7530585077473871,-0.03479809145376955,0.44573747633784944,1.313319595732845
12.36150327726769,-15.048809982713438,11.299687842837974,-3.4148372804252363,2.4217333978901614,-2.943746390666373,-1.418152204866496,-1.284849251337476,1.0781943905506368,0.39385891600465706,-0.1657767145656619,-1.38698082271326,2.1793582289408135,-3.5817099657061044,-0.48514195598786447,0.333469143548765,3.5688031362539725,-1.6131846979615518,3.71673678604227,1.926505931842514
0.23086640944265702,-3.652883161905113,-5.816919379615701,2.559817003553446,5.328495718976909,-3.084940132180771,4.298907564399517,-1.1306485966873647,2.632225254007456,-2.4005900199321086,-2.4074746971442713,-0.9305411690970381,0.42409131587476395,0.20848582600820909,1.945433746163281,-0.07370354416727933,-0.5829113818349045,-0.17055776397292025,0.07515539273296468,-0.8940042709213116
9.671827860069715,-9.902133953083165,11.267020786702622,-3.9669126613742716,2.306805873089048,-1.5119075649854672,-1.3246963848100022,-1.0529995252756224,0.14827660179069058,0.9955822882828662,0.09857526202363509,-1.2112302181148507,4.6905657696235705,-4.748553312012812,1.291788689643428,-1.7247432589916891,4.154660861603787,-0.9374974146456254,5.677950627921086,3.975281708182891
15.051930661482784,-10.487976984678408,6.816558493805431,-0.8733255499203145,1.2101939060270794,0.7862596150391166,-0.19139756177349931,-0.6040526606553572,0.4758656908959603,-0.10099956352120243,-0.20097657024509724,0.2537483810975184,-0.13779605545374518,-0.9300432364359799,-3.4481007408540503,-1.6271229706108001,-0.26089662614606746,2.4405523254322414,-1.1209578553937511,6.5860071523564265
11.94136489011851,-13.597018256216142,9.243166529563517,-3.801628420288793,3.0023556232794437,-0.7016892283459286,-2.578747529820566,-1.413687887294129,-1.807767420605541,0.8099594000933457,0.5361615316612716,1.5139177955722274,-0.42040850203206076,1.0100302838093314,-3.3966993930034874,-0.2927404586981244,0.47001343350510394,4.462633201764091,-1.0270109611990466,5.243226192009555
18.332865135718116,-9.764570622410705,4.368198893213703,-4.302341752743952,-0.8827600250876475,0.007290935996334236,-2.889977288785983,-0.4760304073934992,0.965321007782727,2.7935720741694654,0.65174826062806,-1.8001571452585028,1.0181909834367997,-0.5875536911549293,-3.2201017920154302,0.943037638174981,2.062873337467912,4.80042255680536,-2.261362596255525,1.42160743916487
-1.9989884640240254,-3.3997951794935766,-2.9705196761927324,4.193500620804576,5.333473264479348,-1.7712658996809412,4.241112746197934,-0.16059900269393812,-1.9190124096358012,-1.1818428478934055,-2.220679298232483,-0.07001467718026608,-0.13400424104299324,1.113431294679604,1.295990853437106,-0.5528914232228248,-1.3713936995722091,-1.5830783554013574,0.054869383157761464,-0.9313881671161098
1.510752079774572,-4.154097923241201,-6.897266575692383,2.820210543606915,3.9240477598135586,-1.6994434124145368,2.512653886326314,-0.33475339308680807,1.7714524329210448,-1.7136468600875474,-1.1163347560959103,-0.43628945143112036,-0.2240970533193249,1.1186526170861164,1.5686159288993373,-0.5606467401998478,-0.15343251796153567,-1.793415502956659,0.631668288079524,-0.6535006549355606
0.7348660141661645,-5.871400595238639,-4.406290749069087,4.71980296072999,5.211146030356018,-1.2455677484652403,3.0184114387703866,0.23532930389045958,-1.6207186436070027,-1.26796375570579,-1.026253617765812,0.2669840058001911,-0.36329876506586534,1.3223471807276153,1.4047258170800012,0.6499133854197929,-2.146427282606454,-0.021936942987704877,0.2917711580692832,0.4333617417030082
0.8437248760833396,-2.6319865371925415,-2.719297864607599,4.321675057721254,1.540597706238528,-6.060767227669878,2.0215671115860783,1.1603415630134644,-2.998770029770275,-2.8690113183184436,-3.3448934616858734,0.5004073457377185,-0.9597002061651738,0.9592532875752169,2.2994919879230213,-1.2761432464519051,0.7990648961200383,-2.3357479176522116,0.21050478850703364,-2.1060983818285495
2.8465831491646316,-4.124724463960635,-2.1260373841079367,3.8804567775233454,1.5869143770326994,-5.5051327160945975,5.220343354679852,1.2948861364256807,2.006232754010026,-3.96973285186646,-3.5304859153436583,-1.8141187117240956,0.7279559943056546,3.029715358013637,-1.8235021804317086,1.084271467460124,-1.1041650243625534,-0.05815076567715605,-0.2765065045337828,-1.4585678421813182
7.599219108363224,-6.525347470975664,-2.672110778485751,5.259999853819455,2.834691686771628,-7.587026061277336,2.643099862535504,1.2546018475737117,-4.648001366945799,-3.0120127694041043,-3.9404982477267128,0.8721218755930216,-1.8974146665630336,3.60602772763545,1.4616664102072634,-0.5091859000336618,1.0101334555470194,0.22438017446214054,-0.6026999442829932,0.9163384444412979
2.598469669679293,-4.502996110952374,-3.7716703670895386,4.905611550566983,0.24603227275602402,-4.9992259713846785,1.0239921342430407,1.6519682062881116,-2.2509778946804384,-2.560764907816747,-2.3022328525416205,-0.15710448462683857,-0.933050127505273,1.6741433276836457,1.1209489185679553,-0.5196039709049484,-0.2913321371098115,-1.5964181778263868,0.717057529445863,-0.7437572206885995
4.589363882142944,-5.339654069747771,-3.866015762942958,5.153644715639133,0.3567522920364792,-5.479707793045609,2.6200783107951766,1.7063004376671913,-1.7992874883555956,-2.5068610012539505,-2.3042682572041104,-0.9278589720358291,-0.8924926876152639,2.6717644493379646,0.7219564212202638,-0.7134499968037985,-0.41008847981802643,-0.36675308963838904,0.3107859546213824,0.7569884978384178
13.179516188157297,-4.951524258881594,-4.813556361644162,5.215140838473648,1.72950638307379,-7.652124972010332,2.989138387322777,0.4845050893324129,3.216372235828928,-3.497964990486043,-1.5413843224816128,-3.8120965503775164,-0.4827927453249391,2.843073332299032,2.750540673677266,1.147364743102428,1.2316426967907215,0.06762300186925271,0.9117373504436316,1.0589462185358756
3.709610693333519,-5.628465845568039,-3.4192337132696995,4.106926150538675,1.0206216439080213,-4.87408723983154,3.555262584096968,1.8404405418735164,1.402925778243123,-3.552019931480107,-2.343960436216053,-0.8939081888391025,0.271122719656397,3.0697782776185516,-0.5832885940621698,-0.09147860643183021,-0.5399558093117631,0.9366530663253149,0.2986946343554686,-1.5935988252579127
5.441061574665238,-6.426174434416115,-3.075280958878747,4.287969207697973,1.2175092385991109,-5.222366160938065,3.749872603862017,1.7711278426110866,1.6972457721759322,-3.640506209924798,-2.7212110736112027,-1.1458254765485223,1.2623150715521583,3.2254074953694225,-0.7124654163011502,0.2831533201149292,0.3118217552118596,0.16291443446258957,0.8865320311934863,-1.142453039794214
10.13762256162839,-8.602362140283027,-4.0137962135564145,5.5309366817857955,2.4469707024842666,-6.779294232062434,1.7258247794785342,1.7256918266805539,-4.274008696606858,-3.016325766864204,-2.9212533951076356,0.26819454857884406,-1.5442384548510744,3.8805572663819548,1.195995906312487,0.6385759057120017,-0.0766120546622677,0.7975687870700187,-0.24730547483609622,2.404855329125388
0.27489571184452055,-2.116892033530504,3.7597063205495003,-5.084508014077329,2.895519418985386,-3.944736729391769,7.702930338883382,-1.4664657231544822,-1.2725651566286111,-0.6916572774039864,-1.7610019639583907,0.9688394265323389,-0.6401277167332068,0.28449201324190815,-4.345768833631265,-1.8608459736694662,-0.6636271229784877,2.1967693771527954,1.5635308298038995,-1.9119284758585242
3.0492591971683543,-1.0214609532486767,4.686290367891719,-9.95599632924838,1.129667495027784,-5.841647573482964,7.0242532519562415,-2.0749987115548425,-2.8532915310555156,0.5074978019106031,-0.36744216147458475,2.037559246242162,-0.6907265409477779,-5.30786204277259,0.706289594325682,-1.3712232637502617,1.8660337605265236,0.3611876513233442,2.2208440644790954,-2.0856909736651787
4.792029071991823,4.827012569796087,2.033907076776429,-15.712437629328221,-0.045019720833958554,-4.308679076641138,5.290721836827392,-2.047216519591608,7.921253686665358,-1.8939868904271693,8.365617704215635,-4.3941283129725175,6.705139177377704,5.630069368891825,-2.496756149257985,-0.5225007401900674,-0.566436230353961,1.6704514355286397,-5.585232582122293,-4.024106501805957
2.7970488052765834,-0.34435908999683207,5.002079841852046,-8.164324310258491,1.5873716598117593,-4.918037595408802,8.626712978680267,-2.564829567611964,4.9971934641249005,-1.5115942017812458,6.304017475613211,7.22821305523331,-4.5922778810027065,5.2595862184993605,-4.6754044954141465,1.3907033550531935,-3.8917443107199747,2.892816445714771,-4.182869154565808,-6.31623371160539
6.0636868962042225,2.8451332447007163,1.94072368102763,-12.263500099295307,0.655779061528792,-3.9317582070107617,4.02934923818578,-2.0495936825846917,-2.15577962548584,-1.5664422896000176,-0.15921911170767222,-0.37288128477330784,1.3519148329136215,-3.231519015773665,-1.9127964413694736,0.003941972632355739,4.807927595177591,1.0918103597868023,1.9626217209021766,-0.9024039750814709
3.8139039822777665,2.7713167783073493,8.21475754048654,-9.935740791996297,0.32684291537432375,-2.8613386053096446,4.995793502626322,-3.800067124888189,2.2066942120394204,-0.11177946551738582,1.264783722173276,0.15435493965150382,1.127951139765479,-2.813763050775379,-3.9119479408818543,-0.531340929861324,1.5623156358009833,4.458302068764392,1.2629695380713808,-2.3883692414645807
5.004985378354501,4.532026522837915,-5.043545566573327,-12.038187426069028,-2.5747258598191953,-5.109004643036978,5.11598532743819,-0.19146457347372547,3.7442211964348315,-0.09934052954838835,0.9887747714059956,0.8188114208211195,-1.6303181284119628,-1.0778797510015203,-3.7210974232398315,0.2252209723340197,-0.5924551669916367,1.1205021175942025,5.809954366271099,0.25489630119315376
3.288056436019094,6.241572438775129,2.057405008438696,-13.355899670632265,-0.40896293770692627,-3.426621124421313,3.3471513620051305,-2.463256723443801,3.2985797095258373,-0.6964648036756551,0.6863594183867887,1.485481418420946,-0.3753208031755023,0.26980144651674387,-4.306943255487266,-0.659600414438322,1.7519849183760974,3.758497834069992,1.642911185104712,-1.4348636904217307
2.495674337756087,7.405048496992771,6.209194296352576,-10.727648471621803,0.41906154329260803,-4.561911483893495,3.5101439584211667,-2.3756306796194426,6.333799783531827,-2.0992300071538343,7.991203650934736,8.796397473894405,-5.3028239199027185,7.867143384931419,-4.421393138196833,-0.4611373262089997,-2.0822927522764747,4.0814057011909535,-3.9939528067246366,-6.10635732755757
0.45484427092794943,1.2036598442861002,0.4374157722049965,-6.988844713528369,2.9552110756360523,-3.34559335308587,8.181772100919599,-0.9293422908793774,4.427883099232792,-3.6296913753348776,6.4742080008085585,11.058232800410845,6.118706191806595,-5.117631716313106,1.3830846720981538,1.9050605891204495,-3.506167547119319,-3.143538826313051,-2.0921296993373826,-3.859438006408515
3.88524386671547,4.807618830644221,-0.23456220298743863,-9.885733674047984,1.3069754221390233,-3.3738219182585913,2.764746420812669,-2.116804697543467,0.5110932170935185,-2.691228644194223,0.13822326799187795,0.3078118246898254,0.03959975906062135,-3.973979299791088,2.357567321644533,3.3289828468101,3.4157066594298033,0.8873323319627842,-1.6125776421836266,-0.9857836346932315
1.8702244164864328,-0.41278208743938105,1.7727510824793498,-3.1364542532839934,4.292276510421464,-3.703187362775409,5.735663520077226,-2.4529475478168727,-2.1533344305069986,-1.9452320523152724,1.0458759964445825,-0.7675502252674528,-0.26559545623929837,-1.1419356468518054,-3.84528800304595,0.437854892756545,0.9562963305378728,2.70447410151567,2.921509497571905,-1.5860469722814923
0.9605847944669729,-2.6359495181791255,1.047974046637462,-1.9579952185397762,3.5952025446272398,-4.901610439911273,7.332428662354579,-2.74018264725606,-1.601984386831162,-2.4012779846480514,0.280046287273517,-0.470880275744354,-0.06460547435812397,-2.0557525528761103,-3.506621540731991,1.029237542832166,0.21321756249893709,3.0483312384560035,3.3259705342532957,-2.1127576831524744
-1.557038885250884,-2.9737982359827955,2.2294212835005704,-1.5511419213206898,3.2410354423101166,-5.17571538127237,8.085058389259794,-1.2911147849558091,-1.5746735439626067,-2.0257597723597915,-1.6694824159887431,-0.0954650632941561,0.14256048950881195,1.067989654318327,-3.2995534718648774,-1.2089658909743781,-0.40301298592101076,2.1256234549552477,2.1530438323590717,-1.8089329310759572
-0.48447401001895446,-1.2502798837682148,1.6768316924201239,-2.938018891521062,3.6843601756999647,-3.016866650869454,7.261156517145234,-1.6564159898412707,2.1126302068300986,-2.0803008051909577,-1.3699531782306913,1.050748999605675,-0.2880831188091274,-2.7405478740424796,-2.201296011765461,0.30243894606274313,3.0706288316846573,0.5884310919583545,2.64004731875465,-1.3052083428520858
-0.6022732197147724,-1.0913552125713173,2.0741162075243293,-3.303295420729217,3.8747867032444185,-1.7895725035270695,7.3748766334196105,-1.7676110038635644,-2.3270931847692564,-2.5393231021672196,-1.0782013286954921,-0.3309729140430546,-0.8522766564976825,-3.6847216689407842,1.4958314446377345,1.9744184316546098,0.9051797708325761,2.0924669299154135,-2.45338772111647,-0.5347360138244068
1.4900159155788586,-2.5520380104179416,4.406333009109668,-5.983564123466756,3.153803701313901,-1.5056102811812104,8.683556201717511,-2.044703768239683,-1.2835118012134192,-1.8238007824974884,-1.3497641499989925,-1.6459173006347692,-2.168461353818772,-4.279885381378441,0.19268131940601957,2.1606590415700575,-0.5904320376551053,1.596697478670626,-3.280623518396347,-0.39044069691533007
1.7588943819677048,-2.780469880537223,4.3547400027517025,-5.7781993577803625,2.9000341434387513,-4.134999344830326,7.988742967216466,-1.709590511411037,-1.0248478161279464,-0.6955657004180889,-2.010509642290502,1.2582212912318314,-0.8645667519288417,-0.23503728801846235,-4.302343638078328,-2.4947833680256224,-1.1124621778893196,3.1561650443756224,0.7046587899389818,-2.3978226606713013
-0.3335870772664058,-1.2899325913058957,1.650317098254114,-3.0592106230544793,3.7764739505420235,-2.9570433577151407,7.275622450018612,-1.6912756247325391,2.1483110884469934,-2.0581809366201966,-1.3548491236115738,0.9758003443647028,-0.272741980625055,-2.7294897275191867,-2.33340150362241,0.2597577554754661,2.963665878758265,0.6355991530095179,2.6616420117912876,-1.3983896641059872
0.31787508459967956,-2.6089384613277318,3.0551043736500274,-4.903357198323973,2.7748423642052304,-2.749501679692907,8.117535819745923,-1.4357813250565234,1.8646917674817507,-1.1343578283861757,-1.6770875383957595,0.427359698550283,0.24147685238434585,-3.926149758215423,-2.0554864834474578,-0.06258562102075522,1.9652436913206008,-0.043126043296828426,2.624510369674574,-1.2419020109526369
-1.9339631778670616,-1.1534530442001008,1.139890066014125,-2.375330798040451,4.155358857984108,-3.0156761934611414,6.909488830437804,-2.781788235833251,-2.1402074946029783,-1.7212917490614763,0.617772819966105,0.12462765695633632,-0.42307509278102307,-1.2274163975897552,-4.030931681887309,-1.0975789624358454,0.9650403604984358,1.7673470124113737,2.7001020970057743,-1.385300071420788
-1.7185421646436607,-0.5079785087854898,1.2488807070889958,-2.4008042159636735,3.797296044847874,-2.800868846902216,6.981187468373262,-1.502391096626909,2.378269500930222,-2.1360135729449374,-1.0258134202696712,1.3682965008090462,-0.5843911016505501,-2.5685316230366224,-2.219177765813839,0.9693775351041778,1.9144356678766201,1.0932236868484302,3.0427843961619354,-0.8612677913939032
4.3238693947024895,9.368531746386159,1.1948382250708542,-9.473482210660215,-3.0096862180087838,-5.063809661962141,6.118396965981684,0.09402637614850173,3.4525456267190426,-0.2229664733544272,1.008244982974975,2.740864585153243,-0.12466697728977005,-3.9340233952970216,-2.542104308770843,-2.846136653076049,1.3341641041303838,-1.5715327344506145,4.444035514130703,2.6775076382832323
-0.39022745511949897,-0.6174753818599968,-4.527346033117112,-1.657283707215059,2.692490834350697,0.9831133109988657,7.308713027599744,-0.6506510859787207,-3.1201914805190136,-1.9780752503112,-0.7891068198990674,1.3754317677252828,-1.0345107629234134,-1.120138052957049,3.2612456432240515,-1.8014070849012187,0.5056511924885764,3.1424296070824127,-0.962055000379127,-1.040242302766774
-0.5938737670795204,2.0801540122539453,-3.9303004938299972,-2.5362819030696713,1.8797998074587374,-0.5630012425725168,7.521381198165326,-1.5301521612907134,-2.9396539559467167,-2.0284323827457236,-0.8292782340034236,1.6386672864311072,-1.0117320180335592,-0.8918165722933717,-3.042564222634891,-3.1001692558143508,0.5204690265834444,-1.0626355811902453,2.1788737616491147,-0.06678086730129695
1.8747531037017764,-3.6554760667374833,4.315049788038577,-4.769893721415565,3.19024130908286,-3.0206172406538947,8.759627205235695,-3.669354475364987,-0.9326549559595565,-0.5317083072794373,0.0786648544758865,-0.8102395533625061,0.7964418987592832,-3.3931844905250452,-4.191376088510776,0.8450201653436649,-0.047149233470536955,3.0514748636068427,1.5089106565372377,-2.3415286551277323
8.265167092237494,2.246102252036426,-2.862517466664184,2.0942761039030033,0.9138072566733695,1.9482032397010416,0.5746690881226143,-2.0028837888042927,-0.10154322526660753,3.29702016425627,-0.40202760056984754,-4.250466732944837,-1.4644857889991973,5.291360038632913,-0.1803552842264593,-0.6607061934464498,1.343425002683337,-0.1756356968801276,-0.9819988603581284,0.9106577514963038
7.926653657041533,-1.8898837518603422,-4.551428483782469,2.404088686351212,0.5724470153245236,0.3048589499182053,1.15014626177528,-1.2958363391829295,-0.20105106258267652,2.1828413634726807,-2.8418345340166224,0.6655682459002394,-1.2067384889071766,3.4350129563504512,-3.7777352655991834,1.550954331125645,0.640491152111126,4.354968921058591,-3.0237839561102633,3.0259306890624234
9.853678630670672,-2.7411770373617705,-4.6690202896785395,2.769381859846903,0.8034989338442845,0.3340868305129189,1.7135877491041416,-1.4305200727750524,-1.2216176228603928,2.4322318939704104,-1.525225132335781,-2.6834666597106125,-0.23295650999876108,4.434458767150293,-3.2162612891878437,2.6509055192898807,1.349623736597897,5.680530828556145,-4.288068407807008,3.118946637290545
11.22457112186987,-3.815782849791635,-4.673711527573722,2.8673644481181717,1.2358601886724787,-0.45323149937269536,1.526197726828467,-1.196046996797585,-1.0322487521648311,2.1834110635347965,-2.916473840291691,0.8326647304402267,-1.6106987253656393,4.473431563387405,-4.064216901829192,1.8847954162162661,0.6115138633276789,5.3861398955469575,-3.136336879942891,4.374334444706761
12.87188796348429,-4.720210375685365,-4.7536587327765005,3.094073553108769,1.5582160269433551,-0.7979612384090589,1.711282127287848,-1.1468573997457647,-1.442422655104379,2.188585623984209,-2.941801917738678,0.9156501986442798,-1.8099518960205612,4.980665752262572,-4.198920932074293,2.054608533817456,0.5930929549080255,5.8908491591190275,-3.1906104962398403,5.051952023690438
15.04509528178928,-5.8188012243328515,-4.3775959766110075,2.5908018875800547,1.7698705494587823,-1.19871932894445,1.5900050191486381,-1.9841258215960291,1.890719518827022,2.120501932729077,-1.694552785545786,0.8169353163041011,-1.4834027797095586,6.57720843743582,5.635067515461662,-1.4614383129473225,7.2009424337643715,1.1822868531081647,-2.914712221386245,5.27773989421943
16.172120963701794,-6.440122825574711,-4.940891702561063,3.5432456234489513,2.1909845156732004,-1.4345872558479338,2.0799014960997804,-1.0518594496811022,-2.255784010383821,2.2064384464362403,-2.9742700666485447,1.0812637448435134,-2.203807682077084,5.976808233929654,-4.451891140032942,2.3964161410208202,0.5496315379502799,6.880315583890909,-3.293027791046546,6.411256645136486
4.308100601577467,-8.435114034582718,-2.5589080650085836,1.9612530505495482,4.323474380779992,-1.0337194914983505,-0.1580633757893533,0.26748756531121975,1.10903104826284,-1.7488354614184625,0.06170205982425905,-0.9352536314853394,-2.2036472685052595,0.021071930168223188,-0.34441730516939567,1.5799808485065219,-1.0233808049232138,1.5776323524760572,-1.1902057546281282,-1.214693848779538
2.9510438683009412,-5.453793969846421,1.4746956393419008,6.105571930789177,4.358990422181828,-0.3089046211660311,3.471843041923109,-1.8086010574379672,-2.7187174916666823,0.7051252480677287,-0.11097009856189821,2.5493398251586545,-3.6605382380990674,2.5289879486599256,-3.5255963026681703,0.11401936506248395,1.2371178538187282,3.752232156094326,-3.353254688312905,5.731741335363633
10.111149035319684,-4.943992250513971,-9.7275941609058,0.9171099707007763,-0.3075318658726635,10.05810880515898,0.8899343075839639,-2.9693101721702497,1.5778789620602427,2.5245683200457347,1.0845105964823447,-4.576610641935607,-1.776232666393268,-2.847772623963114,-3.485659591705173,3.700413173331011,-1.9246352324695435,-4.924544690598196,3.0556284266799714,0.42146147322468275
25.55398943094056,-3.6764571220956404,-10.444007760516435,-3.798292814401289,0.8522490221706766,-0.07693725448525535,3.74748850353083,-1.005709105124485,0.3183293487398966,-1.4948703207033525,-0.8668983729676465,3.1084222602502907,-3.7778110536418796,0.2096014549970212,4.372163270959654,-4.718841301062994,-0.05176608264854332,8.91533362507519,-4.447957478070274,2.0057410044863273
14.315286791779744,-6.722525581319284,5.032591572976445,-3.4249300455059797,-0.8396532595830932,1.418760880559906,-9.953010251581532,-0.6966628524911663,-3.2427414887857156,-1.5068842932446767,1.6284581792630597,0.8014512613924023,0.960278734516907,1.595267004549068,-2.4181714296409362,-0.5041595195299917,2.0583781801905485,1.9354207020177814,-1.453710038116739,-0.3763614621385015
8.669997323671074,0.9337006959172708,-6.572995816654349,-3.298853883163828,-1.5227574830109334,4.006572441246677,-6.361863882747173,-0.9652035558871875,1.3153019729868216,-2.6878238312309346,0.3207652380266507,0.13874689328503248,1.3551102339687677,-0.9514359354603161,0.375738031715784,0.9248257337493561,1.101805222514141,0.882952878879369,-0.4614454804475065,-0.7294268666179347
8.445144323018287,-0.5874824949870743,-6.10714778198876,-2.8891374915265455,-1.2976219909553004,4.06961611221069,-5.1830173455992625,-1.3318571015024816,1.2695304565355747,-2.357759139269449,0.09032625711533582,0.09730565093487548,1.481369145190131,-0.9845516254060609,0.2714434454721431,1.3228364786156264,0.7076962031995069,1.4151084369919391,-1.005051662191315,-0.015359263657895306
7.820971170734476,-0.25200454262233124,-5.614002265656721,-2.5248077714597015,-2.268108718386376,4.993470462360126,-5.776067243230468,-1.007498902433439,-2.4452423758847126,-0.7984112507050241,-0.9904205264095804,0.5113578216666385,0.7511179154791224,0.34928058090640246,-0.8947208142474907,0.37093596969273884,1.497839083951993,0.017741309605295297,-1.7709064237718783,-0.2770231428292155
7.921998027887873,-0.06942970125721881,-4.64136178443898,-2.526371080501513,-0.7583330847688965,1.045069017628364,-5.0812726149320735,-1.5087685848436945,-0.93683326378858,-1.6745983600055012,-2.1031331400976008,-1.1200054806974078,-0.3993372567781271,-1.3156635531644605,0.11740080166402361,2.20756679794951,-0.2294564863162175,-2.2666869289274505,-0.49704960878031745,-3.692485719783867
6.223323940277693,1.7874959706549176,-4.312369281219598,-2.9567525181652146,-1.0290006844419155,2.06294546260591,-5.340299499215133,-2.1489108733223508,0.47380955104294065,-1.8161828625160725,-2.516592769604782,0.08546839479416268,1.3129235587412782,-0.9582372930353541,-0.3159007173037526,-0.10027838901685937,2.2526486887286876,-0.4303819200758586,-1.2078219317828545,-0.9704345771304314
19.10894453199897,-8.893726421428939,4.576430536419188,0.9747569074255769,-3.2486124969773824,-5.591229331385129,-9.15894213153085,2.2811415472110506,-2.3327670568754417,-3.280037175702504,1.8804298942867594,0.3936805563365831,1.2150983943124578,-2.45203166064097,-1.6290551493381087,1.9566625358842717,0.4572476153663295,2.5641310231734202,0.20081925881538926,-1.9906822648783176
13.910442597963765,-11.65556080058634,3.476658226875127,-1.3103076340985058,-3.4122619711127724,-2.890216854261121,-9.32313598350407,1.9742020793421644,0.30834956787453416,-4.017272815022617,2.052714575652034,-0.5984116283624077,0.6000936636349045,0.08205166342865991,-0.131845183569376,-0.8624703201455812,2.382980404612514,1.4770574095731566,1.2595999762335255,1.876385374738497
13.492605396327995,-11.6351379627747,3.5158787178605153,-0.9403655244705964,-4.072869215956997,-4.981855535235628,-9.060957426340877,0.7609954964821355,1.4336115322658851,-3.19207326353748,1.6053290767970305,-0.09592507216837937,-0.08546396059041726,0.20672271671005166,-1.870975319402194,-1.5244303206987635,2.6252279054258842,1.222969914862321,0.7699768816664515,1.7166054315578751
9.624991421306099,-3.8746173506435397,-5.044264271806865,0.17872335576925613,-3.695534531685837,-3.9662953778318033,-3.5237557742972276,1.1035828666246137,-0.41734128903264445,-3.941666734207634,-2.6273927385730094,-0.8443820547327971,0.5804043539532099,-0.32625340796259883,0.9955466328072201,-2.6278712706173906,3.6036705657789385,-2.8796610238975697,-0.02475375845959088,0.40666037675026084
11.839854745344587,-8.714658232718406,6.351317809502567,-2.1706696496848914,-2.99292774999926,-3.8001307830005158,-8.550720152636874,0.4072917352132482,-2.2805182651893423,-3.942549190120876,0.29775229166835404,0.17135180137414072,0.2005967639868223,-0.26372640128610036,-0.25573984656199084,-2.1285374495367533,-1.2216481350836705,3.426738707454628,-1.1829657427260534,0.5846781631964952
15.165070441065634,-10.38814203268014,5.038167474071576,-1.3344576399936572,-3.9721750984632296,-6.723888586581054,-8.363799981308416,2.6775915893783555,-2.4229460855807305,-3.1144191162843065,1.2802257543311568,-0.5388835069822018,-1.145246186906582,-2.4314765999208796,-0.5232403773227923,3.0923216379231473,0.9991383348228055,0.7368481180799686,0.4596037964870763,-3.0547015867324427
9.33512370192043,-4.4242129916845,-6.034999678627475,0.04127191108255612,-4.51992718592459,-1.1760329002423164,-5.008486695946985,1.694245850492715,-0.27834493817947786,-4.387013330563729,-0.33860139648064164,0.17133118122008595,0.15139941948472688,-0.7513126657115096,2.7054522136958523,-1.4531565101357686,2.7543165159103333,-1.3008313990172706,0.29270900407661293,-0.34820612652499205
15.336091332694146,-9.278692018545332,4.44589816876563,0.8917049311320395,-4.189999898698181,-4.622218829187543,-9.189761071478262,1.9341625551899382,-2.8287075290757278,-3.2018259691340405,1.4977311878633297,0.4056602261418206,0.34667137524842995,-0.9086399574711022,-1.727058432348218,2.9987436813403514,0.10098228308671878,0.7041477467982631,0.9965219308836606,-1.1568946042049464
15.158553203565189,-9.113948504470452,5.325298682546773,0.704356115021586,-2.3804590485846004,-6.009049088466631,-7.618459698369074,1.2446848603941993,-1.5636812772525803,-3.640369451882363,0.8539102266322681,-0.5254147638595976,1.0355470015919286,-1.608173716975235,-1.2697104165070268,3.5688089675094963,-0.11342915380885725,2.421182931599284,0.5485204191772135,-1.656780394834239
12.930013082883946,-8.3473601752057,5.6608497190126,0.325121829527137,-2.860831545418381,-5.575631945004308,-7.848279951053069,1.186425258461529,-2.02376270662102,-3.597208412136845,0.586765170859856,-0.1822363375345467,1.1148663682800912,-1.9870700638663235,-1.4376237154895137,3.6344748352557614,-0.52675948240764,2.163660672641486,0.3874357666136846,-1.9115548479966795
2.935387780044973,-4.8330793697484875,-3.0546074733715622,3.089173417690403,6.801543623807235,-1.3743299625861822,3.3810340945749564,-0.6512403518818255,2.527197612640253,-1.5883940005693744,-1.5401267158932803,-0.4525101746874064,1.6260254371690661,1.9746574796987186,0.12845376049670898,-0.923767508511417,0.7930701774059178,-0.7818369783251147,0.4262450696844546,0.8431851063102113
1.8491859145688077,-4.055815409414392,-2.9853534991436916,2.7576696584122136,6.485579905179565,-1.1779851127879903,3.2751307045670264,-0.7294291119815013,2.0495412944042215,-1.6042394956942925,-1.7472097542017946,-0.37631561892860294,1.506404447921011,1.9084220092761268,0.08797399411942153,-1.0816184979499834,0.46768691654274075,-0.9927746469851485,0.3808949923504633,0.9775145373231222
1.1836958977508878,-0.7026978096300692,-4.170455621963763,3.1091369159512725,6.33736619801763,-1.0463241050488943,2.673510884661973,-0.2812680108214912,1.4558911018615026,-1.151453576910078,-0.6474069120754187,-2.5632750374454627,-1.1462347472465226,3.693002784943176,1.0459208338665782,-1.8071443857299616,0.661035419704598,-2.0383532907776796,-0.933878019941669,2.70648458401634
0.89016604193514,-2.2568797766426325,-3.884067374069227,0.06576628657937167,4.653382602760924,-4.866140450663259,5.196557940830225,0.06769427779451659,-8.601149137204262,0.5379483632474008,6.7896679712646035,-7.307908473406143,3.86111646851374,7.418311793214551,-3.396362943177044,0.49547752937752343,0.9806679620068648,-2.998174834403498,-6.234792169528721,-2.497924260698219
2.4503612811867175,0.08537640740831881,-4.3126156430417115,-3.2669759375225356,3.613421451076447,-6.458228200669268,5.291874538602743,0.3460937422549198,-11.875349027555718,1.8422898703492847,10.400253530406147,-10.258587949429938,5.519941313258991,10.050525967523495,-4.994155530970653,0.18858162199030515,1.7431923952276354,-4.723074073218744,-8.803870705238962,-4.161769909109319
-0.4659033494402093,-4.561342728626572,-4.301194056172554,7.367401768160945,1.2958433662187379,-1.9772486577631336,1.2962507654399271,11.650383563652005,3.8315842695038835,-2.7622726925409062,-2.56688117026708,-2.467962404067788,2.5804991022518493,-5.97998760912113,0.670372855570482,-3.0861738787039705,3.4640395990767416,-2.31520378368198,1.6314163425437656,-0.9194700850087806
-0.8465457757829249,-3.9448797255728447,-4.365657657602698,7.67256803976794,1.7753899790595637,0.5561065178976519,2.615222692300717,10.239943303804692,-4.231181179089995,-3.391497602279787,-2.5602461418909055,-2.6500844567478508,3.939943117366787,0.0390940380309891,3.2592663217847817,-4.967270148552974,-4.5753042916701965,2.366130743635464,0.8312961011563063,-1.449715402770742
-3.400706387801626,-3.7587422488679882,-2.4664288301417168,7.473663008363202,2.807343762951401,0.11074032370263542,5.377275325452205,10.65127563576239,3.6414163535560036,-3.0571416874800326,-5.682366769193309,3.068526929757942,-4.282592430000224,0.2728084395180651,-5.703159306778447,-2.744285781842592,3.465143542783638,-1.3444816108708268,-2.720249976702331,-1.3440154094722696
8.209928522424278,-4.825601380099469,-6.683169444773704,7.101020464671176,2.0968779338012906,-1.3604191207456235,-1.2375536822079778,12.420863181417364,-3.417846908675103,-2.5586201531198474,-1.8143465928742506,3.246413726745118,-0.5257780629609008,-0.04804995032699688,3.2475879171795476,-6.4389349503587265,0.35751833845396164,4.239341954190935,1.719375822669384,-0.5300750549507298
-1.975079716040617,1.7155962668360507,-3.459005055222803,-2.1559316319194233,2.6659687566804617,-1.5019394980369505,10.907368730367086,-2.963359105187928,-1.708289656241845,-4.010848016540953,-2.88353806503184,-0.5003868820235351,-1.333199014569676,2.019134967513939,-1.3263827440435565,-1.2977700116293391,0.8379517341550449,-1.0158369757432448,1.1791478023474342,1.5755628829674326
6.4861059127687,-6.348417361623126,-6.203378617302183,3.5686536636027055,-1.050458313806312,1.7445394767248201,-1.7415956597567233,0.13803829097848963,1.4077879212799262,-0.3480191400395217,2.444654291493059,-3.3505591057461412,-0.5479773804865461,-1.2450036322242528,-2.1964832013629985,2.753228378906813,-0.8183393687931915,-0.2355489132653208,1.5162740545741595,-1.2466904929550613
3.509291994990807,-4.712445111257803,-5.647218391607248,0.5400945911662864,-1.0382981476037387,1.6853413767104792,7.346814532342834,-0.42064222617159863,-2.2510165006739133,-2.09489902388213,0.4334022509858733,0.18766600702232575,-1.285488660467296,-1.2187383852857376,1.115963293533338,-3.296079060599695,-3.5421585953195636,2.974953742512409,-1.6965140700105215,0.8444710646972836
1.565348457999222,-9.69060896517096,-3.6078359001206284,8.877925881700614,-0.6458629287699434,1.160463050924001,3.3482958234083267,1.0347811013012396,1.7649840913969328,-0.9479336684660222,1.7518794401191957,-3.0454742547371683,-2.1170352114943713,0.74535091100985,-1.5020408663277582,1.5748251391005963,-2.3700994244621874,0.006112955144537913,1.9118009096314195,-1.9161966865753324
2.6047511849239875,-6.588620369523109,-5.912975260066265,5.531586936790034,1.0508308710545307,1.9251714170445562,2.5390276303017365,-0.9081911418137597,-1.4084645468552797,0.03458073011744234,1.2317053929452184,1.8352636835669145,-1.9933172723988348,-0.9545003724108517,0.3729785683927782,-0.79805838693976,1.6759740595700905,-0.1976760806954005,-1.2821322863750548,1.0309412618636344
3.0440010721593382,-7.217524256239244,-5.321191570016344,5.241273304152815,0.9595839594225961,1.4186255546938351,1.9161727781587625,-0.4503339137219398,1.9911904782519745,-0.00410197389287803,1.2056094638153465,1.7703825948082537,-2.2771074934096363,-0.695171522658476,-0.5771063192658088,-0.9138296105023851,-1.4343460796006022,1.2995268629119516,-1.558248463223965,1.0576681481389516
4.874400019231329,-5.8050191231839285,-6.5114894939665735,4.679393857911895,1.4240215285007953,1.8450124827839929,1.3962664604651513,-0.15792111397171765,-1.5957735383880287,-0.1598322695583943,1.0556153383136735,-3.2967030621672637,1.5607590142507126,-0.9930091938563868,-0.7145407611970502,-1.201280806491477,2.0792288880944247,-1.7478333310253658,-0.8766906081570505,1.378401004837528
5.043180173207164,-6.5404918271685295,-5.679626805676081,4.304754939254996,1.099069318720785,1.1833216203280663,0.9376966211601059,-0.40341160503754725,2.0800713338103236,-0.1335407756285124,1.4334186974547591,2.1308105282368226,-2.601032011835202,-0.7610870665487158,-0.0045578514467964765,-1.7029811960733592,-1.7209986198580074,2.4654228726268927,-1.9203946123099356,0.7028414597269051
5.6294519069433,-8.617363778603675,-4.61785283435592,6.825684918196339,-0.4709614067424539,-0.5569036813761816,2.0465395891394844,1.4623489626021948,2.1029067473062186,-1.7347689373986204,2.035885672901605,-3.820964218877875,-2.018880658122351,-0.11242605222013444,-2.9628395015359654,3.979093940382529,-2.16036187100636,0.2809559876195006,1.035398127225387,-0.8834273412683828
6.467829249219001,-8.265031429548866,-6.173219994956902,7.536639637554666,-0.015566328069002933,-0.8629279942027313,1.456276455628616,1.5111120679601533,-1.7574894048584961,-1.9415419244580767,1.4640867399453699,-3.160807956079683,0.8592890727147334,-0.3643339830010741,0.3002517879916283,-2.902931886264591,2.7085166902182447,-4.439051782420339,-0.086938133896303,2.2218847000277613
8.847538011054741,-3.0956647250105833,-7.710008661614486,3.1252610446319116,1.256920150280126,1.0006363264228575,1.005180658087356,0.044998682233614876,2.58783148312901,0.379546062853226,2.338447381370579,-2.3306628583367663,1.1802069861279658,-2.3002187882561707,0.5659777465299564,2.183768397336085,-1.2731326743224947,1.3526300549453483,-0.7616831372526756,-1.1021311062682069
6.672182453069933,-7.5924646177696475,-5.295995071514741,4.515865262036103,1.8233497469198743,0.8286444073597762,0.7284736531073273,-0.14095925451147018,2.882073739043364,-1.0634860136743782,1.6220960885890512,-3.1681806522438443,-0.5221485459266547,0.019360428841578847,-1.958869415621205,3.229499433202424,-0.6550095190334654,-0.8691629623875364,2.3441588431109714,-0.5184653512906037
3.720693692501748,-4.033539853042248,-6.457324738213799,1.7070916775932277,0.25440912876457644,1.9207227677442364,1.4918589763429666,-0.6908222389475663,-3.982525105961786,0.9096697260806568,2.589136455255181,2.250706342290988,-1.9608007526034716,-0.6846328963636672,0.8437818512530209,-0.18456880922851804,1.242908811184181,1.2983563950426942,-0.8245295353942774,1.8882513897564097
8.603532068524268,-2.3739182153167033,-6.784232624283084,2.461184083509676,2.3803718610017235,2.740750481041523,0.38437054957638583,-0.6220243864318955,2.026649702482221,1.3345474512308597,2.8461077389582226,-2.6496283883817986,0.7460257958888923,-0.7582360219503078,-0.14178149317950145,1.2970028771018118,-0.22542358925913558,0.7293557259656757,-1.213027124301191,0.24110452079787942
1.4989385053657838,-2.328110075358125,-4.689116616732358,3.329937344002633,2.358058811879017,2.5117678871090363,2.257870078229142,-1.859517741646265,-1.5037891309317868,0.6934099447548279,0.42627946101964587,3.01036576272928,-2.4075255836875256,-0.9094982874910001,0.07351434583254177,-2.123039776216612,3.1174189867563724,0.4011696541928712,-2.1884904510130894,-0.6669968228889882
3.5216198878059797,-4.072372181643374,-4.592556670752356,3.5574145339086325,2.7870521158280113,1.6594033927261995,2.263430057468785,-1.3359655900880567,2.5952221088655434,0.5790525236153518,0.6374425664635105,2.7086570781307904,-2.786900710407617,-0.607614007765805,0.2002287976070894,-2.3684284204980095,-1.448998758876857,2.895671542643692,-3.1256116997016337,-0.030813893582689947
5.0844386194275675,-4.78915960657663,-4.893417160175938,4.05253354023529,3.202790104971119,1.6014617327248883,2.626362916475953,-1.6375394499045375,-2.4797238211674033,0.6014575352649266,0.513378756211695,3.1984951681271325,-2.9000849394824337,0.09853320723048287,-0.16600806631018988,-1.7075001063638295,3.208859925251736,1.5233349177398694,-2.2482132197372575,0.585222007228055
7.140673079270474,-6.46951327393613,-4.194430586453965,3.7006582089302777,3.7159451119557425,1.4751597576709636,2.7144835197076795,-1.4174454316941478,3.7525762957353486,0.04013271507382421,0.8126422150328029,-4.378553011164401,0.6533630736481313,-1.2893256538750169,-1.791053072119907,3.2745926386932283,0.6250089991608285,-2.591628079441609,1.97925439127587,-0.07761255172166115
5.931617996574372,-4.835978163151729,-3.8781996992052865,2.608673932283259,3.0543284576637904,2.028351884033817,3.2956978138044652,-1.313531376877998,-2.402305077506419,0.6835363264931158,-0.2890939874006514,-4.93561419213577,2.7796698212998923,-1.64030405412485,-1.6626154766310624,-2.776450381671686,4.515854293110339,-2.3874909410739797,-2.198018895535065,-0.8979997611613045
4.0480575288402765,-4.119212707588417,-4.8018887145504685,3.8298958903162976,2.968308770701774,1.8369895109059238,2.525813254897126,-1.7105131377348264,-2.205293757836597,0.6080724432119095,0.48242343536639487,3.1157589531008307,-2.7025111221508693,-0.20595570968094468,-0.08125263705377084,-1.794387391958986,3.219357017806102,1.2383304405039264,-2.176634345122174,0.2334387784805661
3.31074136935671,-3.6072937574036743,-2.024498279844547,1.2033254280067736,1.5818735719778017,2.2389475914639925,3.477862022085091,-2.1504908123839224,2.8875698213026557,1.6772498587247717,-0.6117611931441116,3.2196290466522655,-3.2840578714910986,-1.9393791175232844,0.35888044820036386,-4.018974545052256,-3.34296642492519,2.443158647024691,-4.260722641912054,-0.2798416831781356
5.252780651423933,-5.813251620854876,-5.544026812307176,3.25989713314938,2.1350890455274882,3.0858613547763194,1.6308511542215594,-1.4527489048545659,-1.192957034593599,0.8761705701438245,1.4622275656385928,2.968177166185225,-2.4204259548280342,-1.196982169262639,-0.21248481391032298,-1.4977753486726808,2.693729451986671,1.4086202907966086,-1.542554101636434,0.656897328046033
5.490470746461391,-6.4621916372749,-4.8350241488433765,3.0012885363386452,2.4318709685473108,2.9024555924929487,0.8683212969006429,-1.1988754856872221,2.1613473008928006,0.8443118206168121,1.842824766863218,-3.930645978809621,-1.133018330833721,-2.121089949187824,-1.1775822964321816,2.572446291871451,-0.18004525330303722,-1.461392932151369,1.1841130157866675,-0.8072234489672786
5.38918496566718,-5.611082953468353,-5.721261446971508,3.413605592241656,2.3574924368670613,3.2875495664862027,1.3450796460931618,-0.8081652723156857,-1.1603667564553677,0.7626252396316882,1.131976678719909,-3.739246515730892,2.158506121169489,-1.8394331973277287,-1.4032153781582388,-0.9718592823059587,2.4134746126026565,-0.700368769238612,-1.1527803103300038,0.6662789118237841
6.898257219327425,-7.197241746764555,-3.56230797094797,1.2442763792182552,1.184067412268099,3.00618603414517,2.472717326403207,-2.1814461991552174,-1.9575951752498997,1.552565005163286,0.8037506155096406,3.785795971600725,-2.665172265909052,-1.6761797295774874,0.15235606040732644,-2.8845285755611045,2.7973400340977745,0.4720514408179344,-2.626394066254278,-0.2765101557639423
6.798124857574356,-7.107422722378301,-4.3155225860404585,2.295876676802034,2.369592324897944,2.844483870878361,0.9994946568346816,-1.4330057245112904,2.3368768629771357,0.8763181096928141,1.5345830239817542,-4.300450257949405,-1.2949612803560522,-2.3981193489947987,-1.8319386390938064,3.4026478139973757,-0.36441195529159404,-2.0350599594321945,0.8762179793379125,-0.6585611558282359
5.674146117181319,-3.820290218780172,-5.682765693991599,2.118661477651605,2.819938739259571,3.4642883888008944,-1.0183053774123205,-1.5269767978057216,1.3899288307698443,0.9529521383890714,1.8557869748674474,-3.1407671819252494,-0.5889849910763512,-2.071337017783586,-0.7568323612291208,2.095748939708087,-0.3718471679133474,-2.3137977732639263,1.0405966009563679,-0.39236473350448287
6.152160665214275,-7.6467949822766395,-5.2013174957416135,2.809419667222931,-0.9115362109823457,5.228962185837056,0.13325773600168572,-0.897301868854619,-0.24997306061564512,2.124240529931666,2.493939379170221,2.236327435671662,-2.5768801128226246,1.3978990022156377,-0.4127695898075653,-3.9210545576606846,-0.34800057192365363,1.7487450543940453,-1.784593480031691,0.9640809699388933
11.184502505070006,-12.138167583216305,-1.8751997068402046,-2.673915997325733,-3.5758573989027176,6.448005302180252,1.4265146902187515,-1.6448076108526644,-0.016420887264166628,3.647924630654699,1.0252585501042106,-5.285299349873533,3.0986531879541594,-3.240654805625452,-3.5859323907269047,-4.344084040625277,2.089990821713373,-2.0108585521661277,-3.2442231846393987,-0.24196789528493476
3.7316365437797554,-4.147752845242081,-6.402411474405746,1.9709888664214277,0.17337401700771388,1.9221070279788561,1.492463755264306,-0.6122237449300385,-3.966570280002763,0.8800496635673187,2.6963173625791437,2.251683875844665,-2.071385316044274,-0.7252378679986878,0.8367174694624493,-0.3099630750321334,1.2798547068146344,1.1999246315856484,-0.7124887136196257,1.8064021927818985
4.969773716181626,-5.303428942824,-6.05488372293714,1.775142444993644,0.5399511426226997,1.1721216462763147,0.29522216723601336,-0.38856356160444977,4.65993538312701,-0.3340730550773785,2.965354163188967,1.9737056943196358,-2.223338985144737,-0.71979267612988,0.41312567436255027,-0.34013840872332496,-0.3371058559054372,2.088320365935245,-0.778386908709402,2.0785746809331807
10.149915125352042,-3.498463676544687,-6.991753662214871,2.844903142345194,1.515101425778076,0.8564357727283779,1.3956035298277498,-0.3434236462460873,2.8885640968209905,0.5739499919054106,2.355801641308311,-2.8981173761086776,1.4882628653828918,-2.7302455499250713,0.5442872818205158,2.9301161960085915,-1.37483251771687,2.2013490850273207,-0.8932193538180645,-1.4205998356323233
7.6909673755400405,-7.51716772281106,-5.856068339145432,4.619455214764127,2.010741708103363,0.8999072210451792,1.2923102276537828,-0.770713151265856,-2.7406296059401196,-0.7280838572608176,1.2696156104549066,2.6120771242724454,-2.77989740722769,0.4754878742085842,1.1402172843442164,-2.0955445299563538,3.6742616517907063,-0.05141520615202576,-1.4137654190487452,1.3379753103826262
9.492839693892623,2.092301047901685,-2.8211602288238455,-4.039367110452466,-4.2917296777825475,-2.534938701264926,1.0408285234056538,1.2070389633723586,8.808965000705225,2.4962459250928735,3.0834539020562755,-0.21815257499979573,1.8771432844733154,-5.259817381135765,0.5090644526809814,-0.18414428418070222,-0.04221828090546984,-1.1173812690977103,0.9270617716334014,1.3781370898736789
3.8016075803699643,-7.15870526262109,-5.422254306355848,5.108802565475548,1.0647846469924245,1.5706398625982039,2.5116491145824402,-1.029161690200054,-1.7363876783082284,0.069027433208733,1.031203271093641,2.265804818915117,-2.2239987216190897,-1.0284108574479307,0.7382476381662012,-1.4804918546328478,2.640868377088126,0.07166416913622192,-1.5300349776299753,0.4463786480185964
6.506618946553609,-3.3734430528624557,-8.00738454462488,3.627976059090378,0.24523750599710756,1.6752920281471688,1.7809578353800124,-0.1665174046968038,2.155714352890085,2.9666554617970746,1.4406726107798735,0.43705965857178625,0.8534443462468801,-3.2388824108767125,1.734224987408274,1.4176104626500539,-1.7119696850764656,3.1210723228210484,-2.6622873184286413,1.7001118118609402
4.3695682497731525,-5.257165012461997,-5.418941553117479,3.7130806899721476,1.8464945142609017,2.628971612430166,0.8375305957218507,-0.8062993615131567,1.6575132628851372,0.4659378127693729,1.3210414449050438,2.1348041575639125,-2.2821834780193053,-0.38113837258913397,-0.6822635847186991,-1.2343847808468937,-1.0423903396910907,2.07925622896634,-2.065864680884283,0.644284570164149
5.284706500162104,-5.787992316079327,-5.507336206012048,3.8201824389686,2.272422658166066,2.313239467236602,0.4022590422298091,-0.7528281918090115,2.0001941865019144,-0.304634342407026,1.5615509011554412,1.8229682030485126,-1.8771157218241687,-0.6320022293431111,0.010673548917802644,-0.8728136249869162,-1.554500465442568,2.2298965780535798,-1.7288763276545933,1.4470249744537238
5.46077189097198,-1.3368331924438077,-6.216823937752281,-0.3570595384124373,1.3037767179087107,3.219965991668178,-0.5395044548530664,-0.06685764881845441,-4.607874375658319,0.7180551364918336,2.6751201204712727,-4.08290237194722,2.497048858552721,-1.2132785340690477,-0.019837728799144833,0.28836079965050077,2.560757593517791,0.9257096918579506,-0.5352011502811147,1.6692450351953112
6.131755286008396,-2.0867534457686214,-6.355121262615794,-0.35693942429551534,1.5502108035589688,3.365966394014159,-0.02301729618758168,-0.7351947207702854,-4.790596689517395,0.6179103942119087,3.0707156228709964,2.443724721303972,-2.097199761840559,0.46708991851145504,1.2583293231500803,0.12249355318502325,2.192168416361005,1.859878814155743,-0.919642934109222,2.925855121816474
7.699411035546252,-2.6786449022943963,-7.5013806648767805,3.0353705117767165,1.0075865522547105,1.1189171026574678,0.8342256149127627,0.03880483457509973,2.2212146830631463,0.18104578242646474,1.974663591084051,-2.077626659624276,1.1769133440571773,-2.6318778600810067,0.48303685676820335,2.068089963040934,-1.5304402864636883,1.4213572254090825,-0.8097177917712404,-1.2287707715004337
7.944010295329404,-1.3939514452092951,-6.514631917219115,-4.6320381252935805,-3.696020583747111,-2.3320043701156203,1.2437689418729159,0.7240212862565263,9.16746731390055,1.0523330275098002,3.37389714423138,-4.0358681100207265,-3.4681225955237704,0.46787509739712774,-0.34770008973515937,0.6213337550819404,0.7446458740991273,2.1982985930837176,3.2380082732035618,-0.16176035951674345
3.38675153464849,-3.885871460994809,-6.020465484515401,4.120096639835456,0.5201265490463965,3.3742849693536576,-0.5936726152582789,-1.0357216025418825,1.7348695616368162,3.9594766530474956,2.9419808899613242,-1.3968156088778116,-1.9380396928003125,-0.23627820609437583,-0.270952662533157,2.029993321349658,-1.2729575927683885,-2.8431285134925774,1.8016066581002077,2.319237650254693
4.210109272432952,-3.4846325749274203,-6.817731354878727,4.257069009435781,1.3594145794307742,3.8199589089663015,0.10773463741782519,-0.5757714728238846,-0.933424798955435,3.536667853181813,2.7253203250425653,-1.6350872290410945,1.6524498355848118,-2.0296080182943754,1.2143187573669616,0.8901646424619547,1.8015955301389242,-1.8702783781602912,-2.7631080076565393,1.2839856220689745
4.893071974954637,-4.223931106648784,-6.84562155347257,4.275136567905356,1.5014095243459242,3.395134518527332,0.45419138079861004,-0.8113305621888509,-0.644715141532118,2.660369708513562,2.7235109194299474,1.0900685677837383,-0.7238794202393781,-0.5958207600401687,2.51809435775725,0.6327068772299498,1.752724475741104,-0.941480005556501,-3.5596880432640114,3.1677214977327557
5.509273566240585,-4.40808945894318,-6.236338810739113,3.727114673320571,1.2468304829253283,3.378818636493084,0.6364583918704478,-0.8875837415963144,-1.3561964201854244,3.3336525029411166,2.180708765913373,-2.2538939730370453,2.097455167606336,-2.114867484933917,0.9110657361869378,-0.11031744393250664,3.434007343303646,-2.5924224303518466,-3.1977653388013825,0.6141805451890168
5.398005650228811,-6.081886320539743,-5.737031764399212,3.740761021214004,2.1984799872388407,2.74165267576627,1.0467838190913803,-0.9066041238657765,1.8670182128209398,0.691190212235558,1.5736737901715836,2.269282895968788,-2.3350251031604268,0.09465500112062375,-0.022624246646457756,-1.5304778481647912,-0.40089208807818566,1.918902448484165,-2.0290345258996716,1.0268333960515648
4.232282553642287,-3.2744238068498124,-6.477751214992486,4.084348122171852,2.0179982374929724,5.588274935820558,-0.6512318588153334,8.951951034315925,3.6395624453994886,0.5161083383696499,-1.7830468593725073,1.5549266947011111,-4.211252909647675,-3.8039006766044343,-5.2534514385765,-0.9163620024409139,6.0467031917013,-3.6799907627569155,0.3510358026859521,-0.3687814032155762
4.7438402545142,-2.909067204805033,-6.479290325129533,4.025612847664866,1.6549054718520897,6.440543034483277,1.5295886973876973,7.55433998620704,-3.6453752266536514,-1.470269498552954,-0.10731716393990798,-0.25563125490752225,2.8547348824305057,-0.379603578702221,1.8614503820726007,-6.0453810020131336,-1.2360676926513112,5.766531695636424,-1.9049860177626967,1.5375755554223014
4.770359089487425,-5.338343912147909,-6.090937362626156,3.7647405112279575,2.1171781997281633,2.9142848078211196,1.4928388461257078,-1.2597876619368564,-1.2054534278079627,0.48633489365873717,1.4298107036023127,2.3512165084143737,-2.1656002010827176,-0.4866778203631741,-0.29815474764418715,-0.7813149024391204,2.0118496658787275,1.3044404406245345,-1.8904150147195056,1.282524004026626
6.6433691970234205,-4.809688924276163,-5.918795796800559,2.741964157619388,2.0675604003606143,2.4917696340576194,-0.17822725112776794,-0.8416642384166799,1.7377992002072828,0.45886664461776494,1.5783545423766268,2.5023740405552792,-2.5875793331525885,-0.5284313535749385,0.3980134797498762,-2.4107354957538614,-1.5344237146518143,3.1305305477390384,-2.275738437496143,0.3624124449276311
10.243491080384711,-0.9966071215706375,-6.584450589867922,1.5960013232375818,2.5118007021492295,2.2939089258748577,-0.9645186160521146,-0.07615610507018289,2.405948919079803,0.24219475561231496,2.841227669581409,-2.230611067997676,1.2876734841612159,-1.654198458648045,0.9705867174265276,2.9361759474197737,-1.2689839736390924,1.8861351957187886,-0.714027605977871,-0.21875319499965207
1.1740686668566855,-10.91740851142151,8.654753170458184,-0.33600688925872796,4.428817462884309,-1.6448558305876664,-3.6894264862199466,-1.3090125145888512,-0.5434507937537673,-0.3750106997709861,1.4815493324492932,0.22810038138760846,2.2935854887395983,-3.4268614562607254,-0.04556552302290673,-0.9225643037471267,2.463931504574977,1.736802385381639,2.8588595386523794,1.5802644494734386
-0.9854632351717931,-9.48024374788077,11.307761718411179,-3.568248933888194,2.521068949679972,2.093345220282984,-3.6073592552022165,-2.0730684300417357,-1.1780997124074737,0.8364258816400894,1.066516101287987,0.9111764464440796,0.4825850198288716,0.5286216000403721,-2.2254277505612796,-3.0295154104231696,-0.9243538157247373,-0.13897620475748285,0.2526301100431718,1.062918282366483
-3.163329311753931,-11.601534566255108,3.2567616694283883,-1.655394229154088,3.698340930553316,0.4788726492240276,-5.2055320419437265,-1.4000682022133517,-1.6666643708507367,-0.05177896455330955,2.37524078463549,0.6702310531164245,-0.09261226562673444,0.15382697799529563,-3.672745383013758,1.4197165043329043,0.0548095599970162,-1.3985237966460857,0.937210195566394,1.41333984387711
1.6169588124748873,3.8686976328272484,-7.054490193143446,-4.238631833326622,-2.8947928755255083,0.9882547879564403,6.900813858948699,-1.6332647008765435,-4.709192674850103,1.1184643551014695,-2.944513487841248,-1.3933342269956737,1.2632774924816677,2.5854038043886827,-0.0971529629595449,-2.6182540128640572,0.7949549567993941,2.0056544489603683,-0.9522605577787977,0.6306472269035452
2.2614965649664263,6.282295542011997,-7.007442021978821,-6.14375853920961,-2.941013092507627,-0.9255345195324131,5.442475401100042,-1.952248386888032,3.1317225844647427,0.9296128914739881,-1.175247830331007,-1.0963085437077742,0.5408619109996159,-0.4710722491161561,-1.8330805126692624,-0.7628062583409235,2.863225863751102,2.3754319258008594,1.909564307934298,0.45706879241972703
2.824042794778083,3.2876917455360166,-6.533827502776307,-4.649556629657187,-2.833223360287536,0.6574024034778513,7.241292568865438,-1.8986329745239978,-4.463289566756328,1.1519230495430868,-3.1861217484203843,-1.1056443394689737,1.0236843206945119,2.1828632822922747,0.02194260836969586,-3.154880971776521,0.47216316452722074,3.048842802906636,-1.7124972057429417,0.26213910880679253
2.827667216273798,3.6094027026185307,-6.1790751332386264,-4.303442707165759,-2.2493844614234013,-1.1944603601429065,6.381302129393392,-2.474495017982573,4.834292767260375,0.42079296612306893,-3.0504644754685275,-0.9335758670552353,0.656657437970434,-0.41649264305088163,-2.189559645507733,-1.5793504230998519,3.994578420956187,2.1371971253318773,0.8390587099625675,-1.0006913094993157
3.5497021506044857,5.596667709617608,-6.525547341846298,-6.695123311638,-2.923411816270407,-1.1827057143815431,5.574847554275827,-2.250360450687639,2.7870683783914076,0.9103286538123952,-1.470606553808319,-0.6634838786711491,0.4218689535634989,-0.6000997202638106,-1.4031481814611722,-1.4940432037095275,4.041160394878812,2.669616765384226,1.5914885711602267,-0.06696896396898672
3.910353140367944,3.2829923516964143,-6.6294074858829255,-4.5587825559489,-3.2225335945002267,2.6029056382364253,6.335348226768766,-2.8451760531797876,-4.662838741792677,2.7936320606037066,-2.2191292602481214,1.140091643372017,0.3574156232962451,-2.496565335962592,-0.9936642864509914,4.287093330250949,-0.767903644113404,-1.7896572189064923,-1.0772847048499214,1.3573791468432814
4.073621697304025,-4.060381394310536,-1.5781205466025041,-4.642289650584993,2.2201814901730543,-3.850537600022473,8.588378176363863,-1.6813694705134083,1.2216261172488794,-0.7033848956713785,-1.3005702630114857,0.6560317470094673,-0.035561444211716475,-4.480531592740801,0.33990727626906475,-1.0069661117393907,1.8473396067163075,0.25278741752081135,2.037896726252148,-2.022074286027584
4.456120199285039,-4.098377324059277,-0.9400136369478347,-5.5963686835984,1.416527619700202,-2.446864077508333,9.33354001582462,-0.9380365031271277,-1.2150231263516467,-0.4855530021801591,-2.470465997488111,0.8301250071467066,-0.6870467667102003,-1.0817415469230145,-4.325377976815334,-1.2553582776908727,-1.0971674997596605,1.9436845801289735,0.9277767435065407,-1.6792503937085317
1.7828777003137675,0.2929304128584575,-2.9003983703980314,-7.893590420929244,0.3477081859222846,0.9765909850657984,6.999221281878276,-1.0786484900122033,0.4008962015287024,-0.8926485041256356,-0.26528434836869164,0.11029784775124019,-2.4984359921965256,-1.9980474605433798,2.3189929583093245,-0.31725738567942763,0.7528863126417866,1.7264434028569913,-0.8376435189036096,-1.0413110695622583
0.7755471191374844,-1.9132571833680103,-2.5157649824556145,-3.8754197798164065,1.7483966292036441,-3.145636887146582,7.942328033960894,-1.3478947249017164,1.9097869430407737,-0.9739184697287329,-0.9904362163761626,-0.4379881627514516,0.650060051017936,-4.057357785515535,-0.11730322509762933,0.32347032578832663,-0.1382531707703959,-0.4794677126828818,2.284002748127625,-1.456717821179594
5.4062427084039815,3.1622653122635986,-1.703253524596997,-4.717793073962656,-3.18385696574225,1.5404285615653825,6.407252347483118,1.130921516486325,-0.006404322228506509,-0.9288856322578363,3.6598764300948026,0.7373267097904709,-0.5013195872340058,-3.3039167158924383,-1.9891135935205617,0.5322581174061911,0.5157381821394401,0.32777291066535447,2.332830580051356,0.11540635535148347
4.803807547263392,-2.4914395796647857,-4.711223621956647,-3.64610943697124,-2.9435312141034125,0.7354564596904464,7.410719555349498,1.5035823416013019,0.8464903107332951,-1.8902538576127816,2.539854588801438,-1.3320211032119746,-0.4695885827226923,-2.8720374854776582,-0.21143218916333867,-1.6152772727863145,0.8413963400615376,-1.1722948659193864,2.7340538042923983,1.1914864633765996
4.493696517723354,1.0487342134543018,-2.510836309774728,-3.714308653460772,-4.163381667794829,0.08582051257893389,7.759788596623434,0.9669486951368816,0.15268136879934135,-1.3045165358135686,3.0127342294207615,1.1480765136328472,-0.2319990760299859,-4.39731826519969,-1.652469339477197,1.0114124685819559,-0.13446487689562903,0.2954742348032531,1.905601582183076,-0.4368615411425655
3.3119777071521352,-2.225296788080307,-3.7866118498085837,-3.6472588391645133,-4.159750365282544,2.8029621650625494,8.361236499578663,0.9359769902180025,0.24474851099918005,-1.2842306894503763,4.128860292242494,-1.6468448082319846,-5.089284115061488,-2.27662390961483,0.852806628065088,2.2818314523121805,-1.1183744480604791,2.0007065244464237,-0.5998823198356107,0.8925055294591993
3.0713537095043106,-1.7793074193125673,-4.31367277532369,-3.0834002947610495,-3.928247909900182,-1.7140276055565817,8.815507921258247,0.27535246976038064,0.1896040505276062,-0.4132588154990102,4.001180959243564,1.2393499354171043,-1.799715270884928,-5.036260985376652,1.723539007978681,-1.1961626885027135,1.8828613119333462,-0.47949401716539786,2.4614443568505937,0.1242851032570309
2.3936217647418,-1.4743124973660608,-2.6139457029123236,-2.875460611595971,-7.519886086147316,2.185410740819788,8.79057100450833,-2.608048290798896,2.8680898894314053,-4.0633284049280185,-0.05535171398494554,0.6275899468085376,-0.3248426679298483,-0.31199273403272587,-3.1989789440193666,2.1104217063752273,1.1206115109910233,2.2426442633707837,4.973580668282399,-6.204170016614131
3.4809525996265385,-3.4124636393124677,-5.564944046802032,-3.3183514124926563,-2.850570973217791,1.70517967765108,8.197897420649669,1.1751366432069847,0.9671775698651351,-1.069114683778516,1.9664148008677573,-1.1531996646535219,0.8195007647872496,-4.885978959406733,0.917196153575234,-1.1818641057233479,1.1841159979649098,-2.3770838898151707,1.46163629391101,1.3753353593605757
5.685953978047134,5.289545948438027,3.695183076980028,-11.46596638059147,-4.176368123808412,-4.043527697759375,7.955776165540255,-0.7644954852757913,4.4667708387345435,1.189456372218784,0.5216114600563981,2.0636471137485946,1.0030021975496815,-5.455651590767013,-2.9806226131632023,-2.5467175007166496,1.0074543127410749,-1.1970509288831925,2.6391978503206563,1.7226903397908842
5.438713861114451,-0.5516023210628078,-4.13427250414988,-3.3801186257043523,-3.690105444041922,0.7299792553071531,8.858018269160363,0.3816556896156606,0.6015811206634345,-0.6023660636073757,2.6916583651535158,0.9195196359602192,0.8499980961373124,-5.373617490838298,-1.3767055383166278,-0.07148722181869749,-0.5597556408035163,0.7337844464442558,-0.346679155309814,-0.6511828332561067
2.4013201996902156,-3.4856102096129407,-3.5506701480373914,-2.95697674560295,-5.109541522840273,4.860970295248897,6.973713073554786,-1.8523064883715619,2.136261373193397,-3.643990383123346,0.13883558312481606,0.7136594101462257,-2.819324147292665,0.7492081443818344,3.983578350122767,0.25506852044046846,1.4966509879393572,1.6477326024172005,-5.339792788130069,1.7630129175472686
7.3694531159316465,3.6813043414256756,-2.730959728436548,-11.29168999583148,-3.8644914238261285,-5.579239408474799,6.6010487348022995,1.9772735680567692,-4.022386425541136,0.13703023362139666,1.392701602662347,-1.3072348401379934,0.8338549054326061,-5.344239366363797,1.9237112949915938,1.9308199701711521,-1.3337890857186008,0.5064659259118305,2.7832766005299767,3.4643415967980733
7.351213713396771,6.087097111274948,3.4351635547962722,-7.6169536153820605,-2.4459107386516847,-6.39652487008568,8.810509173234154,0.9604943261097415,9.467320183216533,-2.0755856221966047,9.254247825187523,11.687109513996429,-8.349751505311254,9.720689605742932,-3.0064536086440317,-0.6174746962553237,-6.485008440366165,1.0901889222686634,-7.561061860713985,-5.3605492881772525
3.8714504092110777,0.9629240684152784,0.45740779017885674,-2.9718175249151333,-0.9071607790542119,-2.527847406925769,8.10887078803747,-0.38380751474505526,-0.2936058917386224,-0.810839191125961,0.4692945071537954,0.18600552998920467,-0.5265111574842286,-2.3059059196911087,-2.626898483674009,-2.93100417852542,0.6299768050355223,0.4101663633254248,-0.20659592985521552,1.0709844393886256
2.8390098267561212,0.3124753133473047,0.0985896145056922,-4.409685195864059,0.3684238701323635,-1.8484980212963702,2.7002684238555137,-1.24070805310456,3.0143598786303,0.5204620086759559,-1.2640467222070837,0.23739546428930614,0.8362264555566848,-2.0256965022508235,-1.6561402468916686,-2.1278342305824705,0.02676993904897021,-0.6628166598980505,-0.06319315312162954,0.028481833814306357
1.6141243127983205,0.1805023475993644,-2.843204592361137,-6.733863519766297,0.675864376204916,-3.2893372295310352,7.131993454497611,-1.1841414172923828,-0.26149741819922656,-0.4188464622328109,0.3131758024082635,-0.1499915296815243,0.4992610258054962,-4.17220517126255,0.6881301608434571,0.5844314667555116,-0.10469994769889512,0.30450548335889005,2.724406093484962,-0.4742102580578934
5.952020216107398,-5.265334401415521,1.803843050863887,-8.484866565722996,0.7910983390542807,1.1764086150390662,10.57069147721522,-1.6362549444911636,-0.3189191544737584,-0.6673582179916336,-2.110070300463538,-2.250592783143839,-4.2638211758631135,-3.080009665036573,-0.6793442544078516,1.1901769109884746,-2.7228739027890234,0.8909817914920772,-3.0785304675163063,-0.4571624749254592
2.9101691283415194,-0.09951881934375793,-2.625576603519975,-7.818224139915433,0.8530695896961811,-2.9844536788167453,7.136714691339051,-1.5056659007680273,-0.8307969302029067,-0.032042750227407046,0.23393021632949024,0.47423437931107904,0.3726286378988407,-3.911611593142833,0.7688311049041577,0.07227126018497498,0.6081683220859552,1.144558141268383,2.112792180215243,-0.7638936681593819
1.901746152268959,-2.488929106718503,-2.134307743911721,-4.237761681346346,1.8775793676502408,-3.4391461830046666,8.135959109687857,-1.5792896019870335,1.6064026895518468,-0.8757819135811147,-1.202493324325536,-0.01286988225092861,0.4375644221246504,-4.107121878647431,0.19556781186019073,-0.31964032647463053,0.8030944396081996,-0.25082174465571144,2.0199774269965003,-1.8486827356720095
4.171418630586777,-3.7753841984955527,-1.8998960249907957,-5.092506157842566,1.4864867378837605,-0.8950709200984857,9.354839504583596,-0.9123837367182313,2.069583446929889,-0.7850246429955761,-2.3724663026163766,0.588810509622917,0.16759000729165963,-4.1627518982528535,-1.0730289039702476,-0.35505091402747824,1.7499946547547454,-0.7903584647119404,2.121327175397933,-1.126612439133672
4.499463465113019,-4.373770806942327,-2.24605428360186,-3.688663277997529,2.4644733938234102,-4.034569044634282,8.489819514244333,-1.4593688413554098,0.9785369427167447,-0.9507771893349938,-1.2540391311535588,0.009569471775348393,0.16122978297047647,-3.2478931017652313,-0.0772862991448068,0.08679050710940406,0.786181664929567,0.6273538609914426,1.9270028564682498,-0.6047081574968383
5.343884103981349,-4.9439649516238635,-2.3236168563739668,-3.550777757590484,2.6420270186558437,-4.249808621639637,8.5767981432063,-1.399605878317883,0.7870245303289181,-0.9030390696826643,-1.245141529364762,0.05804895439781871,0.02405165845137769,-2.948908701675003,-0.18908393471946092,0.1694811737875545,0.7162625789552468,0.8829229996213348,1.8899837673255462,-0.2466252817440459
3.8831459676151514,-5.382227079237248,-1.6412658993113323,-4.332600791894123,0.12727493684258695,2.1952672395218795,6.861814845836768,-1.8848039043878488,-2.7739291360746803,-0.15312369635648268,-0.2336585579694161,0.9194712054127232,-1.9456180828699674,-3.9897834542499657,5.097398309447598,-2.6414669672511195,2.7584822022634756,4.877298298150064,-6.247069868470655,-2.0060368670138624
4.781934389550588,-5.667685631055921,-3.0145647172496464,-3.9826820431496235,1.0863971043801923,-2.2069986870090816,6.859907049663592,-1.41755571910026,2.946901760251313,-0.275441301708009,-0.029072592640318307,-0.5980243234060546,0.6639534336556417,-4.180365417933766,-2.1978999607970504,0.9664173734558077,-1.456367160405391,1.3243960416108285,5.129131934506024,-4.301680263839535
6.839540817328853,-2.273902422928215,-0.34895797600127165,-4.75807460829078,1.5767738558101065,-1.4853909139497194,10.31048290788112,-2.8982737346607976,-1.0309601909926716,-0.5932573531360251,-0.6870226326664534,-0.5092196766057694,0.4189298640002951,-2.9777581058744214,-3.5004388497667978,-0.38002954604707595,0.3242986094315701,1.7052303510796754,1.266440776392768,-0.5697423657160973
4.705667240206941,-5.993251386537521,-1.6575875410446885,-4.158567127014035,0.2827388594830671,2.0631015856783224,7.000796411198538,-1.9317865868667017,-2.6693397686470544,-0.032173720735518274,-0.07977127977716594,0.8697436472632937,-1.6401026671295065,-4.084570309502098,5.370379407321751,-2.9344487199228633,3.3116129150614877,5.143692835651745,-6.522401068242408,-1.9540360129117267
6.686248516758631,4.9650741749844425,3.2523943944962506,-10.700164695004101,-3.742461736493957,-4.177146748179382,8.33954358250867,-1.0875077159810174,4.530957248436584,0.914902706880315,0.46261737322617463,2.004633258981425,0.7848416767862769,-4.830170905189857,-2.877259027185506,-2.3271652996329735,1.0807273374656492,-0.982912800147684,2.812516322814953,1.9764134600228482
3.8760463444755118,-2.4642688313920527,-1.0494423703902314,-4.052672164993585,0.943659154623154,-3.6144071199846555,7.771049022687962,-1.2614706784519418,1.1034211936198741,-0.865244683308162,-0.17277032387573693,0.8973578205789852,-0.6310320840783143,-4.624113622872674,0.10740533104292488,-0.9344072682290555,2.190024825419294,0.2880781874243119,2.4192967811666577,-1.837254001519375
5.069004849213673,-4.783222832470083,-0.9592843981181912,-5.359601097794567,2.0563086494739076,0.4864857662971595,9.616575814626483,-1.349311791857728,-1.3870316494330077,-1.432246809197728,-1.6967735208410262,-1.1461586529040215,-2.2618451897556193,-2.8817077035497065,0.9882912470580989,1.0369861252767705,-0.1517805370169104,1.5583893504772064,-1.790816983631291,-0.14024908283033063
5.164368477561974,-1.3750711863019647,-1.7986539822758134,-9.133670031428316,0.46416819099158735,0.45371339863066085,7.691190201513098,-1.4725213619188895,1.0217471817637893,-1.0709976900338114,-0.8488166330756204,-0.8118110051014182,-2.8136698679603707,-2.766208368710105,1.2211064077186988,1.7477795198824913,0.8412622209740898,0.7649284259261606,-1.3561400351772428,-0.9679304454038158
6.610176227402922,1.134659724046962,1.7642958195363543,-7.885121872474592,-0.3856205470119054,-1.6064956888078652,8.400144485697812,-2.3779326168730828,1.1514985518314709,-0.38151260779279217,-0.23520178720537976,0.27579468516083505,0.6993688752421905,-3.3310063836923005,-3.0406803956753365,-0.6721370053913583,0.9092623969287357,2.3479312666267935,1.1336395407147544,-0.8349789096475916
6.037817871396295,-1.8991571314826297,-1.5380178653352934,-8.873779192036125,0.4101557690588199,-0.06864768985088554,8.09425359544505,-1.3680755405558243,0.9226739877050291,-1.3239166749605613,-1.10779066827159,-0.899466368328327,-2.9517270237690365,-2.750474029409154,1.4448210074908068,1.81918003097398,1.0389097200438298,1.2593149528850265,-1.0135683479119157,-1.166968958283333
8.350234464036715,2.1287392288137417,-2.1105828519542023,-15.535895278387617,-2.6201416027042534,-3.8775292887161834,6.9742973597195785,-0.8395200627906249,-5.937152231677752,3.444298320840899,1.4802733432901356,2.5287288524348543,-0.7211370240843441,-5.604203090038063,1.177955806381272,0.9440943995397887,-2.5644536949981616,-0.005590951752735385,3.6586201240852794,1.285665513537001
8.605051297351249,2.370682879837274,-2.1274704508342337,-15.866409063223522,-3.0577379878923616,-1.649082828877324,7.244859103492094,0.4634222442976509,-4.812642726487313,2.6472639601362884,1.0195171688388094,-1.7376484083351804,2.2483813105548363,-5.589230489261256,0.5469705625420536,0.9835922246162011,-1.6159289218975577,0.6726943536763628,3.857960692255447,1.9271853446493354
8.456499839983898,2.353725576813914,-1.4370487114534278,-16.455831447138717,-3.4957140074484037,-2.3885791382321635,6.466708623974808,-0.6115563741905672,5.864989895695189,2.978678365197709,0.9044043980061788,2.8344951376127243,-2.635914996868001,-1.297011398476195,-4.624315794541918,0.425580406374603,1.0121045794225956,-0.6554030894900973,4.537214789972829,0.3301710937356158
7.6507333602513805,1.880349209047395,-3.9395891812236252,-13.509985454886824,-0.5679147844701882,-3.2561373028154357,9.25535775095438,0.3574399134038008,-9.211468810701273,-1.3158208945703964,14.360275488752125,10.286809520088406,-5.174991520158734,2.591714435707631,-5.394972054036794,2.467005858017433,0.8806252595379813,-2.6792243322490403,-6.896380479102222,-7.093014619061064
7.588328824742668,1.3537782073136402,-3.6901180831547395,-13.663022008201045,-0.39415072796625295,-2.5824525614053604,9.445703650518421,-0.5374159413992168,10.373116862638538,-2.467968336020322,10.552170394096846,18.221476542074825,8.269530232567549,-5.250783580405025,0.2619659632505764,1.1528800304767994,-8.537167438150032,-7.65905698054949,-3.033467466066056,-6.498647694126435
7.574959450188982,1.3965906566461446,-3.5116119170199482,-14.574132889932425,-0.434258875955385,-4.072948350453886,8.659172100465245,-0.6705900014869017,10.504317383039643,-1.6704348236895292,12.182437946825605,-8.732095891962569,11.07597002459032,7.7243731218900225,-0.6527921768700135,1.1265606692315986,-2.929231683836213,-2.7423346024116526,-8.348972578025958,-5.523880372148378
4.171418630586777,-3.7753841984955527,-1.8998960249907957,-5.092506157842566,1.4864867378837605,-0.8950709200984857,9.354839504583596,-0.9123837367182313,2.069583446929889,-0.7850246429955761,-2.3724663026163766,0.588810509622917,0.16759000729165963,-4.1627518982528535,-1.0730289039702476,-0.35505091402747824,1.7499946547547454,-0.7903584647119404,2.121327175397933,-1.126612439133672
4.167412297452168,-3.9076319876626453,-0.9891983810283729,-5.403339110631545,1.5363063113620314,-2.488272837227362,9.341409588704133,-0.9155434568777621,-1.2227618898661592,-0.4390063338950978,-2.3787893945655947,0.8288057292587123,-0.7164497334494064,-0.890383838211802,-4.316504105833553,-1.1863886667019714,-0.9662558139542862,1.7901532548302672,1.1586494910367156,-1.5332098128632092
5.520226827383183,-5.295774714151431,1.1770250203997974,-2.503211249113476,1.3425044590104507,-0.9802210214838638,5.018633182595531,-0.2468527820967385,-6.892841375670533,-3.142253187117181,-1.1321179471724385,-2.776097814388878,2.0653123502638495,5.848565424872053,-2.0117823480744983,-0.6781635716470601,4.927100654251927,-0.9032812663028764,3.6622962066048,9.355194453582367
2.8468160101494684,-5.275787377718682,-0.48833626012801,-4.003646880078392,0.7314194735192581,0.4596206184165728,6.104131207152519,-2.2370941936260227,-6.212216591655646,-3.250219038279054,0.11665949162407806,1.349680294693939,-2.834408152074891,2.8989660374650157,-5.927360665738722,-1.5927454736520388,3.7531726927872677,-3.6099209122766895,2.2441182279739955,7.1944576833709615
7.576424715432632,-5.368543048243525,-0.2643681909096348,-3.504482923371598,2.749600078471195,-0.6860755281132247,3.102184942040461,-1.4328374388194673,5.926361358609006,-2.5019489829236194,0.2826724245689329,-2.9797208522988847,1.6863111099452732,-0.4660461345795347,-3.8891594791862163,1.146848201120926,-1.5561990943656487,4.75710122143008,3.6319222229913617,7.692856301631089
5.675124088953737,-6.877394909517542,1.0835656848002382,-3.1407542081327797,1.487610786374812,-0.22859487136472778,4.393816300302614,-0.5463071474887738,-5.481382466490983,-2.2577970289552356,-0.3938074761899964,-2.0164766297673653,1.9610952029570934,3.6911606128453833,-1.88449528623412,-1.705849263826981,3.7061036588141776,-0.1314012522052912,3.636512003492398,5.7883220636320685
7.053923005977933,-7.837486144508155,0.5132900645123043,-0.692805769170779,0.024790680962720413,-1.9832690171261997,5.802673854294211,-0.2788576643257537,5.943843430668825,-2.7122944358466703,-0.4494504082787155,2.900973231347563,-2.65847129128755,-0.36082492937130195,-2.592670509994897,1.667977272820987,-0.02081571105400659,5.169270506478583,-0.14620168308662163,5.278394343063093
8.115585199015388,-4.344437726311192,3.560712450792163,2.578445534698383,2.967621350655427,2.0120662313152833,6.056858006610417,-0.7646673562615144,-6.706943652877499,-4.317870263653342,0.03610312994284387,2.318790991280974,-3.36971237636049,2.077522475587906,-6.595693133093064,-2.1980011545804374,3.8311148134258484,-4.882751589009348,0.07727171952594841,9.29519280464576
6.383526521990387,-4.66951195496884,2.3369655915249257,0.6183934589089958,0.5209331644111326,0.7066020744064738,5.041699062195298,-0.30892081906902524,7.322302915339975,-2.6247750132141383,-0.4554940833409424,5.262393300312315,-3.6003614933619166,-0.8611949410417846,-2.7117757149330863,0.2127274253268785,-2.07134386749584,5.869845150677232,0.268045349905942,6.537948862665013
9.557528219260108,-5.300274264033199,1.3066048217837771,-0.9352736293723168,1.8055290023562884,-0.08005195040516888,5.198974586922486,-1.7581761891977399,-5.996422333700545,-2.9050460914215677,1.1736493939390522,-0.9876981663159285,-3.6531545654607513,5.413919119460861,-5.249030577823435,-3.292383470170723,5.222530775989262,-2.938924179507756,0.6344674928901589,9.163289727255084
6.870030265410987,-6.1564945528650625,-0.026573633867274807,-1.829202418406092,1.2291297985494454,-0.024385942990860117,4.217947844162527,-1.2202503864583114,6.924191955107652,-1.98475197677222,-0.2569633737622765,3.6259087414483604,-3.2919212009194947,1.0936314530538729,-3.6608924361694055,2.9740689941853007,-1.7723910407507208,7.321258149691857,-0.89233789961583,6.157537648778592
5.116484885330779,-4.998263302940979,0.37207338861955214,-1.8547520254268917,0.9359169175816098,0.46087699992314657,4.065340826997586,-0.9431545354935285,6.719146324698732,-1.9870175292560315,-0.05551529939312083,3.1749265323137075,-3.3501074438513294,0.9313962819211388,-3.7718675005464175,2.3333240940429185,-1.9067168992640977,6.890529235813011,0.14493276549762013,5.550324242436311
5.4672479270253795,-8.670848130591429,0.5336106867397331,-0.6715067723175576,0.2803267062154422,-1.3251079338911758,6.156540910034543,-0.6842773460344292,6.075512829040394,-2.674563270390248,-0.9030931030669748,3.235329745004946,-3.169731316371843,1.065077445457144,-3.047681172313376,1.6385221194689474,-1.2720630330691465,5.830383243243148,-0.5837655047976401,6.4910032887855404
-3.026751978556216,-3.487877955444816,6.7908653197299955,-1.7491275413403677,7.397556088974916,-0.4340506617437252,4.025785141278253,-2.5492326613415073,-3.748898183687568,1.7002635979158698,-1.9680324543172567,-2.7374495766656715,2.126361844908379,0.22764537008714558,-1.2268424131723912,-1.1024407477355882,0.7445721638685421,0.3595280456861327,-2.332913575906451,-0.9590194464137434
0.6531987947693781,-8.000018570715337,5.223995898404638,1.5392281062855075,6.383190837165747,-4.8141105537263,5.380710680423038,-1.1526174718322695,-4.070470733808493,0.3198278800358899,-1.8428401923764315,-3.1307190416088746,1.7087022561763274,-0.11875969979518208,-0.9184600737976645,-2.0359426433431644,2.149591460458181,-1.5059950217006495,-0.5609315587652938,-1.8554074304337236
0.92248986835457,-4.279063553248607,5.707984531852222,-0.23052916404020599,7.1601703964594865,-4.143253847342155,2.1316958656964604,-2.023591031908611,4.579157730053344,0.7761974578175945,-1.127350479757628,2.6609627405576,-2.295227967662045,-0.19409577095326713,1.0952615528897258,-2.3892481178976324,-0.16969397664257763,2.2593428100572117,-1.5911880579424873,-1.631842118160562
-4.25041505351437,-1.814050025554545,6.621758147047595,-1.0753260243458158,7.811519255405048,-0.7248463022112657,2.96263692900849,-2.75097570787212,3.934991899695139,1.8827976314205315,-1.6992869983614904,2.2458664358819487,-1.1922255689195773,0.5145190596300528,0.9930828924471969,-1.6408768393088091,1.264108145882823,-0.28822989378185215,-1.5535364181388887,0.12060215212266323
-5.437746736486502,-1.6068057006254337,5.761872940095715,-0.4960103779078675,7.836614699066212,-0.22437720369006686,2.360125363665342,-2.6907916705601362,-3.2183678194497993,2.074778406593548,-1.7508392932543,2.2259806598889633,-1.0326930127387346,0.9415112589154293,-1.9085692952028612,0.05969149474521099,-1.6304477183720658,1.1615553240251453,-1.525067392766596,0.7641014441454899
-6.461514923994362,-0.17831290656923554,6.490822270234316,-1.8286513642292113,7.534348496222277,0.49744299005105125,2.3665270494950894,-3.266820146042793,3.6374876966832046,1.2484715611103652,-1.8198018900972286,-2.559318552393399,0.36822044180231,-1.1832730237605578,-1.0302361161037221,-0.5060996263553716,-0.31780365536900634,-1.8460053659542537,-0.5345445325489557,1.2446044729821382
-7.66955213840538,0.518687423687917,5.801053227134069,-1.212485485566582,7.6000625388485785,0.6828596087350167,2.03583671455556,-3.05821978964765,3.4707279399966064,1.3409409897369162,-1.4974761412102833,-2.1360755553005095,0.8075906851295849,-0.8340723655742429,-0.3377601676551625,-1.7065419822812686,-0.006574094629518579,-1.380200350442368,-0.054419959940299134,1.200658554123189
-0.43224251872456004,4.986946533325957,-7.130460576833036,-2.827043943382462,-0.37086194051764027,1.486096881555173,6.351730697222464,-2.530218669605704,5.663407905161328,1.4925676242094037,-1.383930515560165,-1.6540083238952548,0.7190628061012347,0.03885243391043469,-3.409432308035465,-0.24298754818397297,1.130527138900145,1.704216522926782,1.6803610137110354,0.4797843336719628
0.7056275853143279,5.613375399487407,-3.619308297817775,-1.2891376932706622,0.2735563586039169,3.895313145424143,0.7776591898969918,-2.6215901208857835,-1.898773364232078,2.679245056620953,-1.6516563902632861,-1.2384350361026923,-1.428052613241926,3.625393030096272,-1.426726851089063,0.3500147400923759,-0.09874768273571427,-1.318610567396941,0.7387144779390014,0.7877102556154061
0.9949279350926966,5.682856777831514,-4.76306053573798,-0.1878925846209324,-0.9019999020570316,5.0717798600974735,5.859447590448352,-1.7327027393677317,5.57750900621984,1.0850646366523147,-1.1874132636874624,3.6282849003365074,-2.207204294573214,-0.5824759507804731,-2.782864733696043,-1.5454913662928826,0.45594296948356033,1.398397986531413,0.30962488009574984,2.3295040255013006
2.0352775881433165,6.249732718029843,-8.437935610068283,-8.949857840450717,-3.4275487524614023,0.23062204486123034,8.19770746447792,-0.8057136546031335,6.233087252348437,-1.1007973627945866,10.162136152148431,18.798328214368688,11.66366932987805,-4.7489421843943695,-1.8473294551722375,1.5164968897082831,-8.02586062535067,-5.745768812982978,-0.6627676200839598,-6.935743307362951
1.2476133489680716,2.408374690528567,-6.840201249886116,-1.9241974751952902,-1.2702831723192074,-0.9572965409532447,6.530906749878269,-1.7895362182962558,4.708719883101317,0.23733643346115504,-1.9702393764243227,-1.5714532182372667,0.10656245354431795,0.13527576925246432,-2.3883033771689486,-1.1010155044682626,2.7470270008622775,1.0203405752950225,2.4393281650300938,0.13704045747201352
2.339103109945775,2.4836151573179475,-6.450995180712028,-3.4176062533715514,-0.9036643435752454,3.9713514404609853,6.056650057181222,-2.773891831106307,-4.4995868304633335,1.0458096189393624,-1.5585557815678546,0.5977705275154935,2.36693792592568,-3.1314828069214147,-0.940790206568517,1.3278392501888057,0.40571877762969927,1.2568370871592316,-0.6109269942670958,-0.6980726646902946
1.9934408021951548,2.2386646385167257,-6.6528478693233986,-2.0495110312676466,-1.8915120478784555,1.6179162443131099,7.373190977105979,-1.687135099046655,4.153393501963988,0.7990075468560749,-1.6888413987162278,0.7667394256564701,-1.5863556014616076,-0.1427153754077214,-3.3680687881187175,-0.3062283772614558,3.299005313648294,0.38056084084370695,1.0678206078245769,0.5190588756958837
-0.7214329061703838,3.4949158613902656,-5.660238353347236,-1.153573640685263,-2.518991800992336,-0.40631716120029027,7.083725853645314,-1.9134103365465234,4.707029551980292,0.6225685800824857,-1.2736701621538007,-1.2209477118891519,-0.30216655326974073,-0.42450147350697487,-2.4429866205892936,-1.274125806029248,2.8605863364202895,0.795725951193364,2.3535288809283013,-0.008737833728755695
3.4282848261614216,9.822068070929745,-7.1385922350559134,-13.076265153017502,-5.8620633282863785,-1.608294293481221,5.057907044087086,-0.9092708060393985,-3.240395502105593,4.495944234637206,1.8296525209571115,0.40225271193712997,-0.8288965728372123,-1.9667081920559248,-0.3130811253034535,0.31679652511046813,-1.1125463920373493,0.9933021898381721,4.693741013890177,3.627684291739068
2.541244391282692,7.55245008261207,-7.038778891070425,-11.6750888473143,-6.440040722823429,-0.2714411269767053,5.6694590606188315,-0.9428965576820313,2.2063325822819024,3.2481551580208343,0.9928022229909286,-0.2474290119612073,-0.8364330243858361,0.8306154232520093,-1.4428670092029385,-1.2318445957355513,0.8016287973235299,0.6080007458245194,4.066562348867655,2.789328270004824
1.005465660048457,7.474723050804121,-2.6763244839143203,-5.190560290552227,-2.9292068711806545,2.427842623058047,7.032639029669542,-2.5404396141337813,-1.728890525313588,0.7343589458203822,-0.05367528656295972,-0.1555612254046259,-1.7955647632827718,1.607987834780007,-2.36176724318864,1.8824430799884775,0.7101455961013471,1.077609693996159,2.887238304688127,0.8150176721639281
1.8029736609367073,0.22806050431761568,-5.683905010496224,-2.091211917277523,-0.9642096166559799,-1.2725958788669978,8.109442483442475,-2.4996857740578537,4.310558805862259,0.816965516203745,-2.5126291850285414,-0.8359896619584433,-0.07685029591185771,-0.5131532079302354,-2.129089911680496,-1.8316084295816475,3.479682695152048,1.3753442304324819,1.8594212616161636,-0.48786615519512244
3.868150569677619,-1.4518184394876625,-3.169519364162803,-4.71834761269228,-1.8808692682245454,-1.612722236361688,9.534717340149125,-2.9403550971565577,2.994370408815934,1.83269501256294,-3.484489360046689,0.6975978168527844,-0.8836583436313634,-1.6239654917004456,-1.6562439180280764,-3.5082240715219886,3.8001285210307296,0.12727855427290405,0.5703206568093886,-1.551215705448817
0.747032478418614,1.035753016333313,-6.380576007957682,-1.6400551567700243,-1.7602768525193604,1.9675134498761975,7.742983961256521,-2.10253158597728,4.134049584358068,0.7804096059255343,-1.9614629537371133,1.3315294213661717,-2.102190982033604,1.0738881385094545,-3.6237976121615922,0.05854262502194521,1.985867557593215,1.1911114087736157,1.077632346305677,1.5117811066486764
0.22655842727932282,4.683377974686673,-4.117555927673442,-2.4300545974170866,-1.9408569876569302,2.4471857548681486,8.550377612823928,-3.147251098501918,-4.112570727236133,-0.027412132480691076,-1.550716683807782,-0.4379586620395589,-1.9930496822043424,1.4371220585187459,-2.5764908535115296,2.023135522477678,-0.4499518391152805,0.6713866728109682,2.5483420139039383,0.5347737502907182
-1.8987368044503763,2.4521633771575186,-7.283640101748375,-1.4830319782038692,-1.855842450975048,1.7227513071905804,8.174566063450687,-1.1820981794274101,-4.2635973531601135,1.1867645686138613,-1.8444589608037312,-2.0275915600296157,1.316426779115446,2.554021053018075,-0.2925066739556522,-1.884931014174037,0.16126700307416053,0.39526029964287146,1.3706225210186398,1.6263999699764533
2.583056922031349,11.031317861988825,0.36566370669128856,-9.118989060537068,-6.759451868746637,-0.7512211669848504,6.812404771017425,-1.0673256688441635,1.835468228850501,2.3047193593641433,0.37126439908151776,1.4902601931599833,-1.4057827523623763,-1.1374750352615046,-2.3446528012401626,0.11757669424649136,0.9701374686037332,-1.803396873723178,4.302232353385578,3.5199979013528035
-0.5745920720139517,8.275539223455059,-3.530177626828486,-4.718523655656792,-2.9046233819251173,2.738154171255548,6.518405144246473,-1.8673098292315367,-2.1509833058552,0.8201539949723791,0.07588115025314324,0.5590254453688155,-2.2666646593102118,2.062569637584679,-2.327404501666302,0.6485891732995518,0.8502101888937771,-0.5082027750186136,3.1812580745182593,1.5391728867791654
0.0942953506698993,3.47209183330349,-7.059766982052415,-1.9427304473187281,-1.1786570526462372,-0.47735744028265437,6.484925745807312,-1.8686736570093079,4.764291814698279,0.5591178966291559,-1.853050238995044,-1.4033129863610354,0.028753767290694177,0.32977635552742446,-2.57763081817769,-1.2290277760343893,2.4342098535942727,0.9095323556289626,2.3494739411517642,0.17168457485030797
0.8403945454202528,3.615573866283708,-6.8466021016915715,-3.6778465767291615,-0.8242083292060487,2.8451392982904338,7.380775158919976,-2.0872559926419183,-4.314306277721122,1.9253431003803088,-1.833132778114749,-1.0195917003066504,1.0634686781193572,2.9113115595080927,-0.017074987783041284,-3.3251954958510748,0.6851777685798225,2.265695687113854,-0.3522330384803759,0.4436328199933297
2.190586713363575,2.265188965800524,-6.5391052742790094,-2.552455548091556,-0.5379904820803268,3.9924101080596723,4.784391344977667,-2.9262738419889276,-4.0076400098263445,1.4288800573326177,-1.7356615660208794,0.6446717707856094,3.158145402982358,-2.4503427788425545,-0.8693760025533148,0.6616928624756767,0.9425526601129341,0.21593783135861377,-0.1381636123480681,-0.05433786863332979
1.0297611142550187,3.1685238961447455,-6.429855826578668,-1.9864425893240327,-0.3756031492693088,4.193321696187881,3.3274042183413552,-2.887433475166751,-3.1578093816510915,1.8269245241155174,-1.8754756630052656,0.3820879382438145,2.8196426418691263,-2.170209884729127,-1.0506876554559665,0.5132862227147232,0.26913762511351885,-0.18520195189595146,0.11603189498394231,-0.6743031004826261
1.0917864868263618,4.357862341536183,-6.119523526797927,-2.9358483529756265,-1.098310508799797,3.5614409574621657,4.9938644981714395,-2.6137482168498583,4.070661303608973,1.4656026233401243,-1.967794494063257,1.0943972151542674,-1.6552612928891537,1.6114575826301532,-3.6209727305310455,0.12242389226620659,1.6381200744627702,1.5268630107856576,-0.5315191123485532,1.0720529719915681
1.8829220406702567,5.807294149491561,-7.0421507173478055,-4.021749294704375,-1.143670885847683,3.1901941404542997,4.686522941958396,-2.6179979285734443,4.870230499384361,1.3239339441821647,-1.264472632956499,0.891248136314758,-1.6253954956948906,1.3960822301520248,-4.4356689209706035,-0.10753734899762124,2.7755912516512384,1.5134833102605385,0.3460162674751537,1.1725443000749722
0.8401031047018229,4.105924834828631,-6.409046234759852,-3.343014315095534,-0.34464939539093387,0.9369724918631885,6.5323138341461755,-2.9229934591625337,5.192704039851434,1.371036785902156,-1.783966268484063,-0.986393229555505,0.4444673029884302,-0.09448245945361888,-2.978569709561754,-1.2020152494331477,2.7653570324854297,2.0643601313508126,1.2440070649041248,-0.2994405085486548
0.8242993722038212,4.074808921835064,-6.414368630364079,-3.3095392058994344,-0.3246231470398857,0.9537186580991774,6.550191331847124,-2.9148451447087824,5.152813880314195,1.4254339163062888,-1.7710775005491592,-0.9697832784628659,0.4335390839351609,-0.07301308213634117,-2.9749526165573412,-1.1984930957284643,2.7274789918006057,2.0536816623549856,1.23497162199978,-0.2571290838967586
-0.28291313760418346,6.829422925508643,-6.370475030939671,-2.540063565539649,-2.1230072580783497,4.342620709602453,4.831441616011524,-2.201207822460868,5.019370755359482,1.2945071073513919,0.05769014777014922,0.8498044762905184,-1.7970105615147989,0.7862965749274016,-4.400850867955828,0.8922575165681097,1.3284595813209015,2.0541064217454417,1.0785802193401903,1.5840916013018336
1.2391691985091042,-0.1782702041910263,-9.391446492415099,1.0303681857863172,-3.564748581403915,4.76524970707001,8.528803379741571,-0.37717131344493277,-4.228001691269506,2.191935718092,1.904439865436379,-0.3180200354051426,-0.9081112560006352,1.4270891176780824,0.28645078320903633,-3.633528800887352,-1.9524284301753216,2.2997174286638997,-0.7948698529200189,1.3499381151737109
0.0911249136518605,1.5291539475425262,-8.460217732248628,1.5120925591347965,-5.8439394051133124,5.234344085357241,8.173825920505926,-4.547852580533473,4.050164945795791,-0.2268948670283592,-0.6994112184523138,-2.1589796231632232,0.43941967109454316,1.9050362706052875,-1.227759254892233,1.806912247511833,0.04143082704697604,2.426377599536865,2.2853506814756823,-2.5522863978014376
2.3341329329776666,6.118706617822385,-6.16711555603268,0.5429393580476307,-5.109490113690169,6.2385864008728955,7.741475470497393,-0.5685169190245675,-4.658714114473564,1.8255147955402373,4.14059975721122,-0.36056419855989685,-1.314112099650394,-0.7564242679488998,-2.1340366638777204,2.905971156762166,-0.8849229833026312,1.7539321668128873,0.7386631177086284,0.7205741269164258
1.0647648016636473,2.39018385992384,-8.231259151333996,1.1375194498776442,-4.8441050344240715,2.79766473482917,8.29618236334064,-0.9916729797285703,6.1629447397061865,1.9532340975962317,2.3623750043610956,0.18829961579406052,-2.0303328399312006,-1.0474133349965375,-2.245161227367005,-2.6676717956586096,3.736998910442458,0.5902552823907049,0.9503870939317585,0.7692922816554736
0.3333050628681019,3.5169996412730735,-7.257945979888025,1.7047468198158988,-8.643229320610832,8.824649483767462,6.352086790003583,-4.127306002046921,2.461679448006653,-1.6635092963760791,-0.08002122318573818,1.3850047436869128,-1.5875399380663362,1.579113468865113,-1.5123625769983176,2.404607381133682,1.8981204948456205,2.1644842414811816,1.8851557504595255,-3.0929818170293037
3.395339168390022,5.005700468202807,-6.221196193299564,-1.0328912597569364,0.09662421316611008,1.1131511500609044,4.920221757791089,-1.232459138908606,5.564079039435043,1.618636434608875,-1.0347291838398345,-1.4646888358703056,-0.6774920937132427,1.0495591099095745,-4.612932189349266,1.060279491848164,0.6280793153861833,3.23651619303034,0.6790709507804525,1.4382502406866502
5.585827091656542,7.17688757628726,-7.414123858323833,-7.820628595721772,-5.334632611258178,0.04696470150416232,5.527635640744638,-0.7707746025147688,0.9484326059534983,2.391366860668671,1.7430411194810271,-0.010823636634190836,1.303734947676082,-1.331387200952748,2.0221232745761513,-1.271902939268828,2.6406958250882346,1.8742499686933662,2.9424084717087435,3.0747085308906197
1.0596376696351921,3.0297235872574553,-6.220244866635018,0.06877376589779849,-1.3522810470968485,3.787217402150661,6.320560829801755,-1.5201330128071813,-5.054502822170619,1.6625750194380546,-0.20659101575538508,0.3501524972733874,3.390762896689065,-2.1846980363997597,0.20216499650254427,-0.08627640139584475,0.9400108481724467,-0.05643046094189741,1.0854493602472945,0.4108345680380414
3.2374429489240093,7.605828294068586,-2.0591717637079023,-6.806645216025981,-3.2871659358714695,-0.5578930229604575,8.269322683434336,-2.534810252811608,2.8119986916136344,-1.238102851644555,5.1620179553847905,8.794399730944022,-8.026549431757463,10.89179058720159,-3.170200854627791,3.1134277139496125,-5.441867523089103,1.7977948056751232,-4.459445250322707,-5.780249821299477
3.137756270512996,4.520047948276943,-6.1523514751856645,-9.343794161427274,-4.926777906211217,1.9255137198701495,6.339692161432611,-2.0162393101726748,0.755295993599666,1.9922976841367248,-0.3444244561249413,-0.12673001412900664,-0.10707322094646449,-2.1216793656820396,-0.09225421964195735,0.1482542005838559,1.2837169883392103,2.7639615539971647,0.9970714256674859,-1.1396232466485177
3.96604691866951,6.8373892150319655,-6.2874542888869716,-11.403663314336539,-4.658691134791466,-1.371274663634676,5.642737942013189,-1.58224209269646,-1.9722814084156868,3.6885577690662075,0.6646662398822091,0.49722325011235446,-0.6011078932342937,-1.6002050153712926,-0.6623453514644038,-0.2728496613035437,0.3775859551213871,1.6805855518628787,3.225976696058157,2.0901657190897986
1.0051284538580343,2.399227851234768,-6.437531085563208,-2.68306193529542,-1.155013442846627,2.5914286646135865,8.599947552507146,-1.6995231947387959,-3.730942524711773,2.6796629162940917,-1.1317533181865875,-0.7456995151291033,0.7578000517367646,2.5392598409399967,-1.6573447960150536,-2.148835830660831,1.3659132919527983,1.8102940508674603,-0.5690489350113732,0.08393186516376366
-7.017789107454483,4.897708201440133,1.837442209366702,-2.112525110768221,3.4786506043277994,-1.5596871799583867,-2.271976170782817,-2.33430042367171,0.42300923446251637,-2.0315194378655366,-3.6410833472474198,0.7540332561264633,0.3380970383768259,-0.008593235164092383,-0.45720345439945964,-0.7686514074201626,1.1841459275091366,-1.5207890312153496,-0.8585562678712251,-0.7321153678712686
-7.258746501196929,6.3232461655363466,0.8900563148526891,-2.046119864720315,2.7012196968045328,-0.7312838903607994,-3.193200455534715,-1.7170536455198686,1.184068952701284,0.07893639224582694,-1.9607807712970857,-0.16040047262182272,1.6128037752252453,-1.108854679064944,2.095345252613208,0.2648091757401736,1.9520338005103521,-1.5759969312686126,-2.6341222394239345,-0.41257003930807934
-8.288234646484442,6.188146271724458,2.6708196821794434,-5.165927653269355,2.947253008850967,-1.6002292262745939,-4.5685295966200234,-1.3180444054305023,0.7369819579427553,-2.2879040005193203,-1.17438255264163,-0.6863948230556033,0.9390785121086587,-0.10812445965287434,-0.5042239876619419,-1.1377305958947228,0.20640550626499185,1.4961661130290205,-0.731064782652944,-0.026331027298954868
-1.0670474483391748,11.131359423013485,-6.069412768182295,-8.055673796100436,2.4068312136529615,2.6388918047990098,-6.028113886399359,-1.8954700828065532,2.95329173956881,0.06700966593348837,-0.6487631305016164,-0.6389548203575639,-0.3818198687081551,-0.08488216309981889,1.4162703666051395,0.9636499945646109,1.7929283964650775,-0.9844222836586582,1.6493180890353796,-0.7153701171003597
-3.023208787877794,6.4472409701711175,-4.4451208376059395,-2.841884791669388,3.237466308893532,2.5161697303384063,-2.9248868447001444,-2.306739071981045,1.1041104976548697,-0.8539846392140279,-3.2524534823532236,1.1912530018477883,0.3180206358112844,0.04214291121072972,-0.027130480192447404,0.9113113854502686,-0.8568266974390035,0.08783033859659836,-1.1656824459776347,0.15922708788005346
-7.136823962428027,-5.71755562100229,-5.590450333087641,8.952432294606686,-2.518102049783386,5.985138253595894,3.4495263940718273,1.2425130165506477,1.2662056492919749,-1.954212731519359,-0.8892276133962691,1.618389043843997,-1.3348018085325077,-2.745639956522954,3.020277308769238,-1.24588931388839,-3.8925034435691823,-5.914485344966947,0.9680731085446921,2.3101366709142064
-2.6710402401791544,0.5421880693383168,-5.519680871183906,-3.748624113349648,-7.291085359100529,1.420797726481152,2.1457217731273484,2.8982576218796745,-6.51776430525794,-0.1211924859851522,1.1254162843066402,-0.6469540455549023,0.7911200837183084,-4.811017946904482,4.906135580564741,-1.0960010712188186,-5.394946230109692,-4.700183530057634,3.80996172575833,5.313200167210894
-5.9059638695096695,-2.7946705316357243,-6.311407803729221,4.047482855461664,-0.3706281698791338,7.320895782568842,2.043992482650913,-0.2960342748000804,0.31943416330241536,-1.3391659728136793,-1.1735613312687057,1.446201947821481,-0.625957506499441,-2.4284036183575792,2.233337504248088,-0.31790309232828007,-3.2544663749467624,-3.847591766726956,0.12315799329129529,2.867790724070111
-2.4863538633119644,0.6003659407991051,-5.484873034515667,-4.344624697974901,-7.264020039253253,1.0619081164404875,1.9868444942283343,2.928646623171974,-6.640539581389946,-0.34504580756502246,0.8466207616371468,-0.5140713848054392,0.8105073906279805,-4.690691156396349,5.040214188007153,-1.0055383617074474,-5.293536172543755,-4.365602609161252,3.576443891417119,5.469848744589432
-5.928158966820085,-3.04846047747513,-6.187245343127563,3.834343147451106,-0.7702189672855722,6.2742985925972095,3.9721963387806998,-1.3230884164415373,0.6924594918347244,-1.8489720897309811,-0.48826256585194217,-0.9933123753266124,0.4779920504292574,-2.1343184288456767,2.272902204511815,-0.774271064616202,-1.8111199837905536,-5.658942955586642,-0.5940797251675839,1.8815536038001928
-6.413376656303418,-5.07860482255931,-5.467528219549766,8.552208546181937,-3.3177677785384603,5.860363082464678,3.1580330038955613,1.111663952587611,0.962542745240058,1.0103887646439749,0.07060150101767873,2.8176864568140223,-0.935282275682925,-3.9128198919932693,5.211426489564765,-0.5922774925203539,-1.510858205269122,-7.938169232771451,-1.2141774120378552,1.7115793340850642
-6.0026672250628605,-2.7020770371909553,-6.346351207918741,3.888631658939304,-0.36357437126643477,7.27275266028067,2.0123724043086173,-0.2721709342482861,0.24988389093035912,-1.5183634743625762,-1.31457131234737,1.601171206857598,-0.6428151317244576,-2.4699228753545652,2.3027197298997875,-0.22438186776915997,-3.0580267013636844,-3.7672557829535434,0.19584245188171578,2.905743790040341
-5.968289967024781,-6.185824251474841,-4.905580497060349,8.426087584580602,-2.9397988621128284,6.274759914679713,2.8245377438724777,1.1020244087010482,-0.16770239465206194,-0.22513978873976326,0.5341626569993543,1.695179752464559,-7.137361260039113,4.676047022878883,-0.3658371448398966,-0.008396922779516574,-7.192062856665926,0.9857659453048675,2.028799531815009,1.5628215417511673
4.507813371750272,-3.608443943349062,-6.931393268433254,2.738096063423421,-2.177346078015022,0.9671866263685177,-0.039761117740853,-0.1793341646949358,1.680713685789353,4.720267666146618,-0.19257092413825494,-0.7887744959924935,1.485344626832251,-1.1571008022115796,1.5892215283593565,2.116577624690693,0.5835969232148197,0.05229996453559976,-3.7335636006342954,0.6357631937120766
5.9412800762073426,-7.794538386060264,-6.285783358821259,1.781180983839143,-0.45224782720255413,5.438534940656849,-2.399267844361682,-1.2488303421964217,1.4085791573963,2.5985935381843364,1.5350599853817437,0.6580489750287845,-0.0826902140120589,-0.8202452080499811,-0.6854775051696,0.3232403292205591,0.5381129612505534,0.5591074901350641,-0.16504865353999765,1.6299497113183663
3.621665158182049,4.647553359444856,-4.456778498364369,-0.17109391106434052,3.068227085883143,-1.8712219458055355,-2.73024156618154,0.02795641686719097,0.2605264202692214,-2.672956253781915,-1.8627983359199052,0.9718903786765806,-1.1640179427701063,-0.766830331678781,-0.4140624365701459,1.3678913171066998,1.5185565114826276,0.8458338958110174,-1.447264951804894,-0.47628816648637445
6.329209486034215,6.415684270095898,-1.0810373521203789,0.7226850201597357,3.9940749367811836,-2.0031663635095884,-2.220870044400709,-0.33750297926765493,-1.1651948363712208,-1.217953381966033,-0.48717337376540604,-3.4327671721173463,0.49599611008254896,-0.0561923969373781,-0.8660164173861912,-2.286102039351941,-0.07598238994231915,2.296607494692976,-1.4885553290300662,-0.5493453758864926
6.402760750507499,6.458882332561533,-2.1668745693024487,0.9113820723478182,2.1279629748622386,-0.3731859324973549,-4.166861890651658,0.6266736271267382,-2.622127001112754,-0.6466635495171107,0.18845713604018155,-2.1774720989811907,-0.3569885045409466,0.6949044944649042,-1.2351844209771512,-3.2093863371414604,0.21392572365096355,0.16338358992239022,-1.0351741145939064,0.23383866898893743
6.156689561578433,2.2311230922612095,-6.008968191516529,0.3227828437224233,2.7266032983093567,-0.8338814180119835,-3.6695998284089746,0.7113070538193069,0.83278113549789,-2.5206564114852554,-0.6267458272356253,0.03564989927485887,-0.624977834894049,-0.4973443345047115,-0.6670346365341423,2.8846045182249225,-0.21830442572743633,1.2733978717484347,-0.8558710821979492,1.4089135875123857
5.994691827011849,3.3104195784194834,-3.798387964640639,2.4031955651083154,-0.9896221930765388,-4.575038906251216,-2.0134011505237637,2.8563802952131248,1.1368832113165435,-2.403086627262038,0.4506713194463495,-0.3114815399667148,-0.37168382860035576,-0.8214694894502863,0.02146772868196884,-3.7655591158940838,0.3470400529026215,-0.9635975154155763,0.1289186830926376,1.4839649999297808
6.538908214043079,0.7971981747395114,-6.0324388795493995,1.1307918839565225,-0.7414145983911692,-5.467381957618665,-2.918108224368332,2.3912441393657438,-1.6240518897615057,-3.0801960396157444,-0.16782342671534706,-1.249409493071154,-0.033244880722482564,-0.5880967943245226,1.2412170620339071,1.3576066643465456,0.7424348904141653,0.47866042039089296,1.1281022660987672,1.2001852422500154
2.9911176950199225,4.318275495196241,-5.201117751384593,-1.1021705843799174,1.231283906418473,-3.9010009108036927,-0.9765606131752718,0.6915062992921901,1.0327346390059329,-2.4534971787441346,-0.8812983203308189,-2.0031109760093604,-0.05414344951748963,0.29072695929807946,1.7527429330817077,1.4242987578512318,0.3962525580939067,-0.9377101333236917,0.5176195991320678,-1.0311420335214896
5.7254627749309,6.343090897020057,-1.213285939977421,-0.0347163190269531,2.1344082534787328,-3.889631320694335,-1.5329303690016853,0.7058961799520347,1.5583289622153882,-1.7063088475621153,0.2357096825544992,-2.4466702109029606,0.4718038275460468,-0.9609424101577178,-0.46967613245509615,-2.2062813127332346,0.23945995726103664,2.034000534405103,-0.48937212412219766,0.29397423555300245
4.715043030520997,2.3512752580109506,-6.307698870604545,-0.35671459346839846,-0.021225957848963167,-3.0468350086872933,-2.747997639801709,1.2976727262514691,0.29196885425938596,-1.4648013399850104,0.42504582535918295,-1.001078266313853,0.8515979592917082,0.4166219172140188,2.619860256079952,-0.28024362482783727,1.5886344961361458,-0.18204294969229512,1.6821900689363114,-0.9539552331519988
5.643336403421687,1.8420256141270883,-6.385933042183588,-1.1185184959734247,1.1163499744191632,-2.3222181131490416,-3.7909045986914958,0.7079965221721356,0.6566151885473865,-2.036732986750568,0.05424153310877877,0.5307738828957407,-1.2804222784154735,1.1640819441142098,-1.2034692778344138,2.6014747368962987,2.170387288358854,0.11594219004554569,0.9040465404456857,1.4727143183847056
8.509531437910038,4.6502473226809595,-3.039083395800411,1.4410569934806166,2.1397753001299677,-3.057360653048108,-3.1263142314592405,1.2569833679123155,-1.3223106370312143,-2.287326340145762,-0.2680225729613806,-2.486126534986321,0.1641326137607319,-0.48193129642712074,-0.5129843804430604,-2.078719055887823,-0.14879946255215798,1.1992917892478414,-0.5386719241457949,0.5931050173199723
6.567380406702927,-2.0032369009983597,-7.074062262494763,1.619109458946402,-0.3581118854494873,-4.746841890073715,-4.750421595587179,3.0263355104236833,-1.7514590592363473,-4.363083258386636,-0.8399309792280104,0.31993428192946705,-1.2662333276930975,0.9038827222216776,2.2042890842043414,-1.22034343827337,1.9393006153865,-2.0830490004932694,2.2114906300311095,-0.8908049765854795
2.9528799699351787,1.4977244949855186,-5.706884900992604,-1.369236276786324,-1.2412732399497348,-5.9251460912606895,-3.456164810980555,1.5697102146593567,2.375982850627995,-3.643840156755598,-0.6679975676579883,0.5415661433317991,-1.5449841806199656,-2.8962470662383177,0.7900456908017833,-0.18131916216404736,-3.0182316304672216,2.1020201900124618,0.841906966627075,-0.64422056069882
5.633722791857311,-1.1448180839180078,-6.786036826831333,-0.9474002252521678,-1.4005327370937728,-5.114028708855544,-4.5163099038757695,2.0176871662648965,1.9382152969006483,-3.6269248885776593,0.3631924698194881,0.2024415419832668,-1.233047849108297,-2.0372049237402843,0.6672541644639017,0.7285041817370363,-1.690184769964369,1.3074759069311834,2.0947036060286224,0.4438721819812052
2.687677275566675,4.18099816582664,-5.756169609880567,-1.8412788825431547,3.3206464100186857,-1.676918422178888,-3.752015895489074,-0.2871938992326476,-0.24803798742696131,-2.8593876763802593,-1.8829893287799657,1.0488364911878227,-0.5406557952741842,-0.2257312775803985,0.6706200957099049,-0.19201709147140633,2.0637794090094053,-0.30203242384764784,0.029095004008804045,-1.8841607713632422
4.39968419676083,1.9883974589798776,-7.08875893697031,-1.5270543275704784,1.8743564001422197,-0.4381042757369748,-5.0711097000176135,-0.07575657194157381,-1.8400357838703365,-1.5943161609502727,-1.302492319282334,0.35317330604247876,-0.2601698400643008,0.47768641657791683,0.14599880729082865,0.17715752851230038,0.047708835648751446,0.22047232704103295,0.3138030109960889,-0.4961641614488113
5.212733810637745,1.7608480459724654,-7.278092445133446,-1.3223806161763538,2.9867721945082684,-0.6377317683105561,-4.66150542698749,0.3957996784426602,0.3396372272781075,-2.7101720199043804,-0.6604466581720274,0.11253966186173173,-0.0046424772444224605,0.03275421943854229,0.40136380351634837,1.3419162509740732,0.3157910586036606,0.13550020375957095,0.5897650801636187,0.029449094823997574
1.8620697165281757,4.050746963929267,-5.918982638905442,-2.6291317590756007,1.828478406619333,-2.903198643296144,-2.9794531510969846,0.5328512768390266,-3.1267781250946145,-2.655073417578085,-0.5963721878471471,1.014418084699429,-0.8764270190574599,-0.36240034449825936,2.0991621163597602,-0.22698909832158382,1.6222040870338925,-0.7033205447017697,1.387827931784515,-0.5771801260595536
3.7115344601405633,2.1306785335798217,-6.268952287293926,-2.358482609231202,1.797457800020415,-4.670809382319675,-1.3370761775337363,0.7234986298941288,2.2241496650806627,-3.223321115693193,-1.223760519671696,-1.735616504797222,-0.5960738791779399,1.1221164125437015,-0.22450292258101356,2.443215489079393,0.5363725059488162,1.039217835408464,-0.1955715777698691,-1.7378477412057793
3.609650619992613,1.7543027486931653,-7.175309944242092,-2.5246347747980646,0.25103249776542735,-1.8511294936788951,-4.583480992812371,0.5996479091423383,0.9794003665024045,-2.0769979861502916,0.20114651910239456,0.27599768978683686,-0.7054063868740883,-0.4493618662150545,0.14786248798811752,0.660786447671377,-0.019154070497564013,0.7092197171364897,1.736103521501591,0.5241505749098877
4.67420825690388,1.8792560207028735,-7.3929855664523245,-1.9641657263911263,1.6414493851690404,-3.192267834485054,-3.7733786586934546,0.8824775614125188,-1.8698371427958307,-2.2145755510732545,-0.2606378534271606,-0.25733142405529974,0.3629159382943839,-0.365693488451025,1.3113339870015392,0.7635167597268493,0.3737686919565907,0.054149385569637574,2.3160658237402676,1.6848446983417935
6.777459100764135,-7.246701647091238,-1.519478723740589,-1.7800483344019007,3.5025484491915284,-2.50361245354686,-0.7919372085856988,0.4880015324934876,-5.9843531579245255,-0.2693028277199383,9.740715788031093,-8.846084245245706,5.134167183229885,8.089622457015057,-3.744100977882857,0.9221949864966721,0.7857870359316943,-2.4463340983400124,-4.851798223288412,1.2821993486287178
7.701421822055531,-4.849416064813343,-6.663350292262857,-0.22657007502378534,-2.2586585537008075,-0.038208345344036054,1.1786276920126977,0.8455635886835129,-6.39383189387268,-0.6182959761260807,9.912708397314011,-7.947953208930627,2.591598057780126,8.474896429218306,-3.3180690105020165,-2.2918670621889703,3.263082933645948,-4.111119892044716,-4.920001064376057,0.3552340444992055
10.78916522571989,2.022645000133411,-7.7550201208872815,-11.268492066662802,-1.3132146225028953,-7.125501015412593,-0.6728696657808226,2.9543991626721944,17.995723897201206,-4.7361283349113315,15.039429263861969,23.475838956593588,12.465375106704556,-0.029198491959802952,-1.7803109467586486,2.2742676080439916,-9.229393485194851,-8.825340481078372,2.0397753536700893,-4.882267221056006
7.266498743435071,-3.444395187275515,-6.249931491468779,-3.5452495315399566,1.5073033556990507,-2.9107131929182266,0.24706961425893925,0.8513579274897756,-8.565581864119,-0.5214598584995296,9.118790475229833,-7.834118022538586,4.443771222247943,8.05101261138557,-1.8798008658343617,0.06734008319612278,1.8873221095145574,-3.193409255770314,-4.804980557204374,0.25962901755615686
7.4212419433282,-6.337505435361696,-5.405342088897493,-1.213332035545075,2.4283427087025524,-3.3059926925328673,1.4917235078031006,0.509071080000448,-7.170512262460626,-0.9793987626057576,7.985508848458274,-7.827164862635269,4.383023783024943,7.923231881222846,-1.7842582030828409,-0.8787403562899607,3.0280029081525246,-3.8429330511825492,-5.390206441965623,-0.8462445236879681
7.06915993017415,-7.4706103007457045,-1.2775304475103912,-2.454483510263685,2.18483499517185,-3.7489128079052825,1.2350644826357682,1.021883825126305,5.10740540290701,-5.232705512524532,9.387756956889985,-7.269937901276753,8.159617662255606,4.206361605802653,2.5606437782028237,2.1005697164006305,-2.4129942597846594,-1.1866471544088653,-3.6409556880252634,-0.530709677214861
8.572668070500885,-0.9755129441867575,-5.454118189940726,-2.6548017640357418,2.507636317279464,-1.9839932062209384,-0.5183114682819174,0.9815212643263047,6.372362622647175,-3.457068847557503,5.506260586418731,8.87257225306425,-5.473561455637453,9.390581287724498,1.0861367539394227,0.5701379192638812,-3.6628438555701104,-0.8486472384107873,-5.242594164946623,-1.679749611204719
-10.123779130459017,13.794634910387625,9.541034711224468,-9.237750073211885,3.5863507423993948,-5.1119584341201145,-6.474185814849928,-0.3448068929496323,-7.959894115888931,0.797000558703644,3.3706051259222436,2.1457753548788934,-1.8618923923532484,0.3778408571807136,0.8018245813549917,1.2900216965680102,-0.24426800546607175,2.6424506410828568,0.5326242894348661,4.373822168532877
-12.074415805710759,4.69612733097335,8.201453166390952,1.434771085382315,4.263765734918488,-7.038716526466363,-0.5088444614002772,-1.7439711718175142,-2.3943757465985662,3.797721316865247,-0.01217440019124813,0.47791058948808063,0.7753745184209493,0.3278231013201631,0.8263682073932352,1.0700595139954796,2.402602166261358,-1.9980485148707217,-1.3398550728328291,-0.6389364265116227
-11.203462167158744,3.0677414429997905,8.630156937822989,2.204579211492531,4.03878224226564,-6.922904718476843,1.5917326334261048,-4.212479028522312,0.7433444814035532,7.59820601795454,-4.408925332395357,4.999868752023781,0.650064493504049,4.153850483163944,-1.8474215704807262,6.9963881345852315,2.884046544554647,2.829036965456624,0.9314153648676414,-0.8737345472782314
-15.73019146307871,-2.578824098727023,4.220897692417943,2.06131293438502,5.607447744478467,-7.246774199527481,-0.2778474982806054,-3.1684930141655503,0.9212500682343381,3.1496916389008396,-2.879251527875585,0.8098065991988564,-0.33368141710704186,2.695050205048908,2.568464822038667,1.893192384340678,0.5240551645956951,2.6520163380089414,3.3899776638334034,0.4314615417385269
-12.149452405658023,-5.503599176084038,5.450157452182041,3.0386082452415906,4.609374871494952,-10.83479277330428,1.0976098107924317,-6.788162427170873,-1.8219826391520422,17.02102257430074,-14.65984596326539,12.57634541962981,-2.8404460429603433,12.572352585362745,16.529757299604555,12.168157858824319,8.166062729190514,19.664996489978208,15.707004238489615,9.695771827521718
-11.849219003435216,2.7171965200260546,8.874621839720941,3.218740935681901,6.035634181974929,-8.4323598434822,-2.397126906685678,-2.401513748267664,-0.766560978350506,12.739062907702667,-7.202470264612328,-1.2149669823319769,5.999664549401076,10.614259152280455,9.82740661290719,2.0593865241117393,10.655289790042675,6.333388820950502,9.939617703768011,10.119205822100492
-11.483537778582791,2.8385091764135146,9.06212620659368,1.3396950842716548,6.197508146706009,-6.354698488703248,-1.736873933192429,-1.8238457437036895,-3.0404404021269515,-1.1283555695660794,-2.4613660216495985,1.4564856500367358,-0.9272937932787714,1.162303524641859,-1.5737911725005103,-0.4761368769312701,1.1974135318824415,0.6269417298083659,0.3407003297461185,-0.9452077340235242
-10.931527342984253,10.50883177612521,8.916481783251152,-2.1400375413028785,8.197500280779751,-4.111193241629561,-4.267529779663743,-3.043686845403884,-2.1924759218558747,-1.6838339362829116,-1.397781910047066,-2.7068454829027715,1.5001788035120986,1.8410666396007629,-3.5096640434995257,0.821729017511797,1.1914123154108263,2.7343545236363784,-0.43941624036081517,-0.7897406431111043
-7.43527248497765,-7.29806832235739,5.290455957681728,3.571552043492149,5.762133767816805,-11.946051762373017,1.4408327136735521,-7.06643531064822,-0.5804386332801392,15.803429727245124,-13.358685923156028,10.26348927443874,-2.9776277315917223,13.720808547083607,16.035622730708706,11.352857267335814,8.679552920440171,18.596087860763095,15.346355337305887,10.659077265803791
-14.122116278682462,5.035446464541869,7.3138228613661616,2.2064472731494815,6.432147221611247,-6.297087378902602,-1.3527797247285236,-2.153715219758405,1.8795904571291961,-1.681396447645815,-1.8827981709883421,0.5955673184147859,-0.19656537365217075,2.5709034279525858,1.1833492678187787,-1.213775946162211,0.4487862552085652,-1.1331676585536352,1.074561001806986,0.32351011194414375
-8.277075820631497,6.691954717918398,8.565513789899162,-1.0254999085448668,3.4730009334318765,-9.961298162297386,-3.223919249391769,-0.1310218258899008,-0.12851039014994736,-0.46886170735651245,2.927982426026402,-4.61559099155698,10.333906563923254,5.199376384681078,-1.0137927383535654,0.12281448665988925,2.208598752024872,1.1302296663853897,-2.792388173735447,0.4646758421576635
-7.539885267727152,8.303138744516607,7.478035228445204,-1.1723340052326088,8.839753436116956,-5.6152059470560225,-3.0936176362372243,-2.822900028515517,1.9970532698603898,-1.84222478507627,-1.6700419746087245,-3.075867162405503,5.565033077474738,-1.8756714053427141,0.6086528127287344,0.5960162963376116,3.934313408341785,-0.9443479835089446,1.0815288564853511,1.5900456639143925
-8.11150383157124,0.7180002992099246,8.802566145408488,1.786395164926728,6.824995537016469,-7.890372122266027,-0.47016822776896516,-2.5877260519847556,2.8217139952736403,-1.702532107343936,-2.3763665915033734,1.070190684597681,-0.6788402467586387,2.2811332834421236,2.329121599677145,-1.9669877385839578,0.9439608092742916,1.2722690508683199,-0.3300374573763199,0.7386888147187359
7.471492001812946,-9.890221450201375,6.781559782307834,3.254903304673056,7.283262311640219,-7.318049452820112,3.9208443279179175,-1.6713483589718572,5.4063951336556535,-0.5384595050267488,-1.3827715650145844,2.119249234882104,-3.108608409223913,2.406223744895903,3.7075800285830467,-2.2797598053006873,1.9522683163983274,1.9517418534690738,-1.1773622626433304,2.6274034263747668
12.22512142003606,-12.584544650544853,6.8345171484670715,3.2180137845964336,7.993163746245424,-6.233771728082497,7.226339567578253,-0.9065472874373511,6.392875774606216,-1.093157823732125,-1.712035059912906,-4.354264618145315,5.504690469657957,0.1399817056874721,-1.254308499839541,1.783657600495428,4.931027683361979,-2.4051069768735456,3.57378000115016,4.704303692262759
9.132061736263637,-10.721987565174516,6.693473442191269,3.4064091212005487,7.565198041874366,-7.656623347974131,4.008045957343352,-1.6843216330461734,5.750402936625827,-0.6439678666727655,-1.2689047912197349,2.1900412782644034,-3.240736595909617,2.79602426461668,4.176501417524403,-2.306778256902051,2.4892101621075966,2.144055939875142,-1.046974253322343,3.188823115230411
5.67897349323283,-9.392854130987882,6.962590304522143,2.617372884099294,7.016290639988102,-5.15279848888312,6.368778358563228,-1.0223700172372199,4.993569205653053,-0.9503488882996576,-1.7020221120315173,-3.8736521016056233,3.332734206197772,-0.20649468175201366,-1.414698391548662,1.2432789078569706,2.0910808497064983,-1.7393848120124464,1.6349726659384873,2.919158105260018
5.482542557431361,-10.345914060108328,2.2799743812885556,3.382109110875442,7.785386732995374,-5.89587844984823,4.7385552312933585,-2.265659854118276,5.078165381107416,0.879437684611346,0.9500598629832012,-5.63998589511613,0.17083498401003178,1.8707381249619535,0.3190186854301045,1.7366147030430856,0.9222983540848317,1.6172558305579947,-0.5959921404558717,1.7947592621598907
-0.30935141829282276,-5.261166858328302,7.238996536375636,2.5162022521843417,6.693531478659115,-2.4751104109905904,5.334103313321496,-1.0622267319274807,-3.121771518624279,0.028466064739450736,-2.1857648786100667,-0.5586054484442331,0.9689062382096756,-0.5923778261872461,-0.7773546674844449,-3.3648930321037707,0.5084213139820145,-0.8874368237735906,-0.6495141643437452,0.2770788403041327
2.2589507358685226,-10.402362060709972,5.5847623078244535,2.517702632588004,7.445248757562662,-5.2930031026561135,3.6602442599645917,-1.770264379207629,-5.305672374618831,0.8580713318489619,-2.7100429799044212,2.684586375665333,-2.3892332835167664,2.3603084942547574,-0.5834364276930903,-1.69352307146823,1.093666807836134,1.101309474133995,-1.109618298783825,0.8571520007650737
0.666784525379033,-9.02401742445873,6.888204141595106,1.0691483721803976,6.936520421800321,-3.928469352685854,5.909352607948298,-2.061724331460231,4.631777649319268,-0.828989367726984,-2.477791720454114,-3.118565188238427,1.7817735573209834,-0.10705951739573785,-2.6375672355484876,1.285179641688945,0.49495287246093833,-1.1493727544531689,0.12516081365921616,1.4954807962397363
-0.8326933181329018,-7.917285541144563,6.726256401014853,1.384983240909993,6.647276031855906,-5.181923752649654,4.034324493280032,-2.271123756907363,4.386092458759336,0.22886582946560594,-2.2338958059282543,1.7781246309124983,-1.6572715020004536,-0.5786640753999819,2.050629916975378,-2.576773735536835,-0.7737610173055791,1.2509919716947433,-1.558707581102905,-0.13250112573162437
-2.5144391469616125,-6.859261393545086,6.8344877389942,1.2162215776520808,6.357165653247629,-4.818723281711507,4.050716706611335,-2.2941754386110316,4.149701971342143,0.3753198971517906,-2.365406472636639,1.732531916408318,-1.51409399538506,-0.9531409416091707,1.6158531601418034,-2.535342575182574,-1.2032440509572855,1.0821538772285828,-1.7210364148610218,-0.5484227082102374
-4.906543047872264,-5.422456243018077,-2.644194357823661,11.1857249420626,-7.734752835071919,8.153750082479636,3.632855650016326,-1.9800922886947574,3.155285471867263,-3.0568565510155934,0.5059157128860539,-2.492750264856299,-1.5987935748434627,1.6123045715307334,0.14110443307476878,0.8206677370889467,-2.7484725258477303,0.13133163876692333,-1.7468430277322002,0.3501091279512468
-2.9053182347739863,-5.2847320489454805,-7.7974558320066265,8.948326932473384,-7.828300264230075,6.6020739383757885,4.928839628041373,-2.870699455987895,3.820619665707911,-2.3792766214686747,0.5210679430959593,-1.9999868860142798,1.0545155849910315,-2.652929095526229,1.4083378817273826,0.3382294733142256,-2.411222240903951,1.1056572182856803,-0.9900390535957451,-1.7974948808492153
-6.231184470672412,-4.012541950074336,-4.20537514598493,11.789648333109518,-8.472448770627816,8.01418319982814,4.069953017114715,-1.6925687542534067,-2.1152374799824445,-2.6601152497022893,-0.2379328223542616,-1.253940585593228,0.1523896651129346,-0.9677946092333085,1.5654496900934156,0.8269906830504158,-2.065717169332615,-2.5690701802790596,0.591791958326011,-1.2447423665648887
-4.898540561260354,-3.14183851710408,-3.1932993537400076,12.075943052784368,-10.74733904354315,7.7569849827021775,3.56812366260786,-2.5950579270944347,-1.5114916673843974,2.6093449672677056,0.8064714519666824,0.9476559706962244,-0.03011633375396161,1.4123698564284317,4.142293729257408,0.5296120800715527,2.5980318141226437,-3.9031011955290773,2.5357019105542875,-0.6014038301664963
-4.294066899512622,-4.514198759996074,-9.140338835194676,10.284934643631004,-9.532479269458557,7.236081454475391,4.518535898684057,-3.207728853002533,1.945652923015202,2.175154666540352,-1.6298663753794371,3.6851208843205443,-0.5398939800684268,-0.3159185588238651,5.78171724026493,0.3328944885015639,-1.4893749446817157,4.047266267187485,2.6877057478103086,1.6946395455527794
-4.209334765507686,-3.8366476425816867,-3.545654822726783,10.972789846892383,-8.953298233172674,7.630598337809939,2.6256615037285522,-2.011114368536478,3.2456060043069974,1.8925201847028625,1.834427338062544,0.08522042721535927,-5.165840359396737,3.768372469430407,1.440956094790041,3.221564543827093,-4.419729176859303,-3.175627678402018,-1.5020030442719339,7.521424475727628
-3.2184211275611947,-1.6550326128638737,-0.44162414140377504,9.219236735956116,-7.167438736566785,-1.1011590750600655,5.188172435031498,1.7908995936415122,8.378942370569717,1.289213568202224,4.115021267457729,-2.020417109878215,2.0641601538562666,-2.414860761806973,4.385439392721933,2.060632040399909,2.8124661243614044,-1.870265050547049,0.8764702380471752,2.4520024865770007
-10.951762870265739,-1.705474568805439,2.4811033944261136,10.759097030079733,-8.299941330938223,7.295560890629524,2.5387958618761775,-4.382050045840199,-3.9385296302719732,-4.478076262139164,-1.9671613714890948,0.11714505994744995,-0.2565490354341603,0.3256195557961213,1.2780203686399607,1.9230904187862072,-0.9687019715037277,-0.7539268582991329,1.81303162637939,-5.084932496989012
-4.794159776207561,0.19258921181453664,-3.031372986481413,8.008647788187444,-10.653425924328513,8.130118932418101,0.7420819144773185,-3.520160688683604,3.213071887712036,-4.539101040639977,-3.4243752897564104,0.02228354132703153,1.1702332304890626,3.421178787394622,3.563069525929659,-1.152165384657319,0.4969149446201908,-0.7033668081358837,-3.81343002598744,-1.0802439047383883
-11.068404111595658,-1.0710256883058085,2.2313315605948647,11.703579446535908,-9.800538693914158,6.168437905344093,3.868511727089075,-6.609273372739767,-0.42852972877732265,2.6135773823729265,-2.187898845986896,-3.0548747266365215,3.412454707694125,3.964928489694393,5.235506107201945,3.6454812064763478,1.2698332695218513,-0.8721384819011162,3.7863693964951692,-3.699991023087578
-7.3927849060830635,-2.1033623350468167,-0.5184641988309131,10.553425607920499,-6.789562161380147,6.28087092927893,1.0942176229156841,-1.6245224786052639,0.8400109145591401,-5.443787844810078,-1.3878199498198898,3.1009585383481255,-0.4668957888628692,-2.3640312385541344,3.4122896928872697,3.646934084705931,-2.5568670182473703,-1.3581882068366768,0.9714491705306921,-2.4725152765804244
-1.4954093274530345,4.025223415505681,0.5961609699583758,-3.7225247334244282,4.165995817441495,-0.453496178327613,-0.8298961623193413,-1.7331313037279383,-3.6545185409986907,-3.1908683513487937,0.13425163124376716,0.5613925739376447,2.8459630083779217,-1.7563989976115575,-1.3958021487511298,1.7488161767490025,1.0634759271722856,1.7718070462387905,-1.7343310347373548,3.1751065735619903
8.943933882228537,-1.9751655898889942,-3.237463615707079,-1.169883059625374,3.884072920704401,0.16987925858378972,-1.5822052394156572,-0.4683970919960664,0.3563477573383241,-1.3452644327464442,-0.31207471908485424,-1.1494339203344723,0.7829491634151049,-0.737604439291387,0.7062985466782328,2.097225632862984,-0.6350849232606433,1.3779932580085803,0.5048227037756676,-1.5727202062460677
3.278097543083197,-3.39134431754759,-4.496225654242439,1.1776868641802136,4.057883597021241,-0.05139558795397203,-2.9635193812089122,-0.5242817426211115,-0.4323960360940423,-1.1442628783070097,-0.4068608893228597,0.029841110078026423,0.60915912825542,0.4996844959821566,0.3664733078231059,-1.8720587657544066,0.0027721320022101037,1.6839720431900225,-4.540302031641652,-1.752497637655667
4.241284538347267,-3.1575844025071556,-4.797898549225362,1.264183971326568,3.821522512395916,0.19237192768142478,-2.212212387277477,-0.2979409202953801,-0.05662920868987409,-1.3098228433310757,-0.4316004282552194,-0.3057259960026358,-0.18667440014072745,1.1829265047039437,0.21269806998308882,-0.794117275959537,-0.3918150804696754,-0.855107678984671,0.5241024306066531,-1.2043120120388382
5.0420369982629,-4.404191054625882,-4.485464426410234,0.7785996788557266,4.757670819323077,-0.6276071318083777,-2.0901018968734024,-0.013622904993797424,0.3203872127646728,-1.9064691137283234,-0.7911891597084812,-0.26621033715553694,-0.2618764219718636,1.3128470505579963,-0.26216780280233043,0.3485439690794801,-0.3506894827533027,0.3046133304558807,-1.034034629077372,0.07901699317324291
6.013362935659936,-4.227223710936687,-5.230413658426462,1.2934956885181177,5.346828562739845,-0.5065227486836699,-2.2538283577367153,-0.13485684242519058,-0.8751564377361871,-2.355119457238832,-0.429109155041332,0.42817408079651514,-0.17531842528970704,1.5101404311763944,1.5330765486412976,-0.43462781545716367,-0.3665571279563816,-1.4985141699077622,0.6748546343223457,0.05294378550952161
4.574503159925785,-4.048347148394317,-3.9096771643794623,0.46456377813629957,3.5781413943727354,0.97362808856117,-2.385670064601579,-0.48551299523648994,-0.9018928454693061,-0.9515596194004097,-0.7192638361727549,-0.04987812511460807,0.1408536592014089,0.14079061239400065,0.6378142396853358,-1.4979441480200668,-1.0471502252165557,-0.7397051590019538,1.6834336495765443,-5.625934705244001
5.4359662480098985,-4.098378051872142,-4.381988556094999,0.6463380673489862,3.896747430673,0.1251012700199043,-1.9008968599701148,-0.3588055935268001,-0.05134869674105713,-1.118808528517616,-0.4520434483755757,-0.6950519636273692,0.12260564470859128,0.677851567497588,-0.22648666954947452,-1.2940239194078638,0.4788516835353425,-0.9733960349639217,0.5668088975711062,-1.8417803880738612
5.363933861374032,-4.655492332432534,-3.715785989432831,0.37628967798290847,3.808404354725041,-0.35464985744240024,-1.979241432171842,-0.23594205402152535,-0.0133080693215899,-1.2104283845767907,-0.38351201238021254,-0.9296156960436724,0.2253618615862502,0.10030377589905018,-1.3051009221106766,0.7615098284940538,-0.5110913531193738,0.27072185125342835,-1.8228272529647986,0.19852314314765213
6.246355320574622,-5.2201272355428125,-3.8958690632408692,0.15488414225414307,4.925194509156883,-0.7852397941963816,-1.6557636903127926,-0.1347023376478907,0.3882024454150976,-1.7212049676445746,-0.6599545744615013,-0.812885625857626,-0.42621508723615753,0.5503648019852678,-0.7012827959199012,0.9709429553836129,-0.3265887289157124,0.24675655883734599,-1.5087744666810914,0.375183515824226
7.497526558851623,-1.3077091507365524,-3.8478907470014523,-0.7049639294870041,3.8097681655383138,0.18169287630235478,-2.0289026965522097,-0.23035269079710566,0.23119628944970336,-1.6033274252022591,-0.46629242572100144,-0.8218635131685259,0.5125462297125152,-0.18943733061554213,1.0720133562542533,1.439404896919847,-0.5842238079831206,0.5746791078266014,0.5453199533663163,-1.2834551242123544
7.497526558851623,-1.3077091507365524,-3.8478907470014523,-0.7049639294870041,3.8097681655383138,0.18169287630235478,-2.0289026965522097,-0.23035269079710566,0.23119628944970336,-1.6033274252022591,-0.46629242572100144,-0.8218635131685259,0.5125462297125152,-0.18943733061554213,1.0720133562542533,1.439404896919847,-0.5842238079831206,0.5746791078266014,0.5453199533663163,-1.2834551242123544
4.4141269083455175,-3.7494786037969434,-4.53904105365601,0.5970284575459589,4.193898307683151,1.0523128220121158,-2.671620757278893,-0.503266728238908,0.04344835618010057,-1.3348013596371708,-0.2926379322852085,7.302206922338295e-05,-0.059849994197485865,0.8491934280483666,-0.7214361644317584,-0.0391025205089659,-0.9110388606544588,-0.08778543027824709,2.2393287699926954,-5.240639425705092
8.644614232421802,-1.6180239949081563,-4.1615757771128035,-1.004938685655962,4.794663078373446,-0.26309568508391157,-1.8357115390573624,-0.19209014561131746,0.6466818170251247,-2.0045248533986193,-0.7107765716644866,-0.5750832416953082,0.7797606948755901,-0.5447580169695585,1.2624675103737764,0.6512059514015944,-0.3493559187040451,1.0499676283188437,0.3546976226065587,-0.7750139914578931
7.299434328838412,-5.023343127004139,-4.8178646173079045,0.6915147691120094,5.4277779063188945,-0.7060361951585101,-1.8663392807255794,-0.23899818803078282,-1.0755402820979434,-2.216206406884021,-0.6350565094088332,-0.021863827648319678,0.13559158254724824,1.3177610814382734,1.2756401618372686,-0.9810659184341651,0.5020041383624544,-1.7161245397074079,0.428626773356083,-0.4350322718639876
6.645387297980374,-5.249447844683419,-3.1796485657893223,-0.26973290178212195,3.846241468863459,-0.49779233632801145,-1.619069139181575,-0.44423370523980144,0.19753917570565957,-1.2284383277762625,-0.6606865746639236,-1.4016448208088346,0.04411675739216595,-0.2798605857716985,-1.9176753680956817,1.647223299144754,-0.6467922752285314,-0.1752063142527035,-2.181870064297038,0.36773028915843753
6.709727383208847,-4.764516405421907,-3.9860007653295786,0.06081068737295973,3.9319028214063385,-0.06946921935411594,-1.5101171959889779,-0.5079609935620949,-0.3177267478926499,-1.0429587787962495,-0.7696740327332874,-1.1207650181742945,0.4256009989359926,0.5708179053597093,-0.3741200010779103,-1.89096408229577,1.3987534778143969,-1.3129493497210833,0.1878902651463478,-2.2498121791490417
6.422594989854648,-4.867769303484364,-3.850934102297208,-0.02082052945137451,3.931733967236207,0.4252608452217706,-1.704477410813735,-0.41336120961033196,-0.6972040216777484,-1.1864637235482187,-0.5513878806053268,0.8563655330568737,-0.7779722011219931,0.7371303194463112,0.42569197161110317,-1.6744630661103637,1.6568455782906524,-0.08379357108010113,0.08657981514007068,-2.0007147408680246
6.422594989854648,-4.867769303484364,-3.850934102297208,-0.02082052945137451,3.931733967236207,0.4252608452217706,-1.704477410813735,-0.41336120961033196,-0.6972040216777484,-1.1864637235482187,-0.5513878806053268,0.8563655330568737,-0.7779722011219931,0.7371303194463112,0.42569197161110317,-1.6744630661103637,1.6568455782906524,-0.08379357108010113,0.08657981514007068,-2.0007147408680246
6.749356556319095,-5.012064210556524,-3.183608037619204,-0.32078584288206147,3.887376691027084,0.20620838328906768,-1.5870698723929946,-0.37961680920398394,0.15081556359244308,-1.1543692661182932,-0.7276901886126158,0.5791386547415862,-0.5736888816122399,-1.052134157554323,1.0431533212055304,-1.5529509496887848,-1.608292676521713,1.4682618585196263,-0.8576434913983862,-1.974040679007769
8.958672622136945,-1.9215281922224532,-3.5575665686594093,-1.5658885590318454,3.6989582134075816,-0.020639122443878208,-1.5439624137937638,-0.3739682359442463,0.14638189957625033,-1.6029589589045088,-0.0937757421819238,-1.2885568474224913,0.8410478300565175,-0.5805738336648432,0.6667576642054435,2.056990701719053,-0.41697381685882096,1.2706425610799443,-0.13745416100657243,-0.9352448315347197
6.480271365390788,-5.078151491989394,-4.077952173495599,0.0512925677870583,3.9432732968738877,0.599790524608059,-1.6365931814329844,-0.466514487733999,-0.585858980507696,-0.9478183551935395,-0.3050920670371058,0.7981268485725909,-0.6236962005409992,0.8710108437003744,0.02430629891397787,-1.570527135781345,1.1073118076397648,0.1320338750904781,0.028455911675252188,-2.0745532517474494
6.19938413397284,-5.070926580241752,-4.197296304475904,-0.10657066848019522,3.7653717263961752,0.09612611458061143,-1.741267737721749,-0.3708558453006057,-0.3126924704387054,-1.6888070164648967,-0.47335223685733907,0.5751720395572627,-0.504271514128513,0.776648572307981,0.514275613498744,-1.537464647958573,1.354993008634004,-0.04332528612032158,-0.383533853485123,-1.5489817010179334
5.301327281448585,-6.996450972648011,-4.059451937828164,1.8771288262361154,2.9550110178783373,-1.1744006717694797,0.012059893658715737,0.19970219574345646,-0.4399043783722082,-1.4081612267433723,-0.8461413362750002,-0.5968910784686536,-0.10466295828146273,0.4972331800522282,0.18478392979684793,-1.9625526547059302,0.347406960324837,-1.758172109492147,0.8305154236946648,-1.6770912254417458
6.337058491149261,-4.147924752979724,-4.3038465487662485,-1.717445871688763,1.9270138144841855,-1.6341288948085828,-1.2914562274821435,0.3926116097282232,-3.0664573515471156,-1.362689466832642,0.35657358224427826,-1.0218835836032312,0.5242466729321456,0.0304598463045285,0.7871364449333167,-1.467306141335407,1.4169284230101378,-0.7555532549598047,1.401635891176173,-1.2162309471840933
6.369508538405397,-4.782150923100397,-3.592615816446528,-2.004937218522173,1.9893351590922344,-1.0199525808389565,-1.5781779569049847,0.05927477884061921,2.82047533763749,-1.3562269658416688,0.7250088304645755,0.5964642032043923,-0.8085902081671381,-1.2733950233999716,1.1485183460798285,-0.8711996499733616,-0.4803534888896162,1.3007591164401027,0.17115739227059235,-1.3644969525677015
6.540687954595457,-5.839363542979857,-3.0502639349185507,1.192114987310723,1.8770040541095872,0.24277774318760625,-0.5041131296411006,9.508518340970568,3.0709215160969006,-2.1089836855068618,-2.747303945693746,-1.3521914738795464,2.3029728652463115,-5.85950315591155,0.8798211266349318,-5.94402551936151,3.0629591581767737,1.3576532732183757,-0.7459539912972968,-2.5112305491724944
8.871106352707834,-3.1027284412040603,-4.039899071492197,0.5908482173198419,1.964815219381452,0.42004930102948657,0.8196049096159972,8.69714550959174,3.029005411404182,-2.5521098952236487,-5.483248825377667,0.39394789091145405,1.6449488001516706,0.06074387539526155,-1.9516035900251518,5.6576716597380425,6.530037952257243,1.6691854263374744,-1.8277362141766251,-3.432333544046349
11.289767083197988,-4.030093971685241,-2.868102057680555,-4.124122334926328,-0.8388449537117166,-3.432428616727343,-1.964193075462271,-0.11630495342350833,0.05091150576952186,3.022695081021574,-3.3426567194858214,1.0771108794164883,-1.4015505275285984,-2.6445296248003975,3.111689152710361,-1.4344623418967188,-2.6473453436390795,-1.7126298931160604,-2.403616594803222,-2.9944410592434574
13.52424394600638,-0.32583302599265496,-0.30710700906054667,-2.5652982080831292,-1.0544861640893082,-4.152562882323194,-0.8315820858977023,-0.39953054939339777,-0.5658427986726349,1.8179554184980162,-4.234204835909613,-1.743508622517416,1.6024388595580636,-1.5172797689429656,2.653520238639692,2.663970115569879,-1.9396026979024328,-0.7063487218915979,-0.8507606476102324,-3.2648330361087257
-13.82984065213882,6.426073362575855,1.8708492769190452,-4.38445353284229,5.7898653674913705,1.2358852011962507,2.9226196636726147,-3.1105426177050273,-2.8006579868420087,-1.8789592693650736,0.011845175472994574,-1.2150576927344896,-0.41147121530621084,2.3358216715573406,-1.8179648565882673,-2.1589757432659953,1.8023656294860793,0.06378072493709236,-0.01594472065307928,1.1270057240216262
-3.9388777581905376,3.2924334816868006,-0.6255153619102231,4.264901397744153,-1.7826139372059537,-5.503804310322161,-0.06874738617327011,2.639043728803605,0.47169847208161886,-3.676786187042362,0.5963358230034355,-2.9428249737240764,2.5901531463249796,1.3747889006781704,-4.987205307218653,0.9928493828693091,-1.736465680835455,3.5118235028305302,-1.1984970253760572,0.3048178698208952
-4.9354546414558405,4.010284768859097,-0.8567846572780012,3.975852353983803,-1.951703013371072,-5.268888324020913,-0.14438568618160733,2.5344439404658834,0.5663786385004719,-3.0922354989667626,1.050752727508278,-3.377000613762673,1.937017637709811,0.905207839441756,-4.877970968853984,1.1133872328087124,-2.0443067386527316,3.7145285793300595,-1.4940358580941209,-0.3563456615377152
-3.7509879330481577,3.0338105291778295,-0.30094740528450786,4.122998442188999,-1.9059833858675912,-5.716895122820725,-1.4095421490955469,2.187287761170486,-0.4415035949590486,-3.4439249302500814,-0.4947757409883465,-3.26136001400473,-1.2788792730401328,2.679469438138317,-2.026237586899436,-3.9528008789763898,-0.14417357883572823,-3.449876905816217,1.9872004729679094,0.27353939912203185
-4.863039680442059,3.9587742747847314,-0.9245910743957044,3.3185648329512643,-2.1319877592456518,-5.0608757547877845,-2.7365773678674117,1.5858614412001342,0.4995760706789446,-3.2391734600991686,0.015917051889091927,0.16317964104353355,-2.7893165259659725,-0.5933055177453956,2.6363955490591717,-3.6924596977912634,-5.294584133019102,0.423208431456383,1.2059297548537484,-0.06284731746738914
7.780277779833898,-8.783410421895743,-0.1677525266700946,-0.9564295559388749,-7.043904385262978,2.1636722468766725,0.3811524617599118,0.8729932039220463,-0.10966208135320178,-1.4623489534056415,-0.6309757069481103,-3.679762253217768,-3.4489939696821463,-0.8500718537511152,-6.013034062327436,2.7101498720153483,-4.873340400980006,-1.3060596299089402,2.2330343479048866,-2.6679159208346097
12.343616480125307,-7.712338108584329,1.1073456969681488,-2.131342482579922,-8.757493375558337,1.4307031161199892,2.883460784312076,-0.5967497251150686,1.3633229380008407,-0.7898146835750777,-2.1364995695711673,-2.634303638842301,2.7381837320852136,-6.3923320872998435,0.28898820563975647,6.691939401676549,-4.93415527532188,0.5231582589401121,-5.129354547041183,-1.0999961831503455
7.274554615708347,-8.292598181221496,-1.6384363741252734,-0.48585080966175576,-7.113778371872602,1.347836274816646,1.0479660964943909,-0.06812119890133722,-0.3754110081702566,-1.2994758411752358,-1.2550609228306717,2.3004773291828653,-2.2575829072349407,-2.1856235873707734,1.6942363387020825,-6.251152932279104,3.7571841846277154,-3.293438810554085,-2.453419414988442,0.32764827581427713
6.4051958566699785,-7.850397776654754,-0.862092811879605,-0.16034338978658302,-7.171233807729752,1.9289121481633535,0.4859516179116852,0.4907658137143235,0.08976948049685349,-1.1103431326012116,-1.175635717448499,1.082150183492776,-2.135285053758826,-4.188115716026918,-0.5532361211715464,-2.190734923644338,-4.747183007769661,0.21370637300727666,-3.9819811337177122,2.9086942696838443
6.466476818740557,-8.178741564833588,-2.0188453582981563,-0.23408696417539077,-7.287960314355187,1.7396126812143895,0.015319222875621541,0.8811151962496783,0.2556444461561752,-0.9974167869090211,-1.6062945615064397,-2.3026605325564797,0.7131296613383806,-2.272688387667189,0.11754400390706339,-4.750175621357598,0.7936877232002484,-5.050693100635886,-2.5409592361936597,2.0637449252518847
4.240395420994911,-6.307149705008168,-3.8471767729955144,2.1621793004114704,-6.3787405052193416,1.9192058652931516,-0.20980398507068487,0.6732729904071744,0.9729279672561598,-2.1677773810840852,-0.3297684948387757,0.593602992383814,-1.4323006820971935,-0.9455800793605917,1.0164820859806234,-4.214969029605488,2.5043838906778273,-2.7366670680896488,-1.5111678965862207,1.6899940191112441
9.484493231179936,-9.530960952611961,1.7474987699021238,-2.8491565947777575,-8.000696770440674,1.640070703203285,1.958397485724292,-0.12086471109079873,1.2946995045296426,-0.27528291637886504,-2.0433668101841764,2.2818902993833956,-3.2752806096127576,-5.865565147277085,-1.0132365764129434,-3.6018578905510723,-6.205023680779921,1.1130506702195664,-5.531625184217813,1.9766427742119195
8.138827381934307,-4.387213014659821,-3.665899883741239,1.4848964840271577,-6.565897019266892,1.222493869030218,-0.005971063730949883,0.7236277178648061,-0.9549189520418145,-2.4184491780389887,-1.0615565154340592,-1.5398000600231563,0.993827899875972,-3.4505377451997195,0.26993917279006885,4.583085940972582,-3.3935506891779914,-0.03766073067658707,-3.308621053526948,-0.10966872517913784
2.5007090451601526,-5.686195542998206,-2.7087056718932114,3.384172512248555,-9.52849246412772,2.4410733204981416,-3.096427869168037,-0.5272450619271347,1.4160593539784936,-2.0931950227364413,-1.1357604686812233,0.7736269658030984,-1.0301634271130142,1.5685713368651828,0.11907161780766401,-2.0408863287345085,-1.2166746443679706,-1.8236661736215665,-2.0961059829562805,2.9094068538731106
9.967165425847087,9.386424111870658,-0.25235091958961897,1.3734971325747716,-8.105806290922587,0.28657084784857756,-4.737136080020241,0.1832384656771247,4.635241816358621,-4.12971170926851,-2.8620194736707765,0.15973392591530655,-0.8293666801128785,-2.4908889042436955,-0.3808567485265598,1.990400647676264,0.7553471519441768,-1.9103186200696176,-4.023807104860398,3.115870658436711
14.645241920327965,-2.1125866167225684,-11.115602678668438,-7.8359593373886725,-6.088077665490273,-0.2571462124197693,3.572613590614367,-0.5267315546773436,-6.461520950477059,5.05554086559609,-4.589943828567874,3.646510387985783,1.311938871290326,5.478625091791528,-5.754102935852558,1.062354260931884,-1.5824417442340013,1.2480571074172024,-2.256338188768309,3.4591359847888175
19.532931882255856,6.421251588801834,-3.328550561615953,-7.601578685527537,-5.403973083018036,-1.8784957203147545,3.8222593041187674,-0.3813879810061479,-5.396317027850794,-1.5198046569052568,-5.415520743941217,-1.738528004274767,-0.32655227529852043,1.917160248591268,3.323197957816328,4.2675493225768415,-1.2063483641738388,-2.276246306067978,-0.4374950604129434,-0.8743343419555591
14.602546897749058,9.659321080007668,-2.974797934267876,-9.21511158975252,-3.855853700474854,2.0718843776098885,2.1531003359821845,-0.942277176332742,-7.219365378779374,-0.05044981486593003,-4.862820490070573,-0.8134474568800236,-0.7883881257091864,3.173412638361034,2.404565346650983,0.748894477179945,-0.030300001596060763,-3.8579951810890543,-1.8601489851579642,0.5435583022304151
12.84287872361448,1.1557966964574296,-10.999919497112145,-9.74286351355539,-4.444843546130686,1.2675137292179652,2.464178010941301,-0.6349545831727834,-7.471443799577276,5.607326513214431,-4.144018167296686,-3.1174930028049657,3.311435401276031,-2.204635547750966,6.146909177708077,0.747241031367313,-1.3333399696899686,-1.493154699879259,0.5636805404828009,0.17714830560423867
13.76156803305723,1.4993299713515773,-11.793427990037731,-10.236790798140737,-3.729865859463096,1.3507424561581174,0.6936723563412976,-0.5534100603072071,-7.21887772621312,1.7193553629101044,-3.836474493890176,0.7486264602470031,2.6502731475323147,2.657038673346017,-4.200203952625833,-2.4168756062367316,-1.5963132075127244,-1.8698610553430957,-2.184227061397711,4.960226744095507
15.268770138844241,11.738622560212415,-1.8408387141884797,-11.123493871090862,-4.76782308176703,1.5410524114858983,1.56384172584545,-0.4355526152638407,-5.10330015908401,0.15612807066249135,-3.785244061074032,-0.20130655316550872,-0.7126220413286128,2.71321746940104,2.4487981848097213,0.7272669575818214,0.6480707720265757,-3.239030741022745,-1.2440278640551248,1.3174145743438421
12.457031770432291,1.8626708067053763,-11.303292668108025,-10.079876585456798,-4.118044592296441,1.0757240364327827,2.010441564215039,-0.13260855561869167,-6.753597824786751,4.182672599089987,-3.60954829643107,-2.179362201121525,1.916020128719325,-1.902667586357974,3.522904342318296,0.8272262296316225,-1.5418527755693354,-2.86568542713999,-2.792396561057756,0.13256614093390265
12.618440303378716,2.262387870102474,-11.874813902342515,-9.90939775731591,-3.6596402466782036,-0.49699725885612356,1.7448993743184746,0.14322486499918485,7.437528129255711,2.6223330005566314,-5.1343453144993925,-1.2625807262760398,1.2032344414185112,2.080280713306905,0.4709315262739675,-1.4467881433134817,-2.34689085794845,-2.1694887470362927,-3.5066309144736874,0.07474844250878622
12.838066941833702,0.9339534345068983,-10.43036408669088,-10.601905979319117,-3.462072605934296,0.9157725721814105,2.458832699713388,-0.3981060866022899,-6.4064177752030425,1.7869030905536616,-5.0096105537739835,-1.320380332317338,1.0648237566208438,-0.9810530380031169,4.55246455128705,-1.5508863919717597,-1.3911903133842238,-3.4099270738762937,-1.724659099890678,-0.5282659164439885
15.467343298882037,5.478513997404751,-11.101611173392868,-18.029072972981144,-7.227758219702524,-0.25643908721748765,1.082657009305125,0.19673176931757502,-0.3915348064365301,2.931732338828891,-1.7199552779222884,-0.31538268376420353,-0.47419233847813,-2.3016130121916785,2.9989279304911363,-0.17999430962465157,-0.8052893483604777,-3.9507347135665007,2.519212497582175,1.4952728288316937
15.659858470437296,10.18102703286339,-2.6787501117220485,-9.28298494094781,-4.501280730361508,2.0081480280050052,2.1120484955228456,-0.9377899111768927,-7.226688188090077,2.069884016563708,-5.083334035776716,0.7873673747794215,-0.8187652989593621,2.3590910937864455,3.4511387121362715,1.1809831487325533,-0.16060598763375616,-1.272544596289561,-3.171201553330664,2.7574541237011765
15.67982169379405,12.198408400919423,-1.2231750803288695,-10.679708688071642,-2.8518094181857077,3.5013945549691305,0.7469701258042327,-1.9334143036473024,-7.933613881017717,0.3364078837073684,-4.998735524129595,-1.603659786100285,-0.472214177538295,3.45138624825133,2.0859382873082515,0.8415880566229865,0.11535094696050632,-2.569765103001783,-2.201250940292112,0.33743559441910304
12.911941929560843,0.5703916214380063,-10.8665125009263,-9.874888345718432,-3.549524602667524,2.109759839564475,1.9311889022594126,-1.045166434630055,-6.803120772325499,1.9993604918198629,-4.013411982349504,0.7409480187825607,2.230976766222345,2.4742616748676607,-3.8324319007146506,-2.6925851504157734,-1.7365953107906034,-2.318325106840544,-2.033005062488061,4.436051490441316
13.20383613693106,3.846984102981806,-11.228026472957497,-11.389639389087057,-2.3766565866281053,2.903151324721979,0.7799647180796523,-0.6396796553754481,-7.349203849925875,2.560967744796957,-4.592084800222169,-1.337247175585749,1.3270600344295582,0.21421201620331204,4.264647324361508,-1.107308807594849,-0.3839391132357429,-4.179897490078337,-1.2639539737769496,-0.94378325389905
16.264477566462133,9.479217936635184,-2.7469574708180478,-9.26244096389626,-4.82994762429916,2.105672470401204,2.426151240629628,-1.7036481183188532,-7.801318963437943,2.9181658172359635,-6.231988648270521,1.4354767607872678,-1.1236684506013335,3.860457567412001,5.037650849617261,2.2271372626339083,0.40750315527372283,-0.6084260303314803,-0.45654523669505087,1.9634037830450313
12.850724621877283,0.591072596664336,-10.907693363096367,-9.838230554605044,-3.542884265560864,2.1086254821382777,1.914140426617115,-1.0514064466961515,-6.790331906057165,1.9443726986470544,-4.051723476289439,0.7840006441837434,2.202176256422493,2.4330253075546584,-3.7616370989606636,-2.6352466559947416,-1.7081814924167025,-2.2653401553806587,-2.0481965735905137,4.420429313263068
15.365445824579144,1.4493815527109792,-14.513194407795218,-10.126682975636836,-5.086453472323179,3.686779436822983,1.1096381325240554,-0.8855659731110631,6.66213030440988,2.02249332039291,-5.061393081422284,1.269985766256296,-1.7490077052922297,3.7247337498014748,1.1749558198660837,-1.7774117332160135,-3.8305451423567005,-0.9331776699598853,-4.510818750524057,-0.7508120120242979
12.448411863445143,5.456364805892639,-5.043387869528122,-6.325299650488031,-5.684498733149937,-0.20244058653178976,5.049283464068803,-0.3061072944424076,-5.788583619486954,-0.5789718004467816,-5.956191944440192,0.18962897225242648,-1.2014393750896075,2.7961772457259313,3.245014033832981,0.7801864689626872,-1.0924907596290163,-6.077626720111111,-0.7015751353565021,-0.15218719932348607
14.852696874163414,0.4806264179226587,-11.422652799635964,-9.442765999793625,-4.263259926981085,0.40600117192193497,1.6417690831578382,-0.039501469283726,-6.325679135033472,1.6701240489322804,-3.9727432763479618,0.34171727297734833,2.5489150916555525,2.8625137173895556,-4.96401398905488,-2.1276348183279774,-1.9459545139460719,-0.7317543020215947,-2.89288828985417,3.7200253951477937
10.945614493168833,1.256628468810776,-10.856375875900152,-8.00776420129686,-4.166757145004791,1.0035356102658561,2.3551138816251336,-0.38938687587537846,5.992975859032817,2.543477706384429,-4.323171456774585,1.3604438082638133,-2.2416893443504997,4.396722262264947,0.6545521667699981,-1.331098978824617,-5.688698061434149,-0.5578786258657261,-2.3876708428510627,-1.4490699034158743
15.082424779041324,1.9156751703450383,-11.68889998303389,-9.692563080871565,-4.204912190833806,-0.7048569435414478,0.8421471211584073,-0.3341907174657711,5.760403890600719,1.577777540477462,-4.701505610783544,0.14700164595961396,-1.7600159777754332,5.064147615698747,-0.1165353384962888,-3.1628675013779852,-3.02522890177927,-1.8274897254446731,-2.3262389221080464,-2.2035632593337824
13.219117671458003,4.2067820750023515,-11.552935257210287,-11.352142779190011,-2.1335927603910405,0.7433502690090351,0.9186596151906121,-0.5666377107141024,7.654505961867341,0.9392892370041311,-5.73602550439097,-0.8297951111446582,0.6706718842575755,2.912184160170545,-1.9409593358729613,-1.7814411460427517,-2.8304796433537884,-0.8113689259260898,-2.0867134775081926,-0.6024852463563073
13.173111483010855,3.8293295486739316,-11.100184829239723,-11.487074041815804,-2.3687018662223016,2.803323355489928,1.0204278183162525,-0.5692856805159958,-7.124606905046952,2.640604587150465,-4.521513097591912,-1.2955460351985566,1.3288382481721808,-0.042317505325712795,4.3894328126203614,-1.1214190000181852,-0.5109371160904647,-4.228294795187453,-1.2860155896041419,-0.4678162091193435
4.762730434681881,2.454618869813457,-5.147135479732615,-5.344749898753486,-2.5327687496140463,-0.6028848967100513,-4.440067990107525,-0.803334958636591,2.3034843742029247,4.263618993475412,-3.9170694704616293,0.030328456500927192,-0.8196710033577631,4.179788986585049,0.20755203696486724,-1.101515334799775,-6.962283822648699,-0.7953954151662872,-2.951679826646261,-2.0325496940562537
14.754430720288212,0.8819180308946586,-11.061741244254996,-10.109003443270602,-4.1433253138728885,-0.6207046952883015,1.5726906466159867,0.3196262245981764,-5.950199748867972,1.4533191525591374,-4.678088512890962,-1.5067552379536207,0.7410175864525864,-1.187610896682902,5.6004702420421655,-2.220956655915754,-2.9299781284295143,-2.973193003532461,-0.7175051224151892,-1.2479365851987068
