PLS_score_1,PLS_score_2,PLS_score_3,PLS_score_4,PLS_score_5,PLS_score_6,PLS_score_7,PLS_score_8,PLS_score_9,PLS_score_10,PLS_score_11,PLS_score_12,PLS_score_13,PLS_score_14,PLS_score_15,PLS_score_16,PLS_score_17,PLS_score_18,PLS_score_19,PLS_score_20
6.840618526867184,-3.1844217580554326,-0.08201360886599851,6.164734222896207,-2.3063154266184456,2.7843100222920443,1.7392767663605095,-2.9265048493403447,-2.473463467874776,-3.0948851700370597,-0.4033165712743574,-0.40578188060849196,-2.044170026143982,0.5239509640744239,0.6782830029969764,0.8375487200575285,-1.5872103087085225,-0.8919654680704112,1.229030544463908,-0.18933611200773492
9.390083307226199,-3.991878311069864,0.10415891067982919,5.092061155985042,-0.8818716021535417,-3.1552678944427397,0.08546929332812025,-4.595934567043761,-1.4064793529772799,-1.3683341005044316,-0.9732076153784326,0.26866390165356147,2.1116732110454075,0.2634496540023261,0.789972030847446,0.9523796965112826,0.47950842423509854,0.45544238118228897,0.21464080554116244,-0.9232663193964206
9.6345537867656,-4.656674625227757,1.2166511364089647,-1.8442288005296201,-1.470356803097559,-0.004113606982145246,-0.38009138026231337,-4.200801640987551,-0.506525292336161,-1.6242349452985287,0.0003002490716385031,1.158070060536567,-0.5034097109966195,-0.7423891877234292,-0.9613735263648582,-1.6460681634690018,1.8647413099764805,0.14224440116103887,-0.4886909977822126,0.061479473236641546
8.619104869064536,-3.340314999419175,-0.2319071820534243,5.259664167214316,-0.47424329645594276,1.745260433289113,0.8240930968822775,-4.132560114909489,-2.49346163394664,-2.6144568888683923,-0.4685776321865891,-0.9458308485291134,-2.124771494887804,0.43670028782665804,0.3766017910928753,0.29986588982983453,-1.6010531549723142,-0.12866952698626777,0.37747749747564874,-0.7260897078382433
8.84877489269045,-4.79371083315941,-0.3304330477988598,2.274348939266227,-1.5567878979846799,1.0767892313396867,-0.33565729342251693,-4.547048186719995,-0.960826103439316,-1.6118839513218113,0.350871403450278,0.39651910310662647,-0.9548903844513142,0.7104503593354293,-0.38371775839264927,-1.0631935600517033,-0.9511396857506322,-0.09967430530590425,1.0303080273562286,-0.21373033303138866
6.530258701040733,-3.11724871488709,-0.8022382928494088,1.940751572265157,-1.8833575637750548,-0.14861511527544252,0.6197338278064242,-4.4755042002872205,0.15299026617695344,-1.4024646638094622,-0.6052735017044519,0.3826121967288595,-0.20240978129745926,-1.076718929312189,-1.525887869929442,1.816778078781412,-0.6208204885475381,-1.120382749980976,1.6547431087631475,-0.3059458883471796
10.722580325187096,-3.120996770949822,-1.0026476952590555,-1.5404722388406569,1.4477835484266812,-0.47062475022105976,-1.9340746691497108,-1.3352435608447175,3.8617101421008133,-0.00161707038076786,2.314057070851559,-2.1152088404248235,0.02544912012457501,0.8836072447972098,-1.3117637516118483,-0.8060058300048183,-1.1324693037888067,0.9554392342396435,-1.5085668493306803,-0.4792077059240038
5.14711604988392,-2.6746171504097505,-0.6450009116695565,2.0939718835888588,-3.1127306322066186,1.7079706963556431,1.906826125577574,-3.0182475873285215,-0.747387356749294,-1.8913565280766464,-0.6215563909537712,0.8724903097540779,-0.9840445722799935,-0.802022058973278,-0.11324708784893939,0.5634946769358555,-2.332243178619141,-0.6958770710825776,1.5522950957956079,-1.1515365442460817
2.7849857409609027,-6.441802506322562,-0.15776375976757284,1.9838873922563849,0.9922885378521418,1.8204806391504638,0.0358430692745032,1.2770370924178343,2.9439275283096533,0.9257016465631804,-1.1527714692314093,-2.7995895499243524,-3.141011588599513,0.7621852818173702,-0.1838643523831155,0.4815558091053648,-1.2052376733022272,0.07383837772999866,0.1777562444317482,-0.6615830748333
0.9724690994201588,-1.9178993133845292,0.8243240785202431,-1.685745887783892,-0.4928058741882957,-0.918620371389325,0.10266046267572096,5.337268388616595,2.9343535116481023,-2.124207588852912,0.023675282726597358,-1.7361071772258203,1.3862406273763805,-0.015555797413757011,1.4525999289436617,0.4633470075520648,-0.48357569866874567,0.9800793612351211,-0.7017525359664578,-0.07295126869490726
9.316231954809318,0.24587654396573477,-1.5105872389537756,-2.4574116430687876,-0.15258687932167506,-0.15237765663399083,-3.381527079297264,1.6912744346641608,3.1461296441128126,-0.8052911788024611,-0.4767843194093875,-1.3125979319783854,-0.34784122546395446,-0.5195336376652543,2.3391540645288162,-0.5348295439660605,-0.10137048949032511,-0.7519976159525751,-0.6871266765866145,-1.3087501066096674
2.2967621270984204,-5.964580900010972,-0.25643154544498115,1.929318575721266,1.3309343056045726,-0.971022228163485,1.5796897902388063,2.004627562394296,3.5274397794459826,0.37442165704333297,-1.1234967849577358,-2.818036815394104,2.3459562667043317,0.26738515907272964,-0.22286832774764087,-0.6144692007071603,0.494080052548083,1.3988236287812847,1.0491425551203581,0.5790314950407203
5.232539078621141,-0.9390272105601376,-0.03519069594600109,6.14038386171714,1.0541439206035854,3.74883962347307,0.604123798410438,-0.9205461471013887,-2.31824940923843,-0.18897708595012713,1.6783111828720219,1.630117624846585,-0.17899599190124615,1.8108519688915445,-0.6963516307656288,1.6819998386992105,-0.5694328388384319,-2.5586545948377886,2.8597900284716418,0.01910431650034372
8.429628146129744,-3.9036791768344448,-0.13732125324013805,4.54398954994105,-0.23649146858894998,-2.155800807173992,-0.5620575632390779,-4.782286637596429,-1.515752673324548,-1.9299553625907473,-0.9020395131887691,-0.11432755804189923,2.358870066991132,0.5431214173067942,0.5668906279639783,0.6241528085475878,-0.6869069827936354,0.22536927514164767,0.17893217277397966,-0.8313741222406446
6.661760827758853,-3.4795809945340577,-0.4930060617757447,1.6537482855381982,-2.0384947306561783,-0.4923956495338523,-0.1924409469505106,-4.891509124491273,0.015249072622846582,-1.0303667831481453,-0.8721048506234863,0.9415788489006109,0.25927245904866647,-1.0656840114271702,-1.3621408749165798,1.7712363854608746,-0.12075811898348221,0.6510822842629398,1.1732630877047123,-0.17278619757176808
5.824561349316614,-2.665497995470215,0.5688016731906885,-5.052539403742282,-0.5264284971313667,3.964279337901373,2.179200777621875,-2.542838128382236,-2.6955211210240115,0.6369994547386525,-0.4643249739118833,-0.6430059110846641,-2.5309561629390878,0.8522407474715754,-0.9128718722197839,-1.2718113472389285,1.6902429343422036,-0.7341896397099548,-0.7444067792983016,0.2572533911107756
9.466222786078568,-4.753086108056527,1.488775177539062,1.734277020351706,-1.4630011942583436,1.0223040245046684,-0.9137158997590682,-4.791008131969619,0.1785480394817428,-1.3199833564589536,-0.08937693899768628,0.5519559589000373,-1.199596729141296,0.6137632466699907,0.4932387395503375,-0.6117037177086401,-1.6750862383469607,-0.41400655413345955,0.2676861725881904,0.6302721251659278
4.6814018669079545,-2.894086815751155,0.7862789902942767,4.748083891615977,-0.7457121411272701,3.974290319922609,0.4717191686029497,-3.0937322596599115,-2.36287552580844,-0.460534834224905,0.6234008437259488,0.672147845966143,-1.2591596026675453,0.3401340746206184,-0.5186170026583246,-1.7066286809833153,-1.2309805753270862,-0.5628486494623508,1.2216203728376676,-0.34953983863868626
0.37465783441705935,-1.0677341751601859,-0.10316385528147193,3.957428695561571,0.6526856144547968,-0.9611178288632151,-2.9512070825655354,2.6371889199979024,3.285522882670386,-1.9319109798338825,1.8163088525951019,-2.1298388850873122,0.6608039511032668,2.6494866678225075,0.9943029080342187,0.9775131205292997,0.9761508678774892,0.14477163459365155,0.8401221766135057,-2.1164607091120105
7.275743075068223,-3.7329931262282514,-0.13390632555440596,4.730178317887147,-3.9892040430642175,1.9385353720209904,-0.18033051291906022,-4.56826767761205,-0.0037172928255555515,-1.5636676373359355,-0.7185858233633959,0.6205651105062695,-0.7672863311184501,2.1441540420388727,1.1522648432180722,-1.6955114671327438,-1.5714829658509955,0.07744146814579322,0.2036544256270325,-0.006717194426381634
7.841949199167894,-3.586972602312822,-0.047735533868491,5.453469765585905,-1.7091122532459946,-3.092407548517409,0.715179275139322,-3.2535184902594154,-2.721586874455296,-2.9124666444477145,-0.5706449211233136,-0.2536079762897502,3.0682097093815064,1.4342861375129046,1.0530884990438407,0.15868919400254733,-1.1578045483720736,0.5054191971646073,0.5293280765628866,-0.4339507405208748
7.907209465250032,-3.295300478121536,0.948850186182909,0.1951150444385319,-3.1749793446186088,2.1304152734550277,-0.7771787510490425,-1.3170492281759003,0.6864747553107813,-2.1135862690259573,0.9293271200668776,1.147632788458113,-0.3575000617439744,0.9335227994664574,1.5573234609271402,1.1743663205288721,2.0018662217445273,2.6610200889211595,-1.78831372238579,-0.9384246611315114
9.822611848213498,-4.893821796079941,2.091114859966196,1.9048061178284048,-1.6674489235797483,1.1290462012019917,-0.8564628931336705,-4.561255837369922,-0.10072997275267737,-1.7627472626810086,-0.10493034711964455,1.1660146882751594,-0.2473214108048002,-0.29299392360231946,-0.2542434573166416,-0.979254896103803,-2.1455176878240385,-0.7370181054330287,0.06301621115571543,0.7330806408144392
5.9403977020573,-3.5550302184747973,0.4834241992543784,0.17784636700242412,-0.7002355531763311,1.280968052452518,0.4654436677602942,-3.866397539435527,2.573543282039129,-0.051883936519507845,-3.507599620612579,-3.5998378281747723,0.3324433312598224,0.14131147985683654,-0.8254146815663475,2.0403863153314656,-0.37228309888574385,0.5586282700292693,0.7028445864591351,0.5889232111439391
7.887460100582236,-4.957503088408316,1.9163003060383923,2.5988197094688656,-2.3165418586765867,1.265356028672551,0.8111498471757574,-3.7516174807211047,1.4180174936677044,0.5806224270938164,-1.9338380381573357,0.017381170635370674,-0.1976696600166841,-0.2978326475175205,-0.059532257839820246,0.8865883451499394,-2.3829425282134,0.3050345788648165,0.34426858252984244,-0.07854068430830213
3.8228961195017632,-4.863852534238278,3.255078956551154,4.864133211792675,-0.8520584061903185,1.5713848718376504,0.3950298172213335,-4.970645626644695,-0.4460107758330787,-1.2397313120804268,-1.2456579477406284,-0.9365042534772721,-1.5092899761273175,0.30984575569260586,1.3554366157408424,0.05491994759854768,-1.9323694079963154,-0.6141818257624152,0.5485287374303658,0.38781623852126895
9.962498426393703,-6.362755215834011,2.399608322610466,3.007696936652456,-1.6633090816440945,-0.9385648098509741,-0.3754811410163104,-4.299138989042968,-0.18772922929944302,-1.1158979149565664,-1.5423034706152738,-0.5774233814440933,1.0334397685747525,0.6021304127659932,0.288691710391892,0.1819063403445501,-1.5580611564629567,-0.10580186265595476,-0.11986772669166629,0.15861453205057444
8.852186385592532,-5.108910350098343,2.227350689660775,3.345366330732003,-3.073483428543515,2.13132397221871,1.3891666113439913,-3.8454809610032217,1.5254859360806947,1.355084552886192,-2.1783417680878285,0.24462409763843213,-0.06890753498031887,-0.41901408253448136,0.012907392351514627,1.1448554940457232,-1.3327840745283455,0.030167390540268124,0.6683605139822402,0.14586234104077866
6.477277140644896,-4.16068293851541,1.3800978558163997,1.4430291423908348,-0.30935571261110983,0.22943126310625395,-0.032291673801375875,-3.606023353665022,-0.3041251457483358,-2.353753518294381,-0.5731224211038223,-0.2679772603090014,-0.13198984163277244,-0.025890152932490085,-0.333072890321345,-1.0934750555292685,-2.0465742781101235,-0.46880965009368986,-0.303314586554019,-0.6897409192175846
8.996266608648137,-5.000216424101559,1.7865224291207775,2.4243306672306333,-2.020570895097896,1.4093671913109926,0.3649162689779143,-3.4453522473099554,0.14515802761926433,-0.939878873765831,-1.5917276103991973,-1.6117088282781402,0.8956862651647166,1.0177392932774734,-0.9263317129392447,-1.3400539371054117,-2.689464044205527,-0.7340661836295517,-0.05310017425402566,1.0095318671842595
6.235776770028748,-3.60501702864434,1.2826712364102375,1.044204833193907,-1.3090689834321536,0.04521259401436811,-0.007903667839307904,-4.439699541935915,0.2930985794752605,0.3003564273182041,-1.6971132915715548,-1.5903889681130108,-0.13448585962745585,0.27673522625673747,-1.5286157045306004,-0.5757525727475654,-1.4680084766594583,0.4782605042867635,-0.11815696747664317,0.817114514907713
8.48417798773199,-5.721484536049745,1.378026334928386,-3.0643953691303722,-1.4730204697662233,0.3029696394399526,0.03982503035898288,-3.471013127970429,-0.19707500599602307,-1.0968086441890263,1.2854628883422168,0.3524274951885956,-0.44321299989819696,0.020104381432346385,-0.6486420663595993,-0.7291172739139598,2.192610894957099,0.2553911732521842,-0.5874376337462757,-0.11920443023810978
7.24580466168714,-3.780357268913688,1.618899567447584,1.8720267319745627,-2.2680733305944134,1.3458621151579298,0.7478689432602154,-4.254183952230164,0.39591913605416484,-0.4387438001574141,-1.72038065588434,-1.2573122825358383,-0.5971724743127392,-0.0391467174654162,-2.021031746286566,0.37926742774710365,-0.06602450406719262,0.6783723058570708,0.06466564263274499,0.8246949344737073
-2.041581225164635,-1.9629314346598488,-0.5554583614695227,6.718105235649862,7.260129063315577,0.9599039522180883,-0.9168016189474701,1.2686839781033608,-1.0882852974757564,-1.1354778979735738,-0.20502199804779125,0.354026715223845,-0.15403253090330127,-0.7729058900786775,1.9507154402453821,-0.0663592703642859,-2.0439695694829174,-0.03166804542930768,0.766906643110277,-0.19841481571954955
12.142887017146455,5.401256329685058,-1.856387347269265,6.738102445577416,6.713596224661075,-1.1001300948615644,-3.445425863503206,-0.99047312414253,-0.9900747278681199,-0.3495058534727016,-1.2009243886212864,-0.024818411965444875,2.429252562072114,0.22139659227434594,0.5725744207916419,1.1727042570903348,-0.6993688375149496,0.6485459987911324,-1.0474859960740628,-1.068219947562301
0.7583429229829524,-4.830187915558001,-0.08442776154730747,-0.44612977992442193,-1.806876923304645,2.503820826191754,1.8774261076600793,0.6741714327437097,-0.6653986602181576,0.5784383151083226,3.5632521970370683,-3.9820130982504236,3.5793171622553537,1.3845335242925818,-0.36331557805553805,3.096519283156078,0.4724409605068506,-0.9033181280748457,-0.657778802989356,-1.0294205949471775
6.502281431836409,-0.3050819444526532,0.008823343104955583,6.253291177067643,5.429704804946249,-2.587172984285798,-3.2707961914608004,0.3881014108946226,0.3740400253264441,-2.509510248778069,-4.149021162842455,-1.0996000442082563,0.08307000265622078,2.429055637270726,3.319676374518621,-2.438135643000045,-3.361219450556276,1.9455488666003875,1.6831465562029264,0.06935449260880455
7.506292875097725,0.39818635926342505,-0.8843529816568386,4.137846855765108,1.6803877950120474,-1.945460801946215,-3.744555235835125,0.7841311689892279,3.2317121818019476,0.3652164778899176,0.0853431314689389,-0.3311053766610309,-2.8071918715032282,2.5733822729154237,1.0868658067505064,0.829222696374483,-2.5875463529980913,0.5165401401993756,2.0200140868170933,-0.14175648777574135
8.61914034226154,2.0954271841404135,-2.7101599290433063,4.007767686796017,4.108380435957052,1.327630257414051,-3.34567938549783,-0.07363009326751957,4.500937152561406,0.45017926170531186,-1.7094638538490299,-2.117667060051594,2.3946452436879504,0.3820210359419275,-0.07938194307806468,-1.4880914349648708,-1.97483200650711,0.35757502895945836,1.1760675019035423,-0.7439896191315052
11.303196277813575,6.274271345525548,-1.9218547657900404,7.1769057775031175,4.70602845396232,2.7335724106046526,-2.5987107450538502,-0.21826904305818307,-1.92263806845224,0.6125446349930761,-2.086917861980691,-1.4533120394266552,-2.4499649087653617,-0.5269046720760422,-0.2026298868479517,1.4562045884916601,-1.0275552445187894,-0.6895727438669466,-0.21476698255720228,0.7298971962991077
9.520480933697943,7.338483550273849,-0.13396960296499102,7.336187936069374,3.4011050919225565,0.2480009831259138,-10.727225484958655,4.970872931731836,-3.758516033925494,0.9504368588733203,-1.05941062589929,2.721808192926657,5.164913152899095,3.267629058118438,1.104694107133426,-6.777258970398689,-3.9511609199197766,-1.713166412834866,-5.5163304923165,-4.774244276238791
11.39427449331706,4.5393275410033205,-2.841510741107822,8.317538287089524,6.3692937203153255,1.5562691633010528,-2.6009714820783714,-0.8827471971189289,-2.2429958236182443,0.16559912190375647,-1.5175656521526713,-1.517026019418863,-1.695469943945602,0.5100607617576317,0.3638489750457593,0.5535440319200162,-1.164459150554923,-0.4802639833985376,-0.5703441623317906,0.13796741090117903
9.406960438007522,-5.509862958742291,2.1236072549988747,5.607645247400269,-3.851850033184913,1.2853080360324383,0.6890236450280569,-3.973291746734193,1.2426715525418914,-1.5262127820647406,-1.937657859488102,0.2530969577975273,0.3719899945846409,1.0183076998874485,0.9003832751629612,0.619398277552156,-3.648678947792537,-0.12706904606828096,0.29681576638665585,1.0104742499321593
7.9544383693788525,-3.890465197397734,1.2087796371106,-2.243285988198515,-2.3106484608684985,0.7675156189491358,0.4504520123539665,-3.1231001104545077,-0.5309706805312001,-1.6957663904905198,-0.36995595300949824,1.6367917034361745,-0.6945829962332376,0.06951416342816663,-0.5254896174344637,-1.6623911807868585,1.7650464341387615,0.28552706791592625,-0.523341321658025,-0.17496620659472084
10.857158468002044,-5.839191137816842,1.720372886943395,4.169454202882958,-1.851440180377549,0.5281801893781475,-1.03389000766914,-5.240346382057692,0.5143253983586991,0.7925996754519501,-1.3014338381118689,-0.06267598326378487,-1.0167832864886224,0.4699136896529439,-1.9177251297626947,0.4704459831916371,-2.6650444625456227,0.0846716481696349,0.10898562990793281,0.770179206377798
10.668734292365912,-5.563863342461605,1.6944693593870064,4.184905782083144,-2.0731389497105086,0.9638913307319809,-0.5858981034324815,-4.697686216691707,0.1416531996681527,0.942276755537509,-1.1738512200493447,-0.03760877869976598,-1.031318399332386,0.584737800050027,-2.00546858346262,0.6065891338198569,-2.2728795777218163,0.42829749853898924,0.1771001903489397,0.20167100968367713
11.58419640825581,-4.691366872254762,2.0262808536400447,5.359979054058521,-2.3078319340295037,-0.6593071102381025,-2.8107812736987645,-5.5439267228760745,-0.02480922923344181,-2.230433563868661,-2.6264360517388985,0.23164139088760938,1.4407768350876158,1.569787381707173,0.5326230347593938,-2.7606080047046344,-3.1595513338423578,1.56030648203186,1.2367856722348465,0.5404368727238473
11.557621850678395,-5.02014817008816,1.739332943410567,5.04050172171952,-1.617326670870948,-1.4894654883170415,-1.9640473787452188,-4.740841947667286,0.3268814618193937,-1.6254488285102648,-3.6325407857549195,0.03742868540899913,1.3464650668907119,1.3529993322067735,0.5900101407743965,2.9065793076913633,-3.054062764888797,-1.4949816587959088,0.6549294833729451,1.2746450083950018
11.254070012943867,-4.127998520938968,2.285633444469801,-6.289717105318602,-1.8634800088476038,-0.9472337904809169,-2.208398103369294,-3.2011800996717508,-2.290985853843397,-2.960702838434684,3.79215304206961,1.2374373253715305,-0.056884947328229796,2.134331989588664,-1.7690004089976912,-0.20646031072928883,4.825397601844246,1.0397553243870572,-3.140548352585424,0.8379809312205393
8.876895599545827,-4.824625517609078,1.5896626053251959,0.8576653790332651,-0.8334809935058451,0.3226258192409545,-0.521568829611119,-4.238904189533498,-0.2943731326650444,0.7701184665851915,0.4720764285767942,0.09625750649908255,-0.6351887123338755,0.04471611914734974,-2.64284363758086,0.5283687566208556,-0.6690305076366488,0.07152074155567635,0.09465486629432701,-0.33910031608841706
0.8157974417442397,4.699148177202952,-2.809426638606732,-1.105902314231789,-0.18042262148162158,-2.3889315892670466,0.6862519379623224,-3.0013356881486,-4.98656573450139,-2.250287149706293,1.4839750721745635,0.7703780436494387,0.7484610513352616,0.28533429785166375,-1.4389685921543083,-1.2192984659055777,1.1900188101670046,0.9102548684870906,-2.3957467166991573,3.1227781715998932
0.06936857411797237,5.10419135853812,-1.7869567680396006,-1.6586956687947931,-0.5482794594450169,-1.599837369496276,0.8141735870642386,-0.9282572719328386,-5.003604784522979,1.9599309972493064,0.7949085894220045,-0.08405876936180645,0.9607951523015066,-3.900878907807077,-1.6583246327602028,-0.46688347259385854,2.1721447764904513,1.8266527396493761,-2.3238620304081063,-0.5320281768462113
2.8603966181321967,3.425681468486394,-2.7639160084098666,1.3737895938398503,-0.5450931266437655,-4.534447390844323,-1.1317786566268762,-5.59996471954893,-1.6905010683898745,-8.100670844069196,2.018908272954696,-3.1605905486128427,-1.9052234538363457,-2.9885533589044533,-5.008954783129116,2.8036340122743364,-2.327885417834213,0.4494926400178021,-0.05856444665260027,-3.7670681051297903
5.767345530932326,6.49204573922891,-4.99227616319737,-0.8986068436224158,-2.9357273606735332,1.7438423074643845,1.24040594339955,-3.774902192497036,-2.3602334672008576,-0.35577780959859817,-1.1502481302018155,1.6385005701921274,-1.3542413609586497,0.4707811999363378,-3.0411840809242694,1.857191597007621,0.7664814018262667,0.36731346846625523,-3.3023120975908506,-2.697644236211778
4.367395832896178,6.017593676927597,-2.165913095043033,1.4746837087590046,0.9439775365416174,-4.61171767474997,1.5879690616990962,-2.241804721740529,-3.126886069143578,0.22358205085989713,0.5374184571757561,2.62202982087147,1.125066455454634,-2.7497764246905962,-2.2254269975901,-0.05560145670743388,-0.6474979520978734,2.24395365633078,2.598464866556274,-1.928557160078414
1.086915396983713,3.0390781073810254,-1.0294420647615938,1.2073445727548133,-1.880885459934792,-3.057588707837887,1.210528037404555,-4.54999019529405,-1.673776977138543,-1.4635253810768711,-1.5461716080490673,-0.5712081452234347,0.37344162197038955,1.7620278505794928,-1.0629657207444168,1.794354541742374,-0.27773318243945727,1.0485959706485393,-2.7221701884179708,-0.3439170353974561
-0.6672135071827474,3.983747152403944,-4.412174560728384,-2.468834516104736,-1.5419279026277215,0.6156078315804523,-0.3763487944067905,1.7387466705013026,-2.1216630739454674,-2.387372722202458,-2.408570770511862,0.803128496918383,-0.503311881215733,0.8244138453179133,-2.023116254287656,3.097214537310541,-2.1737462137073393,0.11222067358691523,1.7457718940567408,0.023394113704267805
-0.42542941889324504,-4.957461531520761,7.167359293736737,0.7416568392193411,-3.486502689316383,-0.0959630525003487,-3.6205581805928175,2.9385022860820262,-2.380049332979681,1.5802476795011862,0.8055257585180066,1.1251535897792577,0.6318572332546957,-2.3744410743268487,-4.907472122771807,-0.23024751602602522,0.42831239373152696,-1.1066993027240235,-1.8974011755383766,1.5339136097050572
-2.704985726056015,-9.85450329456524,0.7736955608562528,0.22429676230332052,-0.3316442393098487,-0.6028298744467246,1.3843193709337567,-1.7320698019491632,0.7408012385288061,-1.289062925054098,0.14403856348755906,-1.71310072786937,2.359761640985179,0.6699289199716214,-1.0685659714290057,3.0746111266263827,-1.3499633347717062,-0.779714666164463,0.15037101086324955,-0.30833445834304385
2.3031018023676038,-3.4404356263323113,-4.051311172670744,1.147354679797733,0.9377752185015004,0.8228640193532353,4.456508259563058,-1.4975584026026294,-2.428541797080069,-2.252349695064488,-0.2858435370821868,0.3008433701113945,2.359750115794026,-1.8429624879734583,1.8687071281376229,1.063195649220773,-0.2810579480305875,-1.1059926795770207,0.9101531609033406,0.4128481796325582
0.46529986076370367,-8.198792633533253,3.044028130578067,1.0390145652978187,1.3640330779326382,-0.6298911973514879,3.4834819945177986,-0.11320417703379901,-0.9571262457018981,0.5674285217758958,1.2889913546634997,-0.49797704309753155,2.9130971115017363,-1.3655002290680158,-1.4090362276080965,-1.2030279522880027,-0.11664355549520583,1.143964678090576,-1.6917036062350241,0.45628354829017503
2.300360203336778,-7.89273820557483,2.3723511309629735,1.0904015446458422,1.5457896296984037,0.2617307747098065,3.2210479318992045,-0.12309398946976857,-2.625117839123816,0.7052911821981701,1.2937739913869954,-1.3209595025977345,1.5336050119785252,-0.43768683826052424,-0.9637940846726138,1.7799284456242555,-0.32550369054694905,-1.3664341949554388,-2.094057488911986,0.3540051755018565
-0.9886771046515543,-8.253928015567103,3.412884176413777,0.5568943262259284,1.06760974130712,-0.3661275962338134,3.9980704687560182,0.7599489552532221,-0.9308192895855737,0.7708043339116064,0.4170967491647529,-1.4851377131065757,1.625729374497114,-0.3083997596728595,-0.6170622283065559,-1.4809725457982346,-0.34515655885348695,1.0037845462673924,-1.1711888730109348,0.8712049737478909
1.585578565581984,-8.291935804090603,2.6850883525325213,0.8872388077673947,1.4455372272854383,-0.12455608817531102,3.5677175540238313,0.06415890474860408,-1.7258276203627145,-0.23762118671419907,-0.006078274702084552,0.5194134123778341,-0.6953229561676655,-2.3434606387329464,1.5927587090135324,0.4645367615757206,-0.9725873399870161,-1.2086601311424978,-1.4200813132997472,-0.7214303420685784
-0.09261669129369832,-8.136328337202979,0.5541233697067331,0.8489940927037369,1.5817516473195568,0.029941493090361426,3.4879207559921546,-0.6334267622729787,-2.097600428073155,1.0808141388648074,0.7585471547081312,-2.2041310887185808,-2.0421646070049793,-0.7282011958051307,-0.911633535052606,-1.8297320874084042,0.28545194147585207,-1.352399520493872,-1.7670567372154455,1.2605439691289768
-4.132891744186515,-6.680499649894983,3.4492666998219166,2.570384585598428,2.305643702619034,1.7425504632958189,2.9669024945207054,-1.3577461846838534,-1.5886476202386075,-1.6317445810631437,0.3924319458183718,0.01828201072139468,-0.5558330440622135,-2.1215581288176497,0.7441237727802508,1.7829123410088257,0.7244247557890514,-0.17773370325769883,-0.604856794989926,-1.0010463976301573
9.142246847054965,-4.387894844975744,-0.7910290175896437,-1.945319828752273,0.559546140186042,-1.2199413467663722,2.584974877554431,-0.8732287794235278,0.9049795426956517,2.266697650175839,-1.3794915392702842,-0.9107957317731851,-0.7113812624947247,-0.40773051229756635,-1.199324963862492,0.08015154846896588,-0.8045802987474151,-0.12908765816027512,-0.029680903532690817,-1.6656014523957037
8.50549559595616,-4.332928762692572,-0.6503589694554148,-0.9473335360949668,1.689586064200888,-3.6224959497228806,2.1853677854382463,-0.08407241684797451,1.1234503652288486,-2.5779011780706758,-0.6145413201404495,0.2036592668207552,1.0037567219781607,-0.4879352206336244,-0.7174810369293905,0.26340943336880135,-0.07017434750765728,0.4931821336705501,-1.3124969146400582,0.3793727025029401
9.459338719728668,-4.779737487734089,-0.1747685909626174,-0.17804446177622407,1.2555497829703093,-2.9448329351917124,2.630343501550886,0.01799318746079073,1.0759575099977665,2.866040059955849,-1.28716226192225,0.21142151859389796,-0.10575289280906308,0.5339367981599883,-0.08852825888783072,0.2802042061580669,0.4729962957717495,-0.480013770506135,-0.04078357662542975,0.23431761189040592
3.800473904128755,-3.772148510419609,0.4517264104160948,3.0377413143822025,1.4385675329673844,-1.5371906819455963,3.53687213606436,1.3011269595275583,-1.6129850907972465,-0.8698520185007942,0.1711327354841376,-0.06983974991896502,1.0803577965884836,0.07038818935817859,0.5527841371168246,-0.9413439160809005,-0.6402198846215467,0.23492679582913567,-3.0837018585021827,-0.26631041332402006
-0.15754136692022902,5.838295556649498,8.796175907827672,-10.06366598069455,7.372415217429,-2.770722535665466,-6.031615479144953,-2.4142083199775026,5.14745691550486,-2.1084496388443656,2.853276437835052,-0.6295758939217547,-4.847950552926353,3.769276923694567,-2.185092743640849,-4.983891801197811,-1.0632574759357896,-1.6528045853160256,0.36328025074770554,2.2101201204759175
-8.554893072595293,-2.1481201537409307,3.336297833386971,-7.474244941934098,3.424711192974202,0.48697983409755663,-0.62334793118902,0.09892464344797092,0.23375326068924385,2.0821069302823867,1.1431186916588125,-3.396100743585928,-0.5724565301014923,1.528667164511194,-0.17640529705291175,0.28835791552912915,1.4246295391093864,0.29525290917182156,-0.12277079077028263,1.258907805715607
-9.232850443278137,-4.053623329420898,-0.232763684378536,5.838843059723271,1.1327169015063554,0.2935575221850643,-0.1753185003475315,-1.5771219966812366,0.14553568093504754,-1.8613175632298127,-0.7072113874277441,-1.5735555366887972,1.1018995357759138,-0.30242975982364684,-0.5421583512618836,-2.2743409180672085,-0.5159404256531321,-0.4401845285501378,0.6126941828329908,0.09777347831488714
-8.922138710093133,-0.9533273964436412,5.430210584390026,-4.0301603179394,2.030889478192961,2.079809812077887,1.7235234964188053,3.60238948563148,-0.2564441898277885,-1.498751057257964,-0.4952371111335317,-3.550978987002092,-1.5254022331784363,0.5377582785830772,-2.091204484330911,-0.9427351753940674,-0.3139795643605263,-1.7192650396076192,-1.117863450028773,1.5536090399645293
-9.334817713281794,-2.3402091522225454,4.507986084448297,-2.77541657619628,1.1345693892948128,2.1225893695012363,2.049682688264295,2.2543618918401145,-1.621165043564822,-0.4842622649131346,-0.6743480674152982,-0.691654469186103,-1.3357005352432272,-3.7291943901945466,-0.947876456077785,1.772080489076595,-0.6012855626515201,1.1875849003875363,-0.7885807452094988,-0.41816084594629976
7.017295882975493,1.7773613136760824,-2.3897565069838698,-0.5096110595570663,-2.04794780161831,1.2848521815772058,-1.5450044385351527,1.885882416975119,-2.8776642644399555,-0.6513830702990312,0.9451969046012467,1.7046978320202073,-0.980087044698907,1.3641721509656395,0.41714787433089356,-0.39060098148276495,-0.8109124146380946,2.6758613384274037,0.7282589490387394,-1.6626019181581764
0.8268194515681615,-4.656363181126846,2.064456796643397,-1.803018321228939,0.9422582883502648,-1.383137275497498,0.09847722835724243,-1.1188859847662491,-0.5022852763146299,0.7503225973131322,0.17591803935000294,0.16120962773012604,-2.0738949705171916,-1.481696239653466,-0.41584277870426234,-0.6502395577158387,-0.24829646720476883,0.7319823183504681,-0.12523553295521161,0.4321744869491223
-0.43013863612350745,-6.258104454690605,0.1399463644301096,4.011832152313563,-2.0226832337086726,-0.401332883437594,2.239585259083675,-2.3446929150071325,0.33226122665935826,-0.9417577341640262,-0.6484004402410737,-0.5498090604632891,1.448253891570906,1.3453240816559873,1.6211547412257883,-1.3686429192795408,-1.3976329000252057,-0.588607845281369,-1.009475010689079,-0.5261105896589561
5.985979686192515,-1.690678813944354,-3.26261793970045,-3.1686102628527637,0.5446385040191523,0.2324742923237988,-1.230198430676313,-3.4215006461255593,1.7211235129920937,1.3305377384429558,-0.23184059017363787,-0.8231372887224939,-0.529095272843536,-2.731346381676617,0.452293208341769,2.222200681209856,0.7939695066398734,1.106440615542057,1.2988851521314768,0.1405753670683385
10.303832378186186,1.2562576256483846,-3.712515672703792,-2.523574353107637,-1.572919389597344,-1.4115622940202526,-1.616327424868371,2.7198455180666654,-1.9612807761031874,-1.8304222850865877,0.7502297657069991,2.05239483257154,-0.5020210404807132,1.1299282244585889,0.26978566026644546,-0.4650815699093236,-0.5968318683401634,2.7496391810005045,0.017197644972672954,-1.3302395793012245
3.1991090610831554,-2.1814407092987738,-2.418518676051294,-2.247495785042751,1.2409151645649856,0.4156657758827048,0.31595336312420724,-1.6826543446680837,2.0891374121990376,1.6259397746705146,0.002047008172665732,-3.1218086056040395,2.81108535985517,-0.04417066414742177,-1.4275163938658397,-0.44734540621504126,0.30294107985937535,0.11919974534687405,0.7633830915984446,-0.7545552522171491
7.581511047197081,-5.220171128159311,-1.9054440960932357,-3.217669686334993,0.09453745728298191,-0.08004529911205774,1.4925040895052295,-1.0886529908962896,-2.2445581614473893,-1.9908263454480604,-0.7868812539956018,-0.6149689836354644,-1.3998559484339643,0.7432914221333415,0.3544751476558324,0.7067087352114853,0.06274784064133648,0.3404721488930227,-1.5268986510590714,0.463409892256776
1.0245364641803654,-1.4055589880975057,1.1743023069038505,-2.3907820965541005,-0.48242957129223174,0.06542403794973856,-2.9813620223724584,-0.8883747115585972,-0.5235051388860182,-0.5270086590557073,-0.6813104777256418,0.42035435580937347,0.8373443507517677,-0.5250727051688265,0.8075894325416444,-1.8354910616341251,-2.849774595279261,-0.9343080521674334,-1.7833361937910979,1.556391969823122
8.897177075034808,-0.5796098412977492,-3.0187110655115035,-1.142724272367588,-1.7175041468597017,0.20624251908232094,1.0064757334420926,-1.1632918164936301,-1.315875164295713,-1.9061717670583709,-1.3097253288612218,0.612492229769668,-1.60351859166256,-0.6538274733311623,0.018079346922388606,-2.1135620787151113,0.5680852776683374,-0.7759661725407816,-0.09126398500876623,-1.6506630523686825
1.3964184978936474,-6.400856049385677,-1.1610149519726027,-4.7378525158747795,2.414430116996656,0.7821578330325161,1.5623155261584891,-1.8194775193152894,-3.266000810592505,-1.670194123777342,-0.265050484179294,-1.7175770270602881,-1.075044434368776,0.6720119433517195,0.6654222547662324,1.6104523955780148,1.359393157786529,-0.6204732946588254,0.30639149364560025,-1.2750044837306658
1.4263394103377773,-7.493706518567516,-0.17687843622156668,1.277126590022429,1.4946291919338992,-1.782660090908862,2.064343080938205,-2.259409971913488,-0.7141172474154469,-1.0178757683465223,0.2952634931571917,-1.0817685283350809,1.4335617239413494,-0.6704706967152229,-0.42749021703453294,-1.5999010115917949,-0.8301770784304339,0.2834791460754934,-0.1676205915094756,-0.3190769585665424
6.54195977714907,-0.9919219434533222,-1.9216909322742333,-0.5105368173481438,-1.0622556359174384,-1.0716222110628324,-0.5844720955376873,-1.7920543884341136,-1.2939420907314412,-1.359759214787424,-0.8733399815291213,-0.8159806938104466,-1.3515046530486727,0.03727422275274961,0.8131425892756664,-0.18329817064392795,0.1876857556291452,0.3647911704965198,-0.45649707793454486,0.7546619424362938
2.36135138749054,-8.041977834627094,2.822756614262263,0.7956397225420733,0.882833321548493,0.7240132629243405,1.1724448079498573,-2.2888880154189937,-0.4488110929757116,-0.4094575574966632,-0.16713257109294602,-0.28306533557397595,-1.7098901711242038,-1.3252742457350228,-0.2410940886091224,-0.7867442997307315,-0.7537019769483192,0.26554479245433826,0.3215998327412735,0.044879654848520245
0.8376990625819861,-6.098112800998747,-0.04115526931291161,4.303321560260537,2.2022117187313563,-0.013624600498272327,2.080521312945291,-2.12422972408431,-2.3000883566508206,-1.819590004081923,-0.12005648194906848,-1.7756798631985773,-0.30357054498006286,0.03189911207016616,1.0269548977449303,-2.005441621938836,-1.4926504594240393,0.6688188327579565,-0.41587496502364213,-0.9194919785112612
5.237828867380614,-1.766705123570412,0.27458175623172254,-3.322654945031939,-0.3489511416622413,-2.0246273034369113,-1.9386287505687823,2.253890981064158,-0.3173934234277417,-0.5402008364076278,-0.5298002863847324,1.439702615000892,1.2242419075468869,-0.39579226129562384,-1.2147227659646007,-0.6493115746994049,-2.4840548922896506,1.0916924217704085,-0.9405687842324705,-2.2035197020571022
-4.659886257158851,-0.4452811115277717,6.082180082026072,3.7047008605089897,-4.999032976556837,-0.5967540859162931,-8.021653596057538,0.4110555749752617,-2.1872570704548733,1.1755707866091765,-0.3094699579729365,1.8683144040443633,-1.0104245451563578,1.8451041391030192,0.9091207390227496,1.504112412020957,-2.654585859172058,-0.5269937418921186,-1.185122204926055,2.0186955903862325
-4.516370934631415,-1.0585448625944984,8.595311573959735,1.8128783476871928,-4.210561802961529,-0.6382371302833887,-7.15537813784304,0.05786645598275142,-0.2721355499519126,1.8676082919187846,-0.6322425418105755,2.066067407381097,1.995026456841372,-1.0033908513353471,0.5230880271390728,-4.0312871373398345,-2.3459671187183115,-0.8670786054202592,-1.721834598504354,-0.6579482535773588
6.478010207134226,1.0812908820683251,-2.7789916693147214,-1.1291161901683289,-2.057692933703527,0.594455172278459,-2.1466323658375943,-0.4533768853044029,-2.43984298710231,-1.8097337157077056,0.04789929280659884,0.31357080838639073,-0.7909858983108096,0.3429836974409885,0.7407754962678499,-1.3038352705615857,-0.8613503398732036,-2.1313444622666546,-1.3972653350544522,0.49218145863067186
-4.80705273196779,-0.9549675472397365,8.688062463079204,1.8058615102266085,-3.9301002842487596,0.24944463850432075,-7.5629269870738645,0.46780939286537665,-0.1728410116454002,1.8000613009792592,0.18525836675727358,2.513637804049405,-1.3942731338857481,-1.0675925409105713,-1.296777093015115,0.6775035423575648,-0.900510637823499,-0.08117399324625968,-0.1691887274868289,0.026027490158754718
10.271344727226062,0.9023272030985732,-4.099489307046487,-2.7839798117637455,-1.330570960504136,-1.125032873145654,-1.8004335166541185,1.8073813340067515,-2.3204322638616586,-2.178010490634226,-0.1451552057348706,0.3913442607311043,-0.8813759699052633,0.5493735414558725,0.715886697972944,-1.3474861613596008,-1.339692913036042,-1.0166926666785225,-2.80048534096035,-0.28279470605504353
-5.614368838354215,-0.5446881804664994,5.17789923156548,2.024893341703383,-4.434326273742465,-1.1840149513872351,-6.223308081865806,0.26064229809379835,-1.4024121326726509,1.9764778324884749,0.0021097872230870784,2.215024363730804,1.1064335872130637,-1.7673759298460248,-1.1262673512566583,-2.2871420802358684,0.4186819806663459,0.24726971810975004,-0.6484531059408838,-0.5228616666249555
8.455930089891357,2.133653079760119,-3.220954037741387,-0.5766945857816748,-1.4458238236730359,0.9829552989522199,-1.8201053389871258,0.19270384021244513,-2.9231047233421332,-0.721885521295913,-0.008698262111067112,-0.3787516124286491,-1.5985802276337044,1.0056624478601832,0.2410616785664184,-0.8556852085277811,-0.8339125662989798,-1.3299065448903593,-2.423594254003333,-0.09711075038937267
0.6658796860264258,-7.548063797011505,-0.1868498342539856,0.8752499392592166,1.3892430188872704,-1.857591727725631,1.9762523319454286,-2.190168721193626,-0.3684162069755139,-0.8259187373531058,0.15098566513125594,-0.9710291436146543,1.5167362238712672,-0.8726783565346679,-0.5102124378469437,-1.3559392594089386,-0.7622532667626682,0.3080750682127349,-0.09481642088047526,-0.27442697917404324
-6.828213239265187,0.8569131317423727,5.216580272387572,4.840259294767478,-7.63487410506532,-2.6143522291370003,-6.0373952443254595,-0.040476963783413034,-1.0806147579683079,1.2075507608875102,0.035780419398092456,3.6261670352078337,1.0884603946697717,0.5049570519292934,0.1876792012373878,-1.827553920109056,0.2571708684612106,1.2755706552102593,-1.6667650870114707,-1.5269226745263085
6.683989847670428,-4.973651044394009,-1.356284235074752,0.8587612403703434,0.16278766976244807,-0.607416904940578,1.441302959866039,-2.2490290835533204,-1.7090988149642388,1.0887282652867407,0.32303916163856977,-0.5571700284059948,1.2768233528274533,0.3501928252581752,0.7432899998241937,-1.7420026445522003,-0.3068465201864834,0.666549078396803,0.4831539228231122,0.41253916701531024
-2.3622312176163773,-6.032225007735124,0.9379121119795485,3.5475204206668645,2.1062524936073155,2.1801219994368704,3.0879416539062516,-0.6556386715011306,-2.904978220562732,-0.4157764514912846,0.44454991874706057,-0.7787225119206846,1.1032632464905707,-0.6584355203410559,1.2833968280797663,-0.7070084773130092,-1.312774123423273,-0.4290395507890986,-0.23001352709852974,0.09172533018876072
7.226764440133542,-3.7513440458655243,-2.1015570101931003,-2.407501785048334,-0.30841679088809715,-0.8528883473986997,1.038839642513448,-2.3610167813371152,-1.50539763298075,-0.8902952257247271,-0.08942917724765204,-1.2054031327432981,-2.2732498969854174,0.8396849611989956,0.7717489487421272,0.8742053491000583,0.9084319874556152,-0.7189395427402216,0.07278815172069364,-0.7790353266084877
1.536420450294508,0.9330774949342984,4.353166489643832,2.476492755195125,-5.5151201330455395,1.5223665823368617,-8.208106055134582,-2.6570968948853477,-1.979779724373431,0.6879837802650557,-0.27266083434527905,0.9752765913825335,-3.301698440937752,1.6567048356024983,1.277433373735349,-4.0271762632294905,-1.1679260649833085,-1.1755020138305292,0.7913712922385314,-0.5342036742925733
1.830324826313217,0.4691483311550225,-1.4407958911881622,-0.4315178268030383,0.948596257236213,-1.1186682725400512,-0.7438692410799457,-2.3438311427891056,-2.062467118502134,-1.2500444609096588,1.4704397656858643,0.9389402373834259,1.4947811369562043,-1.5558134992512898,0.38941298160069193,-0.04626552459603861,0.7507537996755198,0.514917465427102,0.1987113466479607,-0.48088582704469385
8.971072485717492,-4.852278904802166,4.181876209621275,1.00157341172294,-2.13069617536342,-0.42159007431443385,-4.1180824884494225,-5.457427912819741,1.2635796286939134,-0.6438322404703628,-1.2186179917865565,1.1639819111665437,-1.7373225659199143,-0.10706694304682293,0.2726210671222262,-0.16830611967984604,-1.505774646735692,-0.575914806526202,0.7303232631342941,-0.5391638506328787
9.6345537867656,-4.656674625227757,1.2166511364089647,-1.8442288005296201,-1.470356803097559,-0.004113606982145246,-0.38009138026231337,-4.200801640987551,-0.506525292336161,-1.6242349452985287,0.0003002490716385031,1.158070060536567,-0.5034097109966195,-0.7423891877234292,-0.9613735263648582,-1.6460681634690018,1.8647413099764805,0.14224440116103887,-0.4886909977822126,0.061479473236641546
-8.39506024128258,-2.926276107136504,3.1338125654275157,-5.0369276319742,3.762805404184497,0.2666089915607782,0.24571715533207228,-2.4711055949678657,-0.2580568396864025,-2.411046352421472,1.1560128300608983,0.15079631915100702,-2.189014067251585,-5.59920310031492e-05,4.237531804042978,-0.37823609871114705,0.7180603175445712,0.12069748410535519,1.2592616662480132,1.2261856612468691
10.02558919510193,-2.229956775528134,-2.4597703763087795,-0.7540606803503322,3.9987440460200876,-1.730135856572247,-0.9497672180501975,-2.057080995215437,0.3391547303941089,2.8148495655622177,0.26053202822922383,-0.06653163409672169,-1.022440847464051,-0.11132071723481302,-1.3418215061059784,0.4117575137378031,-0.31828460249827295,0.5213122987490659,-1.7635438777604453,-0.08430754343571767
9.871470506509768,-4.744726490183841,2.451032504647015,2.0407712292163938,-2.037068124967987,0.5872479047514744,-1.5953080705670237,-4.100262133421207,-0.5865343415721235,-2.3695214919397607,0.018115577954026185,2.366315296056314,-0.028986235295561782,0.8710815357192387,5.910244740453541e-05,-2.9934539029700367,-1.4608858007304184,-0.3407033272186616,0.5615632018524794,-0.5844020322239811
5.54651746932241,-4.411469995856218,2.5544871475401734,0.7194273479104767,-1.0448434318972226,1.3696203794754769,0.2047973249754137,-3.387601844523859,0.10661454770947278,-1.1570907819549796,0.6128552812902979,0.6110601709545707,-0.17975154673227633,0.029500839935343734,-1.9550082723564712,0.5234800241806223,-2.0659432454174627,-1.2118284406749589,-0.2555397202514659,-0.28323420209286354
-6.199569512711214,-2.854177924204748,0.7967583217865051,-2.4431992805365974,3.7023728075670137,0.13017148199725653,0.7166387017533825,-3.269658548600609,-0.29480740208777323,-1.0295837863938118,1.2261513825852244,-0.628277773308592,-1.404445979684992,0.11280057827094586,2.2490293052241177,0.29843384928338557,0.9421504616283795,1.022415073315125,0.4508566857173255,0.46054366795805446
7.531103192055115,-5.943125286302968,-1.2195921387592807,1.8108297725713842,0.6141014660730708,-0.09354500414774722,2.1398235162081667,-1.014709338780846,-2.6493568664079006,2.1288243326899448,0.795843778581622,-0.16589224978468375,0.8015291140540384,-0.13836613290401578,0.5381005308479039,-0.8352231500105147,0.06669621958724226,1.356776241907708,1.4723136693445813,1.063990133712573
-6.060169339138565,-3.2244258100904215,0.36443486866064906,-2.148856174146411,3.3498048988455653,1.1666154679810945,0.0270756857463203,-1.1522091862634207,1.6096451257794178,-2.0904515385966276,0.04281040204845121,-0.4167458776202497,0.5176036147845665,-1.7237972177625664,2.1244336159275883,2.602664734537895,1.0910513661499885,0.012534880980940244,1.7333553077948358,0.739659470694733
12.117126933004142,-1.5509840136820632,-2.0817313706544676,-1.3248169617749586,4.220679520213513,-0.36850400628124835,0.5947748031774036,-0.19893589847803914,-0.8607711327287276,2.8379687051897284,0.10312438548391611,-0.41707230736407036,-1.7764687900111196,0.6009942269080254,-0.9842832417199798,1.9361542559632947,1.1590348817003073,-0.5020694333188513,-1.0302007740620671,-0.3285964305683844
9.547867901868337,-4.038023135244633,0.8619815487814252,0.8696948565809544,-0.46309957406379687,1.3038538152567125,-0.652918375415707,-3.324714502923817,-0.7112378393968579,-1.6594930925592477,0.6907840993129952,1.4691648224058294,-0.46689809908397223,0.007090634803089524,-0.06704856119077818,-1.2321434861027476,-1.503919837577133,-0.3141624713786699,0.8243232608152207,-0.10702488465787363
-6.510867084593346,-2.3117860940509267,0.6981881574393161,-3.092540551781777,5.8037704834435555,-1.0582521448488154,-1.5605924228750956,-2.4120167202518186,0.562114252693914,-0.714136135637458,1.6547666384633004,0.12181258041824783,0.014118658798866479,1.3382259336602118,1.415583325734496,-1.4013288128181731,-0.6122796547477758,-0.4482755521755041,0.14868582797201868,1.0035287889208397
4.110000657583141,-5.560321711331881,0.5090920734153913,1.0324092756628556,-0.027917071112503744,1.8174160428168902,3.0594478635105995,-0.8363189588306997,-2.551191586106308,2.50771568725775,1.126602653744293,-1.3219421880309659,-0.07917091742088772,0.6571531753682841,-1.186194471258385,0.9739810357903006,0.35109292400403025,-1.01325017772981,-0.15348630962823395,-0.7753550384853004
8.762618325383988,-4.941418684752908,1.1420921056710627,0.8691246694173456,-0.7899199988407314,0.30222320978868006,0.15485126723843143,-4.075109162085978,-0.24977993370487012,-2.091665999646911,0.23008304971797852,1.1238619910236967,-0.21046637948599825,-0.3624193179165676,0.5487010827452328,0.7486156160485556,-1.0642834080459516,-0.685006524777551,0.9090769487187933,0.33501543950966994
9.21154611884668,-4.108407630768373,0.9123182572494938,-1.297580691080459,-0.9229822566836705,-0.2515148310821235,-0.5057451587032609,-4.439096611747728,-0.09706484459368603,-1.0201387460050397,-0.06902597315664444,1.3281789333927891,-0.38088932365139916,-0.6802076321952185,-1.0596228733927946,-2.0296038581525866,1.1147423879630054,0.5355379551110739,-0.6051780901207422,-0.6239199756622319
9.753378903263286,-4.327330840250401,1.86206955849235,1.8519280373340459,-1.2285524343793128,2.262320107374684,0.44324033410300323,-2.2111253561292514,-1.4744549472108743,-1.6206430133745888,0.15841351345446775,0.8109104032679881,-0.932731370761173,0.2876626088842544,-0.4223131605027213,-1.1318174307913342,-2.5759340819898138,-1.3917110431800486,0.07507925681091522,0.40182751570260833
-4.252780016948143,-2.2524804684649107,0.6366151817167534,-1.4907966532840538,4.122872444104161,-0.794256500382502,-0.7832802933524244,-2.9918060784736342,-0.4451010562499209,-0.9730695971215146,-0.14219427171772603,-0.02896680451152145,-1.757630834323953,2.5872085743312474,0.2382359825482839,1.7004470423246016,-0.15626177734669455,-0.7782318443503835,0.361353435799008,-0.8214560260991836
-7.04059089746263,-2.672986848726837,2.9588114806178476,-5.028504694673814,5.075856975096652,0.20983195014875644,-1.327966031228415,-2.6713867770128097,1.026251224056626,-1.3529517907834188,1.3582032164330795,0.11461334184405324,0.8211418345224166,-1.3027406702423132,2.3139980381124183,0.8280378383718793,-0.44853045894918325,-0.9882234441305372,0.7641012490054694,0.6933822348731372
9.039541893106625,-5.064615397882132,5.172428828373851,1.3694587423409086,-2.9240425437707414,-0.08067998705865653,-4.0829312486852,-4.395223353401155,0.8170861921609462,-1.671089792809854,-0.5626194015942769,2.6461322153705233,1.0061402022186414,-0.9444413007643098,0.1954817742276867,-0.6532753529245736,-1.2798221457522814,0.15577166325681457,0.3646301699876963,-0.6211198888106437
8.431752489355501,-3.0325201724570436,-2.0967682922445987,1.43115131021885,2.4854665455270233,-0.6194814279086185,0.06508544838485053,-0.6619446181172413,-0.9600707628771531,-1.0440003453069222,0.4674030571957506,0.8891890777355753,1.464464576482893,-0.13672315773070554,0.756479564656007,-1.504583178825496,-1.6696390767639275,0.2070654346980345,0.7840193005177338,1.051284347031472
7.92918440870732,0.7134488397010128,0.9609262511826948,-3.129861192001534,-1.058856336120331,0.2773524340160176,-3.485862435507028,-0.7339346437883538,-0.9555302972500845,-0.4712008762640549,-0.7358990500592988,-1.002939896643277,0.12102235434741612,1.807605216824168,-3.3226486021296244,0.8661423852417337,-0.09221703323882591,2.578476088713667,2.578714367790136,1.867037488199925
10.425861722901121,-1.8132061499526277,-2.7359803543526144,0.5525838173379468,3.691941322960441,-1.4316527272646158,-1.0744890205410493,-2.9900401294528223,1.2859908014356758,3.810855593656062,-1.9023262314029676,-1.375697662703774,-1.3591797464613342,2.033294531107502,0.16487306774578525,-1.6115413569636128,-0.48400314370062725,-1.117469434057711,1.369865473039057,-0.4297642701125927
10.246138319301648,-3.3513547381782414,0.29379446831632766,-1.1504835655563086,-0.612873573868889,0.76721857082479,0.3693279025477072,-2.8800391216822883,-0.6322025755240075,-0.4998557947699187,-0.12616411293647412,0.987753538192817,-0.5496938665574045,-0.12211020894203375,-0.9502168778949825,-1.9203471639493936,1.164219600552379,0.3459392280843274,-0.9182744159056231,0.31249602549541117
8.202954475889417,-4.902913228445064,-0.2582265853161986,2.1275312313047037,-1.7262497931788925,1.031008360454987,-0.38498829615532115,-4.5610987875636795,-0.6416645535419587,-1.55229812957108,0.3752354295459962,0.745872688460824,-0.6566573799604943,0.4452374740068246,-0.5899116158905191,-1.3786282957764608,-0.8914601276764937,-0.11215890886227199,1.135414528091724,-0.28370651353474385
-6.052758222277933,-2.5001372651513636,2.16308918783556,-4.877019715112658,4.9347206631381555,-0.5530228073544883,-0.8592302894087831,-3.293936863395156,0.48623130074810494,0.6062859722161265,2.0883756160351825,-1.2492665014038795,-1.0647636308360469,2.1605272463395355,0.3939975767006614,-1.1236314649201191,1.810160373384625,0.36833090595314055,0.2620586620244022,0.8446737747694785
8.990821297716774,-3.3151546383817525,-1.709524796498222,1.541263920091328,2.4033748952440837,-2.1377202814796936,-1.2354394283384125,-2.4137854766719897,-0.5685006619757089,0.9989921906873476,-0.9158869545498457,0.2145960593905265,-0.42883125234250136,3.1994776053000855,0.8017839912201006,0.1324245042955592,-0.19356712477714427,-0.3039793102139249,0.540118286670455,1.0912089836603487
8.782230422884332,-5.856560713901812,2.378019224927586,0.9445824277194675,-2.3837344252875767,-1.0883525726831789,0.06553800166727305,-3.9176293161068534,0.5554963417576991,-1.070288226813283,-1.4021715461977147,-0.1446356948446352,0.8966743784903491,-0.16986243182276378,0.3820229119341611,0.3784642650326923,-1.7268414250063817,-1.4941184009581976,-1.4798153205618423,-0.9115031069244444
7.916321340306093,-3.101208843965283,-1.536410737375813,2.4460087198210365,0.787990214568502,-1.211573588946256,-0.16877346890293474,-1.108471550240819,-1.162156959996719,0.2902200893347042,-0.5703968306207917,0.5960271671591688,-0.46112753895316116,3.6158488375742595,1.3897706950691227,-0.2505645454122245,-0.9006425365592357,-0.13728084849583244,0.3381119676661604,0.9775791544724316
9.019818495464467,-3.2105686275415133,-1.8536107995079711,1.4441175303282627,2.515110250962091,-2.1923118155797976,-1.2942382190132662,-2.4446579982802863,-0.49682980646484215,1.074762247374819,-0.9707472785306538,0.13771874184152721,-0.498849958423734,3.2909930585324094,0.9383904601683983,-0.05569504223525934,-0.39522481525470077,-0.19715436907817926,0.5508578846480408,1.315994620240454
9.645052760660956,-4.753965562105382,2.42130804566413,1.906582132451601,-1.9874865950705822,0.5765236786725825,-1.568042649995395,-4.183369426819788,-0.5878543282158681,-2.2354969170973313,-0.08965488863995386,2.07278980475438,-0.32848389038137493,1.0679196324740625,0.1798311349226702,-2.745742500655124,-1.5872509947948419,-0.5355193111648849,0.34243030436371663,-0.3854254920796894
10.113936825976776,-5.056306204696028,2.2220733980394756,1.9990188599461107,-1.6286276090639091,-1.7107178808656918,-0.02380409947377876,-3.2774595299982305,-0.14210572279324452,-0.8680669228641186,-0.22317786599199996,1.4274146149847158,0.5316505640024135,-0.612720752597691,-1.0347424052760448,1.9206676759225945,-1.2599938803244377,-0.592655528023564,0.010999378660160652,-0.0733466811764491
9.068839675081819,-4.782508639490152,4.784045410706897,0.9373698515896693,-2.33880589789301,-0.3419479839909471,-4.033130669686747,-4.244914380194113,0.25052867492541886,0.5859445694132519,0.6410991756066966,0.4491026366418226,0.1250929219729835,1.2242500566076124,-1.7036244582787352,-2.307834555119051,0.09860305184075235,1.317720451940812,0.34057635375051687,-0.9342203332274012
9.152016476125011,-5.403178866395168,2.166020662382715,1.8483488197632405,-1.648069348986887,0.5826664878198211,0.26114537918512526,-4.329051232307112,0.27644600950688764,-1.6439019131295967,-0.38517138717207555,0.7535138370947817,-0.3591628351869629,-0.6727215706419635,-0.1568748182139284,1.1598350926509162,-1.549229039278555,-0.5388248296386595,0.6497720402727545,0.023127694960992373
7.7573735167323985,-4.869749776439126,0.16413585221813942,-1.6311750959980906,2.3503241802422963,-1.0510097697934158,0.2601687985966119,-3.086218868079088,-0.7752467382813513,-1.442244877477506,0.6604109007939933,0.4225659640300486,-0.9128228147236714,-0.7621059157631113,0.7451016677279574,-0.280064896324936,0.4478538561224902,-1.2248209751466934,1.325751274354049,-0.12944035782031843
8.028120367832827,-4.977049112293006,-0.21959009322244083,2.496756011728162,-1.8169194097926158,0.49306345219194087,0.9869404002678148,-4.1053674034903205,-0.5440559128322646,-1.7509147712006738,-0.29437214857457084,-0.01559527928755089,-0.3008237477650678,-0.4214778019708725,-0.9278128882385916,1.1060990460696973,-1.041975653644805,-0.5665077599371615,1.0699728664376005,0.2227467843345347
9.464569059019762,-4.5544726173820695,1.4755187144312398,1.3748171200725263,-1.4135875156662343,-0.01901708470259561,-0.5297715057835246,-3.687886363857739,-0.8428972995202575,-2.401579687652771,0.27172576818126115,2.5996146609468846,0.31611146848805716,1.0716337993136067,0.6214286160522987,3.1377838538166225,-0.47552780087189284,-0.21697210625421762,0.5081974502715063,1.5968381884756475
-5.436865590941926,-2.408514017333434,1.2350424730488545,5.6650926261492405,6.406968503719176,-2.161344379388296,-1.8438873774798166,-1.0769455049331194,-0.6284281388426622,0.5643040513529642,1.507780531618004,0.4185654089029051,0.2898163575548657,2.6493083639302917,2.162598172199937,0.9401690864982936,4.1770456100479345,-0.13727926433492654,0.7900383233129025,-2.4030732528117342
8.827250145998622,-2.4114098744136774,-2.8475000141119944,-0.4211949568167619,4.066057405693824,-2.5123155951597442,-1.5562981250479553,-2.7654126544869957,0.2985329098595493,2.110131268237689,0.45672294523119594,-0.620582878943097,-1.6566793553836932,0.40534987556200736,-0.32242249883483676,1.3287287524560067,0.8012845018389425,-0.27684472285789274,-0.7942056578156266,-0.39062962629902165
9.169421857790175,-3.486412835880709,-1.9302278182048072,1.4628477994859046,2.8618796810140577,-1.2302693406641572,-0.38768142041917425,-2.9578255364216384,0.4766808622424156,2.1305375771810886,-0.9076962345505077,-0.5731945693189522,-0.43458959154129523,0.9175511584453647,0.21315440147821496,-1.5435904013147457,0.1787078530235017,-0.7741271140327899,0.7676138297332541,-0.45377988275240333
9.1331450745629,-4.387212035329275,2.764683854946072,-1.0857028074908348,0.11202216931520759,-0.30462093918358185,-1.6892540608272355,-4.0244749280131,0.41613084707626075,-2.785237001174736,0.6227872659839278,2.417507979721824,0.05788119526150015,-0.8425672761406494,1.2273132010281673,0.6073278685525636,-1.4449347103520283,0.4889047162955489,0.8561953160327125,0.16275373311710786
-5.241656152707585,-2.5240417833062807,-1.158275199874859,-3.6690213207473716,5.516179890097735,-0.7722584991323697,-0.366357193096015,-3.018664460140911,1.1222069462471982,-1.664696456412285,-0.26826904920638106,-0.5357432741257886,-2.288866664592528,-0.8009626514404948,3.5505199228838054,0.4704249311101705,0.7315897557683,1.5380116219060298,1.1800315648280846,0.45585002779898093
7.525478958576848,-4.956796964537574,-1.3483729975207206,0.11000094333979515,1.4814469130099306,-1.0781065955420361,-0.13175103494750676,-4.097821493080578,-0.5421202282984897,-0.11991246865871319,-0.0798436742537514,-0.8071990397057163,-1.6502419690962205,1.0668346706561809,0.5957793010268613,0.9418619360923608,0.20782211658181282,0.6815473064132576,0.2016807594316713,1.0058569973327338
11.357778544373279,-2.8951899436874027,-2.2137663579547056,1.4064883453385024,3.774810001847893,0.33160893110736017,0.04910575790460814,-1.0214620478985532,-0.8983820043198627,2.245609104042853,-0.15604304697433824,-0.19782166450534705,1.4326101675496727,1.476679043464763,-0.47651660644808047,-1.8703190203200455,-0.748620564216246,0.5041923486217432,0.9427290257974985,-0.3944398813287649
8.626289071046397,-4.294133325633965,-1.091818895685415,-3.136713502925051,-1.680601313503685,0.05825813931436466,-0.4648622377492344,-4.322845906149471,-1.4028072173615138,-1.7826543050723531,-0.3864062758547349,0.5172090929662241,-1.0773790877951164,0.46035870972667575,-0.5949863070707979,-1.1280763774371438,0.7717165043295263,-0.22416316080926854,-0.8365066755347847,-0.5354894929202445
-3.415538741021081,-1.5848135559332692,-1.070358851815169,-3.8868469296175805,7.368728015409777,3.1175074245493546,-0.022848924778952784,2.2567349998068282,-1.3870130914047565,-1.0388464273229956,-0.4563341697189739,0.17711270716720473,0.3720370445774842,0.9188284203363344,1.664813234088654,-0.20335719123000068,2.222516022953009,0.2860753873799152,-0.3844234302928045,-0.6554903635860402
8.453495169190536,-4.05171924550373,3.2157653244207505,-0.05952964656515891,-2.0959816190162885,1.0240754447435132,-3.0419741142018664,-2.3678363737380446,-1.5077165510631803,-3.821431902855414,0.8298126528659792,2.1564260420903043,-1.8249669800045292,0.07359180823087769,1.1414555404075233,-0.14097570242290364,-0.6425140829595083,1.005362745818533,0.9745294585956479,0.7286439904308912
-8.330159321246608,-4.042220874834818,1.7400446928466298,-3.4610195862920854,3.3695235394176395,0.23710479678355018,0.23055586572755526,-2.798009592910776,-0.4421977157479955,-2.4456178859581392,0.8090179387701655,-1.303191959139927,1.184114760415463,-0.0046814229815330954,2.7505190069234344,-0.40767920814979297,-0.34733168524800895,-1.0770577316974053,0.4273727526378001,0.3841936376778083
-4.7101464508039355,-2.3389602296774656,2.6858099089047176,-3.399588284581239,4.577824290418642,0.5693387187493848,-2.000178749917793,-2.833004140613639,-0.2793605302114395,-1.7856865425044706,0.446416015423885,0.87726111955963,0.17649002656540502,-0.04648746338325327,2.3073489333545147,1.6627321461255662,-1.745265138470629,-2.0822018894137564,-1.402435400965839,0.44272627183086855
-5.39252712391512,-2.15543010358964,0.9727346691261844,-2.050127247135768,4.106971910195084,0.40702160440121593,-1.1291303188417867,-2.527763917320332,-0.7181323817352616,-0.37908947156334016,-0.23312269323969392,0.18740372952789452,0.17010525547113886,0.5598855301188287,0.9829726813174149,2.634685406027725,-1.1035474126179647,-2.1658306236555145,-0.835641167144164,0.9729414570961369
1.0697621349310806,-7.83163662842661,2.493399184721071,1.1428895947001003,-1.0222108417145175,-0.7485366661033082,-0.48590016882774156,-1.2585287120156043,-1.3244089608682472,-0.8124796474178427,0.9218151828656598,0.36288874716877706,-0.12635095645414474,0.34618483893347474,-0.4659983008267886,0.6617286160312592,0.9817494165368605,1.2267948537988296,0.7658187325254092,-0.0891493009558827
10.074041165499318,-2.3392753847430194,-1.8063854793176248,2.7463344907036316,2.0473159707232047,0.7089617010577169,0.6385073422217874,0.3678356393108768,-1.5405764134167654,1.6983925133318525,0.24758998332239657,-0.49804777707704256,-1.5948495771578577,2.375272497842646,0.02498164219938248,1.0909438486884555,-1.3327213322733393,0.41403886264605727,0.8342876511207603,0.40608275143579914
9.244268808718571,-2.420082727688139,-0.4592794000759523,-0.6062194128639334,2.032120991710792,-1.345588152850097,-2.7805827929270572,-1.6495265915838198,-0.5047309139051943,2.1437026549825204,0.3141466948256434,-0.6201405038401233,-2.6160855209909015,-0.2694556501269657,-0.43658074866798013,0.4117130659197301,-0.6487686721711737,0.8706475556342502,-2.123816936879798,-0.689916233680038
9.35986681825988,-1.6030193472908416,-2.5676205650618824,1.464251880177345,2.083151058364114,-0.5007071975829196,-0.012035422578438149,-1.698156389702659,0.6985516747535114,3.1127159600328005,-1.5584187816023574,-1.005758408768759,-1.4045465811068074,2.4604917860968865,0.7692148159301283,-2.018828928611025,-1.2054335016786726,-0.935161421037125,1.156362485378077,-0.5504686747374864
6.578628323736563,-1.1763017407889957,-0.9092676704150803,-5.215287096005933,2.5317311855238236,-0.3509342189969177,-1.7639221236839604,-2.4520284670190247,0.13842378733483196,-1.7518256081171906,0.7694541836804967,0.906133080744169,-1.685006247300989,-1.6087855643626106,0.8216832480734053,-0.45114620629674224,1.2882172055298848,1.0619572921976779,0.05923096202597061,-0.08269847701754285
8.49911198090793,-4.23668990196971,1.2810729523885291,1.54068329210384,-1.4825285735898346,0.4455964382726889,0.020528498098768833,-4.102967679624873,0.1532134951211908,-1.7281377896474148,0.303423892710964,1.386454688032696,0.0234316569614563,-0.9477207933648318,-0.08748841558660986,1.126502467664716,-1.041740831973987,-0.6933899710503708,0.861557640484181,0.4531092974500077
9.29082571035159,-3.2900167069165582,-0.45614638781495426,-0.3928017644276993,4.171307662661947,-1.9228002686006231,-2.252628960014281,-3.172026382571045,1.1296894643065531,1.5135225482598573,-0.17618056530823423,0.38628587247705626,-0.7410745873324038,0.6377965444972951,0.025686758744666666,0.8919132506726901,-0.8854503067545993,1.1060833009430113,0.8256946888900276,0.31941146842942614
10.646560883586009,-4.379115374327717,0.8752226666085707,1.0854748150975773,-0.5472130542344685,-1.2696089043004934,-0.2710318996547858,-3.271000530325855,-0.7413479838769521,-1.600266021601982,0.7042558676800449,1.867419116758332,0.2860326325055623,-0.35534148405199284,-0.25247783508167015,1.173974966143621,-0.9485937629786896,-0.27489916060876296,0.38113349489773024,0.05281837768808445
9.76264806345679,-5.058241555236933,2.6563129562376724,2.0933957816449635,-2.6714534041837887,-0.9951186470927517,-1.1173971745100038,-4.41699068466669,-0.016765247711638454,-1.6378698122770616,-0.713487139768981,2.0348009498904354,1.0333354537798898,1.5244252470525208,0.08117825456347677,2.677508494105897,-0.5648303128170977,-0.17893536767528734,0.002562325382649111,1.3070852140621663
7.5913828612007554,-3.0126038448262378,-0.38657396895524115,1.195825157141842,0.7090638981164038,-0.7040254974564528,-1.8368230733365818,0.20716577261031266,-1.8576453067157193,-0.19326509879725295,0.6536000350706901,0.7336919382575922,2.0789751410397135,0.3358425097057236,1.0016759696565547,-2.7303646830839816,-0.6985800433602503,0.650543733137107,0.3492192078979285,0.2030511051655306
9.250852652387817,-3.9177318798071603,-0.3275997323440666,1.3802728835399227,-1.7330304999886568,1.4257898025068743,0.1767527550856334,-3.6213877062789894,-1.3411773868544956,0.5339523367923438,0.864463228418552,0.26008854673283155,0.2897233644408326,-0.12034137305211894,-2.3917098601624143,0.24552435620535346,-1.2743566270587652,-0.8588849457091893,0.30103658010623957,0.08867711086562373
10.532826040062439,-3.932182587178251,1.618634841788663,2.411055241578463,-1.0651294213680478,2.191436229263422,1.4562118627874128,-1.8582820949229557,-1.1008108272039154,-1.024742529493675,0.6484238252003707,1.520569771206641,0.1589236061354659,-0.5789730118350785,-1.4831458540253524,2.442031938970217,-1.4167703608814843,-0.2933671006906614,1.2056042689464967,0.7565755781720104
-5.218982273883262,-2.741934014261253,0.6242324568324839,-2.1535717078368375,3.9132541184058427,0.10724159326608072,0.6935775589643188,-3.398019280700437,-0.6309203113451861,-1.1117018408956576,1.3635622672328078,-0.8008290682640617,-1.4184222936682374,0.19297259809923434,2.1739995013945173,0.13851062435136652,1.0723110098767354,0.9833061389694601,0.25308889876206964,0.44260743184770557
9.236820599471994,-4.541922701564383,1.6078925810133342,1.175920661676078,-1.777690085589829,-0.608882878266868,-1.2571327440421278,-4.218971290284663,-0.5009737326730836,-2.237238461511665,0.1648285727873619,2.5813733556808347,0.6946603579885227,1.809412125816786,0.9707315592830086,1.5653971817504058,-0.7225091587954235,-0.24418276121487478,0.09120531627589784,1.1824881455446676
10.457290746787972,-3.9317086424732555,0.4187641768426311,1.3120850281251133,-0.2917578250495041,0.797387951078272,0.34509679337823906,-3.39851304382968,-0.49616477736563747,-1.1235447651176678,0.4939036400670521,1.3484322315179749,-0.019766301135811015,-0.460306333156304,-0.5646082863707044,1.881834659490548,-0.757519317867653,-0.27216351103182207,0.6285526783772022,0.35016867404203184
7.679110681411934,-3.4062708768728553,-2.2155954369047985,1.0687158712367908,2.48968807290708,-1.191498829406057,-0.20373722781577414,-1.1727588686682884,-1.066342829821835,-0.24805077178122312,0.5501549162216037,0.772780180756946,1.346975335042046,0.03658020579748189,1.0341469732603876,-2.03819091956668,-1.6689656720812351,0.240209918828459,0.5689925171221583,0.925526905602855
8.000489651704951,-2.8149141661783093,-1.566166800282401,2.166189561236638,1.133833965185903,-1.1318907429179876,-0.8105448476824897,-1.016847338474109,-1.650080353825085,0.23037336929701074,0.4692944805084101,1.1426897776832754,-0.7263126865040416,3.489829544746409,1.1551952360867708,-0.3606406659556973,-0.7075164457880352,0.501545760831943,0.5462077541153225,-0.30283310991933354
8.643691169213634,-3.298560527463997,0.8966293706842925,-0.4316908166501241,-1.7308531412784955,0.035304251289726,-0.6832556073592417,-4.809950943216357,0.12711455141095296,-1.3890749365242503,-1.4013733483539719,3.195108178695056,0.48404739507773,-1.2326467971980746,-1.0583498972640402,-2.6796259079074924,1.3390041989728256,0.07577800649803904,-0.6616594699803005,-1.0041224809393317
9.561089677482203,-4.120428048217844,0.72376333727751,1.2754926994939078,-0.5635177569088482,1.0392256224587193,0.5601293577721023,-3.1218854366062034,-0.442142173235045,-1.1250905508510354,0.48902403658686117,1.4614572285226293,0.03862861525531927,-0.47316491321009446,-0.4771468363651068,1.914692877792668,-0.8955765830805046,-0.19007654085883763,0.6298618790269633,0.28215599516634826
-7.603404132665295,-2.8014591074705093,0.5154476085391918,-3.7074046677793655,3.9372492019254293,0.2623103410911721,0.011239122556951031,-3.3067389764168693,0.23138592242962497,-0.4621729769843283,0.1207545607218462,-0.8793734768428612,-1.1148525066001924,-0.994272644820651,0.9035514504414789,-0.6099977548090935,0.004573530798481162,-1.4459434140502232,1.3447945397844894,-1.8195016943543816
8.218801561127147,-3.2048189823325766,-0.529470992060685,-0.005757145333157854,3.1941808961815634,-1.7616132526586714,-1.191157469395298,-1.603081031637113,0.0586638752528752,-0.6452038246472797,0.5383010743701474,0.6669585045526057,0.7028832054511732,0.2823225470331445,0.297160357800335,-2.0258558455542746,-1.5722419965197254,0.5902907935956843,0.8565914677846979,1.632635789321205
8.07114770031541,-2.287232053894864,0.004685067026689138,-1.2730368683313802,0.9412586554659864,-0.6145958336325041,-2.095502223346381,-0.30350686147456757,-0.8937065197419092,1.4262851952106952,0.1850167280691454,-0.4782807034975177,-3.082368928309945,0.4672913827893393,0.2796827230810155,0.9001591548133332,0.044496968137185344,0.8866490820969322,-2.1713290294231005,0.013922542535476423
9.792521355224011,-1.7626474784988901,0.8958067630271298,-1.4374985169982684,-0.4358983315502616,0.08500937281770793,0.7167034092492509,-4.362571072472772,-0.5568827814019344,-1.100059041612129,0.0446276101633796,1.126570276610107,0.4093196967348933,-1.4596112337736904,-0.7903010780365516,-1.5615237215558844,0.2723143251423288,0.879466737342181,0.5421259465442695,-0.29900252270395145
8.668169364041116,-5.2530406532451135,2.4569357046783966,2.5306402136713206,-3.452201998970025,1.0825041864439955,-2.3478350096619156,-3.495666356248046,-1.024185381656182,-2.0459545088895834,0.38847144085631885,1.4987679586024054,-1.370866852575356,0.46078853021955735,-0.4290140026751433,-0.9645029061562946,-0.19323660936863185,0.7705024191035992,1.4427386601058396,0.42320314504196643
-8.673669456519178,-2.265852390175109,-1.0002970441155385,6.421081904704325,1.177921180967076,-1.4154999251049385,0.5018121793036567,1.8345631152764308,1.5790884192295733,-1.4985762825498208,0.3095877120290498,-0.6271952087428053,-0.9198450038981286,-0.9901313172391629,1.1950807348809183,-4.081609004043205,1.4522741109727715,-0.2718718845286978,-0.2863339694135094,1.8956374076722318
-7.574349995739385,1.122620221654718,-1.157486780531773,-7.815721602217821,2.9256863523227907,0.41112076601910136,0.384828610202822,3.4237164279613608,-0.6908582229525142,-0.9333937473298389,0.633768668116794,2.3468666681350503,-2.6128681066200237,-3.742293070346064,1.1453508498597875,2.994766584437209,1.1462012989307928,-0.35518404687889404,0.7401141695670717,-0.537864032301755
-9.047868274413736,0.6028811710925612,0.48457485935960526,9.734074284509518,0.8474560452633906,0.4602004667166139,1.8475631073026053,2.834660862427075,2.144129077603733,-2.697343064820624,2.832727306031202,0.32103759400665044,-3.5168112429323513,-3.0463386653071725,1.6250790766101464,-4.571055210100733,-1.4831013982235284,1.5482879996294279,-1.7172560198477496,1.2323106256080478
-6.721409494562015,-1.7000714553812766,-0.25631519226878574,-3.4964823518834516,1.2834237523528915,-1.7760962966723568,0.45773018618380645,1.321548610432113,2.4689773599685028,-1.201430739462015,-1.303516703372373,0.9290311706397314,-0.7665196197216413,-0.5253758653439031,2.6884378583567714,-2.8773023514612595,1.8501025468570234,1.3888858790602971,-1.1812529443744393,-1.5214970649245263
3.671099644410783,-5.870082540689399,-0.09399443133995769,-3.2058256068025877,1.9847555092200468,-0.1478937265871717,1.02962247118866,3.148756127328112,2.6294668217078243,0.9650781878328839,1.3287916777840567,0.7270326495686723,2.875908070624472,-0.20172471501710287,0.0029711134199221223,1.089255384369882,0.3641434771531141,0.0523602291397053,0.4097470517211223,-1.3538785083419405
-8.571189673435978,-4.487808911494979,2.1360700710691436,7.912358589415247,2.330705865337298,-0.413120858913911,-0.41288194739704787,-1.172411960184109,1.3798136625807071,-1.2261308748042952,0.005732414740715841,-1.9688225405272954,0.33517952486162883,0.12573534205748,1.3824016954900054,-1.1227577187066031,1.1928932346623338,0.37414039765963447,0.38421680571173233,2.3200783597315455
-5.2111631646911345,-2.0451151078472734,1.6600330315943252,3.2673320416287885,4.131345634987014,3.2375856598887043,-0.23932674021624942,-2.5478630399387603,1.067561927397734,0.9097978966790258,0.8943300464316092,-0.3404070049578461,1.436419821432461,-1.2749793718070288,1.136125883617045,-0.2054929261761671,-0.36258953586289033,0.059491727239065595,1.1033151778382528,0.610371765073215
1.5060118095605084,-6.113822183638346,-2.3927699717000306,-3.451891999518954,1.2686407996001159,-0.20956900637626963,-0.4021071661244376,1.152231678411837,2.580291433143506,-1.1165787273595598,1.4360925799907696,-1.3779436026953373,2.6726457491013336,1.1769774983811006,-1.3864290537101054,1.5225406489006392,-1.2311523881653714,-0.7810586228982461,-0.1439635934841445,-2.2186072045833263
-7.553591691457756,-1.9858962338043091,2.4246282615070616,-3.90469362479911,-0.05538800992257378,-0.25503047572200965,2.6753207614354815,4.032022820928897,0.23056212981100122,0.5047253610958703,0.1929819275289214,-2.764306584246227,-1.3808454590328818,1.940677626183171,-2.2104923874403273,-2.3646790010900407,0.6213247463536602,-0.20027333488093269,0.7971643396868628,0.6678378420687238
2.027486565069142,-6.125777591906426,-2.5211886473175324,2.4163459705251187,1.0691649105679824,1.707563430924515,0.9183344717252638,1.3636662491725762,1.9604181971904693,1.0354027590621495,-1.2742483483933504,-3.892461866798871,-2.7452315116942634,1.2346434116319918,-0.37071544617081775,0.3618613663686616,-0.2798796326824565,0.17302115124891548,0.32167148171773674,-0.4560987688899554
-8.295640591421915,-0.18974903977639168,2.032960946104751,-8.15707320216499,3.809681747109806,1.7120771328290494,0.3015801834551226,4.431424692882981,1.4085884800430617,-2.4532502558911378,0.3459230341699919,1.592249019329713,1.27479454272564,-3.084671786642976,2.324079372295635,3.265367287954802,0.9154966247745704,2.004723509173489,1.9255345411181932,-0.0730313064016895
-6.782644351807188,-0.4077933833278987,3.6880530798834097,-4.917567863399,0.6041517821456837,-0.6420946926296289,1.175448641267609,4.389019852019923,0.8644054906500138,-0.8672885328729684,-1.0974354066981244,-2.52108603316222,-3.1955583374681344,3.5784037071522645,-3.500043993060257,-0.3248925935863807,0.2664205791847887,-0.17017833503393476,0.5761946200486636,-0.4943243526522143
-8.273019483819239,-0.3595150185309304,3.031196275166209,-6.871027853178727,2.678840575009677,0.9372166639460936,0.9692606243993726,4.047682113682102,2.520836098037607,-0.49365245311200634,-1.4528866721866243,0.10452721095613793,2.6810324794047657,-2.696659447814068,1.8259251669837175,4.30706754105577,1.6396947613305906,2.5820900065028485,2.7733996008826445,0.37566614132800064
-5.144570450218049,-3.9834012731003545,1.752706160174058,4.0419728169674585,6.074248511484623,0.968811073728208,-1.8347299182606256,-4.419864194230055,2.6682627570118043,1.0608684029556659,-0.390550818907457,-2.2953703793507727,1.7067565031135714,0.17273209189163552,2.170438900477161,2.5416462215270155,-2.41140326970449,-1.1763567855127293,-0.6822783269195459,0.3647703080937077
2.2588826932898294,-5.8602173843036445,-0.35088345137816457,1.8689918578091067,1.3934750562885954,-1.0396980745501487,1.4963205930378463,1.974164082015088,3.5711047351983156,0.41394583444230565,-1.1463128684343031,-2.8021201258545565,2.331704156417753,0.25014892538323463,-0.26406709173401843,-0.6480190086913925,0.5104240546821482,1.408296125612733,1.0675676215369454,0.5039908187961287
-8.580824797240545,-1.7553365600643778,0.8413191985946669,9.204579269344597,1.9523902248659446,-0.8800401720257272,1.2315674767211078,2.9264840480013445,1.7651307899916981,-1.7555187809636887,0.719959542931922,-0.7341020392288096,-0.9698655082169749,-1.1379881529218459,2.255141762122211,-4.389546297454067,2.1851326112945686,1.3164317473662368,-0.5277420524457805,2.3881943298671757
-7.256322278783943,-1.6985519586766045,2.342541759872657,-3.754280858156375,0.1881343349598527,0.33316093441062117,1.626789652690595,2.688810546506563,1.0222955845692525,0.3016886995896787,-2.1964103275454336,-0.20362633411813436,-3.439754002022063,-3.3411161272524197,0.8207085486558566,2.1069201050239643,-0.37458898938808827,-0.6668720300383273,1.2697861999014144,-0.011991357600578345
2.086244190146612,-3.748391613145296,1.569531280239322,-2.3090150502466065,0.38309116523518294,0.16972196812111962,-1.3893571731891798,-4.968086014859721,2.399536927327828,-1.4270362368734402,-1.6216119826053625,-2.954352253414477,2.2281885400133508,-0.8741045284188518,3.3789430152961097,0.6627759869009627,0.503775564926956,1.6623384080817212,1.7601400247873757,1.1324567444348732
1.2206560079525206,-4.177258996408153,2.2064350432501953,-1.6659550442365307,-0.11682091894182745,-0.5132929849608834,-0.7833284612029082,-3.4616417179799006,2.0378740195232634,2.692504114229026,1.4596665665909294,-0.5263965081069556,1.870927112562462,-0.7328237910198931,-0.8119650438663509,-2.204565423842825,0.1772478820162099,0.05685617633499085,0.45411290495291157,2.8115415746324075
0.9149482281253759,-3.832853280169926,1.8914630225334277,-2.2021602738566246,0.13852885528833392,-0.5260952950985802,-1.0868247804667366,-3.38664495617095,1.5936147991934533,-2.0197450871415423,0.5336247187436189,0.651689276554873,-0.05693494217315603,-1.1239578913205506,2.8779117844226034,-0.6585192625324845,0.14468369734313352,0.9828570410251067,1.7974372590933947,1.001929348287591
2.2609094031303076,-4.039190109641759,1.9377907886126295,-2.1227393669414245,0.381417600200283,-0.3821524091752897,-2.078727085569979,-5.749609767480829,2.8398705657542673,3.141979980395461,0.1242494374078571,-3.773228270676783,-0.4992746898215748,0.9790789603674269,0.07418970129029054,-1.813322349094063,1.1451526524228952,1.0964208973769964,0.8483680860507952,2.3987185207287456
4.437982899162245,-2.2723756091618514,1.3210051756202623,0.7423721814256823,2.8622242509192017,-0.5178362127891138,-0.7589864221842847,-1.5720527791494239,0.04227264838792788,2.141255341789045,-2.8719053005618393,0.9161815849609061,1.1386369700473018,0.6578314767762187,-0.47330837117086,3.403319580766574,-0.0715342547684581,0.8514939302260864,-1.7234457959828513,2.608461794957247
8.454978231915517,-1.6691216352659635,0.13645040175313228,4.176873291303174,1.3004007130994055,-1.4742770213439933,0.16766296934991998,-2.6073113533977286,-1.0578568759311953,-3.647681346249535,-0.6753962838788197,-1.0958052991408638,-0.7572723196900518,0.13923834093294252,3.4905059223754495,-0.4410657842117785,1.582047301805001,0.4218335689397098,0.5660405151349661,-1.2584056870829645
0.9596734786920402,-0.8502659135435631,-0.9127431251920702,-2.0220251406272594,3.0756162956322823,-1.2837148268618104,-0.44732793334042564,-1.8853591058988064,-1.7006477485560172,-1.1016071552400541,1.417677346887051,0.4574839115156741,2.038566895206237,-1.533221317593694,1.1178631968822794,-0.11545969722904605,0.5822656785873338,-0.13467668309052508,0.46665381664276706,0.2636929369226671
6.158996812218771,-1.958401013712575,-2.1202576590347615,-4.034515356305178,2.139314909077802,0.6566794768207534,-0.875782933457981,-2.048035792465064,-0.7803898647959078,-1.614668400726811,0.9110603837978705,-0.009649497719143696,1.0541755107299993,-1.7416432549063336,0.8248333538191869,-0.20901955102667846,1.4290582015585984,0.6679697485072141,0.9536953687713109,0.7856244121236311
7.498981428551335,-0.975842669351974,-0.4997391352804032,-4.231314420683439,2.219886836740627,-0.23839207525569073,-0.8273780003078713,-0.7271695427208894,-0.4468121701367349,-1.1022706708093575,1.0869628309223023,0.5302464050403518,1.218212378450441,-2.2421947919449643,0.3778695651802314,1.1507946253411216,0.9765438150987017,-0.10164463250129131,0.48524881586450375,0.7077223096741131
0.757874908131764,-0.4655417328554161,-1.323514101187168,-2.021708136168875,2.8468484665813,0.8557314745500288,-0.6497369314674339,-2.044392499939611,-2.374911958742841,0.5062683336036797,2.4481747147585313,-0.4701464506704779,-0.15807692947189939,0.21003203043011154,-0.9572019714127064,-1.0918349046472051,1.115369013790695,-0.4795485302686051,-0.053822261131851734,0.32061997450005153
0.013501918450502248,-3.3238229386417903,2.544063940276744,-5.698897162723899,2.9776068533109115,-1.2371795690747285,-1.9277336842080162,-1.535398790166429,1.2179721825450982,-0.6557798476910635,1.461676322000241,1.4388653828181415,-0.34736303434596466,-2.2828345076278573,2.2860907066326006,-0.7226528677458339,-0.055500840765909665,0.5253109545494195,-1.059866060128761,0.777526467215786
8.389443707840304,-0.7835899120518945,-0.8223620688376965,-4.220296706344589,2.5099556931957845,-0.01994600560015719,-1.071034501491216,-1.076679373268279,-0.4784892628500066,-1.0945591526670975,1.0642569978152912,0.3600912776996984,1.3873876642551224,-2.140633412699147,0.42113522832308015,1.0202640324325079,1.1058355766955197,-0.055013921275946426,0.40875486110185155,0.7081397568052868
10.454389421069468,-0.008231996830235622,-1.4571215540214497,-4.211482626282741,3.3797871481766455,0.4796578554423347,-1.6070579357455002,-1.7480874300417033,-0.8007578809072176,-1.0250958085489374,0.9400427981839112,-0.41247405372328105,2.373390717878922,-1.452319327665219,0.6441460675361246,0.4785607448601865,1.1970798273319079,-0.2313994243195896,-0.5627080133310415,0.03320467796690524
7.600338469587113,-0.13815040297188597,-0.6979451104101544,-5.822033991272846,2.982061858423502,0.7712435831517331,-2.3786747777975275,-2.6150257536972914,0.9888399616222747,-0.9379154334887957,1.3389061125713044,1.5623409344033343,1.3401973801211162,-2.434983242700519,1.0083425027442798,0.39882721505348656,0.44844650687067056,-0.41465494586390395,0.2750729500496265,0.2847147177131438
7.210904386660322,-0.5849359222603343,-1.601468866429862,5.205687597975756,1.5880638732693462,-1.6014164129190527,-1.3044006470440992,-2.523176241731079,-0.9350752665529033,-1.9872352937242224,-1.3535260685791546,-0.21268273885217392,0.4694628444463852,-2.0421664999900324,0.7332771285633236,-2.264100470464218,0.28733732525583244,0.5069841617511549,0.2394348751086941,0.18646105985769013
7.867904632297901,0.06186919949313047,-1.0012109246786378,4.835056655219661,1.1802025646796739,-1.6999157361014174,-1.531590399978164,-1.4499599262720209,-1.8819068034279287,-1.9593587250746598,-0.5443146975970967,0.9386017775506782,0.6289673627088659,-1.152616645386927,0.011509923128883742,-3.7152058475342042,-0.33347303463946376,0.8557909141643169,0.056346527690675385,1.0289807860456792
7.422137761623178,0.4681491530763898,-1.2301988940697137,-5.909431738940693,2.4277384873711307,-0.553316270468641,-1.8277388462891047,-1.6283393623256615,-0.7691042793126466,0.5455140089797424,2.2243589099749865,-0.3223210079464849,-1.0598399396415,0.8544753962982834,-2.022402329241683,-0.5450338262629999,1.7111540766984583,-0.037859642282815464,0.7865001361100645,0.27124239151892343
2.6295572402888223,0.18239213237844767,-1.495849226183604,-1.5191494756827146,3.1081651495199853,1.6320250847962499,-0.376190494169057,-1.2216159081953446,-2.574819789317409,-0.21834013141337563,2.201519269160034,-0.6410340428433229,0.3519428696040785,0.25516664999738314,-0.9564508619562397,-0.6663444701335173,1.2182428818418198,-0.0471633105087782,0.7457263407659398,0.7822764501372962
6.32634488242582,-1.5528946850382437,-2.5413533320754524,-3.2615787746879596,1.5745903671865382,-1.3028805436413524,-1.4902812466352642,-2.976795343593209,-0.8296931042269591,0.9445819559070294,1.0223379783245403,-0.7802567759530336,-0.15739169359654664,-0.009565262643869893,-1.1018145127370926,0.20892977227291754,2.7046484828158213,1.673015998549497,1.9874174293114097,0.4334459718985421
-7.900262968315978,-0.8835263038330035,0.2954907995113071,-6.077928754484992,2.218206228061915,-0.8258924640086251,0.39287596967814087,2.4061841108852526,0.9082501966911694,-0.004541945481231657,-1.4734577178581412,0.1631500648179296,-2.965067007490393,-2.887941506887732,1.7152174399479931,1.4324932599534135,-0.12730448273699202,-0.13134884285320614,0.4274099850836093,-0.2381404125970662
2.981883376813924,0.46798168384378325,-1.645052397019219,1.8710690830373098,2.488463155676695,2.072483040704925,1.2287523325429557,-0.7905351809738097,-2.6822754028538225,0.41220198438545896,-1.8579897609775493,-0.7658509905676544,-0.6305986417168155,-1.3459303426180091,0.10852669590453062,-2.061401719658422,0.24216706337641714,-0.1579631358066238,-0.5605190812230947,0.9525160902035997
0.7341157243980503,0.6696856593375704,-0.8082144484948515,-4.104446548129841,4.407151083039975,0.7414570568343721,-1.4024040886224667,-2.6051374656916804,-1.563075507296603,-0.35752723866934216,1.5403447460688962,0.9921769585262141,-2.397888047556374,-1.638430698208971,1.480163387686525,0.4388467771628003,1.079616571908754,-0.38844662242658323,0.7600313200225604,0.904846438582137
6.478777564554241,-1.2896161093942007,1.8563343198854916,-5.078434470043914,0.745239110951852,-0.29830819668415226,-2.0836548925378846,1.0504268229936509,-2.0160769334460014,-3.156019449359616,0.9985354676356073,0.5426479215272475,2.6945711970837647,-1.7081304365657803,1.8241138990561148,-0.6754295716610861,1.016250964554939,0.5287225282650992,0.8567653189743707,0.028264873246202304
9.140836955813135,-0.10420982600561118,-1.5375941846835266,-4.533930848329433,2.977113251395928,0.19476487082877159,-1.5739537308670162,-1.5896315108329233,-0.5855609804294372,-1.050432397392873,0.8796063962337035,0.6264239798864326,-1.885359223362501,-1.4749015003691661,0.5430417831377944,-0.45715101145706916,1.3277497159235396,0.9409255603288137,0.0507796354418375,-0.3431638700488584
7.971565921697082,0.1684881963243831,-1.3498795621952961,-4.387792448407184,2.7994888035214855,-0.059706212821223514,-1.1578086902038214,-0.8087070293571562,-0.3622473887026123,-0.9217698353143249,1.3152943354100373,-0.5940546659741532,-0.5920890874601861,-0.05550059496517315,-2.3060927210915274,0.7604998146571136,1.7314121848126807,0.09531255523688054,1.107730876341956,0.6133105675998384
8.030699780034455,-3.3910899753750874,1.256980688772083,-3.7243104056416327,3.3378346017602585,1.48294058286538,-1.6684981536901846,-2.815760897938711,-0.006430275385731208,-2.201818618420986,1.212227891735684,1.5281032375141106,0.18425377817478622,-2.0696526315693218,0.5398462457486101,1.0322990928082059,0.8966203612054289,1.2185133800648222,1.0415637769344772,-0.23177137714625506
9.036570326118285,-3.6088324770862963,3.867791589550921,0.554849174627353,-1.0552257324796257,1.4887612985619176,-0.572357764468227,1.8981125553311446,-2.616544936797059,0.9212143062923352,2.001880343584122,0.7106600765236152,0.9414574737001462,0.9104326555591702,-0.6674690019874046,-2.7556292599998518,0.847937200794501,2.2377343837568855,1.7475760268237601,-0.1335731994796267
9.744151325305472,-3.3846355833366752,0.5267879126727537,-0.8929228634155785,-0.21045097004025926,2.4064396587723045,3.768607153884129,1.991770367864706,-2.569082468489224,-1.3234298758070986,-1.1690492024056565,0.32886159607401044,-1.4028725398068365,-0.1337826427580677,-0.5884012235402605,-1.1800705305576802,0.7841883995585311,0.8773920672256506,-1.6682589071437621,0.8525081279295151
9.126670413126256,-3.704882766582995,3.6115168853506887,0.6766385269456863,-1.0032247820955869,1.6428956567571293,-1.0325250243504236,0.550016791889675,-2.2933104715327044,-1.1872861883551074,0.8050119074871398,1.5687795472751613,-2.4323396385766047,0.02813035017068924,-0.19203570536219394,-0.08952148335697385,-0.12149029577384052,-1.6985359302893808,2.2734739347755886,-0.3560814888051776
9.093299078381822,-3.872783330825679,1.1436032824548419,0.7848590277484093,0.2792761382956159,2.2399494565051485,2.234425557967816,0.9784146541149991,-2.358487137091676,-0.8924946930748787,0.4138671659136791,0.34943742758545215,-1.558655029486144,-0.19054604173716333,-0.8069161032611254,-1.4583113590567982,-0.2710514009489535,0.6101763382953347,1.9934470767975072,-1.2178781644228265
10.480514433939524,-0.060984763400067976,-2.0045234727691996,-1.3969735074183225,-3.4880884393993394,-2.9361301711526124,0.4755423817403305,1.6954796428673906,2.6733074049124133,1.020506683202215,-0.8275124586367136,2.058625287201323,2.499767773688153,-0.8350240893846973,-0.7952347147422483,2.675505995231104,2.133595746453786,-2.2073178337347588,-3.1545876805570083,-2.5509028346745044
8.265197254475657,-2.7658469013053946,0.6727857440933861,1.4519084100754456,-3.544489233057595,1.4142389914738498,0.3754576006926496,0.08708709149028968,0.18378031831376854,-1.0274213500744178,0.17737081912952002,0.6465511894164611,-1.1260016624133438,0.4824728610223485,0.8309768314883246,0.686601990884415,0.9898021011164733,1.3248701786028088,-3.066241844391622,-2.141153254101216
9.654787107359045,-2.8529707901400476,3.5857412366795156,0.6634302409912329,-0.13025092035668706,1.1844805188738712,0.2678491341101903,1.5492380580415803,-2.2159236200108867,-1.1209360326959652,-2.0258125816047188,1.3285837348812644,-2.7088548871586084,-0.16078129882166015,1.9446269706452375,0.13973495199753572,0.5014280897628265,2.269602300481081,-2.2771446644665474,-0.10585217296023525
8.852167923452596,-4.199502868181034,-0.21179249701108224,-1.2062037698460035,2.597783778839271,-0.22532768208250722,0.7257788803320301,-2.0285517980067844,-0.9619444844456082,-0.37255535334399265,0.6797557267994718,0.3026141277762365,-1.1426214619635873,-0.44785918697261695,-0.06718540060515613,0.7005994682103677,0.5366538005479737,-0.9541849625609689,1.4909488962745243,0.17655965158066558
9.221888828182465,-4.597505172389194,0.7790165047712433,-0.25947466146175124,1.8241028782520314,-0.03419409122364631,0.8400487172663762,-2.2624452100801733,-0.41062496963501083,0.1836478179974702,-0.015335887546254257,-0.14058036858644057,-1.3367677179183934,-0.6654479692366568,-0.6553876070659649,0.9462007783232018,0.0776131136230725,-0.8864181470806316,1.3871399858313387,0.025015095713817354
8.997684756374017,-4.552410188649851,0.2468186259046548,-1.3715778295223917,2.310501129800996,-0.21498948734765952,0.5249556993466273,-1.4142798420722098,-1.1546808681091105,-0.9503596183769955,0.9394327091821605,0.5754837367847302,1.1750520434810494,-0.48095776350630304,0.26704041389779387,0.2235466267190512,0.24181054912491523,0.5467520604575696,1.2153100880319287,-0.20881050731050713
10.36499421624978,-4.905059343220073,1.0266701242783955,-0.2887198907519013,1.6886836942711843,-0.24907884411492423,0.3424260901234101,-2.0655527139356327,-0.59089576825283,-0.17482460013369616,-0.10818311577601403,-0.1874590616490828,1.7170033275432957,-0.44046231094334615,-0.3076121084657904,0.5544990755832693,0.05945629359089616,0.2549802117661074,0.6652777800113987,-0.37341673285651344
9.34718290416453,-4.619364914127203,0.8153909198995144,-0.6293098119531504,1.740215469605374,0.010399655161274973,0.5099889299382686,-1.817385990592192,-0.9883485655988897,-0.1587257172963158,0.6765228082628179,-0.9006416866890058,0.7687540152825596,-0.21662801113399113,-1.5385055183974803,-0.12622808581355474,0.45699355305139827,0.7227491383282401,1.2619978075828437,0.5604510429802811
12.169813268414462,-3.976424576692964,-0.6341713837719044,-0.8600351497900469,-3.357111029786058,-3.332109795622509,0.1694923039774039,0.5044934622118894,2.2306013884511517,-0.9258985019658741,-0.5484605153273936,1.1076593595781916,2.150277823047695,-0.112772815870786,1.1048469946044206,0.4167236440892139,1.5877891425894526,-2.2583076810943843,-3.5693673117942133,-1.6376236212415183
11.71783979157906,-1.9400342341013053,-0.5565578737327823,-1.5763810986215119,-4.193210194037985,-3.4468002115856216,-0.34642769759334124,0.3651087935234989,2.4220099611326646,0.8503172700622371,-0.5071908131612748,1.8996179692734723,-2.6398154475385054,-0.3785099367360911,-1.4873700926910285,2.5358032947965,0.8985676098195965,1.7760984107989828,-2.2777429157561824,-0.34077033046639316
9.348994489524712,-0.4525196542162431,-0.4028795965008293,-1.5466780138764173,-5.515457806641052,-2.4174343748673945,0.83704376635483,1.460724197686622,2.755143180320806,-0.5624095862933695,-1.5816140117612014,1.8111189419650164,1.9607478862108394,-0.5976920554650352,0.5710395541120881,-1.0070683298058938,0.2543900256673729,2.845348484757233,-1.8399939728776116,0.6968189519803645
12.611033118628189,-1.8600332677776965,-1.090101588746864,-1.848798716842772,-3.477561774591679,-2.4087354241651724,0.1630421363398722,1.7008148522672815,2.1980892313797504,0.04465995524643071,-0.11548682013326983,2.1442443383607706,3.132583630208161,-1.2466479454141108,-0.5057819377215119,2.0428769738097037,2.18611840877126,-2.3183224615541134,-3.2297784845966326,-1.248636300824796
13.311326159276165,-0.42071924864285726,0.8054801327767755,-0.3425276620683666,-5.162637928399731,-3.5255126369106495,-1.1323907171938505,2.2913795352882222,0.6735265445004311,-2.752459420174837,0.3069779238932313,4.193124838150177,1.962532623573825,1.1781673321323405,-1.9609280970484053,-2.2333187987577943,-0.6091716879766382,0.44471845391398546,3.864495333068176,-0.24188494800314686
12.087490002767264,-1.5654685701855242,-0.1428958105006939,-1.091323642899542,-4.921560000247221,-3.4723552529058237,-0.535996782488467,0.8232246495603595,1.6493974194221304,0.9541255593350898,-0.43304561302652234,2.764828075667545,-2.0134728505822697,1.6767563716347111,-1.2477017857248498,3.4211536589891094,0.3990752543993307,0.8783412789732639,-2.549814580571296,0.23790593091440235
9.18677126525058,-4.07302428242993,3.2211320073800747,-1.1138333005049612,1.1180884272910425,-0.6681603147959929,-3.2673492439247704,-2.4661684819948984,-0.3809013294200446,0.14202929891749272,0.02605178937300201,1.0878095320432182,-2.44258562396643,-0.3020797425738869,0.12263832760952309,-0.8247598856144701,0.2586693594364925,-1.4002370146781808,1.7592306858242432,-0.4091470626442641
12.250704457311501,-1.675473740860667,1.537460208035732,-1.9504818947655167,-4.33554998980571,-3.1453220260831856,-0.6804074684966782,-0.13589313331131914,3.8977782634511025,-0.5357211998925795,-1.5315673153122715,1.0305057454904367,-3.1704272509160134,-0.9302376730143695,-3.2560046117143453,3.324989189841892,0.9215097632144302,1.9217298297137018,-2.13733136961904,-0.06585714982907113
11.790048977916793,-1.21785522097833,0.17049075533374008,-3.3337388653045603,-2.874249410700654,-4.233259742955592,-1.5407421473754999,-0.21206579770323325,3.616623585154991,0.30061441609286993,-0.557684143539471,1.5327770354294201,-2.988127394440473,0.18246338990655897,-1.7613231027687257,2.1883087791012734,0.9101733999355452,1.9047465197699984,-2.1997178622957394,0.15880171624291523
12.229806083194182,-1.5287287293938707,-0.6565098267505677,-1.4509444838293248,-4.403762305736034,2.6103420822479135,0.44572726725895107,1.6407467054054894,1.2613708357491378,-0.7465843736921607,0.3444759867368655,1.853384632398797,-3.5348680311101397,-1.3022670353405303,-1.1744860768197378,2.2696754965583525,1.5164177548551332,1.3738668940443974,-2.896683119009518,-1.6746943197177344
12.64258185194652,-1.8411984008507147,-1.1197649824601807,-1.8457597837416595,-3.4714588098091648,-2.3772698731711763,0.18568740016441787,1.7678751901133987,2.145507051333375,-0.0030302659101306417,-0.0626544650187959,2.205159268621592,3.1605598894570637,-1.1902152395613526,-0.3976736374882878,1.8750625301654655,1.9592600376219675,-2.094307881056235,-3.419749215800275,-1.2971664376654706
8.594878243920427,-3.6394974052202422,0.04014790017520753,-0.21193512739773712,0.17865261976045582,0.7559655999208644,2.2485342756101314,-0.03456478559766038,-1.445107420550702,-0.9469714314749041,-0.9184099424225839,0.13871852016380903,-1.3870171754614882,-0.14727197392436642,-0.014776840046879715,-1.0562207476159977,0.8426334279799781,0.5741880692133123,-1.2077253024016785,0.8520560820802601
8.555949128688543,-3.2981175109192975,3.26794548984456,0.9811500084177159,-0.2227056738250467,0.08073481452924891,-0.8152346708861902,-0.043882198299355246,-1.364715082875551,-1.020491206439645,-1.6700540679582483,0.9739929908118995,-2.9737546278819926,0.07129266976669313,2.65209744397375,0.4460972944872339,0.8078872222034603,1.8406727214869993,-1.7187755722201854,-0.5762113063992322
9.153519491365348,-4.055692332574008,1.269764267607629,1.087014398442539,-0.07044665992999838,2.608924303511528,2.580159589385731,1.3015567877821583,-2.62396831921301,-1.1892107875144449,0.312680346018974,0.06631934605409918,-1.807255291281602,0.011097070056452413,-0.6184145062370843,-1.1973186238032574,-0.7389994491007383,0.15619724298707666,1.6995317385488844,-0.934696664570287
11.864137924438467,-1.6259287433231446,-0.23240029010334468,-1.2950023578465029,-5.573485852655041,3.175379475690474,-0.4764592589918838,0.8039344357399477,1.104214012319142,-1.7782187379120857,0.05663656302750186,2.596384116922615,-3.1379488222553045,0.7867113055819206,-0.06973060381955073,2.838892540014846,1.9524892690447846,1.399067904416503,-3.3286262549567347,-0.656596549010286
10.21764413563244,-0.0529802887014339,-1.1486718337491386,-1.9336565044984206,-4.301263900962306,-4.176556403728572,-0.8323679225628864,-0.3393859706752982,3.210860232508409,0.5436615746702745,-0.33750403365546777,2.381428117575065,-3.222119238408343,-1.1455224950996734,-2.488963096033311,2.7519003505190045,1.2490222166420912,2.097721348152369,-2.0360203520750924,-0.37795350893471613
11.90056927758215,0.44465810818198315,-0.7217512691889182,-2.6936817147025693,-7.147207926380338,-0.18879946269403913,-0.06706070844228584,1.5252820653532129,3.2554335292302734,0.5997242309968198,-3.093340692235949,1.8885883023887442,4.165826827509328,-2.083947858685762,0.5726112584834095,1.4467290742987373,2.9357857822132627,-2.629341321372384,-2.3824028230500334,-0.7000714712281357
12.244518546205509,-4.1625332868497775,-0.18537533654487326,-0.4657812634053633,-4.200389236841624,-3.761713130107683,-0.561853160445107,0.6460762075699968,1.9481829910570043,-0.8355754049312286,-1.0899949899031303,1.9461305946563425,1.8938953032684145,2.4486008844139073,2.42193301237583,1.5398439482522228,1.5047434347129203,-1.4014423101531017,-3.913302421454082,-0.018394388763078112
12.869228691308027,2.3654593463425653,1.5488214704256265,-0.24719983818536573,-9.899241029264893,1.1114945830968632,0.4253346488021301,2.9449719123657188,3.2027253564463,0.588065658408445,3.4728303977918427,2.8490369170344803,4.1086850580392476,-1.7606127055146787,-1.0325827670296945,1.2948896617301506,1.7354129608773934,1.9539762544900738,2.6038920614889323,-0.13846839555656087
11.340732957684779,-0.9864558282050158,-0.09086076627559869,-1.0349765289855375,-7.135324793011224,-0.8926382148758584,0.4321731516020202,1.2212007658449906,3.4255975779136993,-1.7203859621194673,-3.1181403447654077,0.794360163525812,-3.026534810545523,-0.5369124356160215,-0.8895711052118723,0.618003105494406,0.212408438003044,2.33175698963705,-2.093689032678689,1.0263156809107188
8.308962030046674,-2.577163960481492,0.971992639602034,2.0815863901384595,-3.9060033442766495,0.2871819593250652,1.403053462863052,1.752791792941745,-0.23476522662731347,-0.8092808201930712,0.29077633789190266,0.8053258425574593,-0.9785231056873227,0.7816374825017243,0.6090086420058345,0.7712759704901667,0.21034702193989674,0.9774786177446603,-2.821275539272879,-2.098338273146577
10.400266211448914,-2.731396660028386,0.2132718163174656,3.088290189469456,-5.2998362333347835,0.7277798956419232,1.423387904464337,2.0104853833851535,-1.003585121849665,-3.5767688143541676,-0.16997667185226822,0.2657929459895516,-0.3065524819396721,1.4514477031310984,2.045350393113164,0.0986540253222924,0.13261070265377062,2.0842326445444175,-2.358584140812954,-2.08229149567161
10.127495923654024,-3.7569595778581664,1.1730129028707676,1.2997828438648205,0.07110385646815448,2.717136223821403,2.848370755904425,2.014575321828065,-2.9203770477407107,0.5409497513792523,1.4890508036953376,-0.027539711270497612,0.6263400244251275,-0.33417384148418583,-1.9764199214875737,0.4596292376595019,-0.07509688050669855,1.2689815833503573,2.4106204373233795,1.638995018429501
9.855125220558289,-3.057240603735989,4.0940259186546095,1.1920570228147145,-0.8855526957323333,2.2487592707728563,-0.535045612197911,2.569755166074074,-2.5056126870199384,-1.2278215472458442,0.6173221707449457,1.5517700828904704,-2.5043866176514777,0.010136402835228597,-0.24103154254731135,0.11561904920206456,-0.45732456586568393,0.8480355705210787,1.5692891346381908,-0.009274634317381153
9.925681213339988,-3.152987528888263,3.8636856731489524,0.8198940050351271,-0.8147984039821692,2.0096576026931348,-0.3237122468854019,2.6471967017420877,-2.748556747577562,0.4255773922272944,2.0458924105040768,0.9232200323928211,0.9869199410296825,0.6597177698210164,-0.9978416580237648,-2.1369332979375577,1.0347321427708913,2.598289241681461,2.381847635731659,0.27638317517877214
9.03350577698627,-3.860325825551275,1.11246524328226,0.6077689583814758,0.34287575816100274,2.0563700410862733,2.0510245113205903,0.5648027775713094,-2.0415857443943652,-0.5259319644637046,0.25861748411652646,0.11475880696235599,-1.8442165165681632,0.06236418716468056,-0.5559451992329739,-1.3028238963645187,-0.15056637875904239,0.7408991308649105,2.121744340606285,-1.3193324676001488
10.163948257408245,-4.2651925652284035,3.5932164711216137,-0.3658569769735945,0.3744835252174928,0.11340317724861793,-2.778946044104629,-2.6842351326856897,-0.12545597496592364,1.0052338934868246,-0.24942644436871597,1.3478921461601177,-2.3160177648835547,-0.3754759709265346,0.3334978591507325,-0.7330519677432286,1.1814705147189175,-1.5984102396226145,2.072349456586886,-0.186103521769713
9.978078107089727,-3.0896666678689146,3.7486782776070524,0.681688533929315,-0.5766420079060265,1.6841326652722228,-0.6145190529999507,2.3953250416802288,-2.474936703196096,0.2552744269463346,2.067527186413779,1.050126385173436,0.8814969818572231,0.6813380846144577,-1.0619124991626774,-2.071266012533488,1.0162864543994108,2.491082913075428,2.2786659561554687,0.3754083408657852
5.453928486309926,-1.4895810462251786,-5.541766423330342,0.15326362469507956,0.8723737205113625,-1.2591235412004815,1.9628134870085256,-2.758816038797489,-1.8237329427454683,-1.6683213262465957,2.4918253157782484,2.4645740515917645,1.115659225163569,-0.24039828208992398,-0.6107260214056148,-1.0263440848048617,-1.1941370560808764,0.7789761546108281,1.239040300173192,-0.5768287554863034
7.409513466011498,-2.531020201814203,-4.95411107734168,3.4264547065680238,-1.4462700439273743,1.3322332862759134,2.6603008417867766,-2.1170688394762363,-2.86098543590363,1.4730513711788407,0.5531897019795677,0.9441616822119838,0.9458527946511234,-0.04152990737174833,-0.3364146237410919,-0.2950761811200415,-2.512999099303734,-1.2820117307092405,0.4537435815838733,0.44896297785257466
6.591012678863714,-5.394492913012188,-0.21362185233770525,0.7286066888212315,-0.5188284038534448,-0.5217522827676597,1.740722405306016,-1.6020022908398013,-1.6394787569684366,-1.587609452145896,0.29173456028419625,0.05352485625691428,1.0085527019608567,-0.2678775351684539,0.07611537427905102,-0.04681759882741243,0.540199156449947,1.2598915041182885,1.732157014286459,0.26840077269419227
8.194866839279143,-5.678169351199838,-0.26104998032227383,4.096505192746288,-2.1336736456462213,1.214947639346765,1.3259084266363101,-2.3521682771776575,-1.9884826472180142,-2.591152062719915,0.6273095952435594,0.4442634863334356,-0.016976072607957304,1.232360793511344,0.12543285997174158,-0.6160105272512026,-1.035971678123243,0.5400944810233487,1.2779449212912382,-0.8480709586334609
9.912681386040104,-4.1083862866956675,2.2145957172191,3.3290027075017674,-2.6162442308167306,3.2631895962867428,1.4939856740027038,-0.45639313251449287,-1.7353333700574842,-1.7441612014734194,-0.1465272491686177,0.8082856622778385,-0.7838064496103581,0.10289744282527707,-1.0530684365660115,-2.226988154990688,-2.600345288972522,-0.7727174203372567,1.2622601112007854,-0.8693588593688936
10.531282488723763,-3.4207648738623178,2.027781543075183,-3.488836572601447,-2.6591752754451683,3.6013506341267423,3.0175676044909716,0.5482792002626291,-1.9002535644755882,-1.3386169002501906,-0.18129209536391855,1.3111668801183838,-1.261014849236803,0.49080327585164635,-1.35376086916636,-1.272152298789178,2.6104833688235782,0.04462509769259516,-1.0009162934385838,0.7123705864914456
8.820673488959224,-4.9681267842542525,1.856625978190921,2.1615233956781568,-2.6506268762970295,1.3961887586318993,0.6478023301285541,-2.6050684822640653,-1.7383346978171268,2.2243308217467352,0.7715357908079026,-0.2554632098482112,-0.029865551388924105,1.0363158949190623,-1.8810844529176995,-0.4395874674488833,-1.6646381632752303,-0.2689422493131538,-0.0840981553243238,0.4984397262056657
8.941746242658118,-4.61721295658528,2.1796325666686474,3.2539536734353938,-3.1814858912850106,2.416759585113244,1.9693154271575746,-1.8297296501192297,-0.9179635081840357,-1.761391896181999,0.24118411049398203,1.1111987652673192,-0.47592207227618355,-0.10345434394596195,-0.3889473210734036,1.6392799984669328,-2.1380708703694844,-0.19624490578129852,0.5457404195919073,0.21610503598178166
10.298597268990564,-5.638589969996226,2.966411714132851,6.296912862519851,-5.56432068964919,0.741163643215611,-2.0385843846635128,-5.030992461766417,0.6149220962171746,-7.735767624714912,0.22687149079842334,-2.2351737910726914,-3.1858521803682867,-1.8463882464521464,-2.8140754041464167,-4.290002993711124,-4.054998688390758,-1.2668477894271877,2.5328281843697296,-1.4121923047990221
8.205277005533127,-5.507281960721484,2.634412006126973,2.415177471173202,-3.272909708510043,-1.7264773264396232,0.42130285536085343,-3.0144706515276294,-0.5841284201872686,-2.441009941514459,-0.28745210055668907,1.3355877968465646,0.7105796758873795,0.018731619642783914,0.0918626928464446,1.0035653574425751,-1.659692205004382,0.3328878097504114,0.773640070564912,0.4337758814479636
9.14867953222992,-4.832035959646801,2.243080949855691,3.1041230714348833,-3.2479327170840615,2.8516961601298663,1.8502566666046594,-0.8338464302542197,-2.3651461395244144,1.8269954570897071,0.847065031037463,-0.14891475825626213,0.13970217317209743,0.7682297319250361,-2.107580171179134,-0.24865472415662093,-2.292829694039966,-0.4555525838997048,0.3186464909338594,0.8982811518632923
9.478422926818057,-3.988432274542781,1.8753364630174607,-3.43745639642081,-3.1018339218656834,2.8353751888789267,2.3205317136517905,-0.6949350879611998,-1.7498917436047854,-1.8456132228900701,-0.2524953044461521,1.0907517625498984,-1.3017301757624953,0.4221882691752858,-0.8236639936212788,-1.1279953064469717,2.6904672069541076,-0.15919064382981762,-0.6040316712218169,0.5355788810303627
9.494468692781139,-3.896344214535343,1.7094480306175746,-3.2049791367971645,-2.7373870255026143,2.413101150331741,1.9299705327956667,-1.0160938748222774,-1.5249167257137946,-1.7552914078261224,-0.2622170702767428,1.2139282396449202,-1.1180398891093084,0.2359843748139342,-0.896391858050785,-1.2150345195667216,2.697772571278636,-0.1454861084732391,-0.5819334570405522,0.7867470366046007
9.494468692781139,-3.896344214535343,1.7094480306175746,-3.2049791367971645,-2.7373870255026143,2.413101150331741,1.9299705327956667,-1.0160938748222774,-1.5249167257137946,-1.7552914078261224,-0.2622170702767428,1.2139282396449202,-1.1180398891093084,0.2359843748139342,-0.896391858050785,-1.2150345195667216,2.697772571278636,-0.1454861084732391,-0.5819334570405522,0.7867470366046007
10.440178466588314,-3.770069243964737,1.7202561119700224,-3.489696564162582,-2.7947029623593878,2.6931666045213762,2.2585861447837634,-0.8374829863349629,-1.983112673707053,-1.9760997546454075,-0.22841302560774746,0.7754446873273506,-1.5886388228717294,0.5018235065889287,-0.5739584265311922,-0.693266425607739,3.110236949947103,-0.4741357764267421,-0.287272366493545,0.6375977115343736
10.020293002603434,-4.728165085156682,2.051442343868976,3.18139345168797,-3.003022488745835,2.743019289718954,1.7487307233054796,-0.9735312870276731,-2.530888063823127,1.900043879005719,0.7940553601845153,-0.3233217685721392,0.3762363504562849,0.8677091749508422,-1.9184952982603758,-0.4859580454270507,-2.4255317421262492,-0.5701747442248616,0.07147644120064017,0.8110088305070181
10.800872015656054,-4.496001717190538,2.3168193424276318,3.52020295647228,-2.9002264499968025,-3.411978041406918,1.7521655344605183,-0.5079359115696873,-1.6692365574275878,-1.478708233599045,-0.18448553077398966,1.0162228431507432,1.6575441454328588,0.8754133224726437,-0.6558944495153669,1.204278718208744,-2.5484524795947934,-0.46556024935462254,0.7162249133412146,0.3790782839878031
11.427023293616298,-3.2476101360464176,2.0631170965013017,-3.623692084329867,-2.514161509523103,3.6642877711186594,3.166068943355233,0.5521376674746248,-2.2696185324146234,-1.3488868558250022,-0.22279187976301174,0.99542439895275,-1.6454623336441467,0.7550534281448488,-0.9653336843224776,-0.5977960660276765,3.140856801030907,-0.4306690178316874,-0.5919603987773028,0.7179649298002426
9.493255080166449,-2.9243575343557113,1.509413366470381,3.1015408679865346,-0.07727925524528279,1.1219516170357815,-0.6607270374626396,-1.2521639913136706,0.19008562090149417,-0.38330292110198194,0.08523913395904781,1.2612429012926045,-0.7798812759773662,1.30503433081447,0.07291391931643965,-1.4335895755241321,-2.534104486538673,0.3872645338750842,1.8342284077031037,-0.31751219767977606
9.853927001722212,-3.3896448555487875,1.3253378296518117,3.2197582123988275,-0.8772332435608099,-1.7258550750801893,-0.08600656131666584,-0.5491206513042691,-0.3589293394023306,-0.739699823740579,0.023231135403998016,1.8926051242395827,1.1339999704812658,1.2780658120810653,-0.39534991645646866,0.7611980014785668,-2.5879367482266407,0.5086996852392491,1.228336962188401,0.30303461898432
9.899075335294608,-4.296209653708042,2.12851448800909,3.8330662799406885,-3.218584026967149,3.3487844070935253,2.562943677828014,-0.6806232087649945,-1.2569011138486426,-1.4875022260933164,0.010353359161936804,0.7780215306971897,-0.8955803960515767,0.2693045058321806,-0.8969408283010993,2.4959727379209755,-2.019655535773654,-0.5373011292017198,1.2231737869858883,0.30525002858459954
9.415412882279732,-3.28740748504091,-1.894834377013403,0.25920537570041885,1.955542972394428,-1.1123564258203742,0.8630432276173332,-3.3946016415303584,0.2793613928187991,2.347649396744596,-1.7675470199692045,-1.879541447937088,-1.8393063602859385,1.252702670035397,0.30231300980452236,-1.4038636477514506,-0.3383263441822299,-0.15550506224051194,0.38941009168455853,-1.0471983812310657
9.83057138369498,-4.539922981859309,2.021048664268657,3.368659088813143,-2.995827370197435,2.291206382509502,1.880137683896105,-2.041687993969483,-1.0529792840457906,-1.7968286679411465,0.22977296830459115,0.9229273208090532,-0.5979867216113336,-0.016406002565577157,-0.3509560367146899,1.4181382102062536,-2.139196913179987,-0.13656794877984385,0.37184956026341937,0.10925089939568022
9.86843714496266,-4.372970006452463,2.0400052381461675,2.815583488554939,-2.4727098151952664,2.451634094522123,0.8444833038360028,-1.755983405160698,-1.7715214440932234,-2.2715277659529125,0.3389491535959883,1.1423927177907431,-0.7052115044273389,0.09692079248410868,-0.48151919514003483,-1.67323926279365,-2.0823091558423386,-0.3124505111401018,1.1422027591106734,-0.6055764225906497
10.7169400580957,-3.8537154439010837,2.1824464477062144,3.2992701774127844,-2.4403859725443153,3.252790621817253,1.3542989719321483,-0.6451100481378367,-2.088719931179612,-1.637974173084286,0.20524241000258958,0.9304727631855954,-0.8299655950595288,0.26891912933964707,-0.8740469402235183,-1.9272676672551623,-2.2995312003969084,-0.4568208431095232,1.4186244945588844,-0.9779212297313985
11.439778390532949,-3.0782053286266273,1.994726975337654,-3.318913104409656,-2.1954760037661374,3.1455610264411433,2.717276629583166,0.005294822789579823,-1.9971392792215994,-1.0578622861489568,-0.43202661076940363,1.1981855673382202,-1.2688827387830766,0.3917381475581131,-1.2382979059357861,-1.0318073713194054,2.4805200332705852,-0.03864505356718538,-0.8899375915987859,1.1695269843253493
10.279524220527627,-2.196577426050002,1.5401186916365048,-2.087437219775032,0.3217653486482275,1.6646358358101256,0.6931916701664328,-0.18275820432370593,-0.8291159934271328,-0.2996670470651309,-0.842603982609536,2.730534145423581,-0.4472182724151391,0.2681221014638941,-1.7920526334356126,-0.9348041899681249,2.295446404071859,0.39607136769678924,-1.1741801634937903,0.784160245882326
9.378274350700206,-3.8359990048422445,1.6877648365663878,-2.9490567403217804,-2.584835224394564,2.000834327620221,1.6518751840970751,-1.527736511634696,-1.2476871352788714,-1.37225348088137,-0.31900624041017733,1.1854657788506107,-1.0108775446333127,0.10136281639198247,-1.0216734705813963,-1.527947227811932,2.1174152454911104,0.1591041432805695,-0.8003861648197431,1.0302952426926242
9.041710480114398,-4.950406146524495,2.4502701518230294,2.75411153547389,-3.0529082469970152,-2.485096173586442,1.0449936902396908,-1.9373851045194974,-1.0284991832369952,-1.7069539257603195,-0.10208536519864808,1.1632910351714314,1.2022795218744557,0.27822022491474385,-0.4699610691214378,1.3688940046042815,-1.8705557017665306,-0.17817779802706474,0.5983662221538713,0.5939272739677021
9.932345296248265,-4.563789226943728,1.9753627825205788,2.821447833878381,-2.691904997007829,2.1904591776290565,1.179930762693788,-1.789719628283977,-1.9170712964301746,1.2728919503632827,0.7169547439302989,-0.34548438211691307,0.6606501785489909,1.180261889242501,-1.6217241810438654,-0.46803051016491004,-2.2024317223207373,-0.5820772033093903,0.1068206265455208,0.8423313833364667
9.778544424884707,-4.534595850123853,2.0141563400192712,3.237867536722795,-2.9142315579429066,2.082902174410225,1.6910716249213715,-2.415916267078654,-0.7130763304326773,-1.4349244514349608,0.07250071800039837,0.7287477312616655,-0.8050670210803694,0.1724478545981638,-0.18201216719348434,1.2815584957210402,-2.0801298245694078,-0.13557704950981936,0.31073687478641643,0.052583616354207045
-8.481420118889078,-6.460015154626874,4.630719313107166,0.011802528858053052,-0.244965249722492,-0.7007758142018741,3.816728532988612,1.3348028914999677,-0.019577274870958616,0.10043204639516962,-0.8588349891444169,-0.5885611800845659,-0.16830182379315528,-1.5638098037590762,0.20101266630028536,-0.6690591930121276,-1.5064580857888306,-0.7357122549968094,0.28462404176295375,-0.9254590630091004
-8.12469959041686,-7.6526523682357155,2.3866091917271763,-1.11797875062146,-0.24115173305679177,-2.5011618323909985,1.7537018633178723,1.900749405240751,-1.9969981166545032,-1.5994203516639736,2.5016680740833657,-0.2565994995287544,0.7159123688033886,-0.4999085574743787,-2.2110909651637076,-1.0821978831853742,2.2381766771919094,0.1755129282993252,-0.8804263327108164,0.5115008896675357
-7.4170219157498085,-5.977919703058279,8.014069046135612,0.7610467274711388,-1.7743795181052244,2.146799025429334,-0.7797460694929303,1.5556776693484233,-0.5436973161638223,-0.10184055462343566,-1.6071453460743592,2.798981953222889,-1.0719600763975707,-0.7188782729092804,-0.41508861005297853,0.55291939257163,-1.4899955882692764,1.1008851702146436,-0.6590898210288246,-0.7797216171579819
-7.473462305464393,-4.863515548060327,4.01441575809475,-1.4364347648710714,-0.058130456335483194,0.49229692520899127,3.6267935549944395,1.5008572086367624,-0.40915987515949226,0.672393246614291,-0.1853268509896006,0.20620646733746284,-1.6917241618828642,-0.669976922063471,1.2156194045711706,-0.789585968549332,-1.6858607761081794,-0.49484574553506766,1.0172036648587182,-0.26619112679123047
-7.716057172974144,-4.557018435578785,6.764535801676496,-2.3253103744556185,-0.026036103497206864,1.084666348018329,-0.46533249466403487,1.1363972501919066,1.04941226782204,0.7998983670741509,-0.17998064817431947,2.0947378878986243,1.7644862160190664,-1.0847677638355342,0.31840364726645276,-0.5641452896243087,-0.3811040725112018,1.6721936885817235,1.7559426092619674,-0.19600739213034268
-6.867960879040471,-5.812280817489153,2.2438362801650573,0.28290677217939153,-0.7892496076071299,-0.49106873958094466,2.406987122753541,1.9467924176819948,-0.7081820159119707,0.570098173896562,2.0321502804764155,0.22251109211920045,-0.2040822325828423,-0.0759712350190258,-1.0809503716453541,-1.3916652378165937,2.9320330947056226,-0.8274575638818837,-0.0016361652474483623,0.909714064159969
-6.316832653393238,-4.542972936745593,7.420347938073858,-0.2871907191240802,-1.5281363856120307,-1.4292312281271344,-0.8675601812832624,1.299814834323883,0.44517839091485956,-2.6274204246889017,-0.36662765655009194,1.6736678367996307,-1.5922739014926754,1.786314620239597,-0.9215515483291472,-2.3592508534065932,-1.718217450835873,-0.08859452351815955,-0.32714109582078255,-2.2842151132401454
11.963638464013533,-4.901411305084628,1.1233909167312937,3.0656425670232723,-2.2126525678515474,1.5867094766373095,0.020226555538365165,-2.80223459524132,0.8651381646580272,-0.0090710461502298,-1.9969750270731121,-2.023723558490765,-1.8070005019608533,-1.7832518887570332,-7.485341488261133,5.450967251949386,2.112312241761341,0.1007073281904165,-2.7918373806154877,-4.01663739506727
12.737683889259678,-5.113841374004259,1.325626883088464,2.918205780232893,-1.706139351126914,1.328577634537587,0.4528931985264002,-3.2648971236194475,0.309909410593582,-2.118073279532787,-1.0932144279207032,0.8391945846771163,0.15345874611234578,-1.7373959233866652,-0.49429369685192615,1.5721375731762262,-2.7590213336696676,0.423896803100021,0.8185424587890837,1.0109123858132674
11.253084570853487,-3.4549665969214622,1.2723259379082346,-4.280351010834005,-3.4059762351289837,2.5395830168603637,1.2606420458800927,-0.5485386958763965,-1.0732713394067908,-3.5919782683862795,0.6756640467238438,1.0100878920237804,-1.2569047728955471,0.20307850869970578,-0.4289205030959933,-1.5144671376024705,3.6550352506137918,0.35273231049794906,-1.0102481335496698,0.8738365657056715
9.923806894578838,-3.707363200953881,1.3960293039254519,2.422689862825937,-3.8148440778165766,2.3390505248532882,0.780237059301488,-1.5639048911683462,-0.02342207767200366,-3.348728842596322,-0.5216688020162863,2.288620386190661,-0.3621055533475809,-0.6981954204892876,0.1175418077626057,-2.1526152653075306,-2.8060764132526557,-0.48610823759498745,1.8793764905563364,-0.7881421167520968
11.87276235729729,-5.225290105112083,1.3858012068700303,2.7056841803294573,-1.7925534007120993,1.3456661546579909,0.009839420124129639,-3.9513281325826615,1.5539039641950938,-0.9724404996534094,-2.5719661900411914,-0.9634387516933385,-1.1455785171160753,-1.3514479040744956,-0.6297979177922953,1.9573360109218432,-2.5120675343067136,-0.44545820595779595,2.2504492594247916,2.5496879645717465
15.766353702391081,-4.743300335345671,0.4346597716705488,4.049980469519836,-1.5918124336680621,2.1449219995557964,-0.6721059077929402,-3.4831901324546193,4.1070041104896085,-3.1505931883994975,-4.7531705609094645,-3.125745641978619,-5.226842928827909,-6.6270214723594005,-13.526650204875795,11.838213621485524,6.665392427795375,0.7741178279793045,-4.971082270079921,-8.091353494672836
10.32602070339423,-5.596641065007683,2.7798685892296247,5.916788114473203,-5.108718002822431,0.4835928521896561,-2.19286518539473,-5.158211471785273,0.9287100640679199,-7.121691607280234,-0.06656367097692611,-2.1422712657697627,-3.02124540655518,-1.792296525421685,-2.6714478425123507,-4.2077207031222,-3.805828537353487,-1.0078646311070711,2.559946867503374,-1.5285703531543975
10.44953750178721,-5.628192904384672,2.135655741949521,5.064715080344139,-3.94507960191018,-0.7641604849736628,-2.5019110445050723,-5.026336893230131,-0.7079966592059646,6.774983813891554,0.8265888538069766,-2.9976946529836788,-1.6015260115771308,-1.1296545130696334,-4.932266168818531,-0.9664257432893397,-3.983758232934006,0.19461411013562047,1.9135545450509601,1.5145795655231564
11.286888989544833,-5.4008210468452775,1.997710838707678,5.222055208622682,-4.775702822165625,2.3570028842391864,0.06080497185038941,-2.9476533733470225,0.45809380965482394,2.497065650414714,-1.0924791113741934,-2.5037975101567773,-1.971620009916018,-1.702016145140417,-7.914396546959756,4.693382546261762,0.5107937575980965,0.031075872643918756,-2.4087961984052404,-3.8637941854475457
11.668943774010355,-4.637949898214975,1.3715268787949284,4.550718337310059,-4.5438015811607,3.160813518420867,1.8446966408423335,-0.37103839828162,-1.7101898567172036,3.157176488173399,0.5874775103557236,0.335236111851665,-1.9207131683328804,0.5843095625896468,-2.274028358415958,-1.470709814074187,-2.8943161251634475,0.03555506970515987,0.5621484002901798,1.828691406829369
13.227810068295032,-3.5120086071326773,1.3163026980344752,-3.9525640181701736,-2.408974514799649,2.2230832653464425,1.2798636854278127,-0.6747415518674438,-1.8042221840621862,-3.4832724094957346,0.4501325659944231,0.617790374682128,-1.586289680601926,0.05560588795515836,-0.6498228021468766,-1.5640656726420439,3.081928537313799,0.08524096347444593,-0.6164113458012348,0.18583825430979295
13.420250238592395,-2.1483997235503507,0.6336484093476873,-2.7659127712771423,1.1264884419374628,-0.580164475991494,-1.9873720778710917,-3.2248839903366804,1.0856307325125945,-0.3401163317419861,2.9149302560888772,-1.8785690778340591,-3.619179810417713,1.8563702451313602,0.20636651525203487,-1.25419987872346,2.7906534101887592,-0.1979437390574722,1.0642561270258897,-1.686616773258399
11.696987637667574,-3.951111458117057,2.933077018636895,-6.95516935846655,-3.808696509127781,2.0650656729352788,-1.9619904955657355,-4.065773076043512,1.8317583088480496,-3.552363157423112,1.811340660144008,-2.417820134590614,-4.844531764349076,2.520113565707785,-0.7521634465993323,-3.4117427936551654,3.0921961410412595,0.2566670914639928,1.5394472904385972,-3.0415650580336613
9.665833618414698,-2.9537921396729834,4.591447067397712,-1.3856642667161112,-3.2638527602642573,0.4634162404629574,-4.511650516468894,-3.041766927419558,-0.6207022239692886,0.33818247087144937,0.40778585464615347,1.1000330229332425,-2.2922004559781857,-1.3541700911546455,-1.4790137479204366,-1.8879678901568644,1.0082818449701723,0.4041987070284161,-1.0955245290549243,-0.9558788002119444
12.105689716699466,-0.6090000182210502,-0.04964297491634828,-0.013279043722804529,-1.5722561911191302,0.4207895232966087,-1.4688499641180262,-3.3715787597034144,-0.3599098174910641,-2.5252882844383744,-1.312564675284792,2.876944992178265,-0.6435268021005143,-0.9218779890653005,-0.4720655679834328,-2.481850323211626,3.087936926952183,-0.8507415726361078,0.18802354083898487,-1.3083968213137875
9.516674304176753,-4.597659827548236,3.146067557949753,0.18928033223900464,-0.615925883010834,0.6103980766730701,-1.6406733388616535,-4.956971347091212,1.2168488393896522,-1.686854167315147,-0.3606590667966893,1.629227972121522,-0.05487998220413984,-1.053957611773955,-0.34701974379615974,-1.5177533469639277,-2.4802455897879123,-0.6828770081271764,0.3484382276221531,0.18346981969151321
10.511691230656654,-4.802465815613928,3.432254946670475,1.4047846853365054,-1.3057794280598314,0.8076533612764905,-0.275953333097394,-4.336780022418209,0.7751390211288887,-1.7704862643256176,0.11888106213676591,1.814485765132141,0.38187919368212864,-1.2967670010227028,0.24907356100544603,0.9383848394483485,-1.9828481641060114,-0.34625342908131534,0.31558222047724727,-0.20855792785479282
11.550043733715896,-5.309007546476712,4.041797086821738,1.5439844581307423,-1.6412991607983398,-1.469830578386185,-0.8417555143396138,-3.903302197168447,0.015284863924851066,-2.4213268933256584,0.1680890948330387,2.2638198801227682,-0.4425446585459679,-1.3505337634558763,-0.1957286447970724,0.8879415061507612,-2.1290565343175047,-0.5156695117609957,-0.5311719878290958,-1.194513409943307
8.594401688376864,0.7301640535385343,2.5606693585853346,0.22128862735339716,-2.102790119868541,1.1217703518281494,-1.0787592591303254,-5.33774820857082,2.356976499024917,0.10230793485990719,0.06815415784958012,-0.364435331035399,0.01252465745798187,2.096172260177741,-1.3581423060739684,1.568459953739087,0.8588866861619132,-0.07797651217317103,-0.1557673743151704,0.6432660718387906
8.588627659399354,-5.3451599891543005,4.762443774299092,2.0199956963083543,-3.2394981442899513,1.2463187793352948,-4.2985420529599905,-0.8955615328779629,-5.321196497459381,-1.3424374779786676,-4.2783675443652065,2.667424822639658,-2.162141824436091,1.17187212815663,1.1769703428214722,0.7318177144359719,1.3178091459039565,-3.166159499184298,1.9517200701508362,0.3853755568556496
8.509001665180897,-4.622783229306317,3.533054353769467,1.6213476514549379,-2.428725576312476,1.153026729760492,0.12801485742381408,-3.866821921816499,1.1857133761374818,-1.8056587703455862,0.15555056579491305,2.395877378996923,0.6410879866993395,-1.4889628079189643,-0.023716432952710975,1.6536877658527547,-2.1907186978767115,-0.5949989831656377,0.5925638351912357,-0.1410661264703525
9.447296489692558,-4.5769080444285155,3.4086283626421476,1.806219427865435,-2.2491337782943503,1.0961802224077133,0.03155653650833701,-3.8941459539640033,1.0619250691180582,-1.886818305602444,0.04239243107254165,2.2146417234206344,0.5139708230748405,-1.4379255568365419,-0.03394110931508554,1.520820436377286,-2.237594255726825,-0.5661152696980772,0.500872035562832,-0.14202730556609738
9.414495558121523,-4.4038966500553745,3.4320382978446045,1.3179060355258607,-1.8080996058404666,1.103242607236326,-0.801312789710605,-3.7785857707930433,0.6441529763537323,-2.310257651020514,-0.1036186733528768,2.1885638945520496,0.29087440703316225,-1.1136417487068273,-0.5727739710096059,-2.0616228730767077,-2.184182316785,-0.20821917079578384,0.7984213087674346,-0.0005314452266214076
9.555870604103058,-5.368802254187359,2.6620785164363396,2.9999903902744105,-3.3044228429086764,1.255191789389383,0.2206837936129084,-5.021999590836992,0.9505828809826121,-1.4603916034224256,-1.067981666734484,0.8004271172985231,-0.3144941667028182,-0.1805036557701863,0.05377670364130677,1.3754118790979686,-2.4315329115886586,-0.08908589813557015,0.15875715822542952,-0.17859418195729587
8.53915546091411,-0.7856468233174297,1.309278590321413,-0.3311151174912339,-3.420732509261317,1.19958901623645,-2.9512420499343426,-3.218311532836468,0.014884801042140905,-0.24051185187832913,-0.4455752241979724,0.5936309918804801,-0.8207432497362789,1.618267827298408,-2.9933624558686582,0.519314783388589,-2.7342604185979176,0.501391877710181,0.8559787704062052,0.5481540503437017
9.91582724647775,-5.6063373068404605,4.150012061460425,1.0189992598192013,-1.3602134944847455,-2.1951601169245283,-5.031320418201531,-2.615148909591422,-4.333784225100423,-1.6546757883356864,-3.260737655397839,1.4384379234882179,2.0442789493988713,0.1455155630760314,0.7280458686686387,0.5910227363235068,0.24270231586401012,2.5160693643989216,2.504410290946853,0.10603057779450542
-6.928068418946491,-2.703437477291906,6.7331552121683576,0.04391965401365011,-1.1864329160497205,2.1681398328783685,-0.8496771331252805,1.184519779288449,7.694610949689346,-2.4732798454451004,-1.982231876059724,3.79161662355981,-1.2165241294315257,-0.45845394181611476,-2.8220614230938263,2.0768828167327777,-5.0659010799373805,0.25005748499837144,1.7511516331224786,-3.5542840578580552
-7.973552444567712,-2.3066628064050834,6.413283310494711,-1.3030831404931442,-1.993737442483603,-1.0066816503803153,-2.332636141800017,0.07267863106722597,1.1870383980283838,2.823122826530551,-2.3150350266904747,3.251700913370544,0.11002849309824247,-1.832123098859186,-0.17435901058952674,0.06274480068100008,-3.8472982035727785,1.3123870149033827,-1.1227886137300724,-1.029743661470211
-7.03210341703606,-3.1044740232794474,5.661904052638075,1.1850743508000676,-1.3274254303244541,-2.5311055520270864,-3.339647459448966,-0.1571460233864087,1.6051138032333832,3.4057285848038403,3.6012719954714894,2.5710091711800658,-0.027537967407241792,-2.066718335590589,-1.7843669417856893,-1.9228305005645503,3.9748443110703393,-0.7791753660841625,0.34907038231618603,-1.0540557183774792
-7.90034984039246,-5.408980990626959,1.9821635726625844,1.2775044064243066,-1.035822756219515,-0.08311877905512685,3.232035620359091,2.2787047768097826,-0.40920905038749156,0.7840045795360505,0.9367125719571793,0.727373566064446,-1.66910195617599,1.0943673362681918,-0.0778373953451501,-2.247714536751049,1.2732708134925024,-0.725117910252354,-0.1234503864858425,2.2662172727532695
-7.341993478924293,-3.683968604115093,4.005336623499994,-2.59305502558418,0.3053846667136585,0.8054254023257394,3.8030840009307214,1.6334887025611908,0.7793480239055877,-0.5208610962324334,-2.0002355223483272,2.1393710998115747,-3.4514799567912235,1.250593749785776,-1.7871004390509004,-1.32704997331333,-1.0437660449398245,0.41388327760520927,2.930436461691251,-1.4549572284484773
-9.019485801090951,-7.508385264487962,2.5422494329904635,-0.5529325396417449,-1.5233726822462947,-0.7402791993386683,3.3593224250996654,2.4779047162803085,-1.0271036886203047,-0.6868649327317264,1.108029096861596,0.8493109391101757,-0.6728586375709451,0.5985545735096356,-0.9591346819479787,-1.8278477121266645,1.0015621476148608,-0.9268855276206549,1.115884579738122,0.9813101071646062
-7.4770547855618394,-6.138062867644109,4.447295436896713,0.18993784974792893,0.6200235354348818,0.3251080638781192,3.8252977098673853,2.193864535399428,-0.2522282088545338,1.272228460014991,-0.7512760163559348,-0.4428911728161123,0.21280927749712805,-0.7014866214349645,-0.6630140487415978,0.8093357266552192,-1.115303026719501,0.24008856676410983,-0.24742380314923318,-0.822617620528452
-7.934443498783016,-5.745768777583615,7.472988366311352,-0.1671350861319405,-0.7937157829504667,-0.917087079365261,0.860574594508571,2.3096520871584634,0.08484275312151185,-1.5278133111501377,0.4959718048998307,0.49161728785362113,-0.2086441440993046,-0.2030670992154533,-0.2596028884784143,-2.9992002774741966,-0.06575041299685691,1.1141659687915242,-0.48496070979686623,-2.1209767352945814
-8.59053667801266,-5.520735700543634,1.1318429356374453,0.4667465813622798,-1.28523964589443,0.2291092407263233,3.361979064803195,0.5039979714002336,0.40989114091541123,-2.137934890140229,1.891088904073232,1.0351507657512367,-2.28672640955187,-3.241359121933404,-0.4847059946549773,0.0829100649190696,-2.529599414705651,-0.2737611304374826,-0.2533487694863039,-0.6220584112775887
-7.64863175091752,-4.431213914900362,7.18378736052413,-1.274438481690755,-1.0906660548593958,-0.16801228509985017,0.3815697570713,0.9063383047033987,1.2978097502154686,-0.9249712533227901,-2.2485901377875632,2.932956680484529,-2.830659547328712,0.48466978856150655,-2.3251212007372946,-2.790070114131226,-0.12889888994878973,-0.6517645021765242,3.0937335764835456,-2.2927752248592044
-7.112822469443898,-5.034787384681094,2.0764509388424077,-1.0443376333508203,-1.519271731989198,-0.3922987901753706,1.9421771977582416,0.8423609714578664,-0.3764352036337981,-1.7498688461849072,4.026564541533658,1.9518528427678155,-0.8053049868564016,-3.272965701453877,-2.1011399145314242,-0.4242075874081953,-1.102281255237242,-0.6469783044086496,0.0032511142815094263,-0.9029714462646136
-7.5069647001230795,-3.6540581020858527,4.054146642796595,0.29932812072605025,-1.66382133804504,-0.14679467911883437,2.558791177652941,0.07863036277313926,-0.2932938853415634,-1.8188268678153436,-3.361527816129086,2.003215834322119,0.272464433783392,0.5554057563817287,-3.4540216705261724,0.21461038971249402,1.2634650512547703,0.7823694174854019,2.0557721944611598,0.4849365795215398
-7.605087553198278,-2.8784305328218327,3.8709067320439634,-1.1902072096959395,-0.4687827005216927,0.6768344784408932,2.862679090093792,1.9992739817694132,0.4454602585567169,2.1085831304955014,-1.537857466500265,-1.1492077773749292,-1.4613438250260162,-1.6619892141850214,0.02415750587730836,-0.2499778257627201,-1.5118226817185567,-0.2142664883721077,0.30275806694896257,0.3082216328388604
-6.21237387129611,-3.142914268810263,3.66039217211934,-1.120897179584572,0.6147544546032754,0.1917111062959043,1.849764515160899,1.0193157201648317,0.8866212705808154,1.797866340229886,-0.8529919777901025,-0.5082156642916132,0.24627756574719611,-2.341340000069782,-0.9947060246980284,1.195030993556246,-0.7457529279172783,-0.05438934795062145,-0.5386259913005771,-0.0286784977637638
-8.340740869549034,-4.365595109060337,4.386964741940715,-2.0408983475077216,-1.4931549973172276,1.5426125081134818,2.9686678091002596,1.7582090785628683,1.6860437777029298,0.19980893713474834,-0.44128759329600675,-1.6605779506617588,1.6460077212688211,-1.2994223597812522,-0.34711302702735153,-0.09295193322963735,-0.5648741220119774,0.4967028929692443,1.0891576031408512,0.7964423528706773
-9.644425196667498,-6.28797035529454,1.330216233105085,0.9336707717176239,-1.4569578661432483,0.015490483462312653,3.484309683267056,1.1261632781657827,0.26607645261244084,-2.097867865652455,2.457308754908884,0.6415128748763949,-3.183088378255147,-2.6132706657021774,-0.425440093155032,0.4896126798913819,-1.5618978731253308,-0.6912904655310508,-0.2471127208191497,-0.31812672778931095
-9.081006688909365,-4.757778699097159,7.353040254866009,-1.1147319404454348,-1.7431367026129698,-0.7812227512079869,0.16076546391872698,0.49877389052633514,0.6472728843821517,-1.9287147725569282,-3.380774990234756,1.8990828240737518,-2.0255395735977046,0.33313642416600997,-2.7792486936617022,3.3388538808893657,0.6432156093324465,1.0543658554473874,1.7599213252086137,2.6903010391767945
-7.171627144690232,-5.157166929239345,-1.4409690070145325,1.8134197389002078,-0.5170122379657172,-2.756247698075724,2.703486455761707,2.486202886008095,1.0302382431574153,-0.9679933377723071,0.8546951840500883,-0.8558586814542279,-0.9520376916718285,-0.21139314846288854,0.15297753715881168,-0.7933570281756641,-0.3366304266909449,0.4193244535299882,-0.4008024193509184,-0.35387054686913444
-10.445858262394971,-3.7226030874545852,4.861117842447584,-3.32632475621065,1.3391217120556687,-2.519206141580965,1.8321519298314026,1.0634257612814968,0.5287477993495453,0.3369580462835543,0.7188390215698999,-1.1004655731224073,-1.2331042257750495,0.57677580643819,-1.06756000786139,-1.6888933014127834,0.45804184470734965,1.1127085569744726,0.12943820740429146,0.5173417225652024
-10.3054222712778,-4.634588611363231,3.5421259247964167,-1.8205780308285429,0.863578334887956,2.093231757136196,2.4202822903536174,0.6311977947375157,0.27513112802985984,0.1771640795355921,-1.020218262829762,-0.141303910145416,0.16125630042850386,-0.6163402876747245,0.8628496054644921,-0.7665453937521736,-1.343320805702846,1.2825347853494447,1.0694632589907354,-0.5481752605044878
-10.476237827397668,-3.708429048950138,5.750597918594753,-2.4372790863899176,1.0278144778254468,-2.722010100685086,0.878457268786336,-0.6898031709001612,2.6225283614695565,-1.4354560007762736,-0.19966560274015252,-1.1094644698690204,-0.9655132035429744,0.7164945414431378,-0.41560614017745534,-2.870392838634221,0.4470754561356167,1.807941688940113,0.3479273769543212,-1.3184573765898588
-9.795379408856528,-4.6095090876927065,6.804924532067486,-2.312787725876421,1.1962727733449046,2.3085387153459203,0.9834980319685923,-0.15020258791678953,2.5194358775125725,1.0054961182798687,-1.3236891318110309,1.0418294569649813,-0.07980273228208096,-1.826732543471826,0.6085296754131799,-0.5976212057799626,-2.0561372093476598,1.103432358527894,0.5935211386306859,-1.448331856146799
-11.720271528847796,-5.7413505072368345,4.180220610074824,2.5824035636548603,-1.1335207401166976,-2.0330176199147423,-0.45999964167907914,0.6013329557157875,0.6802515850494742,-0.3819088853118034,-0.6113387251720906,1.27404220507263,-1.7790017633256496,-1.4930681039876197,2.004038383285157,0.6276868202867152,0.8990518955788287,1.3717538442292827,-0.6659519500248035,-1.235373752413314
-10.112076417749963,-4.172160258279632,3.9366858711070662,-0.7950654643399729,-0.7448178476113643,-1.6938953348470447,2.519027116818619,0.7689899711804402,-0.5937298141870841,0.31167750477403977,-1.2891686322186868,1.537849905730491,0.46692092613553643,0.3558335012438597,0.8741590074818552,-1.4366459676875976,-0.41289782450892887,0.8174233645574261,0.984662301308909,0.10791250592405399
-10.277696526716483,-3.5214459278258445,3.652339178717355,-1.068136904486683,-0.585812373277061,-1.908152688488986,2.0064684020286205,1.0308960768138973,-0.003239196904529784,0.5790885845827325,-1.7307289052142236,0.8911076088207217,-0.32717033132060813,0.4365403700158361,1.1636454770928437,1.409911417636101,-0.5685184482175136,-1.0441842083015478,1.0326081883797145,0.7366926546440318
-7.018739133918277,-1.000813938400294,1.836287787036649,0.20643550556891932,3.2746440766244387,-0.3653196699863184,1.2458464708742034,2.6981613855386195,0.7746021011345698,3.6364553485607014,0.29387648982550535,1.3202849143994915,0.5346632531616037,0.6231113065040877,0.18571826641237993,-0.8462750111581944,-1.2723947529980157,-1.916209270476152,1.442083609921622,-1.4547914400274402
-6.232603769689259,-2.6988273666402574,2.1327023470730424,-2.269986397150411,2.518300387235712,-2.6843611745295064,0.6455542437846322,-1.5777097363804178,0.41186783037707086,-1.1481683232652622,1.9465858167060266,0.7869938629251038,-0.524183544387948,-0.582822141521162,-1.1097446484860327,-1.5482276057677489,0.3459503214191635,0.7636692807982971,-0.016499929093580556,-1.3186442153814664
-10.163059172829982,-4.912179332154901,4.058364316876581,-0.7176564256630373,-0.28253710114755887,-1.9035843268510833,2.925667648899818,0.24737704393534232,0.7366898957975895,-1.052272605627609,-0.9886537715834693,-1.4559078427103513,-0.36506943405385206,-0.7333406849557652,-1.0935040190384928,-1.3728260705925146,-0.821636760465577,0.29375100099304396,-0.1962233666946972,-0.5312422633157572
-10.565837593341996,-4.484472231000096,7.340050253088636,-1.1532306358208175,-1.459761700946071,-2.233225253514153,-0.3302420335647442,0.6950430934252317,1.0195489277417968,-1.208705328655503,0.07581948309248032,0.27398127320145804,-0.624890000788072,-0.48254401190768814,-1.0345855372427901,-3.394380888601744,0.6928627943932275,1.981264740926492,-0.09856397045090337,-2.0477372871455866
-9.829452748147062,-4.360778260970104,4.6456576440886375,0.1418871620314761,-1.4186322723215434,-1.727115552433054,2.536474071919885,0.7299273691753329,0.015236472185789163,-1.0823594444398514,-0.7787782091017924,0.13907379120772345,-0.5349453800354738,0.8235331461404125,-1.7558958544005825,0.44238237158838034,-0.8160458095841332,0.21832280287066208,0.4036795764145171,0.6001585316782103
-9.780441036960395,-4.37165173846033,4.520477224239658,0.011426444385500736,-1.5091742716359486,-1.522790650381476,2.860734022381873,1.2723224773169288,-0.5415487041118983,-0.49638384590751017,-0.44037111603469703,0.2330266835972139,-0.7989978605021854,0.7047527496697463,-2.043271088919508,0.9145885441403616,-0.54060777107526,0.28743151676507195,0.4947945066488235,0.9121258574134431
-11.253205563191473,-5.47156177914073,3.081408746374065,2.9198215524186706,-0.7020661570985478,-0.7258851122716622,3.493585895797962,2.4470358977764066,0.5102960077964858,-0.9535971190906625,0.7278487861107237,-0.6457270507560594,-0.5977647849657922,-1.6432802166340434,0.48624717549775864,-1.2780945766375265,1.959736303749483,0.4643551021224115,0.6566898441520785,1.0231740183786786
-10.070584690279656,-4.186001288055778,4.254741363398704,-0.22154225457771176,-1.2266166281371085,-1.6497997243593052,2.3757644628493697,0.20280267225565085,0.266075563440779,1.4797858573958973,-2.4767273388805906,0.34913724017630154,-0.43620439432618363,0.7463400836706636,0.6482641503292124,-1.6578308568266498,-0.8531148180262723,0.05727572858675689,0.24935216246378,0.8053267511230485
-10.32462952499469,-3.8342497369015636,7.411138682043999,-0.089971692625745,-3.0154686457742197,-1.4813938326131995,-0.27862220305337115,1.138173288425909,0.34219019582262766,1.3103836151918138,-2.748626074449282,1.091446923775568,-1.9601326183372165,1.3197965640208338,1.6023451245800178,-0.06092663146137589,-1.1148264723442396,0.08305250312832246,-0.28257863491832547,2.3650522349352574
-10.089873451877605,-5.769243702518242,5.707822740124022,0.19869755289538854,-1.941737159139291,-2.4289180019106262,-1.358838612225938,0.9438009926483037,-0.10914264284414266,0.19314171407556957,1.8774254368967422,1.441123853880241,-1.2030816078512565,-0.9900083936237803,0.4937653126597987,0.7073255574250825,3.0963976514092373,0.45867550241460286,-0.24404442794997538,-1.7362972654929256
-10.401306094369009,-3.3560697651743743,5.823513342117689,-2.2801558636884396,0.6604593450398829,-1.641855127957505,0.8060613747006327,-0.39288062815677127,2.769540413593978,1.7273120930065566,-1.5379777574117366,0.6587349564803177,-1.0385308312678063,-1.8144447413846503,1.7505681739566707,-1.371633834716837,-1.3413493876855218,-1.3709965941145843,0.9950870042400111,-1.3008271792503066
-10.161206855018703,-4.281933821742789,0.7787980818036878,2.6118921399401356,-0.7591899288400543,-0.4635283301718816,3.0469341540306933,1.0270455975449495,0.9695510267662248,1.1460120416410202,0.6788453424889774,-0.8279803358512761,-2.0468449634678674,-0.5638613640508832,0.5765283680025874,-0.9864917906445239,1.8837744103162226,-0.4273228571418499,-0.3376301974885112,0.8001392323492116
-8.893718139501884,-4.68188254198613,4.5619652385587575,0.8124453522954233,-0.6958985598474063,-2.8580641539764433,2.167789597720145,0.8582999025328331,-0.3972849044401434,-1.165270867157324,-2.257919716637831,0.05460662286345053,-2.3064343881651825,0.4785034465039404,-1.8662460671056953,1.3747865537755268,-1.7290193307195147,0.5722841621150594,0.49289124331195255,-1.7226415719502306
-9.05616272341327,-4.057545257050671,7.561074390090396,0.1701825718661604,-2.500180226092505,-1.9750989278645288,-1.7712444076384675,0.8414741978719338,0.23328538916548636,1.0222893246636142,-2.5769550525773353,2.446143704476495,1.1709237913997237,-1.966589771323806,-0.3508040134225794,0.08320471457517575,-2.879300436717686,-0.6014228139296718,-0.35038565667538424,-1.190666891003551
-9.038856348982936,-3.010503307074564,8.540316773107133,0.8507688491191779,-5.348716057498288,1.6757781162952667,-3.1734794051954864,4.520558715301438,-1.368997118655636,3.4680771445387113,4.02347663420469,-0.8900730230451095,-3.4377150282533044,-2.7496913971879797,-1.7447530173387764,-0.3386824791129337,4.122858544156446,-1.4281172348419982,1.000571431429272,-0.8975732700573393
-9.500106391807837,-3.424300957967744,6.3686070571778455,-0.07853918383887762,-3.567166715547758,0.3807593000957529,1.3489071085631426,4.821013305629022,-3.3358232129633363,-0.8690705776121668,-2.283944425325143,0.5825826859410248,-1.4102574538545083,-0.3587567536877816,2.192230740668628,-0.6012697004329381,-2.5015488237752894,0.06713611982453704,-1.2055618302619897,-0.7066417240690357
-7.988370424698051,-4.088389764993405,4.296251047561473,1.2193596183369466,-0.2888318072682887,-2.034090569993716,2.6453698722587795,1.7745086703229456,-0.44995771602185575,-2.173012719805876,-2.0864650860071308,0.16044972173654776,-2.009553944951411,0.04350963722311191,-2.3591522401961345,2.099146919715643,-1.8408240852578555,0.12961516389215444,0.3888877321808314,-1.7683072687401802
-10.236809037315332,-3.7021983403912877,4.460416657641076,-1.1673875691277793,-1.149910106179128,-1.017875854761324,2.5681381082474175,-1.1300068882997067,1.5718478629898576,1.6868149627785143,-3.178556964821663,0.39736308346775295,1.7817430454177605,-1.410894208690802,-3.658375285920226,-0.8112290942425417,0.6915219907841446,-0.6088835663888571,3.222233047015695,-1.9989053583125096
-10.559176177736617,-3.2982687723668374,7.561601320781076,-1.5824076965638652,-2.163911872066505,-1.4707333589647564,-0.5908339681907656,-0.7663790028576422,1.9292632219473511,1.4248774719889274,-2.241464377418512,1.953879892216996,1.6438863365019005,-1.0056347786443047,-3.4496644689640776,-2.9251520586019053,1.9920736553441118,0.8604964093479412,3.0812840566255577,-3.6730509288576467
-11.180379376125313,-2.536253910832984,6.4560005097459445,-1.677912286255752,-3.3219285061261967,0.6070193461350945,1.9409422349458854,2.976868036261053,-1.1983192568024714,3.2363307571469773,-2.50108854708564,-0.8458397756689855,3.4823860094680805,1.4781070272803674,-1.610352005863842,-4.0702942925796535,1.3391182638979897,-0.6342556603015133,2.627061789791798,-2.0048679219815924
-7.918830141089208,-4.416065206546711,3.786556462867096,0.9830914716280654,0.3042990399495861,-3.6962120396301072,1.8452921807059317,2.134557994457604,-4.571196239830156,-1.1222921903055967,-3.797280988919624,-1.377807909212405,1.5061222742678393,1.4489000314155214,3.3426726041443082,-0.05754546482624204,-0.738556588317024,0.18896706704436628,0.8641438383572302,4.399147533841754
-10.86807278829875,-3.482326195906007,1.627521764921699,3.076510667892588,-2.4895098807809735,0.6920221506346108,1.6912560517065651,0.6632207942929442,2.0755382986295343,-0.8308044972502193,0.3280094889560946,-0.981879367860336,1.3533412818641377,-2.3448088379249343,-3.319819402485744,-1.6426337902461003,0.4528640677221696,-0.5679723838557089,-0.786366868122536,0.7578425144031516
-8.736186548935779,-0.630366069557829,0.5407061733993641,4.334111434012656,-0.10164309021487472,-1.3689345669058641,0.41095623806117965,-0.8320424420594636,2.42925251333059,2.8217998852484314,0.6700350036411691,-0.9498289675993372,-1.1835111471188917,-2.4437600868378984,-1.2170450936305366,-1.9028456863187735,2.0842248339392033,-0.3936772689695802,-0.38276358229730145,2.4910172626542915
-10.722105030839497,1.1107342773536812,6.191871029921857,-2.391403710611206,-0.8364710683488872,-0.4870700365061689,2.2267427482388698,-1.1907765152358003,3.9635932883261655,2.6212781604579356,-2.2110052244345884,-1.1758565395328044,-2.9563820803311445,2.2385681582952417,2.20490015285774,-1.7803162755809228,2.9493382393407157,2.184212655617781,0.226854760341634,0.5983414536186809
-7.928851583944963,-4.255457485151295,3.254038792031391,-0.02490467741451291,0.5535536033117038,-0.7423535111711773,3.1178246256913744,0.2260767046249384,0.4734172856782146,2.309568807748909,-1.4121831583824491,-0.1265042515777784,-0.21669097461297948,-1.3506325274740214,-0.7758485338530073,-0.6228357374790155,-0.4500961478446599,0.3718805118932794,0.3725731338131073,1.7923944646400638
-6.935475472052046,-4.035591087411889,2.985446610539759,0.2940140545206439,0.9981239538370653,-1.4884786944199666,2.561024889428996,0.02807674667889043,0.2539730172438537,-1.6874522972246213,-0.13574291118255893,-0.7532106155987564,-0.4308347474722225,-1.6972704235801608,-1.6396767049432688,-0.15495061712900893,-0.3655129938666606,0.13696599932966969,-0.7425083507547725,-1.3806693309846632
-7.28756771391135,-3.176513088592325,3.317573353364704,0.5885493276290206,0.42068123093820153,0.014381836276688542,3.3081040653597187,1.5138915774231414,0.7413474835028415,2.9813525284204503,-1.2031504786975888,-0.40270145346216923,-0.4866526482288312,-1.1500348565677565,-0.8498682821897237,0.2737426431674066,-1.9313311779685918,0.16586914317173063,-0.08089214192438332,-2.019317067957023
-6.169092868831919,-3.520151991303356,2.818873756931639,0.694965671775191,0.8582675334179494,-1.0899558055981,2.7174741376462075,0.167765744278126,0.3813159643437257,1.96666982116886,-0.6693462393858263,-0.24794030265999634,0.23366705078654437,-2.072559393667848,-1.2704097953169837,0.15045035027258935,-1.1191255942339438,-0.3119166365980439,-0.5389549194992898,-2.22166019481215
-10.736813556857411,-5.348961181478289,1.6647451050976931,0.37369935122213055,-1.3174184002356297,6.717915476915584,5.111468834514197,0.017556961675783023,6.273848469693763,-2.5873941535924807,8.493928873692223,-0.05207474674966173,-9.648957856510162,-5.730991147144859,-0.9034206095979487,4.474892891737741,-3.2886372994963384,-3.5595268558335085,3.811259882216886,7.1568118072858065
-8.341425719960275,-3.1634424427955974,2.9136686082722623,-0.35674064638616243,0.6419923341477969,-2.4431103677719377,2.1007088717620035,-0.843087764321076,6.104135911895076,-0.5285772714774108,-0.022100675970524175,-2.559508574874868,-0.8411400075354094,0.25459780704035295,-3.085022536806224,-0.0937653012645061,-2.396715543959564,3.3664415469822098,-0.2657496727713996,-1.1998805333056368
-8.648867833308389,-2.7215671200761564,5.936328600506459,-0.5354288005011667,-0.5726375683087037,-1.9542128191229309,-1.0825740809633833,-0.6416733202052869,6.722468730748572,-0.5333654368784606,0.11787019538303922,-0.6861765786896583,-0.5078604600850355,-0.2878037861916214,-2.9120059460055607,-1.7571818408413395,-2.427832163532787,3.6511001928769025,-0.10201530859909047,-1.8721337692472688
-9.934204522163547,-3.133383165889552,2.7649511936876845,2.42771678147776,-2.9124231137892944,6.035709530323635,2.913199243090815,2.261892026453656,2.5646320206362616,-2.866739656482513,0.26241573568998094,-3.392809510841567,-3.1232090099039733,-1.0810983650070947,0.4793995336566017,1.9278034026171271,-0.8719422326781601,1.2335057637620168,-0.7241265944497071,1.1761392962966255
-10.653502634852012,-4.382427336951247,0.2913002783693593,2.263716479410792,-1.4043730783997739,4.021321669665092,2.871045032604992,-0.598775940335721,5.04133823629635,-2.2376018184618887,0.37535698868274736,-1.7328182159696819,-0.4259293428387708,-1.1125376328069028,-2.6250005008715664,2.2989281635260284,-0.21336136298159225,0.04403865608822155,-0.9005412311665706,0.7748042948550109
-9.834980224417482,-3.268942450038182,6.027054097494246,-2.5322134498396345,-0.47008596841683237,3.5364956308621367,1.1326987515920846,0.9360418162903684,7.71009788212335,-0.2373197037219894,1.2166122662030026,1.8632005743288815,1.943225542022184,-1.6980399675822386,-0.8665036515791105,-1.800931125500664,-2.432881563851332,1.606668664329308,2.0691611771815017,-1.3943193512245426
-8.297103249358903,-4.067861769093192,8.208965233627074,-3.3058079804988707,-0.9269850039482497,-2.965633680452888,-4.209316398943643,3.1044133070343,-2.782877293815456,0.6809928225479674,-2.8925911090809096,1.9962685527378867,-4.564072393356977,-3.216749594508756,2.9318138003800156,0.6605720467090492,4.895452580801612,-3.1812738938176235,0.5461783418970196,-1.0235155260672517
-7.854181547135779,-3.365044061971673,2.734111601264485,-1.2863254174448557,0.020069529184418705,-0.5151743826650261,2.364416589523129,1.3570275167866719,1.46906341149128,1.820771928136267,-0.7446838853960107,-3.032257494660764,-0.8953180039650027,0.8976228464005285,-1.1248517641658742,0.9525287255840643,-1.2281512912569332,-0.01999649768398748,0.7857889266223206,-1.741250523698568
-8.055739480556253,-3.190335060962477,2.5811262652888525,-1.505074365736778,1.0737519253046257,3.249119694892941,-0.25311085030151,1.6748769775957484,-3.276080389259074,-1.1369982706922748,-3.1269770387706854,-2.606376482903894,-2.262533742656919,4.2347026982648,0.866404521817483,1.513725851017738,-1.3274214368567558,-0.4517765353038695,1.3102467474086315,-1.3614204101725265
-8.572272157491007,-2.9716941351206714,5.341878289117184,-1.1525539496070243,-2.0927337305251013,-0.8868457320209737,0.03354558314323974,4.9276337925092575,-3.0431295213165432,-2.7946473516711245,-2.20401911382324,-3.007395958225612,1.1570512223227918,2.7702909144802055,5.435978162600384,2.9637032455653545,-0.7468354778060473,0.288906713103106,0.9275888379753194,4.7696069918265005
-8.696733803381878,-2.235008691178817,4.565531647301807,-1.8318642952733137,-2.096711765515141,-2.220894542439038,2.2318550329621676,6.1252942307009475,-1.7635716718599053,-0.9874441502446115,0.08072814884569574,-3.5691672352547705,2.354102929969713,2.5025024214650404,1.397479623928283,-1.197689506868807,-0.884631323983273,0.5287310595230108,1.185704479594351,-1.9232715871054675
-10.198575425122387,-2.2185297706275837,4.574603795398593,-3.325637558454676,-1.1977494015311065,5.591291702949259,3.777588598533735,5.376082637018853,2.3766119151332177,-2.4680930077893692,1.379304836167673,-2.3640654765635833,-2.7451321042025616,1.931646813335671,0.9750381806840416,-1.6214870360750018,-1.7955806630151936,-1.6585248868473,0.6155305159475437,-1.716422044565045
-10.808127599219752,-2.158009131093645,7.574942514452369,-2.4185056715431896,-2.5364234628463107,4.684540295160938,1.0006688750780122,3.2233734830894445,6.105415798095038,-1.5944033094115069,2.6081798261526585,0.49687181973638905,-2.0091527136078464,2.261130835168623,0.19752911295241793,3.103833622767131,-2.9801773437606975,2.2031200631745294,2.00834146132158,5.269402800487194
-10.495931334297046,-1.4955189379765883,5.549097351944759,-4.20395791363768,-1.8419204149537967,6.28503179849514,2.5254329632346826,6.279025389928938,1.412315005041926,-2.9150883832602346,1.632086733823919,-1.525147999126252,-3.121318864183325,1.3810665437008947,0.02428605205633838,0.1046340721470056,-0.45114784585712053,-2.376720104361671,1.223824039870682,-1.5251246202606672
-10.624346119372218,-2.0414989434297848,8.031557771418033,-1.3270923763805784,-3.2821144066734695,-4.512860854902653,0.032266900266989196,4.747375845934505,3.924755954706769,-3.322781208215338,1.2729036347523075,-1.2254167841793109,1.3295814743292567,1.8960276669933793,-0.6801374966041583,-3.261691956303229,-2.8453364814932343,4.596269059335059,1.3630943981266077,-1.9003152017486924
-8.55423854633857,-2.9995522669760764,3.36317668484258,-0.0417529635248812,-0.2747390554435102,-4.079317190397659,3.2590933582123305,1.6450741510113323,5.537456491763651,-0.1337468385425884,0.7198882499471416,-2.4738939061633207,-1.3793926943688648,1.245433198948484,-3.6481507383828964,0.22747736487082926,-3.4997753367658375,2.7262367558517253,-0.16204667842857456,-1.9039061108431423
-3.862679144719448,-5.387722305036828,2.052342724448702,-2.140183123193651,-0.34303468033454576,-3.2644671137557975,3.3354106354558173,1.22374954757595,1.4893063958727462,-1.4129792011689855,-2.202539562477489,-1.5001167481916426,0.029922785334968505,-1.1483142017539234,-0.8394051087445855,-0.590517057429318,-0.9791042862771961,0.5571864661242034,0.6021548909166851,-0.11677214387875726
-6.707834001105821,-3.2573163898609185,2.083501981020092,-2.335670133396484,-1.5443638249415919,-2.2595568415742844,3.841538111270438,2.3759691431471612,0.910901439539536,-0.8338543708900101,-1.4514799886837615,-1.325653822882239,-0.31762783514396187,-0.39780238774859367,-1.2632736309312047,-2.05035432219608,-1.5643119036520363,0.16236527743466755,0.5368375751511838,-0.672105627158991
-6.835407877948811,-3.26028209821275,5.295023977233994,-2.489401918102212,-2.619519806244189,-2.238521240720276,0.9806214755901678,2.3186171207676782,1.6279996015322733,1.0959720937220925,-2.564197197162785,1.1875450626304607,-1.7380853205287887,-0.33739413118122374,0.6255581810224009,1.4886700017321028,-1.2251333662028026,0.6790205502887402,0.5581400415745976,3.4079589407368958
-5.0619140332946575,-4.0470719531954265,1.9249305319021133,0.2705205251835937,-2.9659280403319053,-2.2630880220870107,3.2988729406844453,0.3960209607674478,2.1102274195663657,1.7336579922791377,-3.1537950526013914,-0.9237875458230399,-0.2039845973984062,1.8876794500335201,1.2880386535290633,-0.664504881263002,-0.9558227194379616,1.0374943875576736,-0.07884886777672373,0.627117790019242
-6.684192285589168,-2.107339224925373,1.549530676925802,-0.4928644255708773,-3.2357328239314596,2.3417846127759376,2.478469149273753,0.25333347335541,2.079505243462343,0.8363981576264827,-2.3981674695845525,0.36236469789499637,-0.29824381608418704,1.3407429506703727,0.46622842522789265,0.6881939361546503,-1.2694284563077445,1.7328844761093622,-0.406394575339379,-1.6149692784517415
-5.272826928565049,-4.3042018273868905,0.47063541065737435,-1.8771057831597984,-0.5441512361266442,0.017027239167531794,3.378493793701656,2.362473395670377,-0.49570013584498485,-1.5055601465366784,0.2558641407883479,-0.418599976778812,-0.8973254171261688,-1.290430756353613,-0.6938588358350374,-0.6506388049042254,2.254948745987238,-0.6584288163213692,1.081873566885556,-0.7358655313834717
-8.696422668390168,-2.871492568814288,6.601370422759821,-0.07802462066651833,-2.1974309328405615,2.5670148938691453,-0.26986393912455653,-0.22975552560489523,7.994033000586503,0.7001498960188387,1.7003835738887583,2.307749319584276,2.87838610139737,1.3010633149439128,-1.9020172472835373,1.3525835331101042,-5.672466420390752,0.7114687421756343,0.5174442944637637,6.086653944921329
-9.571640139078962,-4.667034059999509,6.1074816788075195,-2.00701647620492,0.48481567784740176,1.3575950240436614,2.3101148265218203,2.2081213918785103,0.20684970913773815,-1.2188289750916894,-0.22890196743259505,0.2667908394493583,0.5613888583634086,-1.468255519986813,0.9966511189933528,0.833286254433736,-0.38054598346834373,2.2525645278739654,1.4964956129463476,-0.27859329632070196
-10.315709346514259,-4.47192904289683,3.1767238880559128,-1.7407781579443316,0.6196285920794226,1.3530201640602106,3.0595385323576823,1.7100797828545955,-0.2432959799881418,-0.4139413224141417,-0.8980343095594499,-0.7443451872519871,0.5870532031665997,-1.0628785432118224,0.28170711213825195,0.89979550791077,0.43594906657880417,2.461224634153651,2.146753934739913,-0.0042396257331549225
-10.106977179080424,-4.7948017458910375,3.80993686747378,-0.506170319071754,-0.1726492041829374,1.2314790961144761,3.193698393803196,1.6405633448514014,-0.11122762337581182,-0.09478085708314227,-0.8573349451540768,-0.617905205696283,0.5211218635585515,-0.59938729652014,0.9613092409146732,-0.16498296405734747,-0.40815410581121764,1.493309914416903,0.9842264182972662,-0.649785155071092
-9.63649928286186,-5.376390365216465,3.9256460051608086,-1.2611574037190527,0.5990414452755397,2.0490270946965627,2.4932364539938803,0.9045266430117458,-0.07627056016725775,-0.5645130443518973,-0.330823897596921,0.3131682249536178,-0.3872467311081601,-0.9764323331574629,0.6628893720824502,-0.35780392772699243,-0.809997016404734,1.7408901490769093,1.5756454039329517,-0.06963479691581942
-9.98455305450964,-3.7075998867452897,5.4417504294622905,-2.569972951656477,0.2899432626216112,-0.21173272837657986,2.819608892840969,1.7354238802825015,0.40150041767568045,0.10707440356277231,-1.2173938596476004,-0.00737801941625249,-1.507333786257143,-2.1360474713496687,1.048507234466838,0.8634965068063187,0.2578336663506531,-2.5769268361462987,2.1990030567260286,0.0882658837014933
-11.09367528438351,-6.387735347034635,1.461421043911018,0.18637569000045157,-1.1402482664169755,-1.1853744865544436,2.861515091874721,1.003240845539699,0.3084189201744656,-0.933029770386135,0.02016883294466365,-0.11608729049541389,-0.7905846258760457,-0.45753157322439897,0.09491344700268511,-1.4415246957644405,-0.5325646401574622,1.4953951044368483,-0.4771787406903314,-1.1352431936718332
-9.464716249934094,-4.724696101199527,4.52612280510618,-0.09145764222318391,-1.0586094996783213,1.6516066352984877,2.092444848405012,1.0636589424500893,-0.586421946262397,-0.6822178442677497,-0.599430958755043,1.7146604458833135,0.008333861916922286,1.4755064873253563,1.2980129509348508,0.6707523692972531,-0.8542929876924239,1.262482506478784,1.0890179445581893,1.4962427140215897
-10.120525155166558,-3.623357008268155,3.4949152568645494,-1.7912606350736113,-0.3349044037407325,-1.1167091966617102,2.886293597388113,0.11152386325882449,0.04525880494440193,-2.7598960199951788,-2.617319184140068,1.7695106584359257,-0.3642257235730907,-0.39837913300201616,-3.461142772202393,1.4744872381894156,1.746961617609411,2.1233121739826326,3.6477945253510864,0.5397331681432462
-9.620552906528967,-6.1809527491614595,1.6163773999480175,-0.2910273367691547,-0.08495478210328167,-3.1444131248013827,1.0287332908172728,1.572756749550204,-1.6723125204243168,-1.641631063750196,2.380967003452608,0.31100700463179654,0.5730439183894513,-0.14086823536409632,-0.8564704778212124,-0.6043864053214258,2.054245411705483,1.0817045983420375,-1.4077646959610948,0.5624649548553502
-9.944688862626208,-4.742420507657114,6.841110583444321,-1.764978689934349,-0.9592263783947874,-1.684850446853024,-1.1909592014630348,0.6807687593886314,0.25990323485569317,-0.4745940246660191,-0.0721290264959401,2.3680221181643133,-0.4224666620159546,-1.9983883313388104,0.4627168626561091,-1.1413151624245423,0.2908791371676711,-2.8742940167800803,2.3223585101973256,-0.966233643166335
-8.973748302858823,-4.401917153033674,3.5414112652630934,-0.46095978059398285,0.46001326481708926,-0.7991795667036068,3.383148258765883,1.9682659594723622,-0.06703673837942015,0.8026129176293376,-0.3873382739233131,0.42271991763909533,0.023853803089215475,-1.2729516000514491,0.27172320377305037,0.012841901299957437,-0.71211587299054,-1.028093768182769,0.8955220009524043,-0.7680165806410082
-9.82671388263449,-5.957528705682048,1.0021977607501877,0.6716488423433068,0.052571247004333466,-0.7732910701370139,3.509893429457067,2.3214335844315785,0.11355764657243261,0.08408991080511097,0.07668348137433495,0.10546998546609193,-0.20091360212790454,-0.7764366860402454,-0.3035175671866369,-0.8307831354837492,0.3445028675098074,0.6779891130608793,-0.46904746626558114,0.7069744943802178
-6.492922642671532,-4.5622053921483445,2.8298501390712927,0.13062110400045257,1.290166534266469,-0.9272420116103033,3.042175472429295,0.6765450697373456,-0.9613402154235137,0.5402023797004653,0.264682062464056,0.9852138246485248,0.7128443995312719,-1.4020630276964328,0.007914524974484083,0.18460868140396292,-0.04476439721924874,1.1927189912562663,0.9954567669110367,0.7438635424518325
-7.471216937118328,-5.205114658393013,0.36420370162072246,0.3713622282592408,1.4116175131777078,-1.5365748543554585,2.5366507536770433,0.9471975672926624,-0.20480483820997775,-0.06573562514754175,-0.7991005437248341,0.35587925123218017,0.43510322601546353,-1.672277187664709,-0.8098855604589572,-0.8641728795241689,-0.12031853677246507,0.93843581657748,-0.07638137485268626,0.49171128818371235
-8.779778871953335,-3.989734507520046,5.459930812819781,-1.6110535122168597,0.842047501493443,-1.1642568455387479,2.8463826126204026,2.445609191273384,0.1705069323661106,-0.42693226322301625,0.6769427107964997,-0.958640612734811,-1.2546746469437409,0.11465566076407341,-1.6266503907268295,-0.8947801924971484,0.3514797853415468,0.9822139813841089,0.4017262779923968,0.5107637226098705
-9.824760986361788,-4.012015436184724,0.36749039714072823,1.4241491471464125,-0.9974498034649398,-0.689520084971596,2.601390304152743,0.4975251427124815,0.20043195482078757,-2.9884705809528813,1.3170579586142421,1.8556125353962363,-2.1268829614063534,-3.106943516376268,0.45319811897366824,0.17029428424541182,-2.9479045116656484,0.9123457543042448,-1.3629557603243279,-0.11191101674266402
-9.08524544655219,-2.898538756739522,4.329724958767011,-4.3910413653863625,0.6826287870159579,-0.8025539272813403,1.2264508027256762,0.13143672363393732,1.9091371087764792,3.0452152655212488,1.4270575043334672,-0.639708947476324,-2.497720053015063,-1.883322354927274,-0.39721794875680305,1.113790496606837,0.16214907585001315,0.9598692610545598,0.27344676344884483,0.4672757631982535
-8.549282337479053,-4.587453867655544,6.567643438183479,-0.1952305883191495,-0.7536315069258187,-1.5558955401304748,1.8212568414092696,1.0799161499026109,0.003612632138811911,-0.5586437238096702,-1.3745650155873805,2.621271984144701,2.384365990541751,-1.9041809606654039,1.57109882522574,0.01437958010478857,-3.1422677055184467,0.5756112058041185,-0.28824314364065473,1.077306394978354
-9.307352583978172,-4.0112566974523975,6.640132560596005,-0.9432916364213793,-0.9126971147559934,1.2561848082720148,1.7206419977819793,2.079194531287798,-0.12176363033399751,-1.2073305173153637,-0.37435409299002465,1.789389783009614,0.6175512167339228,0.7761313017982766,1.6771572843905245,1.62642523828187,-0.5538418793686124,1.724180502229443,0.9849518059309305,1.1452479000852578
-8.750267855811828,-3.763205246958326,5.537690273824996,-1.434999711236654,0.3521109689752485,0.21289806824375251,3.115969701578157,2.781270102229992,0.028439377170870195,0.5601791113619975,-0.03581370518080845,1.1898502121162582,-0.5939919588002766,-1.8850038678281045,1.1288133248533576,0.5296281736237671,-0.5625863617786493,-1.1123439887273623,0.566012304194871,-0.6128464993946063
-4.781124905870149,-3.6918709078164724,2.1667710681143038,0.5034039671943705,2.1726640782708,-1.4595059500853813,2.375685139111192,0.6983257785965531,-0.45142310551874787,-1.1965448226409825,0.9634749091921815,0.4988788616659308,-0.9451458349654661,-1.6106728308694218,-1.3193144212915489,0.5477588973463139,0.841168149975503,1.5090978111364768,0.9229366818114211,-0.16484227083477104
-4.099960555937155,-3.2012662151655737,2.022639519801996,0.9547472033264481,1.9863336217879421,-1.1519197478650924,2.3992131315910363,0.6371706274583164,-0.10384135069940131,1.8592082525292228,0.3961346216243682,0.8512708602889769,0.9985443570714516,-1.7160264433195054,-1.0003651789249859,0.538031953551602,0.23192256341597028,-1.4171457524502888,0.7939357541423089,-0.598260032815426
-6.70829371604413,-5.874047201346063,-1.2147185060549075,1.7097381802526257,-0.27196521772087356,-2.6730392680367574,2.8819548802585686,2.6950370104180603,0.7367347308497497,-1.3218945965755524,0.42231568566208044,0.04421897024619137,-0.1679366811527827,-0.5397099015900135,-0.008232523203438147,-0.7839371193460337,-0.6419631556240039,0.9884330023897692,-0.7577693039397849,-0.6955467307761294
-6.789684816789371,-5.604198944869559,-1.2841955190448102,1.5773111433650469,-0.2669041677244439,-2.7671196239810483,2.6144872848507723,2.640227588379113,0.8686159702609872,-1.3805053507379523,0.3315466782033747,-0.0244850924214432,0.016902498141307398,-0.8705847125692419,-0.4037316480360318,-1.404520439549347,-1.0928783715101136,1.0812592288861915,-0.9701130911743376,-0.02825799000027443
-4.683216508454221,-4.6218480233666765,1.5482054857510255,-1.4007215118551577,0.7030926614746769,-3.775146413297868,2.368708078183807,3.507430844939637,-0.8417440482612224,-0.8751742107561196,-1.505608909051021,1.9119866859039967,3.0308241400575393,-2.096525767256695,-0.47004017949988747,1.7821993468583592,-1.3943388620982986,-1.323785653570447,0.676781498419635,0.35650402964621364
-6.63383025886238,-5.982683062395411,-0.5743328112556987,0.9239279864956069,-0.7322469288421274,-2.5807080810399796,2.7327447281113164,2.2648183304076586,1.3771998444439109,-0.6455207195315738,0.8299356476054071,-0.09432500109963005,-0.25793088692970756,-0.98324084024686,-0.8632368766839796,-1.4053469799450105,-0.8181865854976564,0.9126043858364685,-0.6641001776219426,-0.9873548957161894
-5.7371633692770025,-5.087598311425633,1.1933361199924144,-2.2565472535131863,0.7747153564585392,-3.3753934566761137,3.7366847791473647,2.485046437851233,0.4712093004423978,0.6819618595778979,0.13919554080726554,0.09162007520846292,-1.399436022424445,-0.9997533944095232,-0.9454940105901899,-0.062425865375680845,1.2916882181963865,2.044974093560934,1.7646155626741709,-0.3618034740048916
-5.267275715677391,-5.371247778666637,1.6890065731322823,-2.509235669157698,1.0102710052582722,-3.565080282380669,3.6903394465736437,2.858402040473456,-0.026268291667991717,1.2016734055043716,0.33497116319984793,0.4071586968320959,-1.7295922347686437,-1.0858578495995288,-1.224662792046951,-0.4079026157720331,0.7356523095802283,1.8630784348714138,1.7140172600542287,0.3976423698242263
-6.098660474052967,-6.202051444210226,-0.7932064979064887,1.890155212830822,0.010969794223110563,-3.074506221176981,2.5626093013988926,2.7627908309751588,0.6066288492322467,-1.899034365345095,0.3593483473351402,0.45929462774673413,0.3595856727889285,-1.2456721751049447,-0.4481245653036869,-0.9905720861485655,-0.3684146923692755,1.0926003901384131,-0.9544521404115744,0.6446636912493524
-5.861635358220445,-4.660247212003179,1.2149008952960945,-3.1906800931371464,1.3485540394802842,-3.735369048995949,3.506331433402426,2.522349976202286,0.3384125622700833,0.6122413640063046,-0.02491803490222816,0.04495746784564108,-1.4032240810685477,-1.162820937049044,-1.3617171014370655,-0.5778513978837393,0.3251434575035874,1.3095097292187947,1.1984541533646522,0.07064122554989684
-6.989112571747322,-5.025047510096975,-1.8033745977081173,2.350859953693476,-0.14597325605032319,-2.959928732823209,2.446570202356809,2.2786718525142886,0.8982819210086497,-1.2751182162192432,0.8378216353604794,-0.4751217722769351,-0.4006928075252023,-0.7366833057923066,-0.5184979839067452,-1.5931568276276957,-0.8852732188039552,0.9571624688516808,-0.7385190614841189,-0.35559884149572696
-5.7447068563684205,-4.941573282957896,1.3514256960382514,-3.0757272453833777,1.24032869785515,-2.9865362836687996,3.9595009871528672,2.341761626201105,0.22554310022937674,-0.31537108489428006,-0.8136770893464871,0.7478893552498231,0.5743911553020716,-1.2086754079524749,-0.43367680837190264,-0.4695791356880459,0.27938033427652925,1.3117735333485234,1.3352650318952577,0.4006100228245937
-6.466848475524837,-4.79049637040168,-0.961155867885549,-2.083300912379072,0.773146970171004,-3.4407210834210886,4.600636041922595,2.7143702687997666,-0.5436595520429499,0.8504192048997683,-0.44762023099630416,-0.45096064587159146,-0.08602923521137273,-0.8417498429682283,0.1267712803040136,-0.8393218396266549,0.4706296044052576,1.546950759304615,1.6203899408604219,-0.34832606267453864
-5.608332432894471,-4.515461589512281,-0.9100574761150904,1.0067034576567269,-0.14655664094479248,-3.8822740871113646,1.0216233433547501,2.7948875707226843,-0.37112568795901146,-1.3279477179445278,2.898072062337091,0.27304984064939386,0.922186421867047,-0.597618431932481,-1.9758662914147065,-1.941455763967706,0.49257745650379103,1.0501762031019743,-1.3299616740276021,-0.25571499315798046
-6.2306771165546415,-3.8988946025109827,3.0511625613457167,-3.89554859255452,0.41591439767690885,-3.445617264540392,-1.0721302814395832,1.4176171382931977,1.4424291932262654,0.4634657894933902,-1.580452142331149,0.8426552204211039,-0.8649530639404103,-2.076136521263048,-0.9984636750256755,0.6722309354022631,1.2727840333299112,-2.667059242490051,2.1833941257604232,-1.1731955971217425
-6.783101803351278,-5.33506653005742,-1.0490793864889087,1.4295224775892483,-0.7689417577928809,-2.6458821998552864,2.652051807246731,2.1797492634065705,1.2767965950613038,-0.7986641405419885,1.2348998203865138,-0.646856867827019,-0.5751048698507641,-1.0364069108034402,-1.128156198862186,-1.8111823723042004,-0.5980787509957427,0.6233429797658521,-0.48305423999413977,-0.568749220744502
-5.087392230926919,-3.953690789498393,1.1877293005980734,-2.462497950836974,1.3451338734676528,-2.092390995084762,3.6623396110520874,3.5660957204349986,0.4070940424991132,0.9358917017882779,-1.007327571047569,0.3149225426734942,0.322311865881324,-1.8382019581542999,-0.7668493988782733,0.6829463328521399,-0.6615596262257561,-0.83227496688099,1.1971109725799745,-0.29307611825294544
-5.97578114442727,-5.0283826470556745,2.1217808137091003,-1.5435811271463173,-0.30288956380338694,2.685068123968899,3.8289771782430835,2.4642367835194285,0.8305895798897975,0.7615109260491272,-1.82025274652734,-0.9964524190580177,0.041260191784938616,-0.5671018096756111,-0.15829911046525175,0.4679911298206054,-0.4547114060884565,1.0318854917987839,0.32567260271528703,-1.7827805222489799
-6.655995530177641,-6.369003033622629,4.462361959278679,-2.716839848035425,-2.3972621121598756,1.5091847840473394,1.86355713653198,2.949590177033154,-2.896649907251655,-2.6289071140799907,1.6389624634009254,0.7727384058799553,3.5745677624375016,-1.6867314415541714,-1.5957457452868793,-1.1652388302916188,2.7745047233323246,0.10665854729337776,0.7954138884062748,0.7108463197734265
-6.365827554503236,-4.780312942704144,4.979218631264235,1.628717857616307,-1.5836868709765635,2.615329831320149,3.6462881561052107,3.038661122582529,-0.9219928813886102,-0.8022437998342326,-1.2605774422412872,-2.6874137026331884,-1.1483403984555451,-0.5723530821831958,-1.0569534315926297,0.45266381305855297,-0.2522267765222975,-0.636781856889104,-0.5337684199870656,1.1285757388737374
-5.102345739280027,-3.9187288157149025,4.900779155204167,3.610558907486675,-3.7013120011869614,2.9427219294607645,2.451359379232674,0.6528100858786832,0.11719530463765732,1.045179964922973,-2.3883692412525575,-2.326120099093953,-1.3862185658157822,-0.5865268194014792,0.32451908485275566,1.145660019854149,-2.2864070759529316,1.481971337805474,-1.81830138860225,1.168997808372484
-3.334295899870318,-4.538966522102991,4.829349372154043,4.08784385394954,-3.2883626522937717,-3.0736765678962414,1.6691719512072882,0.22270417529491263,-0.4087894567319497,0.28351640888267443,-1.517864610881435,-1.3258300588153022,0.07296204035433507,-1.4854107211767025,-0.9160810739055865,2.23361162585058,-1.7787301215623812,-1.553683163557733,-1.7325729450646992,1.6372577615926458
-0.7767722678100725,-6.017367228790384,3.031717969891401,-0.8362329972895688,-1.4019654272125173,0.30337056465987866,3.162825933336455,3.1405954102433054,-0.7014864917624354,-0.8674039250628468,-1.2195587514817476,-2.2230538328538714,-0.5437531085092986,-2.2827597572979936,-0.7603138421633218,0.8495708100665446,-0.14341455530781244,0.1998700675226308,-1.1228711960789288,0.9336247551615973
-5.041100223386431,-3.330245734555841,4.9682507806429905,1.3490182136052886,-2.420783404442788,2.359915781316024,1.6290347172082578,2.2497140939344287,-1.4456380911522524,-0.48038706608497983,-1.5137281994568055,0.9519072644693423,1.5450707516381068,-2.66651074637803,-0.0028607016756644343,-1.8250123245725516,-2.3520268047309814,-0.6510519763397316,-1.2403340565361094,-1.2029814981981133
-5.954286647613133,-4.327785461253264,7.759675431805911,1.3956919729236024,-2.2929282321144084,2.270565902566763,2.1360960694338464,3.0160155748988,-1.2389652230042623,-1.4618363111395878,-1.821320950845515,1.2902689443352462,2.766411611214143,-4.249926303972243,-0.4432844173979146,-1.5426087373828845,-2.9947936493291776,-0.6242201519129411,-2.208761088039351,-0.9937810592110428
-4.882289226201548,-3.1288585397675517,6.655235421025078,1.886383489245116,-2.9609783456347216,3.414992148350024,1.877297900937634,1.104853030598209,0.20859594876513754,0.4419093560118419,-1.4531432628756678,-0.41974828234487727,-0.766469110799873,-1.7033566759648124,0.6600830696220328,1.9929176751129396,-1.9737593129314748,0.6710286059255934,-0.8892316062025636,2.315041829494661
-3.353109706725694,-3.187320850563096,6.26216618963705,2.4359036711949575,-2.765745032974726,3.3555980292384686,1.5219635741880646,0.34145431270826204,0.19940118415264024,0.1999699203973364,-0.5030027123319287,0.503752557257453,0.29433621191823134,-2.594861280125726,-0.23394016438823018,2.5814591599987216,-1.4210766878985752,0.4181260985355906,-1.1020013072038806,1.786522762400192
-0.5826302810244071,-5.15051888893815,4.591805126687099,-2.621521471845611,-0.6015368049535257,0.9887366433798315,2.9763668878664373,4.052088848251581,-0.9349939605920692,-1.3967327511436505,-0.5386853414767879,-0.8030861544822008,-0.5222788512361212,-2.827502677948285,0.3180774419459297,0.8342422434819695,-0.18013734645736068,-0.40149345793696367,-0.18389515283985314,2.249673494733745
-6.3694246505702,-4.079935913513346,4.2149634107679095,1.1735278956215933,-0.7295497026908668,0.3952237431107096,1.3864967883004942,2.730598900552719,-2.7197476437491113,-1.6145199374037678,-0.7343452435983329,1.0916060480230132,3.6518985934457673,-4.101970401334844,-1.5628950501063346,3.5497639041076927,-0.8894391068455001,1.1519921570626397,-3.315995696811311,1.0180637602711764
-5.777705420441153,-3.1185733949745984,1.6495935390888294,1.5797119346069994,-1.3205095408127958,0.5684852171267798,1.0442035835331902,1.1831421022453497,-2.3997159009431748,-1.0412326044393911,-0.10321759342493753,1.1121086880894326,2.51613701321864,-1.4707879190310063,0.054872466179770485,-2.199064792124931,-0.13802061577285435,0.946549889790925,0.05560781243983759,-1.6791212045180588
-6.759539470552239,-4.199577174148295,3.8506470292282096,0.09736365618711162,0.1300207516437748,1.4818411287273436,2.976933533157119,2.9842180918594567,-1.4288116519303724,0.2995764884429247,0.2904286624172975,-0.995685106497592,-2.216992648459036,-1.0045043234570508,-1.175406769416944,1.2345445183878536,0.16397535381095552,-1.018166299317556,-1.3090786197404576,0.7001753158160896
-6.0502606483678765,-4.98653649769454,3.2558288466668213,-1.9761863664368255,-1.8350394773376535,1.9849829814321727,1.4112983666027308,0.14892674856555804,0.21460084407596342,0.34373441807559213,1.2805346588249797,-0.04148078007213335,1.746030943833947,-0.20879250884893338,-0.832936856816564,-0.7741989826030284,2.2596715103724683,-0.8662445735024981,1.5575113607305864,1.7461495981068986
-3.7541922355046875,-3.9046696552254065,3.6878774312185185,2.5478842371119743,-1.5023805372023626,-1.9610196973799732,1.0653555207558862,0.21829903469459563,-1.0483830959817406,-0.9355642967645166,0.46213126118971865,0.6463552180605477,-1.9675285591217488,-2.4869980557366094,-1.2745771362719918,2.7296851534729125,-1.034191880959792,-1.4379576292811305,-2.0090451874205604,1.5314367036610732
-1.6767607199987222,-6.278699576408927,0.77014450617671,1.3967368400721742,-1.1470746044498707,-0.6259430921393265,1.93614434361272,2.841012798498264,-0.8599372973031201,-2.8218060560272846,-0.6246610748754123,0.5263829421600964,3.1243391106159715,-1.8259631646444707,-0.8241830963840507,-0.1177070416169024,0.523686219765662,-0.5558868117150353,1.5063754873303878,0.7006509628894024
-7.203682069956795,-3.180622497279537,5.076630974014003,-2.3208237259994102,1.2368348992983624,2.5342308025485423,3.4356822236671754,4.835808490326453,-2.392691170813493,-2.0761580540981233,0.20659796737692449,0.059810617454709725,0.12104502991161573,-3.515891853759107,-0.18024575047863178,-1.550083361995513,0.6054232042005533,0.24644512899109022,-1.4352040895079528,-1.0796221921872025
-1.324629414501407,-4.828067951850438,3.6960223586416414,-4.17639375584109,1.0837473768557495,0.7685723962204545,1.9969360629518014,4.55119253504702,-1.1753214661769449,-2.6014810539560775,0.7189601811698871,-0.7595221790421907,-1.044306662813079,-2.0438620428029344,1.160816453027769,0.43720231709373314,-0.3239632127498449,0.09808408887687296,-0.5948447570277539,1.6434751295764087
-1.0078509521475698,-3.368525921937798,-1.1186417981263856,-3.283543049726953,-0.4158518810823577,-0.027132409931685753,1.2850034643675836,1.1367483673482806,-2.2082002581850126,-1.4391569943413778,1.0266504876849627,0.03412009771998356,-0.49950389263346756,1.546152417416394,1.1912408740142402,-0.8850412433338115,0.9339346167544897,-1.0021859138927685,-1.4072254506250244,-1.568373347270436
-9.869785041991255,-3.221921189780149,0.03199875516879713,3.345247578123298,0.04701440658930528,-0.3482786749676505,2.2105745126053424,1.6819444779381085,-0.7415403472614992,-1.4062533591457738,-0.5729890646908506,-1.5109417088788857,-0.00792327139848309,-1.0713314106147251,0.6577261048531811,-1.1385244515600206,0.18292539554460818,0.2612323372708971,0.7035190996929049,1.5991516195586384
-6.592246840237733,3.3531681769214297,-7.098065632819392,-7.758007992326148,1.0435847941607412,-1.5292889313551994,-0.8084486676064011,-1.5895484382367648,1.164268401704515,-0.6889144237897238,0.9906896306846757,0.08845221545093995,0.21989832433694834,-0.8459876994908495,-0.4521177624044638,-0.8335517559772618,-0.0774268399734368,-0.8316226004931968,3.393454406604354,0.8386189528381205
-6.057854542948162,-6.862698930916462,5.870852895843395,-0.8598857977401614,-0.7469918009163168,0.4673725995956834,1.5165148882559678,4.076344640883812,-3.8134528289703784,-2.588413174958077,1.1177132067358853,1.258647053016395,0.8779944605052351,2.5220879148712294,2.7256156368992346,-1.6581778272627974,0.18572110527775867,0.5191905419352663,-0.10333399069715826,1.4121683251414108
-6.496572688565012,-7.689415341986777,8.19592726836396,-2.0086237641339597,0.35776133146120703,-1.7753832410416146,-1.1855758970752963,1.9042987551841652,-1.4583346615205572,-1.5457181932456743,0.822825789091193,1.769342427891147,-1.0216153054516566,-0.5309574089756548,0.9988212856125848,2.76419909748554,-0.25145792635991726,0.13762555201586657,-0.8215595867954882,1.064769405047568
-6.694315165417564,-8.09152530871725,5.894922163211527,2.190579407292255,-1.114744839567971,-1.2507366047021211,-0.7599528930023712,2.6623947581173755,-1.8653899306682074,-0.31309153182828076,0.5200152247949488,0.9360459218213917,-2.9169124171207175,2.2413806014111106,3.5910857822165516,1.2644968026034211,0.19964514579735626,0.7563802879502078,0.15886472779534366,-1.0559069558104328
-7.0340706505042565,-6.644949579630191,6.4782024035696235,-2.7957194614637153,-0.0006016232033177749,-0.4457953368911568,1.1626177584472517,4.664084140543796,-3.634332312316376,1.763214540958874,1.1459099591271298,-0.7567738241607103,0.698723480781909,0.6763778475319602,0.47437942884517326,-1.7576139565598727,2.683870491697033,2.0106228223629055,0.1695139681233765,-0.8663238750272855
-6.533927209251209,-5.918718024338703,6.839151913026729,-1.6317342791670661,-1.387710619033796,0.08791555086601088,0.5576253306388983,5.268790844130628,-4.201904920881615,-2.757356045526758,0.9189346220863129,1.6358082750577732,1.6378953558570402,1.8184583590655246,1.7700318395489052,-0.1627169202583696,1.55944399489367,1.7133963727144441,1.2190010271519622,1.9578999843458966
-5.389204517743789,-7.861368730489765,3.690644849483996,0.03765775326959689,1.1133361023258757,-2.275217312440751,2.5362950610248025,0.11930561758143488,-1.3235469825471928,0.6348982168828887,0.28452080380512546,1.363539667801331,-0.5930700239822764,1.0198880931288354,0.7442518426561411,1.7111766155172723,-0.3574403697724464,-0.23715640436271448,-0.21286743279715614,0.834948496397005
-5.752898545830172,-8.348786232365669,1.6944535909746432,-0.351822471446852,0.9493532018685559,-3.325649403085185,0.7219244260200213,0.670392979603951,-0.873266146102047,0.46740167849489195,1.861266971058196,1.7825404261542148,-0.06000260935449858,3.34997770974726,-0.22916427284575133,-1.2041144451056724,-0.9795121489916141,-0.3059080349896437,1.0954858592638255,0.2804443435292551
-4.658416647598919,-6.999829632402979,2.7927349163370936,-2.383738002100643,3.041240252746988,1.559731927936736,1.9914972581329322,-0.25967476863936634,-0.184705189884387,0.5476900019182265,1.0215589336195705,-0.05655637503918809,0.02464118700010376,0.5388031651615014,1.5196156291892278,-1.4013767767094525,-0.5081090045393981,-0.15158193265625425,-0.26328333875118215,0.3342240913744896
-5.05711640663325,-7.578584738251834,3.1629293731646646,0.01182245864799597,2.868780895764063,-1.8819542580163255,3.1349613105293703,0.8510314915726142,-0.608676464640224,0.5879847999561978,0.6443258821449083,-0.7682219218305716,1.0351480188628237,-0.07203355308899667,-0.03529970005363679,-0.7775647322739189,-0.6189670676060192,0.909559404500117,-1.1256270101733241,-0.03687770326457085
-5.274689267576527,-8.282512735182765,1.2116146140762694,-0.6134857757523988,1.4874460186804472,-2.0127778653376183,2.305183391321354,1.588284701431191,-0.823953063669644,0.790627218137379,0.43708018586248454,1.3472891078879168,0.4048879803271881,2.3445511967878967,-0.5048555282332621,-0.3366790402171397,-0.8814244304715846,-0.677422910793217,1.2947218212941716,-0.2932260010165251
-5.627710755902681,-8.453919309717959,6.60166413364635,-1.1242257222496657,1.7558901653768428,3.7152967753627664,-1.6436726068065177,-0.926978265891234,0.4446737467529973,-0.11336436751972917,0.8867834000060528,1.5191159135731245,-1.5152362064388534,-0.8984140713341483,0.6204314422474146,-2.6623829536549013,0.0014580279248626038,0.735148232869097,-0.32321920871709137,-0.2435451596999787
-5.440696235030394,-7.54232428250843,6.525630650151209,0.08999546052988283,-0.2060677159180713,-3.030016165187989,-1.4515616605348507,-0.3887998401240712,-0.5013056262947084,-0.08016784005408142,0.11382183697775483,1.2317454037411295,-0.2982179594905304,2.387984903492352,1.8417797930871336,0.9974212963634475,-0.889986168126197,-1.0838850795032582,-1.8209553944311683,0.20532964752991467
-6.400831922126628,-9.002103500728797,1.1718424569813548,-0.5038462357794711,0.9661198596426273,-3.032516907169737,1.2885222579330409,0.19149517409089367,-0.870496372530508,-0.32620019143152196,0.6685514418819908,1.1508522760190918,0.22464501057830946,2.4282971095091943,0.20392804937683046,0.0906199246829562,-0.6144373614150896,-0.4743475480932362,1.1876369925658306,-0.36546889453627907
-4.98917374279943,-7.236242519784552,4.155242610475512,0.5671082738339294,0.4773002649243213,2.427948751009979,0.9333653374143143,-0.7517911286975922,-0.5733819601625127,0.21897618875581149,0.027911265348405268,1.7610622168381243,-0.8948770057910826,3.518841061856779,1.255989713070314,1.2919120224815077,0.17666962623529975,-0.7073418097229707,-1.9243618089432353,1.8412809989041763
-5.985071230610963,-7.900775115113177,8.231398308414422,-1.1027248163785115,0.5465987359789051,-3.326004985938327,-2.775717798392194,-0.6150957223794933,0.6674424455697785,0.24080843857568068,0.38948695499457564,1.7733921154010879,-0.29235949717625953,-0.2816656472269895,0.015630898718967057,1.7169023663487608,0.03375976463767616,0.13029190898480603,-0.5891964012979216,0.5695196594318299
-5.721138949135012,-6.5709402598059805,7.893242411258578,-0.4472079822968094,-0.8912941142713244,2.8530311459448505,-2.9000341611157068,0.06168896152109969,0.1693903988894928,0.6501044991326211,-0.640494966626336,1.7780320488888823,1.2681464498201858,2.4771043964213586,1.4406634029739411,-1.3970697603002822,-0.10143467529251055,-0.10065407985694896,-0.9761279178328299,0.604040574304736
-5.95910761096683,-8.186929927769508,6.91495502491399,1.076045395354786,-1.8464167295488194,0.03685911235457717,1.5798814594470918,1.4365938263499485,-1.06528710522433,-0.16624439637903005,-0.40690583969558924,-1.5109100378990896,-2.4678076598974177,0.9117040793335016,1.203458991937777,1.4865290632579724,0.010507193402426451,-0.4594293055323847,-1.6154510111571714,0.7518623211414671
-5.8453154582345945,-8.309931221554702,9.801069343428365,0.8863574011800033,-2.2526957002751913,-0.9163809882612813,-1.1811422940877954,0.7444848861993248,0.18983227708793593,-0.06252822385073326,-0.20517075683752217,0.6134924779208717,-1.9588465689009558,-0.12098890960407387,0.6090754922962303,1.883003238779354,-0.32562422472006713,-0.48195344176128374,-1.633180394826479,1.3678323837138673
-5.410211070276731,-7.249897046482677,7.045704653106524,1.2458444703008706,-2.684777420802633,0.1656342194558894,1.2305476087069613,3.054004340854667,-3.2771814750419352,-1.5221661561286761,-0.37971230755112606,-0.5542924695538171,-2.2466134321035183,1.7782321296048673,1.2803846811568835,0.5430901523996388,0.4844921598482377,0.07925545791941291,-0.9479453748424791,0.6321095687027161
-6.1570367764721405,-8.632000883073209,7.8662101174445045,-0.7406036477923741,-3.180016929125512,-0.1817939217850388,-0.6195200375138481,2.239548944589851,-0.7099219395597551,0.7102568441807362,1.2102227320266838,-0.12417879678700688,-3.3047365991098014,1.2928438317904984,1.9684071980957916,0.13671783635309165,0.5925896773323776,-0.24950041989597338,0.5462933300951125,-0.06754017505502319
-5.296929012381948,-7.886647489566724,3.8754215651764112,0.34802979645070997,0.8916912730812523,-2.293690411404743,2.4783101864628607,-0.0631081050449136,-1.0361343795346962,0.3397354480306308,0.03031608932897445,1.2076298095514755,-0.3813077262815716,1.1780333491902448,0.9509444951875785,1.4791309543553743,-0.652045303997064,-0.5021846250525244,-0.466499080210401,0.6313612792661897
-4.789613394801974,-7.264675432071462,4.199479025426216,0.533789047055638,0.5880722143086674,-2.6871217644876735,1.4292424650283215,-0.05596059908353168,-0.775107962173495,-0.4385867676535568,-0.4238320131552723,1.845981487194989,-0.2876673577765174,2.4263763479233185,0.46399908271526774,2.5534590546538585,-0.7719907557832326,-0.6421375888060911,-0.0068729215307835045,1.4570691493011636
-6.918697561517275,-7.761099332342391,-0.2305906853688946,1.1926256082825,1.004845919133466,-2.0813953733975206,1.7617744737492673,-0.8335341707386354,0.25623723863172265,-2.183154570150544,1.620908059879695,1.2249681216290984,-2.033756689233308,-1.1602772170748472,0.45013582603899926,1.9124959239937223,-3.6524035788296616,-0.10014638598188716,-0.1073201446811824,-1.9591992485606204
-6.669224051219482,-7.9921383892593765,3.3037279378551094,2.2743318090394293,0.6040007145647831,-2.901939983903791,-1.486144078242802,-1.196819703457819,0.5837251081401582,-2.2427647276596674,0.5248402555940046,3.0313411216432438,-2.6170232491824157,-2.6048629855893846,1.5135851523036683,2.898168888225765,-3.267073948259253,0.5833596795986982,-0.6880195988754361,-1.979574953361067
-5.406023577870677,-7.3057192192882034,0.7368842431886117,-0.15303999337365393,0.9240838134851257,-2.793357872976757,0.28301541208307046,-0.6349341776122742,-0.4393294785517037,-1.946156628862675,3.4721645379488217,2.4559052286671275,-0.25401699344465933,-1.7679601868486294,-1.7452541815463076,0.8197043257915185,-2.6526083352344054,-0.4345647439564369,0.2910887427792961,-2.3961351083906752
-5.4602872037241115,-6.3254539313891485,3.841608992353439,-0.5996995584342666,0.8728331745431449,1.7032749562522176,1.965449693836208,-0.8488800149694807,0.9455736555660839,-2.750104553171553,-0.34124686714983404,2.196206692474687,-0.21752075056882758,2.202673451741255,-2.198408135575324,0.10566954062444467,2.454861262654251,-0.9006496520809835,1.8674919667942316,0.0005525019933930453
-5.491004611967917,-6.122409578361095,6.598652483703857,-0.8754108567334226,-0.5990343381048694,-2.3975365064018828,-1.619401200803674,-1.816567947771639,1.0049500841838879,2.018613500942965,-2.67188458648863,2.8163135693901915,2.9928278700885222,1.4087222930485253,-0.7473108992494221,-1.1812645583873447,0.8463560152506822,-1.2966277470995693,2.365304022969795,-2.023454345399649
-5.914888877696734,-6.390172175224468,8.24797898615301,-2.074318913780837,0.15625150796742826,-2.923077707162012,-3.3168313723497818,-2.296646920387911,1.8475820228500863,1.7664722208893373,-1.808870829258559,3.0682017813876232,1.7409281772407623,-1.1630356040626446,-1.931022256917301,-2.3273881558979186,2.3844904025429887,0.36745594940736503,3.152601363674864,-2.0758863003225865
-5.735555914166215,-6.166379013108346,6.528279118852865,-2.7895456918010066,0.011375274019074497,-0.7925842457137651,-1.5503774142277738,0.7800321370174074,1.184745211316507,-1.5143702978840992,2.4809814245230752,0.8931250357360472,2.977816097692481,-1.4068576185740456,-0.8006553394473074,1.2403423419713324,0.27652965133347546,-0.26283663455347755,-1.5242532135846611,2.280568453423802
-5.032328518310373,-7.039698260672079,5.91900890812126,-0.878199218148086,1.2166208369272429,-1.0880403204327838,-1.674177999765101,-0.8340520659316164,5.466944876216864,-2.002117807847298,3.0046168897490824,-0.5252142427119824,-3.3757725150978803,1.2054834543480513,-2.0999363927183925,-3.2369725890709202,-1.9411324016116094,3.187324003219981,-0.5481607340048851,-0.8653733750568127
-3.426680230816797,-7.8061337803363635,5.913045580221233,0.2712476509579755,1.78207437438828,-2.7098940515217036,-1.5243485920137319,-1.0876541593942668,0.2543395033280685,0.8791880343844907,1.4651430704764605,1.6369963946379789,0.8147369210503723,-0.27658571348542194,0.1387598149912134,2.2994575366816656,-0.565434565766483,-0.5607670110866176,-1.5008102286119844,0.8702973377013211
-6.090138831278672,-9.318053077663004,5.4926796889794485,0.030084917018722734,-0.14091212086348304,5.218877102397311,1.4160562982964262,-0.36949646499382127,4.819547219002634,-4.658809203583883,4.546679562358138,2.9443243327468576,-8.551078346439642,-4.5015784181738265,1.7052134417570155,7.171706334551664,-5.079170831963749,-3.1876877011301326,5.334668841516926,3.778707523594162
-4.226540299696988,-7.2440423002384735,5.949047218560688,-0.1194316734281955,1.103282213914026,-0.8122544296153524,0.9208170376815558,1.54195183874426,-1.9241387052782464,-4.790223970875328,1.8487555744576678,4.855428761583515,1.2685744104268006,2.039077184176759,-1.787893310602515,6.617392504572446,0.531190668747493,-0.1514809929266675,0.9499769120597534,-2.705212404860961
-6.781561766829784,-5.877224020055068,5.41175633164056,-2.5137670303455772,0.5236886754569972,0.14311157221308402,2.2263373320759268,3.5241171131555453,-1.5001744862239854,-4.198447083837584,-0.6561120733107402,0.0242004168283649,2.8600292340001636,1.9860411884819347,0.46296942625958515,-4.639074799795995,0.9659695260669925,-0.7643441959445896,2.6332437669337256,-1.3764367615164232
-7.213302237258624,-7.282755654175801,5.244925408609481,3.661076667084466,-0.9426746327828835,-0.631174842569323,-0.5219754935085696,1.7537498004841248,-1.2225324024774638,-2.8164344681611597,0.7899753711577783,2.51948688053648,-4.002899794529377,-2.2118066263943588,3.6661449102427235,3.3056717046059227,-2.768511176923428,1.555865243850048,-1.2679397537784824,-2.3732566011750116
-7.207700655724777,-5.243726029295301,6.762337863422346,-2.9389526653599445,-1.1424481447248065,0.4407069167146353,0.6468402849658975,2.972359420098345,-2.3825280542877163,3.7842123027245544,-2.110707779550726,0.23812560667752103,3.5294432788661725,0.9535897628420766,-0.9993934126747015,-2.3427225408720687,3.348817040863301,0.632712006345941,3.4503998390349087,-2.0753025112186867
-6.084244830276896,-6.446303102168299,8.2581043977933,-2.1546043179356125,0.28960700660146155,-3.202304510191857,-3.3303708709331636,-2.2866932919752,2.0183615389503413,1.7946431839160242,-1.883472534616804,2.9997403769800113,2.1931300452145606,-0.8198345155260521,-1.4583402176165579,-2.777172787340307,2.117120275470729,0.05775012570349525,2.5817734865987667,-2.6339549564246343
-6.140708934181269,-6.613175783879461,2.804928567742004,-1.4634587491889974,1.8255614660569208,-2.05173810818735,1.7458569979501855,-1.8922440337890774,0.09422865350623777,-2.0822286000894805,-1.8591760576309282,-0.03139205376854226,-0.30587668275367935,1.2839412891958584,-3.3171734531433112,2.8695413008181108,1.124914358828403,-0.22187136919693762,0.8902070002243443,0.2590386223857609
-6.6635409939099866,-8.014288379909935,3.361610172876206,2.2001189816346844,0.6046433647614996,-2.9147899651216225,-1.4554108263028214,-1.2123761753157274,0.5855800130336095,-2.2170289532894754,0.47199553812306955,3.1061339261219763,-2.4836120885074093,-2.6622780220888576,1.3912867671708948,2.8088910980292283,-3.308050533651943,0.6148971337053071,-0.6807974700572792,-1.9778161361511162
-4.820355972967253,-6.2870266187639,6.681103644690234,0.30392379866192654,-0.2104638580488703,-3.885257570282609,-3.5321781119946345,-2.783686876999928,1.1291710193426259,-1.9556248492029422,-2.114066120405915,3.8690869674462522,2.3315171070312997,0.7181979096923484,-2.730772676645737,4.144271694450282,-1.5377227232199078,-0.45840345000830013,-0.401580687434692,1.978917759608807
-5.958616037020429,-5.1077784673246605,5.850813883446734,-2.049724302396146,0.39177090720059204,-3.005180344849502,-2.729116167753683,-3.1061283690149475,2.091008888050422,-2.949749063070041,-3.710524844869865,1.6000688350202992,-2.0520883530704124,2.39945182486095,-4.272390369614976,5.683700366569588,1.595151844349092,0.3119366827294666,1.649908940586649,1.81153422929233
-5.720087339026127,-7.146752315963722,3.3191292946638127,2.047959781068691,1.121218037933348,-1.993642030311913,-0.6378797079893203,-0.041222533612486734,0.7423334247553602,-0.7751343338665765,0.7304761762003046,2.9570435749413138,-2.589025269870331,-2.4037718214999866,1.0168539298253272,2.7669206861521425,-3.27054756277311,0.28058665700678664,-0.5803680186665414,-1.944195144745032
-5.727453561650703,-5.971169443962717,3.455681168072685,-0.28706397903497416,0.30825083889330646,-2.1298717075838156,1.0340788428961138,-1.5066467340319454,-0.6992378899648932,-2.5885889667159763,-1.9511274540721595,1.4225773064381455,0.5955892175287814,2.235966524598926,-3.086281855131959,1.1389016513223011,1.0740837777691108,-0.3543692204847091,0.7957996283288893,-0.737868052353661
-5.700922140117715,-5.757261365999671,6.414831135029518,-0.7389048818177923,-0.39957969974991964,2.331227970405609,-1.184012855355229,-0.812006037131856,1.6140750098693464,-1.9465327428948056,-1.5063574988112562,2.0684816424221713,2.0691294936790725,3.6163418373215777,-0.6283167270338582,-2.7115819189332777,1.1174342115634188,-1.5454197055436047,1.2806072186790032,-0.7092148875025959
-4.642821382099213,-8.996565238025946,9.769587807584864,1.2799139036644385,0.9821729380894118,3.5656971619844917,2.0883601977541204,-0.3165567727034613,6.970625779756881,-3.8958351464995222,-7.3999706978329245,1.2559960626592366,-3.7454797198415575,2.0721235523985344,-4.478801160747204,-8.872518784088685,4.91716337966861,1.1682713986701134,-5.472268494082113,5.419028102154709
-4.283380545514003,-7.209183789012054,5.890854609741099,-0.15304966534171618,1.1489715500850068,-0.8500272931988248,0.9018483006503072,1.5222490163143692,-1.9544568418064268,-4.789659820253062,1.8822175962204912,4.8568928884048335,1.3171400351838922,1.9851855143648234,-1.8317688821771279,6.537939017819967,0.5598413738893953,-0.1388440270165573,0.9392268883728607,-2.7123465420082695
-6.1278340573434225,-7.495190449662884,4.751152261383333,2.677417958445674,-1.2071983790243141,-0.5923213061011773,-1.4645959612618864,-0.4122361519573159,1.356821935818837,-1.5415992514230599,-1.7466333913178325,1.0568075461228956,1.9439927629624871,-1.747109746079664,-1.023557409311611,1.5798231560278735,-0.12256700312227775,-0.40641804766979583,-0.13460512220137985,-1.1327142180573733
-5.935635569089328,-8.083592296574475,2.848224262856526,2.9324951885234087,0.7857253211939986,1.7726970214615074,-1.3098463196697243,-2.168062397655762,4.370375004731395,-3.1917336185821616,-2.3617049150011726,0.7771062888755019,0.558876394777017,-0.7258667489766254,-0.6839251986797534,4.703264630252945,-2.190519777591658,1.1087669539065956,-0.8886230767416523,-0.6943829485724525
-3.5040629285799643,-7.692054956424668,5.604961524436073,-0.47897619378571543,2.4814609479621748,-3.3512441962329165,-1.4441445389859573,-0.9413439579591499,0.44868618890959844,-0.7683487241606728,1.6091238366599714,2.3625120850672645,-0.9279630864202371,-1.460526927870108,1.0303174669233217,-1.8064764650057927,0.2364205257725882,0.36894827630642124,-1.3412476736548986,-1.5388802570893039
-5.551722515770917,-8.605889739498178,3.418926469192635,-0.7527891111130142,2.707419323822424,2.5574439122704673,2.1594659992568346,-0.7321463083732096,-0.27709203791065196,0.2308883930896819,0.5257259468333694,-0.5763005172302714,-1.8388509387141787,-0.2298795832979823,0.819290845101388,-1.4922503118134507,-0.3226738624331262,-0.07971813659937241,-1.0588964811824606,-0.2634129229046395
-5.578867385547369,-8.426093640016045,3.6384761675397472,-0.8235220400325785,2.70773473343995,2.2731192320950244,2.4087604219399323,-0.0907956002881567,-0.6953225583085803,-0.17836315823026516,0.6414515890071522,-0.2987071397705985,-1.9581332072525834,-0.4097430675462652,1.1445572102524326,-2.030234537602345,-0.8211269057879935,-0.3451646696031769,-1.1080070517152423,-0.1763977890672056
-5.147087590939244,-8.889833629350035,3.958279135946914,-0.7748343014961308,2.8857353228452025,2.83328482377608,1.8743074951859708,-0.6804346704948809,-0.39218897935960284,-0.2162905519743794,0.5732391551217653,-0.3418619166802539,-1.807983449443793,-0.08895515013141075,1.2067114293020782,-2.23231958235891,-1.0182952094168658,-0.09530174445377607,-0.8445817040279492,0.42113392503361713
-5.296722361547286,-8.932803265730143,3.7507847787998716,-0.6351694056891889,2.602970874609821,-2.5934407309767638,2.5543549548458304,-0.7956503510079005,-0.5677158806532683,-0.00266955105800315,0.5954308850441915,-0.35547642567658655,1.0183337184091223,0.16819644781625487,0.33696575987971844,1.4038919994923704,-1.044733709979273,-1.0337258859621616,-1.2077983888141415,-0.4036992435677247
-5.879228922197612,-8.768542006580141,1.2673966958542386,0.03894152608811541,2.4261221948569496,-2.693431420769345,3.192679035983164,-0.8820386008731083,-1.4376839168040179,0.06318805141891806,0.965555002253609,-1.233306336279037,0.47971883769997936,1.4494433493289638,0.8139968844017976,2.0753258384782187,-0.7194011779690661,-1.3438398196992076,-1.2790169525144883,-0.4065346493871323
-6.3147541897865995,-10.198213429870979,0.7894881698187627,0.25612390091107706,1.9407169350516014,-3.2129377909822003,1.6092777171139092,-0.5467638084329131,-0.02053139439920304,-0.9258331114578069,-0.38527719497982404,0.05062369126939026,0.7178008785750749,0.49345692997945384,0.625639333378825,1.7568714499937808,-0.03224250841436952,-0.16148601088024656,0.9698180060572399,-0.6466611427646649
-5.688720063159025,-8.524370151991775,3.507477822670337,-0.8697617660080899,2.6337544928543988,-2.5304003642536426,3.0143116881731027,-0.15792068943419113,-0.5346705511305234,0.6198677842574966,0.20965010226295855,-0.10095552732963553,-0.3589882765251033,-0.5058361495966948,1.6622103989614088,-0.7751724450860884,-0.43499087436216044,0.043810290467952484,-1.083573939298922,-1.47527941019517
-5.962924502827376,-8.703745318533437,1.2205456821203209,-0.01770015982460471,2.519150546495063,-2.7898105232415373,3.064881728467633,-1.0164885954484162,-1.3294173587741946,0.03907015182140791,1.0169798326979793,-1.1779005341225999,0.5658433236859153,1.2287124996621326,0.5580229539129787,1.7838512242956317,-0.3784637760300863,-1.1155330287841347,-1.1107597591092537,-0.5040937287492687
-6.093402922008358,-8.633550804658128,1.8187998240639605,0.3406032542917788,2.5147987902171427,-3.242579732768755,3.3813740698709744,0.16317203768097938,-1.2251652608116073,-1.0815375168070172,0.5334000542451436,-1.8975175488665692,0.6646645513526064,0.7657188401465164,1.2168299414271355,-3.267181028924985,-1.3828758549403202,1.1232434487533298,-1.4403688410444204,-0.12490221100182675
-5.280229845198323,-7.930845720987962,3.7163403620562043,0.21085405483722286,1.147343015227817,-2.579963184029431,1.7787333175380946,-0.5220450019891008,-1.3170245299045744,-0.37843983708876844,0.6618359441608141,0.8332166247772645,1.5106979127484086,1.3816266873000558,0.3900497622960678,-1.0394636065776235,-0.2870061420542881,-1.0297437958542597,-1.4020751656123878,-1.0795065829938228
-4.604535473016336,-7.9646739701311935,3.228069698634811,0.17345620437154577,2.9318188447176805,-4.35758653207653,1.357247491527212,-0.27596830905336234,-1.3112069925247882,0.3163885669838501,-1.3913164543351328,1.1980948050878615,-2.190303307034657,0.7405396762236067,0.8478609723746957,2.2306883404492064,-1.4239437872985823,0.12104882753825252,-0.2518323999673707,-2.470435350474964
-5.64298754045221,-8.374304711290605,6.30527016703993,-1.512840576637678,1.9406479694548977,-3.774131502806128,-1.339484326530242,-0.959126406278946,0.3103657224777422,0.3761603861115228,1.272053490747542,1.9239205283171166,-1.151228947094793,-1.1404811552383025,0.9178371377978217,-2.1650461998510826,0.650077916592745,1.1847786195153378,-0.40296991211521827,-0.7108213613262155
-5.944179733265548,-6.923752880324483,3.2617812048892265,-1.8009732520036124,2.6304275682134484,2.1812180503864633,2.161486266087223,-1.1430498547438386,1.4606131085190497,-2.091244851661203,-0.571668419114304,0.2592967823596367,-0.009150474632655226,0.7331300885250017,-1.731615130695278,-2.244091677127633,1.3523308683850035,-1.220342884181028,1.584936141923902,-1.6737929069308355
0.441574794102628,-8.874808276762069,1.1989905841923623,-2.3728051623946826,2.255332114600349,-3.8386804247173663,2.7677458710543843,0.30572794204303955,-0.18320631100132867,0.07713507208329998,0.4775968226211743,-1.005696266139797,1.1281638016322557,0.39881653920255866,-0.8031718020990641,0.7259755282319629,-0.05611043639149349,-0.7792654390463968,-1.3759338568812098,-0.5243411494436743
-5.8479602927538386,-8.80183312981254,0.16012710707576286,0.18212984038536484,2.353048677838527,-2.085130813398096,2.384089773094251,0.46600890913627263,0.25296346643704076,0.8167345788878244,-0.1862048075903212,-0.3736807552758427,0.5331660713748483,0.880368429588315,-0.0620692844982694,0.9888650318346285,-0.7559321947686068,-0.3948168455955941,1.1154476103150484,-1.334392747036545
-4.56304034606374,-6.9307834746628085,3.101519589823478,-1.796911041276501,3.1390669025994935,-2.700176996655824,0.929054596360453,-1.5412215461240601,0.8351499538086357,0.8721728836877622,0.7625536588222774,0.11210888640633876,0.08919588114166836,0.09575260474229347,0.4863479089363014,-0.8393914959897539,-0.23995681880510378,-0.04136058297796663,0.03258750772467578,0.5061682569120101
-7.034885639134366,-4.010333155531255,2.9100909301207896,-2.6072653700993307,-0.9136541772415103,-1.1846215945463017,1.8892065028014782,1.2851091371392789,0.5140084979541815,1.4607045441239455,-2.1592464624970447,-1.8371234383312611,-0.763063697554827,-0.7492045741491019,1.948259869195078,-1.5353385310196015,1.0352152139897202,0.6706729218872622,-0.3275288568086808,0.9224629510995226
-6.439360829551818,-7.366738998563133,5.33629472544587,-1.944930206932265,0.820244423757664,-0.4862505995955801,1.6381082964855609,3.2402804680953,-3.7767003568433664,-2.3613020397848556,0.7590721610932787,-0.7374088687546004,-1.9794561823538015,0.9136083108093602,2.5863119658803946,-3.010628487234814,0.09906807100827963,-0.6265440215376703,0.4958759911501752,0.5069157857532798
0.8056769325119105,1.0754075895479251,-2.708951719661879,0.06605999567152931,2.419864804013536,0.35529318673908644,1.0634210860023552,-4.328416688712721,-2.331401622491874,1.3355397806720242,0.1344637307439509,-2.6253561857320338,1.8644675124667955,0.8232111386711465,1.0946536308693078,-0.9030748006351104,1.490666404243418,0.7743378885556,-1.0500847319253512,0.70271307865606
9.482643455198428,-4.390465203994457,-2.737649291662034,1.1190889545442546,1.5349090212660657,-0.6330739828081202,1.514143912577442,-1.3841989556597096,-1.590039064546128,0.9621371417370908,-1.5536186621155235,-1.6438955494091037,0.5729892952346067,-0.4032421992812072,0.731509948381921,-2.8617340697639455,-1.0125219745052432,0.21429579374115026,-0.5872595939949221,-0.7254988090052465
7.432405231550207,-3.609971846146565,-2.019588752235925,-2.6426838213789803,0.5565790802444343,0.08948185460136092,1.9307018712553545,-0.6438671115702074,-0.4939560888710272,2.1440334970499526,1.648042324022902,-0.6733832871949728,-0.559487687660479,-0.06552487369686372,-0.8044498969823441,1.209834499103322,0.7872189779217593,0.0039218060251084985,-0.8083126553676778,-1.9183681024659884
8.125192218746617,-4.228920090267107,-1.6485578716011289,1.8218839826849527,0.788470311276815,0.774507538149375,2.4251344268599966,-0.7499719626612135,-1.6842402392685851,-1.1365982474569156,-1.4296343559371132,-1.1219119182899981,1.3319557160053463,-1.0365342807479045,0.8897387915258983,-1.7456843009509566,-1.1677522469351183,0.32875100037244465,0.25634663280722336,0.3301896290919629
8.160583387798972,-4.254368654038486,-1.7680578981295727,1.604444512170442,1.0239517502161744,0.5903975580306153,2.3187664696233794,-0.8345305661272777,-1.6058523925544004,-1.0182903596847164,-1.333176562956778,-1.1698312291114314,1.4025499440479585,-1.0053072088105885,0.8662873382795502,-1.8326572537105403,-1.3563364469190897,0.0683767944849657,-0.1071716556574921,0.06463836894754826
6.088056648310193,-4.5724725871209015,-1.5759132909105762,1.3777349526130818,0.8760243071176805,-1.0269675108458292,1.8020992829927953,-2.4242112078598517,0.12468642172079952,1.2586711221466547,-1.8053431324300604,-1.23555155853655,0.624436845421507,-0.4026183065833403,0.04629647286480132,-2.072967908091636,-1.4810710535726577,0.9607201012815771,-0.635916538716851,-1.7135567882056844
6.838165088894193,-5.501873760825022,-1.6976468967206018,1.6789937830096493,1.3486254339575852,0.2443839295265058,2.470842133997903,-0.6463597258717114,-1.9148990141466469,0.13588970769259134,-1.1071065546863015,-1.498958246100142,1.3337765656025702,-0.7516919963481912,1.1145507826117207,-1.4145294618986473,-1.4649222267886224,-0.45954508168777186,-0.5939009479380712,-0.563619013698351
6.525237954908083,-5.008765136606192,0.1465396140354549,1.848757981331123,-0.187302187478674,-0.03373481517708346,0.2219642917803364,-0.2599842026103729,-2.0281841252161374,-0.00983283834952009,-1.4992670173721834,-2.1441636226435006,-1.6497230678853678,0.6817313342774393,-0.48613263905808635,-1.2187776673228665,-0.4605209469789596,0.6510608275159675,-0.3190584073762475,-1.9330428019919017
6.9792567800419585,-5.432149934498781,0.7713151274217981,1.7534240023030692,-0.41201679366680993,0.4741472027517389,0.6018081368070223,1.1558089298548588,-3.11273918378531,0.8073707990482684,-0.3990198015409465,-0.8407704356864829,1.5710292455373296,-0.5563523848548482,0.9592254760796517,-2.3619733438033217,-0.564239036330296,0.04759616179333048,-0.6821186466032897,-0.6638488217566942
7.505365849948934,-5.557299781978822,0.2875399759225546,0.7173534756549371,1.9145257100585524,-0.2564647988325682,1.6054019056669904,-0.764194821761681,-1.1664280433312948,0.21517498843203553,-0.5233637048252887,-0.8710937267156942,0.1264795155955712,-0.8644369139050587,0.12172291042779582,-1.2847623620409039,-1.3117765795204022,-0.17121825261310242,-0.4714657162662158,0.08738312562908368
6.661087876309216,-4.378375201123968,0.060723904349676006,0.20904038245165774,1.6222732692491513,-1.210063612200345,0.8246020245177841,-2.7975234556454653,1.1979121230871266,1.7706690160927465,-1.9554386418450282,-0.4260891677280747,0.7519155389590373,-0.894590860663842,0.4805582099423491,-1.6675775825868633,-1.4957061491091759,0.46464237651576806,-0.1836502981330101,-1.0086866822004341
8.717379253341122,-4.109307382548104,0.5949325389825896,1.3069628848439285,0.9274151533854309,0.7117528128809028,0.9690001196675275,-1.8497456967505852,-0.07156020840230756,1.6973313141383155,-1.5741946800922444,-1.3307244841006602,-0.8493847204414275,0.060262961262959616,-0.32651306885434717,1.127242057515783,-1.4445452591153702,-0.004371628629345814,-0.32938758611615204,0.9642187091908896
9.52912946167358,-4.02833073762822,0.21450454157232934,0.9662127117509629,1.432561194016863,0.535487730211684,1.727877822474434,-0.9356113715500288,-1.28552856941972,-1.15494604466524,-1.044646708285957,-1.116782618487151,1.009943460022369,-0.8971472269263305,0.33702667668414077,-1.841919663145602,-1.1523784169176063,0.6009653233296028,0.17086187589849755,0.5380290446677267
10.373528691850487,-5.371034040989128,1.261036338046389,3.8047970877194377,-0.8363935595558949,-1.9626875084659041,-2.7443174655267217,-6.442725738937092,1.5973083554233751,-3.5985421877884445,-1.0340356113845643,-4.23304851327584,-3.17535615129405,-1.447270409560031,-2.0035172110387163,-0.6916613093132316,-1.8959655640178585,0.34755088775710075,0.9533641447977894,0.7062187917173122
10.442088012718308,-4.351819000888561,-0.265451832447252,1.5815474660790794,0.40685136117102927,0.6410376543335707,1.0732321449932973,-1.1877887916258172,-1.0542744231717076,-1.3457718795118685,-2.1734291927016454,-1.2253334860206038,0.585263963337241,-0.3371527736048378,0.6072973653688796,-0.9252113116640346,-0.9340362466307912,0.9911779416862925,0.7036072496426404,-1.3221911681369554
11.333092810129859,-4.267623199016027,-0.6704230809791685,1.0120279229357223,2.088318949686883,-1.3419739507178232,0.8655800813685446,-2.1821292988585155,-0.24205768881225698,-0.4845403987901291,-2.348338492667813,-1.203224081399115,-0.3926046844837241,-0.8474419273120579,0.7511219719090799,-1.5773261879641822,-1.3221744429538367,-0.02442826602720194,-0.23693570822999188,-1.5588174445236251
9.482629552653501,-3.8687647711990123,-2.9140869508819454,4.4850497368613205,-3.6554179168783936,-4.385783167311002,2.7822873665556322,2.330671147467043,2.5926719874135333,0.5783600721824645,-0.7128058342488952,2.0752932394617125,0.7919927634453724,1.90819826751533,4.191402586299137,-1.364832707920593,0.33812304164430884,-1.0850949127668996,-0.8151259849835832,1.010811777358573
10.705584951386811,-2.1046461881886662,-0.4256476651131894,-5.45769200941463,-3.342641559955075,-2.358843120118118,1.8508419539773557,2.1835575878629756,4.173825255671974,-0.052295434713383604,0.056843816151360305,2.707454236570652,-0.5446409608760971,2.7398592693702457,2.431363911488872,-0.5591816443271362,0.7016811247723733,0.8244222568214803,0.13847755389408165,1.3326100050294434
5.283819369838032,-2.0001399090615415,-2.1797951093798313,-5.38434995079563,-2.9016316169141882,-2.6616775128964503,2.2566501391437948,3.282805031716123,4.141163719421341,1.7610254481432246,-0.20097850380594984,2.241639963785167,-1.0571130602724912,4.17971895058939,1.7601968761991822,1.2801075356115819,1.534895303740321,-0.9024637204568648,0.44606923579077906,1.51524441373945
5.91497101997578,-3.002201128774133,-0.5004749226097949,3.0771607424253773,-3.295615316514425,-3.4296117018635095,2.6916362456792493,3.3514786279411273,3.2637223970961506,1.9013645359160365,0.15553707882377243,2.8741512622531795,0.9924397333965408,2.365659975555989,4.189446854431652,-1.3183510440229123,-1.6814998117327367,0.2229144724078913,-1.846796895688858,0.4359731809604105
7.19052436333469,-2.8214371431234113,-2.90992917824456,3.5274805155243505,-2.5373216816852215,-4.087857663193173,4.40624930350319,3.211892523249332,1.268131970311156,2.314993184364162,-0.50711994139107,2.0518630473088533,2.1732872103690486,1.061223434233367,1.877638611755361,0.5630632099487647,-1.133868068870567,0.21468756377532583,0.036870689543103186,-1.5481585426971338
7.688858162619627,-2.933484432706603,-0.6912440707756103,3.5684780159343843,-3.2027859770214415,-3.2968238809226946,3.037053812292344,3.49059521101662,2.3503611273619565,1.4010093822930563,0.5802943997447165,2.9933152212232494,1.282126675382322,1.9241033516711106,3.276957600337392,-0.5154656465903282,-0.5367428522287048,-0.7646059828463807,-1.190763476014851,0.7962113132760448
8.045933817896607,-2.5736720852435386,-3.3015991369156596,3.555056833706827,-4.308823290888179,-3.578757950870772,3.2279644609166347,1.6366110472429223,3.370960571179278,-0.6160460533806676,1.0270359941954554,2.918459661169624,-0.8920812320262116,3.3601615356524754,2.1092287516993853,-1.984206349643273,0.6781720414390724,2.367491071560984,-0.32235006965671265,0.889072070062189
8.722095184899555,-2.8315043582272685,-1.2543472833648952,2.4329132763466847,-3.5693512926260187,-4.068244155200634,1.890240783929801,2.426359469570426,2.851640581850525,-0.7224659123766285,0.9467610807445893,4.868973513832148,2.123650490688789,0.47512006853712735,4.138329330098251,-0.9976100466481239,-1.146965047154732,-0.7374141386851689,-1.0735058986054056,0.11035591203421849
8.390038270698692,-3.4570855600315586,-3.3655447174280106,3.712344988564984,-3.9389071947915406,4.722848123838649,3.2005940288718726,1.6514189143899798,1.8731919315974277,0.36054253933974334,-0.8448173389180672,1.1032426159943434,-0.5543693683771094,3.4578820685568483,3.7523236444147994,-1.5549907077948726,-0.04178844070643439,2.2449672955625157,-0.14437907732438915,-0.05285373195007613
9.612493629505511,-1.985352631409268,-0.8961673359319844,-4.544767620008398,-2.3706498609205413,-3.583183179692073,1.1502349010142774,2.1954338459545246,4.085479649362101,-0.6407090719214525,-0.03331041249826794,2.602019525540733,-0.9565555289807472,3.1402792297636237,2.1286130919339934,-0.1863550601614712,1.2702696411966163,0.9908598497002274,0.32945832585919665,0.9508580165152649
7.464331982891446,-3.090592141892884,-3.2583407900982557,5.236502463443438,-5.279493613668281,-2.916733564756647,4.697338478213634,3.479120101096255,2.34225986220628,-0.012208492668513149,0.16986055374023346,1.6900844524799497,0.3434258186393552,4.47337328699075,3.271719280446841,-2.411986280929858,0.15873968931921212,2.744683997751704,-0.2187279078127948,1.6372146040290092
8.071934946405058,-3.316236085357489,-1.1579488634499857,4.0759213083688195,-4.517631339439422,-3.6248834267005496,3.0516836209130167,3.9036194759552414,2.302305603064455,-0.8550266073211643,-0.049000806961247534,3.0406422698641866,0.8211024999330361,1.7502031726076681,4.71155179265835,-1.1513641660550284,-1.0474244588328423,-1.3750343534924818,-0.85738304376293,0.728257712232973
-7.274078873729593,-6.711889574273121,2.54093457075532,-1.6397324805452436,2.6808496616760067,-3.737452600321509,1.4929030438318576,-2.1674579427957967,1.2830686009368735,-0.6951002169174216,-0.4680695465172695,-0.6317135961575453,-0.078354241172712,-0.9995972534106434,0.38890583855290517,-0.10503021706522285,0.19061418804442087,0.4825845277410206,-0.3849822674827586,-0.8821154712786159
-6.918577441388226,-6.05696079780416,3.1499155272119377,-0.6274387982597353,1.2627879520704042,-3.4721242920431727,1.0945725827935557,-1.47474621863581,0.3748632972354159,-0.5723981774271129,-0.26361684052685197,1.052163355141876,-0.3863187504536979,0.6648459825972932,-0.22374549896738183,1.6763099198565348,0.1384661420466195,0.3859564594883811,0.3062782234672217,0.8122635425988718
-6.165649638392783,-6.114914933614339,2.863326174473211,-0.26361245587846793,2.099749323087427,4.186510849474295,0.17749333973443004,-1.6519232359942864,-0.427648866874776,0.6760255374843099,-1.733370113936264,0.5389175479530588,-2.5388455587690495,0.3674204429312775,-0.011583252877822026,1.0047127029275025,-0.8335571688065347,0.4505174030662275,-1.0228575982263535,0.32222082110342476
-7.775995910074524,-7.271314536602293,0.8445433393532085,-0.12261432806572906,0.3453352510811494,-3.3730879778928684,1.1501716495545187,-0.003060120214331996,-0.2678609021416536,0.1393862739393046,1.1294974079311255,1.2083340726077358,-0.05456443138569861,1.7898399118182082,-0.28933721898536136,-0.9906197785549792,-0.9734986447258775,0.30061080418705793,0.45282438750649434,-0.3807302956440475
-6.701706544462688,-6.078617777593631,6.658932879032779,-0.9435755609444189,-0.09503541539318366,-3.929907326112381,-3.0408201331583826,-1.2735817683952622,0.5813536021605576,0.30267176624731507,-0.697856151676246,2.1012680784263833,0.2513521199373142,0.8528956487052712,0.1214799657955985,1.0098709068256373,1.0547273371662396,-1.369204990186081,0.7083986939957334,0.886550673634226
-6.196644801103439,-6.234978096141376,2.8608398269834705,0.16448103286368965,1.7269312058238795,-4.608960578618062,0.24138648653930828,-2.1797025270806176,-0.35748059146706535,0.4224381817983971,-1.2358322948436387,-0.014810526756433795,2.447446212948278,0.6583044149462729,0.4448377743018077,-0.9672152185363035,-0.9988041802578276,1.1342457039262523,0.021547378105740478,0.8884228376600833
-6.603180443246542,-7.746559503365501,4.245085521940754,0.5257506753151693,0.9517391664010411,-5.382104005859853,-3.533547634043485,-1.110932314675443,-0.3250232053086253,-0.3830905317243605,1.0781078670176512,2.2895883110315993,0.9050677163902535,-0.9578576616726038,-0.19381060418996532,1.059358967610587,0.7645559337750327,1.6758704957893447,-1.4125919675331584,-1.2734609991641515
-6.602377165265956,-7.324305389930927,6.267135292110334,1.1988554088082037,0.12706936103111044,-4.934672428400592,-4.893043827049486,-1.5883741055574399,1.1286178736083292,1.5060171352518577,1.563273743106115,2.4917678838203674,-0.2746725464126497,-1.255251359955163,0.25917001573721,0.9522009545011851,1.1069255083915965,1.180774256823999,-0.8127275566458425,-1.3490440194583442
-6.550712584364591,-5.456160026694404,2.3576625926926464,-1.1452867254743877,1.8955936982014423,-1.6666020589242492,1.3474706169349042,-1.5897966387156135,5.8205882108110965,-0.9561657868002604,1.8318164281372584,-2.5079384929053172,-3.307245481124828,1.3624171689761657,-2.5351035264395403,-1.288779538767535,-2.0293682145430996,2.992052667918281,-0.4245089908583216,-1.0944607871997678
-6.495624870799643,-5.416149546662101,5.575879605531958,-1.3544411578647635,0.8794367394606355,-0.601020360286959,-2.302717371181464,-1.7240444692320755,6.4642844508521,-1.3844715866581887,2.253375665855418,-0.43950799636023485,-3.0389644958224773,0.7901328505458398,-2.6711804450579373,-2.6001432082475353,-1.7897273815883352,3.796600746779411,0.28195151697660026,-1.0810042417538925
-4.825423226481249,-6.25648860051205,2.3295376075759338,-0.2906584253794175,2.933727911783561,2.4382512378780348,1.5395685610084822,-1.5214065197201947,0.536479134725073,1.8614801888443502,0.28509879589179843,0.02027945575630674,-1.6517004088098177,-1.1278110975934907,-0.6122603212550408,-0.3035062032216751,-0.4834147270770741,-0.6219023807311661,-1.2672363468010417,-1.0747534944417723
-4.861941296340451,-6.089665203317369,5.43334862886018,-0.664575704190608,2.003200734451453,3.6700266368090317,-2.3449176701416707,-1.8970277239360032,1.4024294070159629,1.721808317388226,0.5020271404900569,1.9433077678451163,-1.2607673889766335,-1.6906185015735669,-0.7278266969825874,-1.5841646476892288,-0.17721836308349315,0.19931488088588833,-0.5163248005989441,-0.9914711363578889
-7.865285496395179,-7.129578598969184,0.43658484091061484,0.6697791607810236,1.0524363231380656,4.774438912424014,3.653511133524595,-1.410525131103273,5.408885396120081,-3.6061517305819755,6.267721357853226,1.802640254075603,-7.565734600162073,-4.6642286347071655,-0.8132947040656504,4.987928776039496,-5.952150386706677,-2.886245868098236,4.726692161628998,3.6953246561428013
-5.945212741911162,-8.2931298305442,10.283390947935889,0.6563136986503391,0.6304483313093989,1.318210096341328,1.2009556374739365,-0.019806971133551954,4.74898392997634,4.417479944950645,-9.305625161763412,6.532493255230376,5.228494811939794,0.6252344332328768,-0.6503092979343317,-6.662274854929131,5.450232712268489,-0.462986538615741,-6.7361138111809264,1.6591509842253649
-6.6915669036237935,-6.673903301826244,11.235480674120437,1.1813793170798363,-0.32192449883057334,1.1583527272561565,-0.11044898264512304,0.0909785544003062,6.370902318949134,-2.561200255355371,-6.804691191506109,5.478219404841787,-2.0671665489468287,5.9058640735573515,-5.13072275437741,6.807926981661783,6.410397532113183,-0.6148272036760729,-4.905430173269777,-4.691735574477752
-7.612102214629725,-4.951446857300141,2.346876784591155,-2.0544894197004653,1.6660809304104958,-2.7096273766131844,1.0626617925209572,-2.9357930751552233,1.1884589955497136,-1.5225433522163259,-2.3427898989802056,0.37821515029591407,-0.5198476655476575,0.9441119149886874,-3.809509279718159,2.054819961353846,1.6621560599951257,0.3838224138257369,1.6054934846773086,0.9563210719361208
-7.339259325042795,-5.431540936893537,6.33703374672721,-2.3104710070092747,0.7465339598464354,-3.8314602490837277,-2.515085430691097,-3.607589943864381,2.727134818284852,1.8197161849366355,-1.8581029864719845,3.09754352802804,1.699833406192495,-1.5223020586137275,-2.036650194636043,-2.0412752233929528,2.3036466959286646,0.4640526426227923,3.0650821322050454,-2.6411029199315745
-6.652161062049602,-2.918388338991796,2.3570420870881637,-2.769524625122776,2.080062238119238,-1.1653940405357435,1.6501113975564596,1.043498462866301,-0.2612832638785416,0.9907926574984003,0.16767269018046682,-0.49259857554607567,-0.01415033392701015,-1.4752079028522749,-0.39336198505230746,-0.036057615352382166,0.09529762106806006,0.466146740959259,-0.867386159618428,-0.38338834500068675
-7.001532235776654,-4.702877341603674,3.900142217341871,3.8820766577327595,0.8851702093792162,-2.4899746464668975,-1.4851858038133807,-0.059257895410434,1.1587475915610128,0.9098270777315677,-1.76364377647962,2.384468199734612,0.8795680048914053,-2.3858183899763103,0.9196170549919431,0.8964659601699936,0.19287674108595754,0.38484743108470165,1.183064037489018,-2.6324568479300487
-0.6444538602825447,-7.4994206919025235,4.055528943264375,-3.494237062849046,1.737956485173447,-5.450414694522857,-2.430437897235819,-0.8817221059321882,2.1752152192778307,0.7966403409117443,-0.9512226642688195,0.12270675473742809,0.3121021869537082,-0.6836400181397423,-0.9585083748908934,-1.4398614433041252,0.28817150687100734,-0.873400227288524,0.1046113533690387,-0.7686261285247215
-6.217625186551915,-5.325892325228686,2.571816686726577,-2.122890241444995,1.914224911615631,-2.1342676435951384,1.0936753525684266,-2.211882956459752,1.490198729513493,2.2333180361987703,-0.7721395149621664,-1.045903512613294,-1.7167722266884256,0.6886696949462882,0.5499643366678104,0.16331757101046518,-0.4589775353713102,-1.0758750682519784,-0.5175539098252827,0.4643386378361861
9.40381484660147,-3.8000706578360384,1.691238969737424,-3.0141493396691046,-2.5833338116749838,2.186571529472943,1.770914166098179,-1.2357213382161611,-1.4185532105319978,-1.5699044262376565,-0.3766501405892968,1.3214557907663325,-0.950441999349743,0.08973100561769537,-1.0183212405840165,-1.403952624256814,2.347404490173721,0.05329822193336298,-0.7618139368049361,1.0490127400926716
10.493813192770368,-3.4475001410924904,2.070675754196087,-3.444512186935348,-2.7027549530380464,3.473356861774459,2.9872255479493397,0.3957845143595384,-2.0942403357260875,-1.4885251314985153,-0.46288018671924114,1.4139467690760856,-1.001259487990854,0.12045215011650906,-1.606279180469917,-1.6389002929174674,2.1186025792952417,0.3866242117638228,-1.228447698240009,1.0731432983840414
7.758397226435003,-2.722062252915164,0.9724153670959896,1.9186940869243618,-4.945182819820906,-0.20192340828204192,1.814190265567397,2.3715349873836113,-1.3861396549314096,-3.0445585466780605,1.6607747295623605,1.1914500924664604,0.4255662228555712,1.9577752310838799,1.6072379301543598,0.6716502449738343,0.03599445842866833,1.4805242450381653,-2.366324348280922,-1.2463719807333644
7.935381754687313,-2.655365148653663,0.6954928973781807,1.6385479975309833,-4.30011187313599,0.006982196865429502,1.4841393035494732,2.019846099610314,-0.4244250372081423,-1.9663446609568735,1.3473703444171068,1.5588820954323994,-0.005704981370055484,1.1986380418527554,1.900548337524139,1.4719097361596047,1.9606721589203095,-3.0917680114627832,-2.294146336565443,-0.697160984843073
8.846949635184735,-3.035919920103603,-0.9938959663838424,-1.4539362459622636,-0.518870458932996,-0.7144675444523461,4.951159597433914,4.205441356487849,-0.09301360248614443,0.9795445110339737,0.36902681756418493,0.15847781418184081,-2.0937662313854606,0.9944870050811656,-0.7339141687248971,1.1167334887314575,1.833232548816199,-0.42579687219385287,0.40467358102274686,0.3967021729014442
8.323522013684004,-3.7236365372252656,-0.5373999073077488,0.06614640845475114,0.6750570983771607,-1.9765453281023493,4.050159531245674,2.90828887794971,-1.5189317976706436,1.2826362477627513,-0.6800878968824268,0.17448692576822777,-0.06320296374913151,0.2559519949521115,-0.9512453151221953,-0.580815276658212,-0.7610321931958373,0.9173735622206882,1.09716358286606,-0.2774907857885466
8.273878006897917,-5.469801855059458,-0.9711074700601539,3.0364596948533036,0.4593492952944144,0.5854058614041937,3.431219789543363,0.40833215694069513,-3.0837464475515044,-1.9641073051726536,0.7833394283974738,-0.9096807733435872,-0.5205044066475406,0.5782624756513218,-0.5441978672422695,-0.48901065811594235,-0.8534112274327547,-0.22643560542957886,0.7509188537387614,-0.03405406401637279
8.449945529725818,-5.34384036517141,-1.2903125910781799,2.2393467979512356,0.8347908138897956,0.8373461868048109,2.9266430323864405,0.6036020500435217,-3.5870685751951052,1.8290371802004555,1.1142805211326547,0.029031181001464068,1.1924078144340604,-0.275084137685251,0.7035457726665792,-0.828717624564435,-0.6160058611866639,0.7894547600396294,1.2643278762794292,1.377001713340838
-2.800834535961643,-8.226981166519234,0.08372001722692446,-4.5109390989581595,-1.2201688370911614,-5.561424298435238,0.734471118212937,1.2325051187442,1.7417158813126883,-1.5749711642846191,-0.5725915734541689,-2.4907495005082216,1.0195084628941313,-0.9384646384096746,-0.04839135856153853,2.0660411194693644,0.3979833774301593,-2.3358846882335316,2.7647253216465604,-0.844191911340852
-1.7777877437063108,-7.686281903928579,1.6126394802388049,3.1846353326230235,-1.7277885497942989,-5.781131740431758,2.320195203515108,-0.19052084519195361,1.9549184584167223,1.180858416030423,-0.10764933606122407,-2.379557412245867,1.2017028653890247,-1.4804656311631614,1.4870466370457187,-0.4490005646006081,-1.6175996364884588,-2.7398813832874422,-1.4770076396929648,-0.15405707809563474
-1.5424548129435047,-7.3225692093758425,3.3213166713936277,2.294797587459322,-1.3785986786031386,-5.807286642640056,1.5056505381722665,-0.5906279877542099,3.0413695197859862,0.6419374514187572,-0.007525320550258563,-2.334017301833447,0.2839563026630749,-1.7736979312601238,0.08931292945336788,0.42378325513508786,-1.1108234940351291,-2.6119930644802896,-1.7744145780069585,-0.46891990786474913
-3.285801553358622,-6.592959258363402,-1.8185994036735282,4.252488431487544,-2.1836448299547255,6.4438180467873565,3.664913475872269,-1.1940983538285077,0.15331037722276564,-0.4954389152464562,2.420695659127353,-2.520254488051039,-1.9873929124613994,-1.0954005313725985,-0.2966008919008669,-1.925783651779692,-0.035295988643336385,-1.5784026870615406,-0.42998430060433823,0.8787611570045074
-7.61924904520963,-2.8289381464709593,8.864043166737684,5.490771202957685,-7.316712664983188,-3.6766366621168323,-6.209104696853877,0.1950462641534325,1.5036588738878058,1.910978612261229,0.9013747891468439,-1.1094633240122094,-5.149142646801712,-0.13257902816447695,-2.7015611817461576,1.6311668598107036,-1.045130368893654,-2.3806579044799863,-1.073752448246115,1.8199213828199423
-8.268037558610498,-3.9769877270922644,5.92809136620332,-0.6639550316338884,-5.547176569901793,1.2207337618813356,-3.712062708406485,2.237229757170276,-2.1112224571416145,1.7615664525093022,-0.26832141619177885,-0.3420310024832003,-4.636964198987886,-0.4933214080589805,-0.020384446395830036,0.7349022048575244,-0.83577283714823,0.5421900628678563,-1.0660070854506618,-3.017647341146228
-3.6206349593781764,-4.849768177640168,-3.0411249132621676,-0.7244751391974449,-0.89605905682158,-5.135072714682044,2.5213616125700193,3.060755608985498,-0.0972979048520407,0.11267688404573117,1.9661352722584655,1.4127365363294424,-0.5398410227281253,2.513640880650627,-0.248427929991813,1.0818696264529246,0.10533864700917175,-0.7659904666433558,0.3537626140140999,0.19206206089057337
-6.508229926144379,-1.6381469192255569,-1.8612573623030308,-1.537258797700113,-0.6438947043234142,-3.2215562000835885,5.449207526713719,3.854237820378798,0.09155532103357597,-1.3781153644152853,-0.9228523826465348,0.05687635386016454,0.889583636097815,-0.19240520217380686,0.5557042096899814,-2.2903343932320315,-1.9757647870772757,-0.27130779326437915,-0.9831791353715196,-0.6266052140148078
-4.574096564958438,-2.7174314270928392,-2.230847286737376,-0.6543107164896719,0.05673637995372738,-4.054440506108151,5.577121386919808,3.273927596376997,0.4408068977159298,-2.0108907698449645,-1.3374801581602007,0.6641139406343547,0.7171927647740455,-0.5530635809498472,1.0434110049107412,-1.0653391968473147,-1.4936960355640596,0.343785919801194,-0.8751529697368077,2.17544537077766
-3.2169898594321786,-5.460622324968501,-1.3332769276710972,-1.9688484052724515,0.9216439912018457,5.392325906088443,3.4822230325744603,0.3928377315973508,0.5441746931169588,1.4263803178604084,-1.5332673943173045,-1.426561988862741,-1.309865569524627,0.6167042298848807,-0.7211795897413388,-0.5689090670619493,-0.6085570114059828,0.3209155554721705,-0.10555971230243211,0.7794360877225143
-1.4081739807779683,2.6477438821818113,-4.106402530074531,5.425032063757778,14.821056761131397,6.180751489010408,-1.5174401997251639,2.757710594623907,5.036586635195427,2.0912400068752603,-0.05212902123571528,-1.1240351620754252,2.0077233619894392,1.3705353122691484,-1.377991262575446,0.9026659414688938,-1.5350637395919737,0.16745243608641003,-0.9369252738620271,-1.806335435386194
-1.6724336885018545,4.903791949602176,-2.7968413322884667,7.45680966188551,16.270973978384255,9.646952577188406,-2.3682277545898263,2.1959217623702187,9.999336632732817,-7.776986018645891,-3.578164479678909,3.9720225454960607,1.0186515834201246,1.6275809986061769,-6.607327727978716,-3.4209231105728235,4.686597194855625,-1.6073302930171223,-4.45924165910468,3.3692819688627305
-2.0469092401482962,6.563836272024504,-5.462408878122542,6.339799528719727,18.152255014191176,4.143814186257806,-1.9717959162298886,6.115491635915068,4.078981889987815,-3.7743470516500204,3.309872744168638,2.6008019717923068,2.9332308840090775,0.9499915360144721,-2.8022149462075197,-2.1426366528764085,-3.7525032165359473,0.1077793661284383,-0.8241128116644707,4.233953843171398
-1.696882254547595,2.561034535386024,0.6348233043018239,-1.9917863087678844,15.63041522005426,3.8996452564901336,-2.895201287464128,0.5024476040010157,0.46715547829173276,-1.7315755923493634,1.0002537016203785,-0.1786811497562557,0.6553102868120242,0.9264780760293101,0.398277678781787,-2.732592856273472,1.1359428874150126,-0.45546545078073675,3.2249933288407306,-3.3467644604232545
-2.161053800606711,3.352459028266575,-2.8923220659811064,8.810554060576536,12.197659913380049,3.5386025638164496,-3.4804688057726825,1.9592292396885558,0.27488473724521034,-0.83846600866049,-1.4945272898803657,-0.9332948071328078,0.1149748876186294,-0.3233678198720953,1.2150439592011266,2.528237022964701,0.09555307634468391,-0.9693939714198319,-0.16910660723164206,-3.0052631352537658
0.3513066012396857,0.33987846137498634,0.3797993311624923,9.014514742068865,12.925112542014983,7.718601574057269,-0.12455504980279128,3.607758604822976,2.496627231945915,7.742251910600597,-9.882283569239542,3.30770534783515,3.9064463024433573,1.5633903980431136,-3.933342660078003,-0.140001706556673,8.73443080940461,3.2624292748745485,-2.747472924113392,4.018616690369624
-1.0214791797861167,0.4858845211687868,0.20900228352363515,8.581611611889947,12.933541396479903,7.29592402318684,-0.34696642266330624,3.2691315465381523,2.947109802341012,7.490757255468036,-9.486548923025106,3.802922876383668,3.5706194229308763,0.8617874566249333,-4.456387104776637,0.27331181071248034,8.55756929457433,2.6083689201330724,-2.7333384960000804,4.783082836024303
0.4525418351156181,2.8801602285103773,-4.058259065976474,8.881002497814883,12.781670173867589,-1.6124210441860343,-2.994281922592181,2.677647845851301,0.24240994591184517,-0.5821879819147986,-2.148522936749133,-1.6860652304167347,0.36810280209669666,0.2655238217643108,0.20824736216881487,3.3856985409038423,0.5114026134605245,1.14712073624977,-0.5524578810823852,-2.902840599169536
-0.8967606252593343,2.3912891489359853,-1.123706276489198,-3.710201090448188,16.087151057160252,4.8829674815963235,-2.2893751533605418,1.311878705045895,-0.12718059198944998,-0.792110119915445,1.9773677752815388,-1.39117007568265,-0.16642304616643144,1.4488085212528514,-0.46828495627315814,-3.156153715286058,-0.6560808424480513,0.7647113398407537,1.5005092298053815,-2.718689265761006
-1.0951138082301806,3.2769505728593233,-1.9230012668713226,-2.3851472297850007,15.533869985591789,8.092886196434081,-2.288063811813208,-0.2429023056177232,2.6191862320512005,-3.5092241166497353,0.8214660117374306,-1.2957060297403775,-0.28440217693574665,1.0942695307955796,-0.5695194192821478,-0.06553452939452842,-1.0829427778347585,1.172111028999267,1.1947856547177527,-1.9992920280409858
0.3380227290821319,3.5849849469503217,-3.59979104819283,7.658574556478534,12.538521654007969,3.117504589686037,-3.828773826802025,1.2960158255887482,0.8422465599309947,-1.0672565330065158,-1.0569919624348159,-1.6086520734771477,1.5172919065995971,-0.727135277979641,0.24852775285549433,2.8127689187129534,1.0315684939921015,-1.0808308156799502,-0.08003875798815874,-2.9301770895030312
-0.7228571408384549,3.692322755899243,-3.5576519618854388,6.869215714252619,14.016011718344055,2.4496299726812407,-1.9849400874435639,3.2062455238121172,1.4591980825349256,-0.9396603096504949,-2.2974795945111772,-2.81929487643562,0.8251152201439462,-0.5499707532296824,-0.07928640973745327,-3.2203133098655137,1.180519623177171,0.5977255262596173,-0.517090871938413,2.0913853918565835
-0.5052494155012791,3.3768909003265417,-3.461725702914698,7.610062496110876,12.163893518465974,3.346573788785883,-3.7711835654977706,1.3844719765500337,1.1561302940930696,-0.9451525464387811,-1.1681686594398761,-1.4856758003813795,1.4843216578591767,-0.7133666564649044,0.3818719959211543,3.016865028176157,1.0645768178386772,-1.2842175853829498,0.360620706485289,-2.7794809269974037
-0.7292946781247577,4.792261278729747,-3.9484219925094406,5.008769904068434,13.637305136540117,2.2401751003823933,-3.1847195883734143,2.0123456303199285,2.334767055361826,-0.9938041609640347,-2.2518514339299176,-2.480665332083048,-0.07832000144931228,-0.09423484333569203,0.9170673954551354,-2.649450390122449,0.4730598488910429,-0.2950070857248164,-0.8384882329094773,2.8361643124209106
-0.3745578671188658,3.017192612508564,-1.9079007916768296,-2.196206569809929,18.158742400349663,-0.19330704916492322,-5.642701844284814,2.8632505183868675,-6.7336192892359525,-6.452338544670784,5.302423216682765,-3.531691719293593,0.8026581581538701,4.666320838099479,1.4570786355670258,-0.251039047130476,1.1925930976796835,0.6814667605340685,-2.264457614280875,-2.4600104577427517
-0.3191968026351255,2.8588461048750617,-3.1507180546540057,8.592898917239488,10.45216597005346,-1.1556141970354576,-4.172823192772167,4.56062610394221,-4.023582134547924,-2.9915081766788187,-2.2737465863658652,0.7573165401968484,-3.3003908299711853,2.929256955181413,0.949809000273508,5.200880459709047,2.2660340617319443,-1.6545681536824464,-0.5615745875067821,-1.0596199247108724
0.09549726339322095,2.2995359522860856,-3.0427925498010895,6.594952699465733,12.74380278367273,2.0635973679108894,-3.7712120642083375,4.641501693448735,-3.6807563579233165,3.895081012475758,-2.456797623273699,-1.1478023949313796,-1.6112246792361251,2.8540408929687824,0.6700146721217626,5.133441943633995,3.969737612766211,-0.8712521880846389,-0.2830814991561299,1.4005912308073318
0.019627636145188976,1.7320369726301155,-0.9818662369718527,5.119655240375851,12.690120343808488,0.6383946027855677,-6.739504233631652,5.1837851919048905,-4.534937626131521,3.2011906158452557,-3.666441417991015,-1.805489158226834,-2.204144875258756,1.8818980128843674,4.026765831639468,0.2895916716665208,4.121461878998627,-3.8367168651469603,-2.6914264019631906,-1.919279230963476
-0.40738033368275506,1.6086611057537261,1.757425624374581,-1.280116958847164,14.84900333114814,2.2186633972541596,-6.239343137138254,3.5162146915443158,-5.474754719824255,-2.3474072183577337,3.9557579712817192,0.391076610583855,4.05440056843962,1.4609550879878854,3.7843996915700844,-1.9084740467932368,-3.7902048683770473,-2.9719287242793984,2.5640213796265283,-1.862853673648218
6.220779393523536,-5.418521017700893,1.636473067006295,-0.13473977887643587,1.379318563129885,-0.7108734724004945,1.20303655102716,-3.167662830867113,-0.7879742709562017,1.7242636887604883,1.0418706098313217,-0.765385100451704,-0.5036679161113032,-0.52947113375899,-0.38860787708069233,-2.01490106228514,0.11334267698487321,-1.111509727356843,-1.514442953680399,0.17048777379815894
5.560888298308067,-5.63302412271328,2.1240868122842,0.24416470256949685,0.6448130651242033,0.49911794762360107,1.685415584434799,-2.5767251296911007,-0.5140054629967827,-2.0713465236707256,-0.04124272605508028,0.1538627803635383,0.6127647028851103,-1.3267258917215092,1.217257105928589,0.03955462668527121,-0.21619716994130697,-0.4242280872837128,0.012448107116333228,0.2944810122165491
4.47553572241536,-5.504379973180226,2.2056229723521623,0.12950474432942435,0.2210096723225367,1.011333506494182,2.2683084148683132,-1.8835358366478807,-0.8729685409481704,-1.7142734836356164,0.44836922394589596,0.6273483496562803,0.19994695969900778,-1.3794330788523668,1.0511450763314636,0.17238491373917642,0.04100175675748641,-0.28517942775351024,-0.06286943735970803,-0.4926456437257154
6.539841944599267,-4.945552325947402,0.911261116979839,3.221524399127207,-1.3566988184032498,1.171019309660873,3.420367790035527,-2.3132941876857585,-1.43669849192812,2.192326822538051,-0.055013403111566106,-2.1282241184298165,-0.03749991586624557,1.9296981990140751,-0.6779268260843353,-1.4902072888272673,-0.3742765253420818,1.3390623706707006,-1.625124369756073,0.12830889265769652
4.314976850050731,-2.0993541414385564,-0.8961714780551612,-1.133907518392636,0.16710539299018948,1.1344718954688982,1.9562298828501608,-1.7348408997296105,-3.2296885060149725,-0.30988318972380635,2.349172043795765,-0.7137382812841966,0.5129081926336255,-0.048894784679490766,-1.5137316080975003,0.3983513742874126,1.3200527484465236,-0.6748727888162915,0.8802709028170076,-1.3906829366365956
3.338523122921806,-2.388098940366092,-0.5586595422233436,-1.1004106091378572,-0.08754602026859151,0.930060358104128,2.2826429372727084,-2.085978100350045,-1.9231018828805613,0.30578247891908683,1.8299474976425403,1.6192629474201945,0.014809354114791562,-1.8875906698566944,1.00926760718521,1.1476609638706645,1.2718641904819357,-0.22170018342086,0.19098511977438792,0.5720492641677268
4.788431250954288,-4.572457387566847,0.7933325683496668,0.7870673130192006,-0.8904661062147553,1.7290951118356896,2.4953073353637643,-3.559948470395521,-0.8001443965745731,1.3050908494418065,-2.456335143370557,1.6646769011841362,4.1597791537859,-1.499731533240384,-0.03103318948094913,0.14596775601358497,1.355277075805916,-1.47640802865337,3.4783370889682086,-1.6781514830210233
3.931067681693836,-4.640917199395896,0.8657115707124416,0.5627689006021012,-1.0216255601028037,1.7295765299823256,2.6036363475386883,-3.4257214145936037,-0.627516487835188,1.2963699659650425,-2.442546631898059,1.7796815169005251,4.044002473195766,-1.4147374384224178,-0.0712166414817822,-0.003282253346442221,1.0564514229238169,-1.7847095847244903,3.3781040334109935,-1.671694107335028
5.982528392147604,-5.492252445943223,0.4425444228107483,-2.623646798659918,-0.13979864457412086,-1.2704548577624148,1.870558279493359,1.1423696442342286,-6.541318454855757,1.3933739187062106,1.8568447767737155,1.1407596403007327,2.9801669434280136,1.784600212381763,2.479793316195068,1.812237576385094,-3.1651512556569177,-3.9253621798652167,1.568237381396573,3.095746964650652
5.11393896033516,-5.914340109177561,0.7620629990251224,-2.653782494816878,-0.5776079534132545,-1.1478050067773866,1.7872632610660808,1.3023210023100622,-6.3418275757569305,1.6619089587366522,2.235398699642272,1.4248823457548139,3.2630807284645686,2.1084509381065315,2.9890024121174417,1.8927569082042839,-3.181827107917106,-4.1811599232820615,1.5398801824046624,2.696364632873345
-8.079310210334908,-0.23709632582897905,0.8530080907845237,-0.4842703646932329,-0.5753679491616265,1.3535854970480234,-1.97001808606168,-1.8593888493531303,-2.6078872926192886,0.41815700720598153,0.8222551114539162,-0.37857010702658,0.8133921047776067,-0.2228554320109895,-1.8241878567495702,0.6353442924629571,-0.02715533028993944,-1.856883959584844,-2.28690641111093,0.9752443966347846
-6.685039070726832,-0.06397889149207461,0.721824194652819,-0.16003117118691723,-0.08125817684256942,-0.7340442470692452,-3.0504510514926615,-1.7308069537979216,-3.120094281092149,0.9319482287943854,-1.483475253749791,0.47299886021369997,-0.9634393923526117,-0.3451828191607462,-2.1895256355249524,2.3002879074062603,-0.5298963131468095,1.6607469586498345,-1.9631948588631087,3.0827482925978154
-6.888798410584523,0.7357291743880093,0.6820412102984394,-1.7177389897710813,-0.28159983019744894,1.6270647291052516,-2.794434885869308,-2.4402484636771633,-2.121402939908782,1.2219466665886505,0.8699922922148717,0.04954426604122375,-0.3743141981202018,0.20360888639185581,-1.6562408133287407,1.405372760640208,0.5371217206943503,-2.407453003497608,-1.4677476172100365,1.2239676721829102
-7.12033649470624,-0.4072040445891915,0.8850615877317785,-0.047092752126534854,-0.3223304762962044,1.620229275088466,-1.8803617668612862,-0.23314674503223343,-3.8494604593541775,1.2081773165296468,1.4679026150956687,0.9458815620381412,0.3706004593291107,0.7536778135318376,-1.1107983688383025,-0.9214936635963029,-0.9287897594856706,1.5613955441325587,-0.9496832333707084,-1.5309129867525346
-7.520919806049157,0.02851448797944517,3.047044681707631,-1.3662346667170695,-0.7559712421237076,2.1508060239223745,-2.093245266369614,-1.3251441129088315,-2.4825990136752427,0.10691602019504653,0.6108556077885914,-0.21706147948150223,0.10403560109680732,-0.8007335329917923,-1.5685402266619537,2.092383543486943,0.4603497773396753,-2.082326372531973,-2.838418675914377,0.5393135812470187
-7.116096532740356,0.06968172864578848,0.3291059280856605,-0.854609369366041,0.5614016300475835,-2.266197645788097,-1.456160266916759,-0.6454063922246733,-2.28802636885929,1.6431106596729248,0.03997362979434543,-0.025388082282724975,0.014951576641574003,-1.228204050331629,-2.1519969096998306,0.7044620249218467,-0.19079071609163556,1.220056063465909,-1.5259652193595659,2.511879371480337
-7.021901698996702,-0.48758657831567964,1.8481913957131484,0.28118440971330494,-0.47547965561799743,2.209086976595037,-1.533346887579936,0.04885982124346766,-2.941594484577354,-2.3859703459058874,-0.21958552664499714,0.8123391554474422,0.6935265466307864,-0.15881044522074025,-1.1248071659936718,2.5871695979196834,-1.426867253972104,1.417401829440057,0.47443883379676915,1.2174646702006258
-7.307036877409043,-0.4838802726143126,1.2510346150873783,1.7312693991652766,-0.6962655723126243,1.6463607454415685,-1.5347479653148504,-1.3749173066257043,-2.5320374588362986,3.212995499589945,0.1028668719099175,-0.10884045378188081,-0.5148412932145721,0.014219655446137,-1.7870812263934093,0.06087328301340461,1.5151481400044395,1.0129063356949777,0.43782932386520845,1.7359226771840255
-5.3494198572625855,0.968352384230672,1.5608795135090836,1.324085656094068,1.429054832000254,2.3344047841540805,-2.5057072182420517,1.647460498677378,-3.2361592177301097,-3.0730152872894734,0.8731307402925104,2.5213007394372147,1.5831935658058713,0.5132560412043563,0.7413863068169096,1.062380059550982,-3.2887317326085026,0.8662937524289454,-0.5636156001746606,-0.9213410194287508
-2.9546583048943726,-2.345738407632683,0.5441221019460356,-1.8355665062886746,-1.8111046829860058,0.1516037824149825,-0.7766279799043438,0.4655433975608081,-2.774045905645683,-0.39555152564970886,-1.3430408376565461,0.02085815274508404,1.0988915121394909,0.0783171092903377,-0.24149003448907452,1.677817233234699,-1.8208142652072214,1.430717532356268,0.19603947301683822,0.5351318898725386
-3.1607301296317845,-0.506402733588369,-0.5187047419397883,-0.29312763767452055,0.454972127286335,-1.1136208345177967,-2.593400403133843,-1.970587557948388,-2.1872414780055514,-0.13221330914486057,-1.0378100512425588,-1.3812063962298327,0.8524417573692009,-0.7798561614769418,-0.6852768082055755,-0.14185900702390958,0.10735593481349552,2.099348621227355,-1.2963066289486402,2.2182685021949093
-3.8418643574914997,-2.0496136975814867,-0.010392850956628341,-2.601505751556122,-1.599727226710069,-0.21067449779251465,-1.013487766228352,1.0597056731975372,-2.924256539049894,0.3760829408614018,0.44578870993859826,-0.17497588612946852,-0.3980512604673565,2.193614564194692,-0.5697716397963432,-0.3292630923482097,-1.3777085526253432,1.3628495061164443,-0.918505402707383,-1.9938241761916757
-6.1477327026371675,0.015235586613853214,0.48557669211415455,0.040470243799158756,-0.18327630041774456,1.3009597323827324,-2.0314139263961324,-2.1012596844854334,-3.1770003609386355,0.3167691874881411,0.9524495493149632,-0.8358688323407454,0.5385161419686781,0.02109247848018278,-1.7508560927667887,0.1455912989373046,0.02512758500440626,-1.7686876992251668,-2.737614097232381,0.8303396451717491
-8.994218548615727,0.8966220050182268,-0.28065070387053415,-2.0940511421034573,0.22059245369208902,5.375675790337696,-0.4094890393401407,-0.7554505869846694,2.5585987131705217,-0.0318494750800693,3.9561891609360247,-0.2767065184585783,0.0395854285886047,3.2669546544789236,-3.0969904121158747,-1.0943810803586633,-2.553213297194939,2.689849235354332,0.7469943217422956,0.16201331822404508
-5.03758954940297,0.9114261060439953,0.5922920481987342,1.1170414495575662,-0.3736665342892286,0.6247222536058548,-3.1431447701217987,-1.1805250528196178,-3.721431667992668,1.2255206207746756,-0.43787743650086586,0.44960507432818464,2.666024557528232,-0.06556231004043167,-2.5772221082027578,2.8405980324507683,-0.8296877337586227,-1.777385590256636,-3.031796543556049,1.8112408106041742
0.16238109555499944,-1.0521571943344812,-0.2964159972534457,-1.003048430172703,-0.973449179220562,1.022295050382611,-0.8000874734918864,1.2890961396990774,-2.8048003573768048,-2.0592480590086315,-0.8561686439354819,1.0480780865860768,0.6917601727512215,-0.9667155218858914,-1.1573638915709514,3.027791038302669,-1.759428318636352,0.9735983602127851,0.10152850449811224,0.6387658199381306
-7.012004425376238,-0.09534636028678506,3.2898621506927954,-0.10251532396127847,-2.4527008057832957,2.579484879921641,-3.30158997990185,-0.2939221236496238,-4.4996546574978025,-0.26881097868084924,0.9078410557652625,0.016655199053804526,-0.8332426865041564,0.7929846629212196,-0.9736362065208051,-0.6233026620299855,-0.23281310687329504,-1.711326134851321,-2.3782888440452448,0.03485595987476997
-5.802495915536408,3.212886303562419,3.369946375314157,-0.33038970607438856,-3.9303951610103,-3.2116469082928916,-6.454969956852095,3.23507609989191,-4.4296263451138564,1.9697029037777094,-2.015061190728527,0.6440030034903566,3.5203346877835537,0.6204406100022578,-1.851700967161672,-1.208196102228347,-1.5909395958463768,-0.2007063506319069,-5.019242971608543,-0.5432197103159278
-5.6380861240889395,0.0614390662097227,0.52703746208112,0.11354223501989824,0.0336852767108361,-0.9188103689989107,-2.9986460393724186,-1.7173593144272659,-3.6028331985156075,0.6344734137367511,-1.1712239176722088,0.3880750002580736,-0.8165934237107116,-0.32352991155272937,-2.157268438963484,2.0553577319673506,-0.39943709203359296,1.6490233011317916,-2.2502717228339986,2.9067384047840914
-3.3396604995670565,1.265134805947698,-0.2906892926854554,0.3390126701041153,1.0592441037642053,-3.4913077391476834,-0.8674019992556405,0.5626151474359359,-2.8275683197969874,2.855719604713619,0.299103939723387,-0.10025426907825408,0.6798928502059012,-0.6993018553059995,-2.7521215991202173,1.2061185958192797,0.14029345956990547,1.1243513807187393,-1.4773809739355765,2.5904152129965388
-4.356906461997587,1.1760757531791368,0.01578543403398691,0.23613629653549562,0.8210443822745422,-3.660240673485226,-0.6796504996430948,0.919150562230819,-2.7299193676946167,2.954481501286667,0.27999767115075225,0.08738334114594348,0.507613570688195,-0.8247896088868282,-2.8473205467643323,1.383043633870781,-0.0182782280032322,1.004179037715864,-1.4647127023980568,2.545665327876823
-5.057997459205165,-0.08604688975004038,2.7224512045037415,-0.7316077387079282,-0.9355208564156374,1.7212251639980019,-1.4390210403511907,1.089195676929891,-4.362233143996626,3.8972720655184387,1.9880955199616648,1.75551615390117,0.3098271643965316,1.3080765227325901,-3.9019276150509192,-1.8900440206510705,0.5444219674599082,0.8486502199233444,1.0393341030167473,2.887496130917712
-2.5389033313665195,1.6020277165864225,-0.17322569426805035,1.39238662546588,0.22478609978007236,2.96688856779287,-1.2260742844183583,-0.2852095102132214,-3.4047728157280304,2.543413789864707,1.149461915448465,-0.2902168097767319,0.5865231158010944,0.6839326474297016,-2.6426503905604797,1.5449882466467093,0.3052867232075721,-1.4765596388907274,-2.2745237992083895,1.3311307519156834
-4.62959515537374,1.096663770207603,0.6225794429299372,0.7434559595147503,-0.7258029623647282,-3.3636884233518156,-1.3758367663372124,0.33234220540657544,-3.1336187488577383,2.008066103142644,0.16593275981889674,1.1470032493734728,0.73840548797773,1.0344447131946197,-2.1576381135321636,2.300349472324789,0.3280851818502786,0.7857771774594681,-2.009717188370648,3.778729748684074
-5.373162854781082,0.4268356084679828,1.0003251287957473,0.5430632047575483,-1.0735046343996095,-2.9633853400022394,-1.6852891934885845,-0.38716786988070484,-3.1440032597503063,1.3116756565599161,0.16942911961746307,0.9667651270756845,0.596517434866355,0.9272320087182646,-1.8091545573112362,1.9340536722159096,0.3987481133301438,0.9991842963451294,-2.0557787471658027,3.7487362490145673
-6.310817531484787,2.030821997066324,4.297535744838168,-0.3558549548578599,-3.231785475986775,-2.26146641227227,-6.830381953701405,2.217409800615041,-3.518020915026046,1.9381867570107767,-1.0833682714685047,0.5615573484155225,3.2380877028672703,-0.8467450232842886,-3.120538374582485,-1.4339926597511852,-0.7874936675827147,0.43229276817224904,-3.478534641355285,-0.016870258959198248
-5.532049593865832,0.61187393031075,0.688553142195605,0.35060524356874057,-0.8117869224964229,-2.734750826692271,-1.7621377569248087,-0.4940020396722693,-3.1348538019029117,1.249487639896817,0.1581404829040171,1.0172064169627435,0.6366756417262261,1.0115287046818078,-1.6607583412661073,1.69207299669144,0.17150617502543586,0.8174323821804017,-2.2414568489408513,3.6266971543945874
-6.410655229268542,0.1838322064935124,1.311075401301061,0.6335009173575669,-1.6114555780680164,1.3891403643358102,-2.4198148958659726,-1.5246769109724219,-3.517027364739166,0.3403179825208691,0.5700190379908752,0.49816749611847855,0.7568659627730999,1.7398069175019542,-1.206695836562885,2.1710182436214938,0.2830986559196207,-1.412295512947367,-2.671688423605992,2.427221879813418
-5.1994970764996875,0.08155434590517993,1.2459534083671788,1.016488309450902,-0.16673152028576932,2.815218965419546,-1.324622158288702,0.44891305739325216,-3.241408764917334,-2.836991027493358,0.07205766615821585,1.2749886067879994,0.5028575744049739,-0.6969219913401682,-1.599981597559141,3.2753844882948258,-1.3308210382265464,1.1635460146893888,0.1061101640431148,0.7571290445837675
-4.895763599792814,-0.49191976892850897,0.30020629759167594,0.493530981379975,-0.17647799079026044,2.047742893182522,-1.4669803268026576,0.7103216507325739,-3.1727290969712008,-0.698667875893955,0.032587876114008596,0.6782509606792044,-0.22969891507288742,0.12586292950303937,-1.192972185941263,1.4450217968831764,-1.8604268531382873,0.6089387965491524,-0.4317388771762202,0.3012651548996334
-6.674952617836816,-0.18384403709633423,0.7966848961343221,0.5635131589745144,-1.72590535529362,1.0884853085683932,-2.516734569528393,0.36435546323866197,-3.010088324604774,-0.16231269960747158,0.4499174335666327,2.6561649599553183,1.0455172359990508,1.481944894759257,-0.025006562417232855,-2.8264425533149673,-1.102178457714456,1.3014239804402354,-0.6143170442181847,-2.3346268165582607
-5.584188951813908,-4.98660930370084,1.6851676206393547,0.30826223950174064,4.154466461555996,5.249637606192815,3.166700033916629,-0.7796253517652744,5.607918721397502,-0.3097574201682043,4.109557212549957,-0.9029656915905553,1.6856502858967874,1.3189711057358375,-2.5404190716072574,-0.5009615898989401,-1.929029694266432,0.5178532629459749,1.6442705424940867,1.8569888330982411
-3.0829555101781017,-1.4982293847602641,-0.3503525622040106,3.3998467498142837,6.717571443378275,6.228175639282583,1.7383878111177813,-0.633500003328192,5.813533079120067,3.575658672991386,-0.7085807682163433,0.006938981777403236,-0.1918509068269187,1.867681722331636,0.09658617732721811,2.7109764726896075,-0.3751595488401564,0.17087750622070016,-0.5645579945292829,-1.9013895354444372
-4.681229456338694,-2.645791630151459,2.2159601653308574,0.38191721803101,5.5203911121374105,1.6519936225563383,0.36806724123127454,1.0159659952055793,0.9810883145673117,4.161286413901841,0.0022708801152998004,0.9273035032689056,-0.5440735223432362,-0.385636915792967,-0.620303798902797,-1.1478633129192466,-1.078522639796333,-1.0051432234589088,1.0326027731493386,-1.0394541171613996
-2.2293540462191945,-3.7911673132012114,2.689646426319793,1.479900790653447,3.3265922030294846,3.965043995457971,2.9661105319723573,1.8499151330195165,-1.8912712292281337,2.136153780142932,0.23022150995823096,-0.23255043320463098,-1.3098984185159182,-0.7850049269889137,-0.5370201563119502,-1.4527340821597055,-0.24453873050547165,-1.0702744429233157,0.9565892948141002,-1.1458980344496656
-4.474304132894718,-3.5977530725170173,2.7428036284714095,0.47137726252711726,3.5672879468116814,3.1201772709202107,2.3392147931815916,1.2547135375613139,-0.1408633530365857,3.2104750090705214,-0.3054268260076126,0.35985909358677604,-0.6985027010373395,-1.535376875813252,-1.1595049159586839,-2.473008579208215,0.22875140049530207,-0.93579284922735,1.325787477481676,-1.6051727474934783
-3.0999698505703464,-4.203646165106846,2.314151387023681,0.640848704295693,3.7197832912094433,2.636799276157756,2.0375020306384757,0.29773483112636523,-1.1783813040519013,1.5991573327969555,0.4587623031954212,0.33997357416924356,-0.7671651307707028,-1.4452587061630844,-0.6552976627874183,-1.7629027229217797,0.6539203048573772,-0.2726907847735484,1.1157710543282924,-1.1279040399228086
-3.701228013151612,-4.733386059825311,2.6683720191889218,0.457576963688607,3.73492342757329,-2.449241264567862,2.341560765786319,1.0327137368810835,-0.18512694116492734,2.369566829245957,0.37075992137003555,0.6561460877555917,0.8554819859121164,-1.122306150418991,-0.11344553594504643,1.9891491269457264,0.01821056901212198,-0.586201055617301,0.7975508015462184,0.355452955636297
-4.704195889835259,-5.220106107588959,0.5971276481314103,1.2427527764420065,3.9891594041066036,2.0560074393120997,3.224882756934414,0.7721269681617056,0.08158590313438752,2.5784034567503458,-0.9349806299521333,0.7370181464755221,0.5123059336286665,0.4757933529502416,0.8055992258759375,-1.4939814402370224,0.2518899528398434,0.27711679039783343,-0.38328049429594957,-1.3947845088874988
-5.346650353165732,-3.926312083653497,2.673111183934796,0.22212924681223264,3.371434958229387,2.2503836961295796,2.0991952881522145,0.25624000177674067,-0.2712683411308051,2.6267634652787044,0.6349317243902337,0.8477582096846532,-0.8384193370562367,-0.6632236955195121,0.28937299785058973,1.4717012881950737,-0.5010293953882201,0.8779882863010354,1.2908760450401526,0.8907697293892123
-5.3063560792992615,-4.342315960109547,2.9024281050865155,0.03112065120676595,3.3844076121659104,2.4961349333002514,2.0914162201057653,0.49225078475428174,-0.18922468459887898,2.319591343816505,-0.17513098932652293,0.3786513887713412,-0.6988615398168891,-1.568501841304755,-0.7971834947476467,-2.0487969493574782,0.1662189478737778,-0.849641299652572,1.2349594035408797,-1.5402650090006784
-6.007937995169453,-5.411371011990225,3.385594148326188,0.038855837665797116,2.9534378775370795,-2.393829475832768,3.1337020889335365,1.9551250091161025,-0.9211421321178188,1.0647619470031309,0.4345064629017791,0.5674900633547553,0.751891030835053,-0.8907008550501606,0.5634654178324328,1.3448333134336345,-0.4032316725375724,-0.7894712098543735,0.42624446821014217,-0.019954749862690635
-6.4620035668143005,-4.614595554468828,2.9641913914158033,0.13379814077051383,2.755004967888568,2.2767140653471625,3.0642380034518477,0.9773318875352994,-1.328214311931828,1.096700788131773,0.4150665806054233,0.08627214713363413,-1.4412507698222479,-0.5051699144233097,0.7522594250904387,0.9660476627734654,-0.5810273845822739,0.8545090730283188,0.9338121545048141,0.4827246706903451
-6.79038907089946,-0.2972967591851645,3.0958055287414865,-1.7750949133791663,0.953454191007937,2.186315647506393,-0.26467642079930687,1.572079004280106,-1.0748991470587874,2.577404854550892,-1.2988776898491015,1.3435305748615047,-2.3242283218073125,1.1804472598377025,0.37970572445920525,5.610036943258844,0.2064641714502251,1.7495423347468677,0.10123244623312178,3.4092792726912493
-7.872513412438226,-0.8142170922999509,3.379800498276226,-2.15528223692628,0.6125270556303622,1.5189246824443863,-0.592162671909185,0.7988665641003045,-0.9652383221922689,1.9231655533341514,-1.7760800145788722,0.8415940303501771,-2.613065366384707,1.278564347320451,1.0419091559558926,4.727027522959527,-0.10521312341721778,1.6456203863982695,-0.01560609516856215,3.4029712563500722
-9.227139021116084,-1.574287776293252,6.886170304731613,-2.1945032592269467,-1.5739999897774888,0.6134794100537471,-3.3110036814935833,0.5493490323639727,0.6623963415245582,0.4194087781371565,-2.409324611321168,1.2971753433366424,-3.1614557886782637,0.5127703635598058,1.3524426933592988,-3.5901719105927468,1.3504572411696052,0.6621807273924283,0.758220905778068,-2.3575811494256143
-7.022170739610303,-0.7740203650155738,2.2496661413609975,-2.3405963726588217,2.6134580330390995,3.2927736136632495,1.7618639965445957,2.1449984391063204,-0.8377158640708122,3.0434323528148663,-0.5109652610602938,-0.7342414244248328,-2.7366384363560297,-1.253142353502813,-0.5058790353544272,2.671942362072386,-0.3185070095411351,1.5893253145946082,0.18587857504490546,1.092102206083613
-7.61528955794958,-2.45865328118929,1.4047816860399214,4.00267918070312,2.3571725522345606,2.8559449948064954,2.928126915575866,2.132170922182762,1.086629709859297,3.854993922205262,0.1363998234445709,-0.037452263355738466,0.4168010905124178,-0.3971729048294079,-0.3049791780624313,-2.5568964397079306,1.3464453418345745,-0.9458783265136805,0.4761850478820149,-0.45849116060071476
-8.66978834711329,-3.2034814030881176,1.3751959648480832,4.134467140597911,1.6775378935753718,2.379683587290424,2.519813690554737,1.4916861535020107,0.7727969723274702,2.6807768303550734,0.02452980140329586,-0.3288131513480503,0.21260866332347433,-0.5377676141519948,0.09215294629318782,-2.380734006631648,1.389290821125484,-0.6856515181628202,0.3212045321304864,-0.26598561597955317
-6.602099238061278,-1.8240449061450912,2.3932189113157007,-2.3892563482457216,2.658505378961907,2.2928988411003837,0.6665947948567285,0.4239462112345599,0.3313034328247091,1.8514796700577634,-0.8355115932633014,-0.5993731319154565,-2.0577801143974046,-1.8144717386074949,-0.2996384125805297,-1.8272729017821863,0.41893677687042696,-0.7571007789724258,-0.4217915459612258,-0.8664680973948535
-7.467027261999872,-1.6807548217177857,3.115723993859773,-1.7793109717086717,1.349865787035949,1.5999104170031542,0.08266087027229063,0.6872567972424852,-0.6300544534595005,2.2563776448753354,-2.054627665366104,0.36469795894548285,-0.30452052701631716,-2.3361863684009516,-0.403073893901772,2.5021914924293758,-3.2749957483330396,3.5975492894571324,-2.624915925718568,1.3211046164739877
-7.570458178436244,-1.5718083664278608,5.044103094502678,-3.1440227036078765,1.6416565734871391,0.8647665772308544,-3.334388145245141,-0.8223155371457176,0.12151437292831646,1.3792034309247339,0.41610013759583253,1.2376793963205395,-2.7198118231000765,-2.1050221155850655,0.48222492340566814,0.07142172648901379,-0.09812191097361556,1.3269934368600602,-0.7537747828765129,-0.5989766962752381
-9.801180958413664,-3.7876043050670156,5.040167158251619,4.375713514559811,0.30066461668571665,1.1005387285268406,-0.8832813664029211,0.3315009513959192,1.3204410864122178,1.5988857479763885,-1.3934838974365176,0.9093270899628629,-1.151736524229479,-1.0056806079154512,2.1721382148747743,-1.6275153396613844,1.292922138688068,-0.09511925768405027,-0.054003424590415516,-0.32844056040201786
-6.659149415249612,-1.6583101419487871,2.210710030949007,-2.5236155470089403,2.886185902578654,2.097315905274536,0.5755921091362762,0.32397564477155105,0.37955174436563777,1.8323148628779298,-0.7630313996198868,-0.32661169117188027,-1.724077603447491,-2.1991117892317127,-0.7472646726369531,-2.266807696940988,0.7061145543945663,-0.5809202350969057,-0.28810854733930347,-1.0199694340300534
-6.636874943942372,-1.1556202988040738,1.7339482734429676,-2.6653916727049816,3.0974761967508315,2.013972391990724,0.6257756316097853,0.26958077548407045,-0.5067747642060065,2.0716651701494486,0.14172340868592503,-0.04068056296767503,-1.6395801413970754,-2.4240486559007426,-0.7819395698529292,2.2863965716809505,-0.12848714924066051,1.3300991903673371,-0.15953247157863437,0.6580042922156939
-9.675732446075845,-3.2376452689245423,3.3680630893760357,6.887218354831823,3.1772282904720948,-0.04550141396464591,0.34311616131598965,-0.40000479882862894,2.4372628104406013,1.5541958299446854,-0.8474623574123932,0.5705901395227414,0.2486247442291114,-0.7109405602032397,2.306075038123189,-1.4590307131844136,2.5956359940350184,-0.014697713855926775,0.7521520898674054,0.5156247573782011
-7.8151012299513045,-1.3398855576663045,3.6585037847123765,-2.233008557496187,0.5862486884375712,1.5160264553573408,0.10785011719506521,1.6343370936363497,-0.7067452380681016,-2.1612942558251618,0.005527441239455928,-0.24257650141582,-0.9770621711594687,2.781034082934107,-2.749360872240287,2.0875256963022815,-0.37511490515536483,-1.841703198665237,0.5681473899550276,2.5628792692458995
-8.666005886643505,-3.2084419958349804,1.4123170547344137,4.098817135531597,1.6444063003672966,2.360940557132176,2.5217640601934908,1.466515308482055,0.771918429737797,2.641361383104873,-0.10794675017420674,-0.146741823309465,0.3758142951608126,-0.674552396307484,-0.04157883177586419,-2.5169517851421053,1.2817400076704504,-0.6090657008498224,0.1864986955185397,-0.13388892552301268
-7.9008138799153755,-2.0476731016349103,3.02488688846888,-2.7389023800827665,2.1073503017257886,2.2315878672444875,1.5452460404802622,1.699890309764253,-0.10037339914865684,-2.4090279808759942,0.06935399940211413,-2.111530582594863,-0.7455971258094171,0.024559867716655137,-1.866425881251105,-0.15209906986338362,-0.254509301832346,-1.484821459310346,0.04876820340979804,1.073250090942465
-8.611469207458441,-2.6932305390547135,3.382567246595317,-3.152217110755844,2.3109619051756725,-1.846079967702675,1.4683127773085274,2.0024289666663235,0.09445896504401952,1.117475734336528,-0.5182151942067419,-0.5023764413831042,1.8501008723131966,-1.6177547858554344,0.776009014336311,1.6302548750070511,-0.3188590586092677,-1.0521572434564828,-0.41123969364096735,0.11640585292884276
-9.705303222093846,-3.8339727735561313,1.221057267921134,4.351608297408973,1.2374575012232176,1.6590086478032189,1.9578775567576616,0.612630591404377,0.6577952553559824,1.6031202129897446,-0.07747052910072422,-0.5379571358012913,-0.04029454239858565,-0.6083359685775422,0.5222607502203984,-2.188791087370839,1.495542784047417,-0.5795494777010342,0.33709618164851185,-0.23867508835690543
-7.696458396547425,-2.04755989037275,2.9830719090456608,-2.7470407565020336,2.7686907670990824,-2.2575325823054815,1.6372830005944436,2.476251926174554,0.2916014714486641,2.0742965047141584,-0.5652770925168304,-0.2859040036906159,1.8284576302806783,-1.626330574021616,0.18618591106225846,2.325349802527157,-0.2032988104092241,-1.25894121822433,-0.45312018617950756,0.15553810608741703
-5.317449115187082,0.43447446800152617,0.13854262434572617,-1.2549851453663976,2.1823793104278906,1.9990861305270031,-0.2960208235883147,1.6078774139909155,-0.7575770054041089,2.3967939208543805,-0.11366174680196584,2.130718635458415,1.0132124391862443,-1.2151912805938507,0.08031941931809072,-2.591991361408238,-0.9419049067467581,-1.0784400248000645,-0.7246124823121018,-0.41022476357236326
-6.737796317774293,-0.009250570035514466,-0.2929727940054058,-2.8939327508664006,3.0837703473438474,2.6907250861406022,1.1026625394649585,1.8147642444265568,-0.47710183713002485,2.497637056208353,0.3719657735852584,0.2300593527686947,-2.0749816323960784,-0.4892487947945703,0.3598529724556037,-1.6160358011887037,0.840120398803478,-1.183615578054072,-0.20175946166556347,-0.7071607684437824
-5.78527600849494,-0.8704118199563706,-0.6628547179380953,-3.383321402640103,4.059234394495373,-1.3784606495360183,0.23246918384411064,0.17393145197768634,0.23175213832590646,2.1867509388249777,1.1034483139221534,1.1660602713020358,1.1437229706530274,-1.504012841912116,0.35831872660956127,1.257831241779932,0.027798183324150932,-1.5388666251680654,-0.4117044725750816,0.16833911221044728
-7.5339598988571,-0.893012008289896,-0.6484609629332514,-2.5727053708947043,3.167370210265619,-5.839886224194247,1.2944131034609563,1.3806966687382884,4.572265016474752,-0.283634651329556,2.642130754520147,-2.1934109080545885,-0.7920344668210105,1.319376581253185,-2.247742468040258,0.7239588036596781,-1.3868562202365486,1.6947518014369418,-0.030081142558928464,0.30644274704161356
-6.707137279750707,0.10777414870636504,-1.9770704063333504,-3.555483005529377,5.1732078636127,5.217227076590373,2.5292201255057503,0.9469409875846805,3.3203040620140687,0.9350500419377193,1.9728939348810766,-2.884852758510732,-2.0722072585250695,1.1565567736540625,-2.029939160404795,2.4036436986995424,0.30076457854079397,0.2606512853510039,0.016037063759789083,1.3478304098805067
-7.195894504553575,-1.5708552639295874,0.16533123993782342,-0.9416431428692325,2.362376470050949,0.34419888968368306,0.015522115035757622,0.8461018351370004,-1.9581150159860943,0.43628291567308897,-0.38193047631315435,0.529841053151846,0.8026603530617216,-0.11158782442236581,0.5659784737378353,-2.6204073000029564,0.09383109617045349,0.8393607008030834,0.7195167154750294,-1.4325109313034423
-7.5527250990015276,-1.5198719910641099,-0.1295060286328631,-1.966975299557492,3.1525761833451567,2.1840983062102715,1.5572758847832708,1.643575718379404,-0.9424839187105702,1.9278128848505114,0.3461730456400589,-0.3877789861886607,-1.3679117123615432,-0.5361144383911893,-0.19987260629846604,-1.7135553767791625,1.1973433767797574,-0.49687453287853534,0.36458709855546123,-1.865944919246541
-4.654283237141489,-0.3137649331159943,-1.8260896136930584,-2.504690595252418,3.733941049231318,0.8505155048598027,-0.80284774497599,0.4673820122884078,-0.843327099619049,0.6158966510393722,-0.17430333300802414,-2.128129822943258,2.175075172815313,0.0370433423480554,-0.42494404803115493,3.0938585205445923,0.3867375884962163,0.5283037266921957,0.24501939605340667,1.0235381979437301
-7.195225141065626,-0.911071114491256,0.20294697742928944,-2.5880244274006943,2.466833442179868,-0.138880323007181,-0.21133245709103055,0.9102069067840558,-2.1224058442474716,-1.1253369041571286,0.2429580414607957,0.7939853869553343,-2.1882201871677287,2.1448179402939997,-0.6676357198041565,0.8073199538156485,-1.88413651925867,-2.1711444377001863,0.18501691235366935,-0.49776970439631896
-8.0342450596109,-2.5243002878760086,-1.3050713213981582,2.304301272611516,3.245900782107154,-0.7519986609057236,-0.06941312464684568,1.8051119563661768,-3.2536173348141144,0.28933578133465176,1.56324529686604,-0.6168492603163755,0.9675863839029315,1.2960463590549383,-0.8972772302467352,-1.3864819681227298,2.225777381077766,-0.6971846506651164,-2.008205158599678,-0.07569537108234026
-7.37032919671308,-1.590728017946569,-0.34870023939957895,-2.3331886891096945,3.508008006089521,1.6446527592789812,1.5600755502701702,1.6896044840374547,-0.8845481550976166,-2.2541521547567234,0.8304505704421612,-0.683538791304568,-0.4173413135439751,-0.2176888448475246,-0.7231612176774289,0.518805717089871,-0.37384174823687705,-1.81022349931225,0.5372445276914978,1.7355723133778524
-7.237858060932103,-0.6801879910282623,-0.7225567122629267,-1.973927224247583,4.145110706787248,-3.2397382039177725,-2.7513459316854716,0.18789207364440808,-2.982124663793396,0.999377135026847,-3.9771021562087006,-1.3086728197996453,0.34990617946140157,0.44580623015128173,0.5417450163802646,4.416136261656621,-1.4898454106152328,0.5224826938803933,-1.5399464895250927,1.5162969916444595
-7.962312262895309,5.60285650757799,-0.21388307884309787,-3.823806412635821,0.16022741752358788,3.599703122103961,-0.14667161990806665,3.5119820083832147,-2.0612086841584496,2.1926425033348744,-0.9134299504787331,-0.26295242394779406,-2.0925836151393153,0.017867420060852013,-0.9817594228641382,-2.9185545925386194,-0.004376730446255805,1.3665644227565765,0.14348730497627815,-3.03162451092384
-8.621671693322583,0.5185138771609157,2.909870568185222,-1.8954360844890856,2.4694429205699855,1.9633729624186311,1.6706874798098887,-0.6092501300907189,1.8518641281123334,2.6217915241098537,-0.7007292026529138,-1.105953490043431,-3.660673702174809,2.1528835215198825,1.2408416837384368,-3.7484979131269442,4.026325660724465,0.10511915931695581,-0.9161559152990721,-0.43359951311061307
-7.249770672189639,-0.7875295448828306,-0.22844299837534593,-3.842395741922499,3.8800233856247406,-1.573224282220147,0.9673457056067203,1.466595649370524,-0.08217560657021439,2.0098730643412495,0.7721221501146099,0.8997145108249688,1.560851516927225,-0.9902194320431158,0.6146744993456879,1.2989529607029964,-0.027944542074006984,-1.4189633318963453,-0.13070285463557796,0.41217029792718346
-6.635943923239057,-1.3684851310191983,-1.3531504672789645,-3.826890635313966,3.5204962485424356,-2.3136762836129505,0.5148372581788152,1.199443195009686,0.39926151004355614,1.2840577754641738,1.5361534731080557,-2.3622457000353663,-0.6585030548625862,0.6291649737920987,-0.09696762215134053,1.8040250251366328,1.053696462944339,-0.8026674195593292,1.039547895935554,0.42466757425851
-7.720733448401473,-2.6914179730715277,-1.9864502773204937,2.209285137232186,3.62356784242206,-2.252051366312224,-1.5009233719944555,-0.22395770753336985,-3.445242451352428,-0.7289557187423128,1.1642535992467966,-0.670677104575232,1.1814173199720448,0.955580364556758,-0.34306817334654993,-0.9070035339723355,2.3765344146538645,-0.363852427510107,-2.1369629885790773,-0.07978078245727563
-8.354259179159405,-2.3334267484610853,0.052912834689369914,-2.6432593746076374,2.940883311805404,1.308581517843421,1.6241684393495686,1.4013954940608793,-1.3895438480138014,-1.0153518797507073,1.051071846068749,-0.9691496817552763,-0.33664609358404507,0.013915631548499507,-0.1866822263322978,-0.265536496924309,-0.2822823631675014,-1.5874095422885788,0.42358969455441264,1.6475482308920628
-8.432122769969107,-1.4198582158964599,-0.6001441192781048,-3.15023699174334,3.094707016580584,-5.122243833123576,0.9605310732030259,0.6782284466314316,4.354799601606899,-1.3368891921508237,2.7504786205598437,-2.2366258833113615,-0.939905801301887,1.1886646813644908,-1.7565784929070891,0.09286075227022844,-1.5157825457323972,1.8723119994526363,-0.15954674508567512,0.13087727876443878
-3.252688538187795,-3.6114325934777245,2.39351259712623,0.8798267844423145,3.6417876947848944,3.2828939402237487,2.419104753697045,1.188881743916776,-0.7143151169683813,2.682231291820815,0.07385071058123838,0.35525651137336656,-0.8126419514863916,-1.3740764175126314,-0.9637355296997204,-2.2901060206452746,0.46032108046041115,-0.6095776166547818,1.2995128762803174,-1.355514574500575
-10.337609892360378,-1.4352755297504984,0.28315834811143326,9.18199057438407,2.6696365558845443,-1.1915556073684024,-0.5653453418667673,-1.615350561123934,-0.8366093925629579,-3.7876481451188164,0.43796290235583096,-2.2208643197276876,0.8602931930787936,-0.345351930599569,-0.3901393091866125,-2.986277898942536,-0.39436272221940494,1.819169143247543,0.3330049782353972,-0.9029649186572866
-8.092290392604612,-1.9740657351451802,2.8233163298550537,-2.5619955935492267,-0.9466965592487289,3.8893528952855467,0.9102357067065894,-3.135394663981975,2.2160157303938357,-0.44485549103212263,-2.9950856795520453,-2.312369257307823,-3.519517558831554,0.5905744284848695,3.0522233953562057,-2.6801904917055155,0.9198744308506106,3.1764592172189143,0.0555865703891707,-0.550695949952688
-9.955527814417,-2.2280432744642136,4.6077471098611325,9.146028749454665,1.7860240022764775,-1.7885221731819965,-2.8674317867878463,-1.2397378957230587,-0.7589032605052346,-4.598277770006024,-1.3009646313999284,-0.27716397925435676,0.11520910947387326,-1.038145630003184,1.4955961840647234,-1.600174574724159,0.2684264321998998,1.8830894976590131,0.6382357660483079,-1.2937938011700574
-9.895578785087217,-0.8986959989314484,1.175187327101339,8.57950598209175,2.298163597402122,-1.4471310877202255,-0.993517996273219,-0.8845867217468883,-1.4430709354938782,-3.2218928560500806,1.6398781341063273,-1.2742652596917148,0.46590979774955876,1.1991012202142648,-0.364823264747219,-3.5353887052043254,-0.12361684846226001,1.5662474411209972,0.279982838120363,0.1817452115688539
-9.103449331742107,0.5512323164906517,1.8722403671995234,-7.264623150898263,3.9305293090064986,0.8095035756204125,-1.2048266900538742,-0.6431297854428584,0.3535925350389151,-2.6603780431332646,-0.5903451561289157,-3.4610011483719605,-1.6542531225452568,-1.39616975803247,0.5644664198919703,-1.68139879873713,0.1457282605244995,-0.5111438999673108,-0.8680095796147647,-0.3130954571525707
-8.742806051021335,0.5994056957511676,0.12160091604923517,-7.87090078992593,4.492923953847043,0.6274281832155845,-2.9477754934664944,-2.789804645300966,0.7148884527941841,-2.013603617250115,0.4899830928634288,-3.174236763389325,2.3955104844238413,0.841063039161094,2.0762806360929322,1.2125178457628132,-0.050433092465599794,-0.42488841000945665,1.3509739278383814,0.37859225641913274
-11.368131482808172,1.7250107305784224,2.1087369411761094,-8.058844136386272,2.9309089274060365,-0.5602450058642445,-1.624705067419484,-1.731370559576763,0.5822433608462408,3.189706628438395,0.9921878344953228,-3.2737341398497715,-1.36625986251113,0.17515281865017585,-1.5389289225413392,1.1312800053063257,2.526133115746143,1.29546629520254,-0.8537343856638532,1.5482039062480686
-11.356147310144134,2.2941312954681545,1.2006630781681085,-9.186547875193519,4.1795644110206975,-0.2731930385712438,-1.8038725105624507,-1.547736643300261,0.40079054003047965,-3.4189317630592413,0.7847786192065752,-1.0979674750200672,-0.8102926654614241,-2.2998531937291613,0.9413043553290186,3.7016007549090366,2.909992480382582,-0.8696333903481493,0.6121924222740202,-0.8278463510362482
-9.013099671312178,0.4642795212328922,2.0635922664917064,-7.237486016370444,3.7621978368386113,0.5079650008622034,-1.0308110684388225,-0.7673314520493086,0.2838109870028964,1.8937754323680895,0.26141132092189356,-4.0277975829458255,-0.07497981550930599,1.2322385604853745,-0.04057867814361593,0.7512942908770908,1.1748710146176684,0.08525088055165164,-1.4494755386107032,1.4930181146350219
-9.653837377780906,0.7262392393566126,2.3621895384292033,-7.121667026112034,3.006228413560936,-0.606234519023676,-2.8643650250902435,-2.3180338598165964,1.1313361519661043,-2.537329606588118,-1.6635320035390249,-3.0300312886602265,-1.5550024184508318,0.25721208015736513,1.8969607348821294,-2.239832813861376,-0.09774009169845244,-0.153504579123579,-0.34333871539792943,-1.6636576672853187
-9.872780430921024,0.8787666957825229,3.9618317078788565,-8.698515053901234,2.9425471207930474,0.7535143356019841,-3.2895324907034036,-0.4287478414632453,-1.0252177178473723,-3.3475861674818437,0.12594605204136572,-1.7901085024572265,-2.926493796225079,-0.5318890391120601,2.4203195728572835,2.474744210154233,2.7492379282335424,-0.7335801584584394,0.6648496107689037,-0.15617390309519794
-6.817811190544129,0.40793915767850303,0.46221904611385634,7.797928356352226,3.8591660418588756,-0.2518990880056242,0.8475814330971614,-0.062400101299544986,-1.293787861970114,-0.9350432439825931,0.31743876114212044,-1.5643190902920037,0.7432537713758773,-0.1959689871819249,1.4607364326425063,-1.4045221186220096,1.473856301670441,1.0087750031484108,1.2612803953179585,-0.8572986114144341
-5.374829209185608,1.3573608750437205,0.8790707917508744,-5.873810863974086,4.687188042872473,0.1837675215362855,-1.2429675613907314,-2.0863176861619284,-1.2609904044398321,-1.87579292151109,1.319027418057184,-0.5808476811028194,-1.3928959174980435,-1.7940673268467644,1.5308370745215276,1.599015253231141,1.7066879627231373,1.1443186458356194,-1.7452377875271763,0.0390312293679293
-6.497772899018704,0.9582974464928042,1.273172722266691,-6.037220310905804,4.0619167653798085,0.6130544995394237,-1.0899715671700996,-1.188784585370228,-1.3711502012431938,-3.058791171818842,0.35991027256852964,-1.1485224602012347,-1.072830794272961,-3.2559244881554554,-0.06731514893443269,-1.5891805037042135,0.6538981293466297,-0.4648724369268461,-1.6858329248746862,-0.15114803669111398
-7.257813400010463,1.109809545315859,1.3039945959151873,-6.404208193805269,4.221879256677823,0.3146105772778736,-1.1932857249229905,-1.827009548042212,-0.675373514349787,-1.7673710021535944,1.1895351696111085,-0.06417352360600997,-1.1672457131046232,-2.1206462410933313,1.4889510638812664,2.119209202157762,1.6276741269458639,1.072769802432346,-1.2908178110745547,0.15059986162348887
-8.577102226380283,0.3867585807926697,2.5667359962626257,-6.505764056245944,4.122288390157601,-0.012298996721171684,-1.0017906979011326,-0.03530632059357397,-0.8215957420521314,-2.863819382811192,0.8924456463671001,-1.224929607086109,1.0412421510274747,-2.1022850766464622,1.2581176095605393,2.271648725961153,0.2272842434096943,-0.7174836809491171,0.08240995729344053,0.7784842214451027
-10.324553654814025,-0.11413194261510512,-0.6657922748901681,-7.410360518375061,4.221106725416266,-1.167115723341706,-1.6086451293219257,-2.764605350193282,0.6511249010339273,2.368528891184379,0.05694739880459471,-3.5714657163421113,0.22366905068285226,0.705353672611827,0.8631879847947106,0.27122015239906194,1.0247424387620667,0.08797961637158885,-0.8498208395054481,2.2494002975079965
-9.642453473861632,-0.2808922046812144,2.4029348143899147,-7.725647456430381,4.139232970096015,-1.404593524936415,-2.207781791914128,-2.1892418405486374,0.9899876665133396,2.9513980937977182,1.097939214671265,-3.039885980483724,-0.7696567754712962,1.247040549743668,0.5808372241098818,-0.4931595179495951,0.6052170231733289,-0.3354869018016151,-1.8187228259989188,2.285222724973387
-9.584508883969912,-0.9850049349386691,0.9931004819669812,-5.546058796720022,2.3029728432847025,-0.18611669087588878,-0.9052441531364729,-2.592012116346245,0.3770346733321802,2.5299360778352957,-0.12916501370046207,-3.5494491478108814,-0.12147113636775275,0.05997236491266389,0.13232194521971308,1.0843645071763768,1.0878250314788218,-0.03787562002934106,-1.360224551433614,0.9759294742025203
-6.515561785128723,1.308620199697268,0.6021628887662962,-7.184969226287389,5.358102204390801,0.11747612112690448,-2.1606371912729996,-2.391311295671299,0.3121853967928833,-1.8667459002525022,1.4446037863620558,-1.2908103389059984,-0.3287441689074549,-1.3769109668415052,1.2275716944099768,2.252399429545817,1.612003612384011,0.9263073236965667,-1.1378725078637846,-0.6339475665240903
-8.784812300936931,0.9405468910756152,1.4903279853670484,-7.837818372504342,4.639251712718026,0.7994982647646716,-1.3463071669666438,-1.059235143660616,0.329296101039376,-1.838087743050617,0.49472066382821644,-2.0959882866857797,-1.5504185335629126,-0.7819389182019348,1.6264602466562461,2.891191545463448,1.9814699882988918,0.3701982654000143,-0.22999869875324824,-0.21385838549377195
-7.904244186140598,0.9054768114931344,0.6899862227891913,-4.146297410043392,2.9595675801399848,-4.1911630520097605,-0.7705912064475233,-1.65399510590136,4.698090100855685,-2.9000939640863317,1.3998622138742252,-4.400368915761704,0.13546047083178092,0.8207097737708184,-1.8914660392156017,0.7750630888198577,-2.073186330501226,0.5629478184513301,-1.5398222602821416,-0.060545378109419457
-7.9631474564803355,-0.49169491019820766,3.938556231569108,-5.128759166760197,2.067475202963356,0.42464335921044905,-1.63290540197388,-3.1886894474268015,2.500794687395127,-1.2022491699361717,-2.268220974559987,-4.22624634953979,-1.7438821347337856,-1.1063559713923672,0.533980879444367,-1.0730998702620713,-0.8569018504389101,-1.0934002562351082,-0.9593723460410948,-0.34599843494639176
-3.4469315258557263,-1.8944802427413694,-2.566372709640481,6.605091784900377,0.9422007849040179,-2.67145670206036,-1.2040554338331535,-1.831843593837928,0.030478109270112574,-3.0781946899758874,1.421729235724889,-2.9658438168566033,0.8463939279553333,0.016353422420555014,-1.6494847369060164,-1.1152509920719547,-0.37239534142725655,-0.5030427432060334,0.5288243021957173,-0.7432261489094854
-8.11457718119652,2.5662055749713955,1.212605148501556,-7.219747908373124,1.8485947247959031,0.8451910991103918,-2.213340357294155,-2.3832579410012573,2.12399574149394,-0.4898814605756816,-1.9900116812375845,-4.239680709063273,-3.078237888771004,-0.32464520120336204,0.5043239848450942,-1.4549246229015504,-0.4906367521517275,-1.4281179921486413,-0.7183197576623621,-0.2450672334219058
-7.190423781532618,-0.4063038306623036,0.5886940735068944,-4.69029244763596,3.7892370960148023,0.3161395687883526,-2.371508656882291,-3.0622352874392704,0.4437605303225924,-1.155570383029294,0.4712395887518386,-3.0709025228874287,0.13399187416718494,-0.8519935895905255,-0.45069394119837036,2.9708377563458237,0.547320372939106,-1.2489507181984487,-0.3285538363533752,-0.7721971089460951
-9.325489420135826,-1.3682136098416249,-0.8387044339444845,5.642248993586508,1.8185396859259866,-0.3252023339222413,-0.2133396159489166,-1.774257368636424,-0.4867855350808316,-1.5801739738289244,0.7878994918137165,-2.7087164432046538,0.5636261162099956,-0.09108714984044897,-1.9901131721657104,-2.755511517390309,-0.630505772778518,-0.17126044405025398,0.5257628456184941,-0.9817497420607435
-10.599906556155702,2.475689332198936,2.5578731510707975,-6.340531703305934,2.745386710610659,0.4847363373160921,-0.3431797161822874,-2.7902189061438163,1.1900971279217467,-4.073287506371538,1.1156348882513836,-2.1902564500892474,-1.9609433260600302,2.176562878447263,2.898936368483476,-2.198505465208655,3.1334845956092434,-0.04614553734835147,-1.703403052679962,0.38407720091753317
-2.173289707456461,-2.281886017894048,2.401674868884094,-6.060423488419527,1.2669134025894588,-1.5484532271881217,-0.18509380297216527,-0.4512091307095687,-0.08704590115433564,-3.7346387374489556,0.03011509029654824,-1.5716184761718421,-1.1062665445586761,-0.8655227632927378,1.1201864830192971,-0.16743626067832262,-0.38707745514785324,-0.5710910498704944,-1.9138112337841413,-0.30589873923783106
-10.68049728134023,3.1325364009020333,2.975463431622802,-8.029650857483885,2.8247904836025612,-0.4734621758781845,-0.4539612764054315,0.5426144009539617,-1.8855491475595771,1.8262346821176862,-0.09180655385588696,-4.196400953006043,-0.7457254236280186,1.0178718814723875,-1.132875697838764,-1.1668403828103888,1.6673757462311092,1.1536824249202076,-2.3215456221275574,1.0330836832381167
-9.096101335505656,1.5275261534664821,3.3289951661020565,-3.7509754530591177,-1.5772098903214222,3.6548871774632605,1.0723508159829467,-0.035377401209960024,-1.3424604852283835,-1.3823073864984565,-3.077016644495809,-1.1939832707730829,1.030255065139397,-4.2161627144827065,2.1564113706346015,2.542023131659266,-0.5881711296776192,3.171836154883006,-1.4261911302630574,-1.1399930406632093
-6.844739146009969,-3.9291104471398186,4.001012949669256,-0.9372831443815781,-2.6842656490554617,5.990787302149983,2.3193872391775665,-0.3685995546312868,1.3799474716013498,1.1883424805470915,-4.007418131121096,-2.544613922226106,2.118060565816577,-2.159943382523352,3.6155729460717465,4.413563674976539,-1.5682438912684369,2.697280537518041,1.7102560185525728,-1.264352261006173
-10.320476174072455,-1.18146737150767,0.7619603904303548,3.7620828763862644,-1.6501345890203825,2.0589191076680686,1.1919230744901137,-2.419088360713147,0.5260530438255282,-0.949693664970781,3.516415395434267,-0.5893669324088191,2.677888860794903,0.5964907492024324,2.5649284916827093,0.7935665015381725,0.42296876091332736,3.6778733274638635,-0.5520183313488445,-3.4905161569420278
-5.661711402684031,-1.7909319151426528,1.0440525500891196,1.3930666561968776,-2.7084430010910334,5.913604098083899,4.30254622533001,-1.887015152194627,1.4454033560624004,2.6913533068294595,-4.490017187835208,-2.4769965877247566,4.409746614950634,-2.372427692772411,1.9823531714294016,-1.1550964289680765,1.8286067320720183,-1.8007491777778535,0.9899480884016305,-1.480482250662872
-6.93821860707575,-2.2638046132016636,1.8569383225355776,2.1627192655985716,-4.923842434096511,7.548645654240054,3.7187952750124738,-1.2358274063210026,0.5765397460552124,2.1521035590926667,-5.1411332149495115,-4.680589782783096,2.9203374775126956,-1.9817406814401899,2.238810047897516,4.501390146984873,-1.4429982867636002,3.0171521320419954,2.8558744661625726,-1.1655971302781225
-7.103700063682277,-1.4865780995753706,2.785596598927661,-0.9852474619185071,-2.1259958298094306,5.987245926613454,2.275259731602755,-0.7159652154827222,0.8626806221566498,0.9717884003310743,-4.7358476821764945,-4.506659226364977,1.3721096154283021,-1.8666264735768658,2.458898419853885,3.5041969376676665,-2.053393080001261,1.6056756792063336,1.174532915621667,-0.11193278401615947
-7.88569092224189,-2.3863635088856627,6.9387908443444415,-1.4382406970744168,-3.0212720713059817,3.1976230408576534,-2.198087215271114,-1.7629093562104607,1.8904686664096055,-1.3339377691780587,-2.714265901313347,-1.207638180224108,1.3861026619160146,-1.8728049585857782,3.6386274652830837,4.972594377744243,-2.0789658540240157,1.594380145022143,0.2619674305947117,1.1673430098651403
9.767591924693754,-0.9849325030534304,-3.510334463380493,4.367700863452563,1.7617025922216043,-0.4509916295633135,-0.3512404701507563,-2.248462109524254,1.2443861546373134,-1.1356506175589025,-0.02021567609197311,-0.09472231216756968,0.30704506738778636,-1.2401104068061237,2.8059897771891236,-2.891969706836236,-0.2739489727331057,-0.14109730441141588,-0.5620040770296106,-1.6264022922182053
9.274028734393424,-2.6189666860671306,-1.96101580111802,-4.06527427911885,2.4777033023996857,-0.10139290202032228,0.7243758578333039,-0.14665300362961287,0.8435066790573365,-1.7112471078002307,-0.08068459397704929,0.8572350570527016,0.8534942553709801,-2.2147249759343657,2.0950931197709486,0.9009724458401196,1.4038442154913489,-0.4869278273725963,0.9366137351350128,-0.9531070278402846
-2.0269882149656064,-0.5402091374164548,-0.6358432269650831,-2.6555860555171042,12.551673441307859,7.683170338176983,-1.0483349390651133,1.3179560961490002,3.321422939078448,-5.887890934852913,3.001678324421687,6.586062685448178,-5.908290009588026,-3.9923553616128693,0.16239068887201236,5.969468599057033,-1.9369603573421925,-1.3985074651399272,1.1105354593544035,6.866954572754679
-5.279729299316535,-1.4711037846506407,1.3320660918557905,-5.47213028150799,4.225674731382432,4.622596941206943,1.794428081489738,2.754933450480303,-0.4553174660728969,2.463194702385159,-0.5114857925897286,-1.329945453312369,0.6286762560663417,1.0723480690214058,0.6493520387282793,-1.050331945368954,-1.0392182092163618,0.9404380990374588,0.1428894608921416,-0.8241996458095359
-4.840669212384337,-1.5337393852129144,1.0661563112612793,-6.186393946506586,4.948520683420174,0.587674307196475,-2.3503472330328172,0.06623238407530607,-1.9168970858368266,0.33476243951677587,1.6207069270568606,-1.2433902427565056,2.3024157797498543,0.35447423956897506,-0.43678547206068463,-1.760637545094394,0.12501057447213604,1.3461041784404912,-0.40005511552680095,-0.4188985531050045
-4.566096067842983,-1.0865279975556925,-0.41079294825724577,5.758526513755961,4.1022544495814,1.3368281995473748,-0.26529230451896824,0.656573193361303,-0.3307104847590793,-1.4151314218551367,0.28570986612463023,-1.0782002954902419,-1.1406741556008728,0.04136625390409876,0.7249524875785587,0.6171459080750036,1.806235670102224,0.8183079379460867,-0.0699262565220713,-0.45198797835208504
-4.3566311186612126,-0.5130610213945721,-0.7889931919360614,6.792014824432762,3.186884514359136,0.06775598206811695,-1.3420644704667017,0.5083625352450082,-2.2032716422458423,0.19393596848666794,-1.0675966102364738,-0.3720186850803451,-1.0516809778105793,-0.7760154714652059,0.6701576720949642,2.448660090180903,0.5546781338289561,-0.038461269560368994,-2.1558011113955544,0.5391711374794184
-3.2785101242166945,-1.4627488208938602,-1.3862878401132095,1.4819691025523078,1.947923465049484,1.6600550088431674,-0.34993602377604777,-0.14994400407554548,2.97164680961549,-1.86380378602519,-1.193720859161703,0.15222452976999257,-0.05177054572997608,-0.7824120722138622,-1.5279017966784036,-1.1668480351968302,2.3734602085199903,-0.9670941553904999,2.0044474412334456,-0.8345937134170875
0.028131791714337717,-1.1100115753723283,-3.4668163700804975,0.40932944812225497,0.5311431007144064,2.170518511471645,0.36433542217653253,2.307470979150777,1.8901587347328264,0.9185759695834304,-1.477652204350207,-0.895886070044955,-1.0518915401578082,-1.5886005420369154,0.5376311123170263,0.07282969877060981,0.11788357037459692,0.6885914008775165,0.4785236648869834,0.21034895214665714
-1.8429593816155125,-2.2685039855921367,-0.7738682527254002,4.6713264436598205,1.4679314741266283,-1.9717029829883015,-1.375745760412387,-0.13122716847537408,1.3021809265790172,0.3114567566306321,-0.7209943372035419,1.5094583621266884,3.947776091770546,-1.5995210858658995,1.2325176137641638,-0.3339744101891654,-0.3214284979378731,1.4853837451072978,-0.7530848810778931,0.16741395749993415
-4.021765480229112,0.5054948645684796,-2.200053863272618,5.358692991905189,5.529804407968731,0.9934390653809151,0.1475550922954656,5.259926874092984,-9.81736609372007,-1.1187793674002429,-5.627558638324183,-0.8889660242892472,-5.728612357496745,-4.53716580673037,1.2635429488323164,-1.0765275737895599,-3.0705158869592477,1.6541876515141956,-1.0542386869102045,0.5335858549095343
-5.720337995710773,-1.4497790964078947,1.2097512991523667,-5.812029401733254,3.4658272487643496,2.1177368148090876,-0.7952840642137842,0.6312221378509983,-1.261446194695538,1.0329725499438103,0.3710852694413436,-0.5235075296118591,0.34585528979912084,2.2363997480012343,1.3034148777068368,-1.925267684819857,-0.7083679653646664,0.17038751624015153,1.3491385565511387,0.2827407472787314
-6.127271278194781,2.730981998363233,3.473621987611324,6.044971185579787,-1.1296074168102401,1.3769702704576932,-6.426287595524311,4.737855088396902,-2.1433190603204544,1.35967998900022,1.168560825510639,2.08502852919771,-1.4060441380823532,-1.5550937646380851,-1.3788252622676689,-0.3595810184297962,1.4246071860684908,0.778028548255429,-1.1838498125225236,1.6900112940672163
-5.908399612984116,0.19373510715039288,-0.174338286841811,4.125760858827666,3.2396902451861513,0.6948027419324387,-0.156517407965153,0.25107791751567554,0.48186347654196393,-0.4839085999132376,-0.958842907474413,1.3965691815253174,-1.5250940253108092,0.6147048735841187,-1.9481824131248857,-1.290146918825282,1.9713463972993235,0.3929222614335568,0.9677590073416658,-1.4789468354790207
0.20471594923426664,-2.107111536116599,-1.0740378976297102,-3.542445085927988,3.4686708997584135,0.3950365015298717,-0.7369390387418708,0.8454544199728891,0.5536384361646243,0.888701409576582,0.07030584808185872,-1.8707678385036668,1.0005719253206964,0.32277576114391093,1.2277095810130763,0.3628868313809794,-0.6983100294799287,0.2601731058001795,0.5171444063026257,0.18777262012984275
-0.39922241051436513,-0.8571939203698754,-1.9010863635760071,6.402025240400681,0.10635019757843955,0.9900565322607612,0.0882139404164435,0.878929926019443,0.4181613098472701,-0.001651232485742976,-0.22167202357840432,0.14157214355955183,-1.3681464731390756,1.6987955903274528,1.145413587064146,1.31243429271425,0.6710952282535418,0.9277325578761104,-0.9485978805543458,-0.03564700513184915
-2.4167025990459425,0.21215768222583492,-2.393609566821742,3.026138097691065,2.0277490870505384,0.24983078474707246,0.6715929341360314,2.5459024154153824,-0.3869853648243289,-0.41549783543663615,-0.06263428290475748,-0.9065753539002248,-1.207229960581658,0.35750439458718325,0.7814956385157885,-1.421149411034943,0.3381294284876982,0.4469721262635551,0.2192989363116069,-1.3327147894278117
-2.3690732163971275,0.02984190253177177,-1.1072429322512891,5.914532183759819,4.762419654769467,1.0813601874925578,-0.34271606914971486,0.05429216520255079,-0.5241981416292328,1.625165122419162,0.15549039759755712,-1.202695818478982,-0.6695987171531952,-0.187911320878406,2.746478840469071,1.5590674611888593,1.5732084005209888,1.484655589411601,-0.8370046721773264,0.354672246268225
-3.3589584777084545,-1.0610853551003523,0.09528943955650715,-4.857580282327054,5.685116524579661,1.926991207316477,-0.6560860493650893,-0.3695527635299209,0.02569648845746754,2.1079675928934956,-0.23172671310415544,-2.374494206132721,0.39478947882630194,0.4497056776586692,1.10865848720637,-1.0715874130987997,-1.5626142459132801,1.1964125108707258,0.2953771296474367,0.46762928705111784
-4.04230012699824,-0.2994480407948392,-0.6816147234026138,5.860737815077538,4.272019655268945,1.336495037675738,0.016478059678571688,0.40841816196271924,-0.3607611045268518,1.4555028081873083,0.49350226801959773,-0.47768294353355123,0.11430872828211858,-0.9789276148374687,1.8702033786857062,0.501119956345111,2.1349202443370885,1.8764126962174803,-0.16646148382504533,-0.24492667654053857
-4.6564431072176555,-0.32957581213937837,-0.08970140936608167,7.31197981543123,3.0949242120394906,0.04083986930398775,-1.3438408029467852,0.010868170333445115,-1.1737254445591012,0.3355005288879438,-0.4987869871343532,0.47861034138108205,2.468363238408046,-0.9031253021050876,2.583042838317546,-0.1268756568945434,0.2189888818293142,2.188977870123244,-0.6583603471530349,0.9052313513960406
-5.615095782829202,-0.319451435519963,0.015603237880668416,7.267601554880617,2.465032480795495,-0.09891274868805566,-1.7344355567083394,0.6284507782573794,-1.5105100579247694,1.1339667835222156,-1.639925003575835,-0.5625254877429957,1.8841070669947708,-1.6371549820762223,0.5693615849368983,2.3902274587760943,1.1653230463865207,-1.3086829180596973,-1.0971744893228572,0.6089141907208976
-6.157476509977418,-0.7730839523705884,-0.41048055792383575,6.549363358893098,2.7012080690289886,-0.03042989242535693,-1.0252331559969812,1.0343617916400871,-1.9175552534798928,0.29185584177887547,-1.2495474578119907,0.06388111085668124,-1.487457613092233,-0.9748621123331865,0.511918018183833,2.9753468730211665,0.3210295352106075,0.09752810945577961,-1.539731653194269,0.9936482943875193
-7.138409598152293,-1.27879311717997,0.5906813928218616,6.825034087471104,2.77635939620315,0.3040400949120706,-0.6916782303376543,2.0430821868256963,-1.7595783450853753,-0.54908597384771,-0.8705858973850078,0.7499627879986859,-3.852297841280813,1.7777652081911188,0.31551579979404,2.1789769016847753,-0.42175833952897945,0.1817340279388311,-0.04417184147937936,-2.1410414061438403
-2.007274259024957,-2.494724425256547,-1.4828143935361502,3.065932815299551,2.8877646764568237,-0.700174754910722,0.022613653170219516,1.3415118539404396,1.3412730299341926,-1.1655548531970241,-0.4836476312583967,-0.1953301747091054,-2.182597417226728,-0.6928124375165705,0.6081897715221951,0.3475909177944392,0.6061399389409295,-0.006230530830737435,0.04043397126693282,-0.22310100531121746
-4.635270502449437,-0.7959821935887186,-0.7218379117043312,5.709151904169847,3.8893376826648542,-1.22095270273249,0.08690503438075292,1.074554946138111,-0.785915816715051,1.3968026793823811,0.4921757057221451,-0.977668200727791,0.11414018383250113,-1.5555404096887822,0.5420696905338437,1.043163233109555,1.4249723400634813,0.19713696776956624,-0.8428116005122948,0.5172044841720091
-6.187347605750883,-1.3260619355920282,1.0790345645102146,-4.9699068461452605,4.585650229843074,4.754318014284553,1.9529899907855162,3.6359306315551403,-0.6889366832954871,1.92874654303924,-0.953001985862276,-0.060152600451632066,1.2943610659953895,1.013296878812095,0.7673643174286733,-0.583573229727357,0.02884220351938635,0.4447856031069007,0.020821815278537104,-0.17363852353625378
-5.94273393166717,-0.583290537270522,-0.16522939457600183,5.701374510633926,3.794291102010083,1.5427026533550958,0.33029198649362557,0.8009510038753447,-0.0015303772626264478,1.5043626626975346,0.6345676294923069,0.10285948209513862,0.7014829300078707,-1.599502536007884,1.1111131080169745,-0.4483583855330885,2.455331280356921,2.0414855019339244,0.33088355213898835,-0.658539101091968
-6.415301562515322,-1.0661973478155191,-0.30837517245931967,5.443031197831645,3.397399170736975,-1.3885794548724903,0.43935958366987965,1.603996338194737,-0.3694571586688257,1.602567395674084,0.33873634361704347,-0.5662458895548482,-0.24925909229008764,-1.7714619862743284,0.46139499086203983,1.3724467028938099,1.0624743566379051,0.1589251061172008,-0.3742836484654074,0.8395397395073098
-7.855403393071901,-0.6671380921775061,0.5174309650346518,6.050318259003748,2.0566819270072263,2.4317804696537437,0.7145291798796174,2.1639171781173343,-0.8831135989387703,1.559008532517745,0.7669919271983348,-0.04536022486924962,0.21595437916552604,-1.0172830936339088,1.1647411525581859,0.3203006414816839,1.100822621625255,-0.458573532468902,-0.36026381134594565,0.013014058139873108
-5.648091919786778,-1.679572792961832,-0.17879397236275163,-3.843807571913719,5.404513352997107,1.7090458548914602,-1.7810481609359048,-2.0249137777625394,1.0712935647000945,1.3278703075834022,0.19686600953055813,-3.478521417395842,0.17156785893336557,1.282170055006805,0.37495473726803913,-1.0285807938313292,-2.016573826358963,0.8163847994588543,0.31907003839995657,-0.04885993519615761
-5.709815809100356,-1.3542433224616102,-0.7623497967105834,4.569885931876928,4.4511377931136975,1.0540787422607643,-1.4159175900554875,-1.1879848319201511,1.2720352032548266,-0.6273064848150502,-0.5057804791854913,-2.7700044359364515,0.056127042911832306,0.3820828693043776,1.8131218704986334,1.1179089914735607,1.8789741623547382,1.158059651009336,-0.013811753608421684,-0.37889013410317973
-7.105063774681562,-0.8617311649658903,-0.5787993518024164,4.457775393064478,4.262537552635615,1.0359885600712957,-0.943967177663334,-1.0379194886325076,1.9353629328790198,1.3864604871160067,0.2054801825783449,-1.9440063824771945,0.4518180467550442,-0.3499295021718041,2.0443744271207387,0.24611468173461554,2.2412501966671265,2.0818810373138876,0.7664671967203404,-0.4950555763198228
-9.856379463797236,-2.475960475151582,0.34554557694071086,-3.269693105429819,4.034763466314117,2.6002601642972727,-0.9644154626229128,-0.39461248211125177,1.576694651410429,1.323441402706198,-0.005797779522474178,-1.859588261124908,1.1059417489976475,1.1554784151721536,-0.12340495923430433,-2.0288390103104352,-2.1892688504178253,1.182297871052085,-0.39928477792657346,-0.757431870729619
-5.242425164946893,3.530855121448784,-3.4196412590523773,12.886711766755631,-3.58459683455851,4.639167551175944,-0.9501077731364522,2.0729447615205183,-0.6232139576676878,-1.0064172217360077,1.533515562126183,-1.317186628478997,-0.12094481040446037,-1.4404934814784953,2.2211713839338603,0.5997355170266165,0.5720524934404214,-0.8845974178414834,-0.8087028781739265,0.928587453011234
-8.364141808004675,3.0035396549805644,-2.6979173121259725,11.484551160703617,-3.65835651819423,2.9617044124457066,1.004163755284031,3.6288186517697576,1.341611622209185,0.5656362173664382,3.0494855937305383,-1.0459741629590869,0.3086840670842166,-2.6800595781237178,1.8454769655830239,-0.43640154578664186,0.7713746714772638,-0.8139217221901878,1.0311059536146208,1.1016396788607525
-7.271267940836962,3.075391789465893,-3.167488581718512,11.46379054886383,-2.1808836246749315,-2.4984935676102236,0.43703397056273097,2.879107805124815,2.7706363778059084,0.09406368825788203,2.3641735355916365,-1.4408373026987138,-0.7641235975350301,-0.33807552550002606,0.8875818248085214,-0.7573144666626759,1.7378880639138667,-0.9901021021196879,1.4703282792195778,0.5992202428431443
-5.5696732968911675,3.3947855666564886,-2.8954512431203954,11.879618953769302,-2.970752683671626,-3.2118455586349635,-1.092637433707343,3.0023378137988215,1.9987036922924648,0.7822272248366314,2.804255399375201,-1.0977804853557316,-2.0206927834906927,-2.011781905873428,1.7014023223673669,-1.3517404940185562,2.2269706645279648,0.5738591296567368,0.6064047449233357,0.6589395631571309
-6.314634217547988,3.097765924696192,-3.2639347975395303,11.644952041754557,-3.1287304968213787,3.35180692235003,0.511504765590379,2.5758837968387733,1.3024700226287518,0.5273110229916586,2.754333093164698,-1.8314189590637628,0.8709574937095244,-2.386631362536491,2.0594606936849464,-0.6299960731991098,1.2402073291622624,-0.659816320011282,0.8114901582202472,1.2278190923449066
-5.075973450011402,3.3456735384837164,-0.6858718574708962,-11.155341457378974,2.1177389150985375,-1.8521877320273554,-1.8380212520646855,2.940233500885408,2.6590182697131235,0.3351790802244655,-2.1421960745098785,-3.0204494893609914,0.993492104061059,-0.6179223164259595,2.7923199763314743,-0.524517210676236,-1.0415960650106042,0.18287535023710685,0.42978095827342383,0.7870592891198819
-8.594151449623723,2.8037915560623112,0.24292593361328516,-11.718616805152422,-0.2553663873218142,-1.5993313213627685,-1.6816941810163326,4.547283549205502,1.4784952509553342,-0.8444074503320518,-1.406384258196909,-0.9292667083910007,1.0309784562948585,1.2827168294559699,3.3475482802133767,-1.085467056840669,0.43689823965849683,-1.3090933938860156,1.608042902334419,0.2816308142587292
-8.039528541052643,3.2215922896948226,-2.7236641890551385,12.780700997850651,-2.962371442553991,-3.747642127336852,-0.23256390656629,3.945505224624398,0.7867839240802568,1.4044657138093797,1.3271591677333474,0.14003962824238858,-3.0977088086325177,1.2972109237079477,0.6152829258525687,0.99376087821537,0.16109236362141122,-1.1195757785690572,1.5389784148980161,-1.268833959453472
-7.090101769162491,3.3427090493549327,-2.5385282387238695,12.726357434177679,-3.179869049502627,-4.503327492664878,-0.1015375696373928,1.9871705165359694,1.7360457942097556,-1.1367193326443876,1.6377620573690157,0.22178321240605015,0.4669545441811105,-2.0229857381684946,3.026719096080762,1.0793204063587802,-0.589505795380315,-0.047895633803913734,0.3716402927696899,-0.12004176283340348
-6.210272802676454,3.477832357407094,-2.646537526929626,12.851291528388199,-2.8108716222351595,-4.716137737287697,-0.6041387373793754,1.3925679210166984,1.8472827735241015,-1.1439256033938654,1.831838185283618,0.16883824434856676,0.6055381751314642,-2.4887852395920858,2.4873248551851583,0.6379553412321355,0.4156283202850354,0.7490922599488892,0.7397915937362799,-0.3129369947766652
-4.369383742348322,1.725157703900431,1.0935143245107437,-14.704344571973257,0.9108698921500676,-4.878371930213055,-7.293349070492873,0.0031390454527778777,1.3449173135303014,-6.144146320282957,-0.06912727776649152,-4.3378514159219295,1.1239355842443612,-1.0074172633442018,0.5989841185798923,-0.9331168263637526,3.7293064744472852,0.49346901148925915,-1.0077767469677492,-2.580539708762215
-2.5176582801649925,2.5301751232588883,-2.8620627104569905,13.858218081147598,-3.2039053089929634,-6.4077504331492525,-6.021429017865929,-1.5850974326622427,3.4995072902100492,-4.9461050051246165,3.6872644719711025,-4.26880428123402,-5.503729079251141,-2.526341097892421,0.9752879063297899,-0.4396789245745669,-0.41311446702571303,0.637020418059008,2.5386095919886325,0.11272096329405451
-5.739246150906634,6.742599047595288,-0.9463152192754731,-7.345603498406939,0.8455206370828392,-1.885471564083572,-3.109126348679138,2.9737458967778396,2.3019080446059927,-0.4969085365816215,-4.0999602668502,-1.4314276135298667,0.9069256344230623,-0.9806897959213955,3.0600063983644716,-0.9405984234434943,0.24611534550568698,-0.774226403286346,0.514903493287379,1.08822300074998
-4.8583358561561525,2.2245803256500283,-0.0014545587154931316,-12.801006357760052,1.4640235965825874,-3.2658333185794666,-5.108280711192042,0.145242723976293,4.095114355152064,-3.0140813080710145,-1.6808461932623633,-5.005127725696182,-0.3695901561257001,-0.8585520536201676,2.1191064343055563,-0.4534000099695197,2.0171892966453653,0.19647732103215904,-0.5768141101207065,-0.45761803395233147
-6.517950191279601,3.2965063484758392,-2.8187117103391586,11.394865966921305,-1.9405757622305897,-3.2217099446611095,0.8046805841040845,1.8859446062517724,2.9998173335638647,0.3219027877502451,2.7502347359918122,-0.5505598061711449,-1.4391442953558946,-2.8427773794135303,1.4272962857041973,1.0183307247525781,2.190347604191288,0.24233937114775117,1.2239004388350532,-1.5209234658134139
-9.70115315577366,6.39325405629317,1.61452475763697,11.358279397335918,-7.716698884319811,-2.79714438713098,-5.590263297765916,6.60284330191827,1.2352751549950132,0.2548646442335788,3.4794706721037727,2.563510745292562,-2.719175411999613,-3.518737838615057,-1.9801634846154197,-0.0915867056137355,1.189665921484749,-0.8538797908036925,0.6868993193137685,-0.19299708957857264
-3.3284933248271997,2.2106835513337892,-2.720049107903549,14.947973607563089,-4.658559204598536,7.011697809983859,-4.193737550114102,-1.053223003053613,-0.9689038255182868,-6.449473698342992,1.8404535828691713,-4.415243949792378,1.8368687210894048,-2.281702783942664,1.6474835287805025,0.5737034459800167,-2.8921284458222765,-0.9411063070734231,1.4412940893084452,-0.683768862784511
-8.628285695530039,5.387458750681368,6.068509437028793,-10.253731197337988,-3.7059977578449925,0.26447758151486056,-7.295338594435135,6.59873805962968,0.09775859679737409,0.35984127565294083,-4.483729973336037,-0.15750114337924137,-1.1597051866406018,-2.608595718567475,1.312757197920019,-1.1132807632769042,-0.35028633205104454,-0.8274080689546233,0.09710981400758667,-1.4155382595396615
-5.89282941505571,6.0133379411161325,0.7108424305878385,11.22481557236966,-8.136262234875744,-2.0992512377365835,-9.379958917466524,4.054077132262188,-0.39755417669991455,0.1689460841074214,3.333632445727166,1.0196014203943489,-2.884732642614567,-2.0844317632985807,-1.1543630896304977,-1.3675579975123915,1.987137548751114,0.42522850393417444,-0.09680971472871036,-0.7134532256691848
-2.201157965077713,1.8085828023875603,-4.320961024520011,9.261170092688085,-4.291857495314346,5.161755409021934,0.5988169016647653,3.1019409859534783,2.0326151757412503,0.3409840966229771,2.2003242067884163,-2.4960604538174715,0.3422224428479904,-2.109933936019333,2.0472358636435155,-1.426666883177344,0.9143034871264111,-1.0992450013189226,0.2523536053322204,1.1673984298539888
-7.739182772370473,4.441927543357114,-1.4982913181022401,10.819364200658116,-5.694372642660847,1.5410932986025438,1.0123997454637301,4.600048546692013,1.6818226596586596,1.1119718535060248,1.6476504704006345,-2.05045902981085,1.8630636120676876,-3.5802628289054006,0.8378739610260549,0.85908425354215,1.0521597419705075,-1.0135679078998239,0.8317167581315852,1.198816784682932
-8.154266531892729,4.9048963863831005,-1.1116509781867154,10.910301197930579,-7.019835852484627,-1.7180079364668837,-1.4252406837793075,4.502342465137904,1.2846913620754719,0.013129969920387508,1.778209538079689,0.4433964747966629,-2.4018096016442323,-2.0197904703822536,1.7423928134226985,0.49327292982900806,0.7072571929689553,2.172837723225795,-0.18388910582804457,1.5580513100752165
-7.318726665271692,4.466938781532624,-1.1896784506068152,12.272733255949483,-7.123578549237979,2.1007774140710387,0.06716014662356368,4.154203839003796,0.7750235974406287,0.36512766905197147,0.3047065248903884,-0.9491535589846278,0.25879971244152067,-3.3559812659234205,0.8388545173093794,1.7523385859043676,-0.4119772148897116,-2.2018599000916566,-1.7968978447586916,0.5851686126333722
-8.796261528256895,7.660874125610578,2.3194477305729904,10.625334763505098,-9.05069086014037,-0.7335610581406893,-6.963992839358096,6.512682734272466,1.3245250531295174,-1.291417857483582,2.031370924193076,-1.0764655906895317,0.6401105685625353,-2.798490593156384,-3.733328984637966,-0.9958285836857486,2.4237475888429576,-1.1732794531545,0.6263145792371274,0.7535314807337937
-6.093730980866677,7.474481257467576,1.8013112801013316,10.444760835938707,-10.082231479220667,-0.2863966407135782,-8.920480489219287,5.275372118788333,-0.5186924894240488,0.5583636940028278,2.388430996699014,0.5144907564642098,-4.202547505147074,-3.097718854799954,-2.1231936435726855,-0.39946905177585423,1.4615450651387145,0.696682490096781,0.11200795517458595,-0.5940777736711018
-6.946812974896435,3.6318891927450245,-2.625010574960281,12.36710431036313,-4.698873982201174,3.0801745963956866,0.28762808569804726,3.0488139167438426,0.9836188596930167,0.35791913215257365,2.778973748638444,0.04165354662480092,0.6983112600319198,-0.4901036319765919,1.9569815881039947,1.5035851513257952,1.6212890370078208,-1.1963800224169852,0.1593693533798094,2.433071335146863
-6.454438829108376,3.9310563697967953,-2.847280644620362,12.29656455104954,-2.2813693712737146,-4.707898249882739,0.25330213896731013,2.8257945739673556,1.3570172768381479,-0.6316181247320047,1.1579442586765054,-0.7141238120251576,-0.22489360072852338,-1.3848099168790573,2.6685662967869686,-0.13906676843461652,0.6204616990638023,1.0882215890446498,1.3314955476390198,-0.2085541487822248
-7.942237026533998,3.62720251628965,-0.09956694251049669,11.492971669126744,-4.721131267570579,-3.192606186040463,-3.6154081169076857,2.4292839431893016,2.4876997903348737,0.30195289245959833,2.9167138548074463,0.7212354284206541,-0.9355789015478608,1.0396453671211905,0.39176779038453385,-1.2113578531063323,2.5416328836218716,-0.7357854930630432,1.1877407218818312,0.5217693479526804
-6.941629086036328,3.5009696770357803,0.05607193396224669,11.946989283944962,-5.314087172108838,-4.512125296260601,-6.420524311387493,1.8825767184369033,2.4179805392563973,0.8566695437804137,1.2696972742606654,1.7558785497396352,0.2564317236979976,-3.509432912840824,0.34826459646030283,0.14786448367486904,0.7580077710166137,1.385252924702609,-0.6052756478244786,0.5453543129399091
-8.805420557730114,7.273066177366162,2.0509027232779062,10.886445493568578,-8.953857756576062,3.3155917883501758,-8.274512724248359,5.122708157538023,0.747527547690824,1.079157535806785,3.2116064141120093,2.892524115958073,1.864267720858587,-5.27508631109372,-2.5055673919276003,0.5142390353154174,3.5791001979290984,1.2184415882826864,1.5019980428791182,0.44798192647933355
-4.706378806071962,3.711430836494584,-1.0406627575691485,11.48804939362618,-3.7724047919670056,4.0407710180817356,-3.370504464494618,1.3030761079622228,2.0176102763286985,1.1177345191528814,2.7593943821943157,-0.6946914029070675,1.4426299444014925,-3.286904483388093,0.8015657014549948,-0.5770274603151305,3.1436830930172297,0.6199612881870539,1.515819845310525,1.0043369236359876
-6.609344102923877,6.908089932963087,2.3573748784861497,10.712511749503507,-6.215171352404929,-3.469467573510801,-10.521729660915986,3.6698273737021903,1.903939351908829,-0.9409159576130816,3.519529112453162,1.1358595758058136,0.3399739487850084,-3.2454788134648487,-3.106005526881094,-0.6486652196489258,5.081394956427834,1.4705511120467323,1.760628673867679,0.5044719610361362
-5.505850785984551,-1.203258936530247,-0.20627119665056387,5.638284494530113,3.8834649336593223,1.4407788871407032,-0.1264206430636492,0.8409551705115317,-0.13274455009031494,-1.3982824138489467,0.3930506935813276,-0.8509593833795918,-1.5686974399441322,-0.19747951371041272,0.30939952380745994,1.0506139728479091,2.223948840034483,1.1772423742329616,0.46677902969512364,-0.2523450854432757
-5.411416170241074,-0.9041510871725148,-1.6479468324445703,6.280772228193677,3.0107940576883077,1.990357777960924,0.6571917363563982,2.5059483003294094,1.974878258380795,-2.1759182596187348,-2.215558546038879,-3.25428698566561,-2.812562547692113,-0.6090845207133793,-3.447026823280739,3.890756711712154,3.697940748329093,-0.6346353505151752,-4.127448540361152,-5.431218993383074
-2.846243619328513,-0.5494260819739034,0.09230401689279127,-6.460211622241671,4.240701875045397,5.087760728294834,0.6666004711327357,2.7378214325323675,1.695082981651083,2.296276541934497,2.2526795222571447,-2.687710488701848,0.29642033884977437,0.1789153444614806,-0.21058329183931535,-4.584523540982987,-1.9971725416652153,1.330112879705088,0.6019913097817512,-2.375192176944246
-5.108459475938915,-1.8811817261788346,0.226049807160666,-5.840251674311898,3.366516710126545,4.0958480329108,-0.17743259006475554,0.623499872333279,2.679879926093869,2.3987772829881484,1.1718008596581495,-1.169543732302682,2.039132965467982,0.09469881863791002,2.4352475122294477,-1.4699330835138467,0.22585932975812467,0.39437678878925253,-0.34454119960760354,-0.9104308432933712
-2.4677936525602604,-0.23981409720821967,-1.2613645809333438,7.75377723225206,2.243789910988954,3.570577826652669,0.9449853079297482,3.017258842889164,0.050982120348480375,1.9201011682506033,-1.0698527318308153,-0.6269187675950092,-0.012951012455563404,-2.24876071096169,1.3222079671601565,1.0050436793345003,0.7885329076933223,0.6917367565622324,-0.0749521017838449,0.4968161670099961
-2.729076768053409,-1.0758410163467886,0.33293228172261974,-6.27450356102606,3.9551054769079705,5.372545218350341,0.8551727757637126,2.3810806727499707,1.6056715813337583,2.1468716208595833,0.6572359824258347,-0.5749102005028046,2.381720570960606,-0.053394310986121185,1.884808798956368,-1.2294212141660912,0.4562020810208114,0.4596006620647752,-0.8674825288028059,-0.22581459258667622
-0.9435136753760198,-0.812503920069412,-1.5710390663797427,7.2823774949667754,3.311611930317224,3.3588987135901585,0.5885682896541707,2.55531760619506,0.8346242619398896,-1.598305449265104,-0.37174562557339996,-0.8381621935819025,-3.482230929000976,-0.15104132408676474,0.7992753373808649,-1.0929176244580385,0.9913597857361697,0.019060581206436833,0.15252098399571168,0.35964001716235305
-1.4358882171001155,-0.19506264332743606,-1.230125051997804,7.667779711898724,3.1087325632858946,3.493811450960711,1.5066936691374408,2.9499811096405955,0.7219069160137412,1.184827367518327,-0.4585960474208953,0.4754235374659802,1.164924842155345,-2.0455515436900615,2.534850921562056,0.6555054598069386,0.713004378941603,0.04513849172126788,-0.6579893438912826,-0.5955464860378685
-6.415301562515322,-1.0661973478155191,-0.30837517245931967,5.443031197831645,3.397399170736975,-1.3885794548724903,0.43935958366987965,1.603996338194737,-0.3694571586688257,1.602567395674084,0.33873634361704347,-0.5662458895548482,-0.24925909229008764,-1.7714619862743284,0.46139499086203983,1.3724467028938099,1.0624743566379051,0.1589251061172008,-0.3742836484654074,0.8395397395073098
-1.5518929580334646,-2.089347400966907,-1.3674630981314861,3.8062768750832596,2.123200707622416,-0.22190025905951005,0.08197357459256963,1.4147237057746853,0.6272113621685936,1.3661656802354605,-0.18125330906649906,-0.8578206337228119,0.7247424617875564,-1.2470993208070746,0.7377773839182004,-0.569504104570023,0.6277398022390592,0.11715390098721543,-0.9156670834437823,0.25128170587862414
-1.5084277033121327,-2.206739791938853,0.21874053862435913,-4.466296778056197,1.618381727891983,1.0032720589061266,-0.2460041143580238,2.330011601392534,-0.09298294324546347,1.0557494061316448,0.8951116236137546,0.5521442098721954,1.1508346980658122,2.440191147745262,0.7777686936245121,-1.4642362327518603,-1.2897091452946066,0.050679423027011505,0.638307144478935,0.09241654824234344
-2.281019627781891,2.045463677963602,-1.6920110658226575,9.539470327614037,-5.036192682727312,-3.4315734940458915,-0.9189316727354301,5.070679039279695,2.561915242754848,0.5261214426422103,1.667846955523201,-1.2420458050199392,0.0596483951242629,-0.22162860468581513,1.171037230284636,-2.0558081192128546,2.0361850605598355,-0.8201362742353935,0.6650516503413167,-1.266262613961799
10.833528028468995,4.786038534648032,-3.266595157128413,-7.692684902574678,-1.3126705423731537,-5.480439172563528,-3.9792290274660767,2.1688814056618098,4.40347915280732,-0.8060675296007888,-0.06778946010568115,-4.180821846854488,-1.2667604573681635,-0.22717628586367966,3.7495448278516195,1.0095072796005709,0.5812088243566182,-1.1295503829865798,0.6909048291066089,0.36074461824818327
10.691143840861926,-0.9910808681008505,-4.190741605842097,0.9456011162159906,1.4737678307985964,-2.108746146059409,-1.535467105072473,-0.2169443939365605,1.348368179624665,0.882292608307486,-1.7899528754853407,-1.9730992795280171,-1.885434875018575,-0.23555528230180867,1.2928961884242216,-0.7289393758032872,1.499804895452366,-0.8998176563683293,-0.46180720822170324,-0.18387932158148734
4.273111061624261,-3.2809304805132946,-0.8730268136369688,0.6141607423244821,1.1966951620681385,2.4489268095979293,-0.7532820397630773,1.4465492602871877,2.011943261840451,0.6059270368329409,-0.97160358086103,-1.6411597454478863,-1.507522968615746,-1.6921105836475756,0.8874367515566475,0.19475378632230483,0.5291586798558865,-0.25607363888820933,-1.5097225562445264,0.2708215826742318
1.0364054767672135,-1.5455460125301221,-1.961492101290054,3.7918713252509626,3.3407859838027356,-0.5849151251683786,0.025521221121562798,0.516617976052842,0.617591660242602,1.243290483129286,0.06464225113734534,-1.1166841934866212,0.09430647571008066,-0.22817006825045222,1.735276245176975,1.3262524037901968,1.557558548190453,1.3524585308879196,-0.6727803444539682,-0.2708372330846123
10.154485281587089,0.07473210240359496,-3.96847183497872,0.005200034052004865,0.9533079386342765,-1.607497446484346,-1.4507986123636498,-0.7670479774286896,2.4484635565241595,0.2423644830905033,-0.03967766600538382,0.826313735858086,-0.6035889718150323,-0.298424973012638,1.7572205859566723,0.708738175994262,1.4034140545486342,1.403692864019495,-0.05388793688645577,0.585710599944977
7.8842281006295085,-0.6625229533471468,-3.288466003005714,0.7911919488129282,1.3500216448478026,-1.3342610781746347,-1.147219795835165,-0.053382143248141556,2.5897344910377917,-3.058944603253684,-1.577049467454262,-1.375035201969336,0.6280934283347367,0.61373887035617,1.1079585927944233,-0.18746622441158553,0.6070994022257159,0.21757565874849616,0.692613366211077,0.029965006401983962
11.012762450466836,-0.3180503903849876,-3.419290523938993,1.6658375450310752,0.29990996147118,-2.036291991370977,-1.5553671948651835,0.02809817624744046,0.9641465978252992,-0.2318753864856572,-0.8857834381549073,-0.16567517355601313,-1.4936320318278873,2.415197907987573,3.144451263530798,-0.08851977356994434,1.5008117145489828,1.3420200172343142,-0.9479271678729384,0.14665925790833992
-3.2938653419166846,1.362879249549212,-4.170264715454004,7.85805272320162,-3.33615013408228,-5.581557274872365,-2.5440200464480784,1.5821843463452083,5.45810326694506,-0.2556784503463956,1.7643031007020518,-2.5662863303379426,-0.8220085404373618,-1.7316030813635537,2.246917128815535,-2.3716720330550647,1.6400790182463956,0.2974299093737076,1.474834558274642,0.7355728239744679
-2.2079241875245197,1.8350122803326805,-3.8931555490748853,9.231861690098924,-3.0322579445523665,-5.008057597116578,1.0232324696162263,2.230459254374387,4.140784929818357,0.36404281939722927,2.024265442617194,-1.2416145685987492,-1.6024455752585314,-1.7390685371012116,1.735078916594367,2.200122869400036,0.7358266921499846,-1.0181553036597688,0.26436828823245345,-1.281678121401632
-1.831312609171236,1.2705277851360413,-0.75468547891354,9.741111321609196,-4.991955063260346,-4.600684950018195,-0.7381529144186999,3.4733783026084035,3.7407765718985084,0.1487757440667716,1.6433800056169459,-0.7548396878711618,-2.5653354265379393,-1.7586598186140632,1.3071768448478265,2.019245704299853,1.5357304342041735,-0.08546312355368997,0.9280464633605569,-0.880012117354297
-2.0536699882197618,1.6256345346876933,-1.7728328929903756,9.181988727084235,-5.499318670754932,-4.304482767841541,-3.213385739024606,3.87838435373483,3.005108486323711,0.9124655529436482,1.4119203816404358,-1.25501857329719,-2.889122377839504,-1.4880209727137497,1.2512536499850464,-1.7857461359427442,1.8335111018253312,1.2052130060398358,0.3760931929814784,-0.2521376192249878
-3.189904972814465,2.7799568371245167,-3.6871745378569214,9.508114322703916,-3.6995556702453296,-5.045088083845286,0.7360716408721555,1.8637429720751808,4.424778475199189,0.34819554989410917,2.0774330794121885,-1.1041637938001794,-2.034624041299218,-1.5377198399464767,2.053685149046667,2.203335711374013,0.8859964935831339,-0.7151929227012674,0.8044169573127117,-1.4137656501413414
1.6934681140640135,1.440440412958986,-5.198448800662687,8.312802914100697,-4.38790022380977,6.337491556925908,1.177715558595839,4.478821419619982,2.699486581962076,0.5709759526409923,1.895552423149913,-2.212085694119029,-0.6401737352116786,-2.272995530821607,1.4532207441697516,-0.9571500839517737,1.3570802106629705,-0.7622094488506935,0.7966111718888227,1.304396985347154
-3.0671446613606745,2.6291344748039247,-1.6235863886480413,9.316810673565737,-6.124857826748132,-4.32256889560443,-3.5170908187840118,3.5885505526219275,3.3905430453992125,1.1209618666362593,1.263812688160645,-1.2738377749456795,-3.3537661089844297,-1.4670194158068688,1.3065111703039483,-1.5503723222594794,2.1510131116579334,0.8484890059038064,0.9999192707327993,-0.04830425841250652
-6.233435375380415,4.491318553201673,-2.4965271697277442,13.261728537980897,-3.37169265038908,-4.60164708942148,-0.9481578252994556,0.9926958240721814,1.942225170453845,-1.0601011122713644,1.9641914208991158,0.26782514308005556,0.033348792225608825,-2.097847155716209,3.1397200668999687,1.3689448686151529,0.051151668357067026,0.49315256092293724,0.5655003374426526,0.0233541225521271
-2.347246568549206,4.478245483430739,-4.645179522524685,12.49996879828585,-5.817212465967304,-3.151266132444783,-0.05031566493541506,2.235583262573871,3.643481754422719,1.1265722826878464,1.5762322010491383,-1.0223711591774742,-0.13368077768408582,1.5714772062601627,1.6208301928453852,-0.4461326156749793,0.9964730354986608,-0.5975082332747538,0.46353580860075816,0.6413174544998222
-4.356626868234092,5.215971558642567,-4.73760335970039,9.141999395057127,-5.101223497581728,4.586355541770178,0.5666449028443246,3.314795161490305,2.15593354663058,0.3035359377484869,1.584385438706394,-2.0644662706782544,1.8479626253029333,-2.2003225849498294,1.985058412270455,-1.3378512549163464,0.32581862182162935,-0.32148928775392005,1.38359638155499,0.10925073040726987
-6.900471330960887,7.0287892783391275,0.8960743214967797,11.412880341463719,-8.772161214563408,-2.0842008586554357,-9.654740949709298,3.8042094369011497,-0.08704918610646362,0.3035737980192573,3.2744599176671807,1.117682445319308,-3.2039159099020886,-2.1941636777931093,-1.2453630064085783,-0.9513113106853022,2.43098026485065,-0.012388549237843716,0.5575541068827399,-0.4779658308391741
-6.233435375380415,4.491318553201673,-2.4965271697277442,13.261728537980897,-3.37169265038908,-4.60164708942148,-0.9481578252994556,0.9926958240721814,1.942225170453845,-1.0601011122713644,1.9641914208991158,0.26782514308005556,0.033348792225608825,-2.097847155716209,3.1397200668999687,1.3689448686151529,0.051151668357067026,0.49315256092293724,0.5655003374426526,0.0233541225521271
-4.649843601754925,4.5313249886537506,-3.6661073980469006,12.241700820784178,-1.8812867245400762,-2.8802338053663203,-0.6253100798924099,1.5462525430348184,2.596569464317442,-0.017469309643530884,2.038689732318462,-2.5072152321881456,0.5108730513241884,0.1334663953033005,1.4898618101249883,-1.2500937680520072,2.373018816204295,-0.4530361227682853,1.439414688839729,0.5158051661292488
-5.627693954078662,4.531932524251934,-3.0261613877507285,12.082625334243946,-3.266311485380581,-3.4771069893442683,-1.5715961561578875,2.3808084868976915,2.3116120362167694,0.9521956527178257,2.7449496044420996,-1.0870796318572171,-2.327739580202987,-2.15386486981813,1.5672137493501084,-1.0682345787846048,2.7735741018772515,0.12275717839420941,1.1450206477426619,0.8942651054313894
-5.570337118004369,4.3067244423243265,-3.3353747045376028,12.184994973699233,-3.315587656350762,3.4971043187933772,-0.190754529335611,1.596723721321243,1.4061721613603984,0.6777281112050586,2.7149419421632586,-2.1353146349760133,1.4299989848748265,-2.4735221033441026,1.9162183235563774,-0.5708335590200867,1.8207267958888067,-0.28313332087507637,0.9562501253064073,1.1560189801910263
-6.475326400712135,4.2692006161477005,-3.2071345932954376,12.104859437006343,-2.4023109595894807,-2.5960209339797533,-0.2618069009685773,2.055383674334791,2.703643101002676,0.09653297494127153,2.434249736961623,-1.8435882838264428,-0.2035629872067869,-0.2845780238330453,0.9468801501638475,-0.8864232746088889,2.3398615402994247,-0.5120286765531967,1.6296664683416209,0.6044914365547471
-7.201103205309515,4.546753062152205,-2.6035322011160797,12.849021144861146,-4.18753374571841,-4.810912843256395,-2.882545607399605,2.657516789045779,1.5193380064733613,-0.022818079626404586,1.200994123971103,-0.054570402827256004,0.054566979010227,-2.991574884828378,1.1578874783164135,1.2335701451877328,1.9632621380190856,-0.2518291197139432,0.6833195612655034,1.4924705431741323
-5.642494576667396,4.577916419178017,-3.096465468237808,12.007872421465876,-3.2093017235304377,-3.524264266949133,-1.6104664257108978,2.370003022141293,2.382155124143215,0.9873372024729201,2.693879435933754,-1.1101494706681774,-2.403042888494783,-2.1118729833928795,1.6554599964897827,-1.1083095957133222,2.718917120636036,0.1726373914642388,1.1253191704796557,0.8857458920250579
-6.540879148843436,4.439680645193376,-2.877684997002997,11.92107532058975,-3.443223511882599,-3.396232483393804,-1.5395216243946155,2.445226702478115,2.612388180561024,1.0431346558646957,2.690591422123478,-0.91848509335987,-2.1474541681439088,-2.596151382789011,1.0499183926605828,-0.14135238474044665,3.5581169912860324,-0.6197229253818277,1.949048681520031,1.160915842822586
-7.424043205556313,4.180096426422345,-3.051565562476094,11.973797913790587,-2.6284816965781213,-2.506964482001669,-0.12447511747408646,2.2356872516622666,2.897777997246761,0.14962137938263945,2.565750482866709,-1.5981283318727624,-0.6571591332403304,-0.5468575210807558,0.5123059882464472,-0.4641175562719096,2.7623073609698743,-0.16701021615048006,2.166503344534207,0.7999157617779593
-8.84999332047397,6.964191859518468,1.2113992109962675,11.024298626797925,-9.439149459741879,-1.714144560885449,-9.392998392933482,4.359509703958629,0.005448037526399663,-0.006006457903036111,3.5804582728359664,1.9943089275963777,-2.7392829270965384,-2.5113733775008633,-1.1924568788358039,-0.7496723180033285,1.9350616281524349,0.34139249210472666,0.6326434623310847,-0.5416747709978671
-8.084440802895744,4.449696596400757,-2.492103929365017,12.729331880599148,-4.6050086396619045,-4.566119993342385,-2.4984318807219736,3.2444226640785803,1.230023554734321,-0.45009458857818807,1.4954657695701696,0.45193440570997945,0.2227410103409111,-2.678144506706392,1.9141610063175316,0.32034611007220315,0.5419617707247251,0.925886071450424,-0.09489162768600923,1.1767342568323609
-1.5558806097904756,1.0946913682308401,-0.09178760540289066,8.469775994601692,-3.568446517472535,-4.179805583064701,0.591620427649244,3.1328515673812407,4.05241768675777,-1.1049657384124638,1.9898621224601576,-0.9034403223365777,-2.2766977169102867,-2.4206032784842284,2.046177737256679,0.9197631865069132,1.7699119490515556,0.6266652729720394,0.5898039026948614,-1.3547229698624808
-6.136071762228024,4.370840350850203,-0.3635010037704488,-11.33082430049476,1.4914167190683019,-1.8198030331660737,-1.8231520759654296,2.937080254130686,2.759768503504549,0.43925861388819515,-2.2074955127809726,-2.881617704453683,0.7516730895934586,-0.6351206750563406,3.210810149026713,-0.35451136424893875,-0.6882590062631451,0.4479499080219831,-0.07286373047640349,1.4733904276151917
-6.577245949848491,4.438860968918278,-2.922124348224407,11.631712040040174,-2.3338977360636917,-3.329470415897017,0.4392024723442848,1.4119552838367566,3.0169653873340905,0.2599128051716301,2.7131729352514826,-0.7002512794345779,-2.2449468713557033,-2.265944943059274,2.2918747142282188,1.6603386001027296,1.9988314528775883,0.29471765040014897,1.3344000182567932,-1.3561035517324536
-7.444541207356215,4.272887676051257,-2.7741101104805246,11.537724869449644,-2.6576353310691228,-3.1646383020824933,0.7694280025035097,1.7625577966637769,3.143691002550592,0.317859354154,2.564375903134269,-0.6077542215361038,-2.313606831067277,-2.051491546891644,2.5368658463154876,1.7959134659715914,1.4309591614150325,-0.19780061900108303,1.2567267487556109,-1.3623493290617064
-7.444541207356215,4.272887676051257,-2.7741101104805246,11.537724869449644,-2.6576353310691228,-3.1646383020824933,0.7694280025035097,1.7625577966637769,3.143691002550592,0.317859354154,2.564375903134269,-0.6077542215361038,-2.313606831067277,-2.051491546891644,2.5368658463154876,1.7959134659715914,1.4309591614150325,-0.19780061900108303,1.2567267487556109,-1.3623493290617064
-8.437383170733096,4.145721782201804,-2.483665158000769,11.462789318939521,-2.9680305013882924,-3.0078078557968984,0.9992221363729726,2.1131889925569785,3.233416496490172,0.347394578911205,2.6127476734178643,-0.314623856127832,-2.0389207757240984,-2.282214609553267,2.2275906498624325,1.4633709505140056,1.348796349196495,-0.3429891768174374,1.3053627562993808,-1.354270416046766
0.002021045550806011,-3.10015699028481,1.9473176278707216,-6.4216478946894044,4.394515172248532,2.5442938421184245,-2.652414851086471,-1.9572057370579055,2.288319536350447,-0.6892963065935489,1.4398067607634741,0.6177409619206442,-0.20976327780493764,-2.235115771036285,1.9968208151323847,-0.046186738340654954,0.431076842695987,0.5312363791885932,0.196962023230007,1.5388099479255761
-2.8110958271057145,0.29917488361198613,2.943215142747042,-3.4776097113271818,7.2082920176780485,-0.6435973870805591,-3.228208957214872,0.3627591993777849,0.49724825314177074,-1.982603940038932,3.346325704177963,0.9820635904831194,-0.5087852805509102,2.1881290618653644,1.3172463345454744,-2.372839866710051,-1.028109006910824,-0.9024231741862669,-0.34112505311008356,0.264826055157549
-3.3101506595593175,-1.2510010496628836,3.32894551801148,-3.7748201148896827,5.260993151612855,-0.6295278084899141,-1.5899807903909449,-0.34900906779955754,0.533263508753149,0.29696543673148024,1.9097938413236355,0.5808394397527225,1.8072381309875432,-1.3365750896539312,2.189809372902007,0.15147270061939078,-0.2548519111511216,-0.19959733449136258,0.004695302472388585,1.3082065514555143
-2.459679231484463,-1.2224050202237469,3.149716575667714,-3.5512586370877592,4.938112515463509,0.3012759206651693,-1.4013304521529673,-0.3364385956753785,-1.0906975778696997,-0.14983691821647194,2.756846084916215,-0.809632688962193,-0.8997272872021659,1.434894102540779,-0.1000521690864482,-1.3212963843018235,0.36562792757545903,-0.6232570411229084,-0.1787891628274072,1.719754791984979
2.3603996589088347,-0.17931280627804871,1.6663924417397669,-3.0621870707791974,6.859668123916471,-0.8947798665571063,-2.361539346946457,-2.711357281543564,-2.26190355004995,-0.1558035392694218,2.7428198383132285,0.2625573526579015,-1.7659801182796886,-0.8830081831917256,2.5881501446568755,-2.437438951672286,0.11536223524410993,1.1050502072442328,-2.686748999052239,0.6979597381670412
0.8547358491458228,-0.8478489594907337,2.1072101224823756,-3.553249260973996,6.360205094251522,-1.287677291245718,-2.530984006953946,-2.0493965592407455,-2.0359469840905264,0.898892415002609,2.929464936185301,-1.2436337758697507,-0.19082379796718002,1.4265848571578474,0.753209993886673,-1.9313837011830195,0.8032147797737498,-0.6444394759455203,-1.485241823554325,0.926644306582491
-0.7998291958393035,-1.1228671569978883,2.3639069324991793,-3.827189094929301,6.298674385885956,0.5778007115766688,-2.5765395707056964,-2.136716493365322,-0.3414304411731645,-1.0109496905140085,2.489703041951745,0.20378185583411762,1.9501983894415957,-1.4007626178835006,2.4846400296887747,-0.6337483682019569,0.5156826492083264,0.130938891630611,-1.0220765320241607,0.8049062323749366
-2.5726413328224935,-2.214927086950328,1.648737157082787,5.923887306234577,5.344806658053864,-0.9392256269372439,-0.6354856964471742,-1.804018795527086,-0.3046121397124175,0.1917519142616027,-1.5725420396203145,-0.9928488762670571,0.5842839055118363,-1.0173083215228222,2.3851585529833748,-0.7242652662785526,1.434602108319107,0.7263484390412093,1.1656216536333264,2.447776063572293
-4.251930543362657,-1.28789294452364,2.8933881930249967,-4.216940353659343,4.896977971028077,0.20220087396717304,-2.018416542363078,-1.943663013589899,-0.1348803843562002,0.37385470195169246,2.2840186736912877,1.750856058002716,-1.0481708237698448,-1.9737176418834061,2.4166656949739176,-0.21337064817421458,0.5657342139621171,0.24960197681215668,-0.5139161170618787,1.5478237265076924
-6.142958524946696,-1.9579752153024745,3.789641503721567,-4.912176594346732,5.030702115792714,0.505525982506809,-2.4821129380539797,-1.5162281481102098,1.8714966314277075,0.07520196493077669,1.6488937900524652,1.148631445708756,0.9038371986556757,-2.2494288583589106,2.3888606764331923,0.4009960516342762,-0.34766227475927014,-0.17412097156861855,-0.07412728227415122,1.162584510152495
-7.233865786506373,-2.502167777662331,3.946211856031292,-5.525905416321072,4.351861702556711,-1.8363108360940177,-2.6902174798477123,-2.431264713954709,0.7399159129243227,0.8175834732936424,2.9696183499368045,-0.22353665780591192,-2.720944186521855,1.363156973158778,-0.696089613622212,-1.782060435460442,0.8754655891553537,-0.36397068409527167,-0.20024814320172823,2.047432407885255
-3.0936418949554145,-0.5593464366392831,2.490073436340131,-4.988399540984773,5.127674016341779,0.4683631321852248,-2.550862729960346,-2.090479040348427,2.6686508998170675,-1.7327623354249984,0.7346034521386066,-2.608474010711717,-0.06119011870952157,1.761176957289038,0.9838667398696161,0.11369120520433751,1.0669058134811187,-0.26187855208936006,0.8682870803498265,2.439662851502282
2.4983116292546206,1.7593263520087978,6.978106555576892,1.7495964805001596,-8.763739189396933,-0.14872871003590227,-8.394378539247086,5.846478559848758,-1.3272769322205604,4.994845215986185,-3.193664799784078,-0.6645495564543218,-8.118494679701822,4.158590715599221,-1.3795238047047311,2.9007498333071515,-3.2195439607968126,-2.477551991689834,-1.1100006598199788,5.172556556399774
6.881246640671413,0.4094738233571813,5.441103712758713,0.5115063233411374,-8.230271533654433,-0.20008808136274658,-11.385660309514712,0.6430317026712205,-1.413140593198598,2.9131308496322337,-4.695491377637228,-1.8337491009904698,-7.695483047149872,4.4708021604379775,-0.5844471253907821,-4.117871824348901,-2.2150683866889183,0.5192716701180657,-1.5768928644136793,-4.736214391331672
-1.6912054684446143,-0.714499686537672,10.351812571056376,0.8911142546533728,-7.823947015684057,-1.8236441928776008,-7.864547760827946,7.465851156670491,-0.8588469323358637,3.1330992424213857,-4.343700456510198,-1.0486005018386524,-7.304488060351624,3.4184308141863315,-0.8595557677991135,3.366109672227549,-4.402280755405027,-2.6718264714612,-1.7344025995361978,4.743421542657871
-9.95806177251374,-6.782010422629517,6.578869875329844,-2.054183049931489,-0.8514425943621968,-4.156931138133342,1.0847819476114073,1.5507567058306386,2.4109444017760198,-2.183720763760702,-1.0225526090823798,-1.8027761476535817,1.0843915537535032,-3.0001216584484607,1.1136052864038917,-1.012304243266028,1.1024967935878704,1.5161258225525573,1.1904294023455306,2.329851251804156
-5.187190304379875,-0.17759331370765508,3.5598401380026727,1.9147581623644783,-2.6846019573650914,0.4739777963644569,-2.884498244930844,4.952128935761594,-1.7904957738882596,4.240034221858666,-1.1323918442498777,1.7505519611588476,1.673286922249184,-1.1764665553202045,-4.992147475098203,1.35742294921969,0.584560725442555,0.7298672459265246,0.30417468519435525,0.8060198734953807
-6.6578107327729334,0.4714424428888788,3.056566588655028,1.679991552308803,-3.5623616845649853,-3.339040714414143,-2.8721563031640756,3.824420657112035,2.9612886858301994,0.7445608691093384,0.3188478537680457,-0.7888824536220194,0.7894452427886791,0.7809921206292323,-6.1029952324466255,-0.8823660996184968,-1.5910476061057794,2.9329325726618363,-0.7702007145830927,0.7169224962084604
-7.630986060899131,0.30076523539575395,5.381796586164865,-0.5230498269786865,-2.6293355492156567,3.3604799260157137,-1.5071533373094432,5.469405862721882,3.131966209664577,-0.769333300553581,3.083836597259493,1.2807357325535995,-1.592206189776739,1.3291854103601082,-3.8456088722059913,0.22916939141381665,-2.2987205532123967,1.6916799140609236,1.7565857625489696,2.815818382894714
-4.8679701554110375,-4.061845671959526,0.3661966764558246,-3.126237140194318,-1.3844034310870004,-0.6208532319579572,1.9972062794459795,4.428725569726145,-2.9241429167333535,-2.5688860421365396,-1.500030879363755,0.9478136150813337,-1.997562575018159,0.8506085211843871,1.7143280811961488,0.8462823621165004,-0.03558027853827089,1.450962746606332,-0.2880579137633576,-2.082142468655147
-4.156559333134473,-3.979836970776285,-1.8302194316365878,-4.414435006090605,-0.1007038123105839,-2.118179195765637,3.596640627879693,4.4561470522458455,-2.890777177944404,-2.389471276393197,-0.42725367935344283,2.5953757905922856,-0.7472996585774533,2.9323889873736304,0.5651156580830409,0.6677092056926672,1.5112557795240333,-1.1460300050476044,1.7949055928055762,-0.9074388704852594
-2.157827605620053,-4.159312516905793,-0.9951989871978952,2.4231903485508113,1.4715015039160537,-4.244772738152283,2.735461148606479,1.0255400367334926,-2.772805359997672,-1.0608707123349355,0.33296257381576616,1.3336256301322005,1.0317255646599166,2.4294159221133538,1.9088482453949436,-0.12051918830663536,-1.0565177679115085,-0.4979945664170136,-0.9774461314026164,0.9365530677672463
-5.68495419341059,-4.024704720216566,-0.10020172430285049,1.7034319453223392,1.278582532094055,-3.867450933552485,2.9630800583959287,1.0689016792289996,-2.963534351266804,0.5008796492717131,1.170432940206108,2.158381237435581,2.252481930876078,1.5971583816117476,0.412172328570606,-1.0074819129274075,-0.5260383017132638,-0.6775408597471841,-0.6222231029410931,0.01257128326515413
-5.992454560161924,-0.7764697319090588,3.780260581702265,1.5026439155145748,-2.8868516197334646,0.9831170169316137,-3.224176491105102,4.288546844572992,-1.884106825426133,3.327440642304224,-1.0523261074264938,1.6265981203123794,1.571706664603031,-1.3485599924416314,-4.617442698468414,0.9161683707794852,0.563515643243304,0.8812152431964608,0.1404244212684786,0.6295064578595023
-5.261217060252718,-4.038610931355539,-0.495269028501672,1.3985693055065627,2.2876818455504386,2.7591278273965703,3.3935967116535215,0.5889699299714944,-0.9923405244788196,2.1371401829683587,0.5302362312545512,0.42507446087024625,-1.5066092880882107,-0.29625405635981955,-1.6637698343094125,0.596322538289153,-0.4038887948198738,-0.30094701566742554,-0.6238463954366057,0.5126272341793603
-4.79837007252249,-3.9828389075191577,-0.06725409598551715,2.366944701541973,1.0120003677187945,-2.928719653931892,3.6491146544495896,1.5020875106875846,-2.3430764449369494,-0.4212364034150359,1.2633691663301896,2.778903286735278,0.40005094600374325,0.593802285309552,0.6467057420777118,1.6155019305742673,-0.5605446790705655,-0.5456474755448721,-2.0958295680844845,0.509068021453176
-5.801704189339262,-4.614815268078802,2.851418747818445,0.959722188990445,0.5769200553246232,4.100921782103624,0.6646791341862053,-1.489284121649364,0.16935543564952973,0.09432489006738548,0.8432023021259683,3.6371286707119994,-3.068410825679032,0.47815531419610985,-0.07474694226283585,0.8687112060784936,-1.104982532456252,-0.5487175977379188,-1.4621193621760944,1.3950080162184362
-6.18313263343042,-2.8340109739610577,6.395795536700737,1.4308416072325854,-0.9682270554005927,-2.9400450881982927,-6.4938694929382015,0.0651559010325069,0.30228219144299984,2.5879828768312017,-0.08903253386633603,1.3003765511984524,-2.8193924909477612,-1.749686327769881,0.16269650381940925,1.2246061138579556,1.3451685765130572,0.7513553420279382,-0.10553023822918994,-0.7551962332418168
-1.5805956123953586,-3.495423152233356,3.6354378841740322,0.38995475372135757,-4.190513481810633,-3.274114838223763,-2.4263830313991837,5.626953668238248,-2.659655257127862,0.9749424048468526,-0.5044663605638742,0.7101205031710935,-1.6978730381716984,1.1826350345873915,-2.7230360658514288,0.35794711794346445,-0.47565175352186484,0.3542111338958252,0.3310490361218411,1.1506925100926026
-1.9152235872367136,-5.53045869462559,-0.5865200547483389,-0.07716297413612128,-0.8301766373296393,4.583274933904067,3.569791280722015,1.3893604495986605,-1.3420565495248484,0.020930313499165368,-0.15268438784780053,1.0225788185018878,-1.8720859813143305,2.4109731680206075,-0.7612823123524816,1.1981595107362089,0.165094635567687,0.060133183632257226,-0.60995150921075,2.3221308748115765
-2.621043610521068,-4.437383006195944,7.0243073546607135,-3.2557045414289147,-1.6389834876659366,-3.494409511069839,0.48795293503620685,5.060881222783536,-1.3786525081173546,-2.283293900943106,-0.544442504040379,1.495671154984962,-0.926666292817299,-1.1251890353899938,0.30015073956434524,0.045832951439827685,0.4404212151916209,1.8885473448901764,0.6583993933749921,-0.10792386696675371
-1.6640779353401354,-4.086302008543154,3.1809863850272047,-2.811313298020274,0.5979099418064799,-5.825584301867943,1.4594505624031096,1.8985961155183202,0.13567364505515583,0.12769414334537948,-1.8904237717568777,1.2043556842271865,0.7811859553762486,2.3402882590651766,1.77473757120141,-1.5770750045229358,-1.622290744210419,-0.21175506755511386,-0.33242005267746877,-1.8194377776783914
-2.102939086716364,-4.609688615686463,2.9606583746243578,-3.0002958452881616,0.6583227592975642,-5.0802263306512225,2.6075353701418518,2.607246071655272,0.4830349877527891,0.09908214579425426,0.11049036734315416,1.6805751119005843,-0.9471691865815097,1.326788889073938,-0.8252274850956061,1.3105840404995113,-0.21412143280072615,0.6152639981752702,-0.4299141973944812,2.761438666542384
-2.991323080934759,-5.60784889437678,3.791287357588815,2.7323118933179074,-1.855785647573647,-2.871391871430524,2.3351974872899324,5.547957958646679,-0.5140327729416386,-2.28026666980413,-0.39222979662084323,1.6315772375872266,-0.24848424281177117,-0.6511209161120748,1.4702811289019728,0.3976828786325004,-0.1242746559359289,2.509318235248868,-0.08419232578451091,-0.7936543906560417
-1.6772749582408224,-4.6018497219224646,2.4671040264395807,-2.9299373115167118,1.5081455442925127,-4.253658034923332,3.331407574340619,2.9858035058162247,1.1664509448477276,-0.9424889877679454,0.009347845057483484,0.3447052213382316,-0.5235092825593897,-0.24701292019648735,-0.17180488038748587,-0.3279715344556926,-0.7344960384640494,0.2526151638744779,-1.1375400352606817,1.7630538203753248
-2.46506519906504,-4.247899987920482,0.9109584452915692,1.0777044233233013,3.1303614129223583,-3.2704519475363725,2.3685740072792227,2.4622242367052958,-0.1370375996608701,-2.0447375270702537,-0.8396090860405617,1.625383024672264,0.9325704511089329,-1.3261713324463933,0.477358600977529,-0.20385129759369525,1.5377795081948116,1.3344026692297857,1.2933903617594515,-0.4605450424391664
-4.764488339548642,-3.595356472103923,3.159539887693543,-1.2851353993674082,3.4584175527387733,-3.171661636007803,2.1921184247951566,1.1285828466656938,-1.1877530534166714,-0.3521047134058192,1.2085760997004527,2.1030003783469375,1.8081727730369606,-2.3696198616976107,-0.1763002999897525,-0.03176095494306974,-0.3923143703842231,0.7376381480061824,-0.34096981658995024,0.47623671672107293
-5.48241137275813,-3.788984313849523,3.655596666876363,-1.025147036147489,2.703516881203663,2.9504380667968455,1.8856490340983496,1.3808048071835228,-0.4796567847413364,-0.41392519701489777,1.5441497481365303,1.7839560422712868,-1.4837145741672184,-1.8358728742526726,-0.58060172938044,1.3196480199841376,-0.4872215395537235,0.6890943226318098,-0.34913516343208223,0.45741521818841435
-6.728188309805649,-1.6747966406065695,9.731363850369041,0.03215874354183168,-3.5109614361025523,-1.9081983457524105,-5.14177416887145,3.2208876997168647,-1.3900384294430737,-0.26261312173427376,2.192525533922927,2.1995357105300095,-1.199205458313264,-2.0260129827243927,-3.9558922169186035,0.19975913364488163,2.829605704755017,2.6309997886520144,-0.11763273503101365,2.5296050591952186
-6.479819227132543,-3.7834753872725106,3.8432977383952855,-1.3052429777057468,2.2947621430845833,-2.480755485080876,2.1066036547232967,1.8604044029639044,-0.08581851705427851,0.020465102119444536,1.7821170503201031,3.112551752720395,2.124043999369915,-1.9560130117377024,0.23691643452332745,1.2009680618349263,0.06426064794057451,-0.4503055264735918,-0.6601456346239822,0.0034094891591215093
-8.0629760117275,-4.027362530922181,4.213585630185108,-1.8999080829461954,2.3347583613890373,-2.8487434266446785,3.014401163935771,2.2630842638572783,-0.5347025325971613,-0.08413910805672542,0.09986817574399687,1.604234243622946,1.2058347949938841,-1.6466746523033224,0.522212135058518,0.08971513786654262,-1.3607918044853506,-0.08494006899965167,-0.19692711185647077,-0.26154608877850516
9.224005083681721,-2.432093428228998,-0.6952255821238882,0.4061268564317065,-1.3850399999429839,-4.876589126863888,-1.1697694893079096,-0.9861315629801473,-4.673185400918611,-2.028564027716228,-1.5993953093680175,0.8605323964376638,1.9953501843563848,3.4228925832586756,3.2523421642846526,-1.722656384344607,2.6995130373954614,-1.7799587776888917,-2.1270284845464165,0.8636981548793757
7.992257588366057,0.4308840415341062,-1.3882965386382522,-1.2975199660495609,-2.6011304547133522,4.44351071637213,-3.7306229602259027,-3.7112787049832514,-2.4544561237256097,0.6284484600226344,-3.7961938433929756,1.408599658256716,-1.426644259009624,5.372657358569293,3.529563906256841,0.16006245682079367,4.091450274891454,-1.2828274069848347,-2.6408385974631665,-0.5622826250173694
6.948154199023076,-2.6266232293009377,0.9472119002323122,0.6991288076893687,-2.219058498319551,2.1931692835509775,0.945031089760076,-4.202916094946577,2.6944898515071944,0.34516260848848557,0.06668862694811972,0.9412485691740412,0.9103313527121017,3.8739156874283873,1.1679401046128994,2.654011806149356,3.0291318724093146,1.8877799851669688,-1.7476737917849272,-2.6034414396734
7.846729986507099,0.8682069459672381,-3.165583237666078,-1.0976084001747504,-3.2393045859120644,-0.8575457876456358,-1.9556364632687457,-1.2134167429808158,1.0285562897217362,1.1433872016615583,-1.147692921842467,0.1407553506330248,-1.4300921223822096,3.359682718131195,1.4673044796777877,0.7287876922270307,-0.0824897426139359,-2.5289024296563856,-3.555667757602213,-1.2358842842786557
7.000924073885225,-4.9558807116784696,-1.4319812318534524,0.7620824111824788,-1.7649631950594027,-2.780433126825514,0.9319861704175773,-2.427686201869227,1.1632955467723305,-0.6243615327060266,0.07154508274176363,0.538896024818923,0.10641955489298571,1.5401618036966873,0.8504007871727878,1.066625239263386,1.759152685832625,-2.531514025080069,-1.3930187713183224,-1.5394644937565216
7.570168970179772,-3.7447686056207825,-2.0800552508934205,0.980972331417316,-0.7757158016374255,-5.259900074441809,-0.9033757519836453,-2.555335935524533,-1.2883598374129703,1.7398012126758369,-0.48723432360148444,1.9797948480970826,-0.15983359393768604,4.60820964697843,0.4113192359217208,4.371151848550746,0.7541781551681801,2.590695273326504,0.0948220570735312,-3.3665108095987946
7.474485074188214,-5.244617023863462,1.1525320870760223,1.0593450635469084,-3.843158375289442,-1.9906065761816834,-0.9124842916120234,-1.149332506193407,-0.22426183228071966,-1.0727400289111815,-0.3214334165511751,0.7382798465284139,-1.3107558424342396,2.4643477702130165,1.6650721074860435,-0.14903510959098243,1.457033268737482,-2.3417488808631006,-1.6780643482438198,-2.366167606724903
8.186364632080807,-5.219571049636788,1.1310895557650007,0.3128548534640746,-2.0555055595299203,-2.267203111446968,0.11285832938311913,-2.6716616374575226,1.365669574041265,-0.16745872674189144,-0.775762159374827,0.9162355730344265,0.14699724355972504,1.0977885101230753,0.9516480870607263,-1.6676781520181012,0.26127373065742326,1.2161124877631149,-1.5474286484617727,1.0087694847989361
8.071874125228826,-3.66899349020803,-1.4331120806499005,0.22511638439080628,-2.1444208196530443,-1.8642199280450131,0.4040225061379562,-2.7246333019198627,0.9186540866734302,-0.10393189923457707,1.5527667016266464,1.8650209445778818,0.5426557123582167,1.321634750586804,-1.162811129957626,2.1215752269040595,0.8698449460264505,0.465425583142744,-1.8544034079517528,-1.1949917582136824
12.569014030738966,1.4664748743413536,0.32134329252529614,-4.992057902333036,12.86305223059879,4.053326380383045,3.013492591325921,5.80312630558569,-5.963373286409092,-0.4871509967591489,-1.6941622079351686,-1.1539504676529482,-1.6281996280224305,0.7413395772467377,-1.1941521703365185,0.9160366711482142,0.9121611818955797,1.2087534909905857,-0.8252218070818715,1.8440396128035925
-8.234947050303932,-2.8189042099527697,4.261356307317671,0.9369485157618335,-2.2832702624687853,0.5053024191379837,-0.017791314848018103,0.7689707451397025,-0.13327973889817946,0.7717944004824914,3.2816179714241693,-0.3428908743829959,1.3005216491169875,-1.3620321190838365,-1.7990971093328352,-1.9172339314104796,4.549090942755917,-1.7833032208028416,3.6527043921196407,0.13088205041263112
-9.712097228931153,-1.1502272967128755,7.322259489615127,-1.6696184596032042,-3.803864511405031,2.511566621190415,1.1447548393281282,5.3583797967434945,-3.41434331814307,1.6844160907046293,0.22622038737924866,-3.4689005052160566,0.09386052650213483,1.8964816301837129,-0.712421472401982,-2.973542400391405,0.05447798851388885,-1.1784337719196676,-2.824692570805588,0.8294883061696838
-8.907414722067097,-2.34249114200526,2.995673146123986,2.597316150715665,-0.8613123484456184,1.311148777619486,1.8919136150165832,1.8822705305474787,-0.05845496010011786,0.7965313788291377,0.9571948725071545,-1.0621887315864704,0.18198920768933846,-1.4716808024257053,-1.0488106581955503,-2.0162548225677837,2.4778520673058555,-0.6335706550849987,1.9023585840623698,1.150955102640884
-9.816925475940902,1.763077774610296,5.547486180185344,-2.7521296879690014,-4.881388005444849,4.105290663171768,1.7110054840176767,3.7830644879246575,-0.49783252226956365,0.4788553257752215,-6.124740017861724,-3.865159291423555,-2.5055199525656695,-3.094658029983127,-0.6774074275469217,-2.1940910468869816,-0.21899645962530156,-1.3086196256140015,-3.3835377103789326,-0.8282567944736288
-4.453181101225114,-1.947947615036571,2.666197640558023,-3.021884419891471,-0.7019344230981244,-0.6551900110956032,1.9817109188369846,3.342258407141823,-0.3523744293463874,0.6072672496727826,-1.120627075273081,-2.392806281912753,-1.4080347593850475,-0.5992530603012951,-2.2835976991213816,0.05464001166893462,-0.7095130960572518,-1.421829510561113,-2.4829563627251305,0.5864972841751928
-4.3695133249967455,-1.6977442033772547,2.16299981673033,-3.6883205810707764,-0.03378395055874331,-0.2716271296757289,1.5074419847528695,3.170071786769446,-0.7574068375606551,-1.1211050674906362,-1.279653069878668,-1.1780759448066214,-1.4862889112633408,-2.697529051014458,-0.2652201754936212,1.3888447215249546,-0.7707337725419626,1.2141822964422966,-2.4343375785485972,-0.4812666167600018
-7.797720210059829,0.9362948285013855,1.202925433025151,-3.066032613247211,-0.8144252055379227,1.7990883860025,0.3091080706580298,0.28315793048427407,0.4782252704714052,2.1124045840646035,-1.5865900906249857,-0.886070115202837,-3.218430032109824,-0.6355550241462549,0.577668510021431,-1.3126629922430912,0.16856355234009768,-0.5979733814026572,-0.7119700803780176,-0.23742594386570381
-8.753831020238627,-0.5059970292528823,1.2873590138425817,-2.4419426888600695,-0.6951818885271223,1.293560966315197,0.8679615104727247,0.3168059189820259,-0.04123043012258565,1.485700503877498,-1.6519944257497359,-1.6578328234791289,-2.833847654842467,-0.7636341344132009,-0.17550676846291194,-1.559273430803899,0.5649478510238165,-0.2331282806536406,-0.7731106168796653,-0.3120531111388392
-9.71040859506202,-1.7686727769271475,1.7398852646182201,-1.4403189258043572,-0.5530976508414898,-0.6491234124291192,1.3926849470949696,0.9737950888198201,-0.7793042368101242,-0.00824943957601687,-1.0862943363858264,-1.7858026079168567,0.8670993056408869,-1.9964366444339328,-0.5125007596894713,1.4995961638394093,0.2325238202947718,-0.3156084542677635,-1.0269745468358547,-0.09762627342429042
-9.631835733744072,-0.7332645241235192,3.44925104260779,-2.6041132371475344,-0.547429485505111,1.3894679890987716,1.1605286136241983,1.2820817267996205,-0.9719167469212686,-0.2744086366534414,-0.7475530049770999,-1.0062230082182855,-1.4992805313793378,-2.765369871809426,-0.36625979491355,1.4079421065893405,-0.2221009089849526,0.5367736432739894,-1.6833102894304655,-1.1376138447120518
-8.881147065433954,-1.4451523001594913,4.30046387567796,-2.2045321583470807,-1.1298810398910297,1.517874344077731,1.3508676310275098,1.5720377204568179,-1.3597815483566909,-0.947819000879855,-0.9526202219605128,-1.3633602235991686,-1.9386008853543077,-2.6948583935072463,-0.14269431975290542,1.6156897898497289,-0.3389547215377271,0.5803750618569575,-2.1518871400349986,-0.7851452608190215
-6.212134382936194,-7.3481210845581,-1.090679853354828,2.279803496511028,1.2497502715851538,-1.9760975018177644,0.42461938399936844,-1.6186893582585469,0.3764851227616804,-3.3497419495922065,-1.1578245412591142,-1.0168171181722576,2.821649055958821,0.7056919988940933,-1.79323629151505,1.0583564090650739,-1.989578893711143,-0.905751526747756,0.14099090220820298,-1.8678238842320816
-9.613051133642351,-6.8211695309902,6.236915632864386,1.2487927225404203,-1.0614742361830634,-0.8574695058818144,-3.173147511696599,-2.2148708622927957,-1.11795174248694,-1.6208844507724087,-0.2975935377771104,2.474686044731095,1.2843737654307001,1.4750230086777558,-1.496187153172245,-0.571731218210533,-1.688472094193822,0.3883831513929341,-1.2610258547044504,1.3082990286064704
-5.882262813691924,-3.8218904228139365,4.489511011925311,-2.581271297458255,0.7783995381917883,-1.4341740671517145,-1.2440664669100188,1.2521184796012514,1.4783696300754916,-1.1853770077916557,1.5628209065008765,0.4175622575514467,2.195821608432757,0.8504302479007269,1.0210849601133516,-1.184878966620505,-0.30733230439771675,-0.17324677272041383,1.394285557678622,-0.06705287459634618
-5.856381179509497,-4.095928891065134,1.03428319654727,-2.216157488234448,2.270527357612628,-1.9872687908848112,2.5733883759944565,0.6997632364611157,1.231312748202781,0.07972688102127345,0.3352940319931339,-2.3168621340643267,3.03083609865091,0.09089303811801279,-0.35859922710097747,0.2853183102731246,-1.3565101427459794,-0.9351340810558106,1.1520104131896682,-0.3989436701844992
-6.911279002437274,-4.618462126017777,1.1798801201050453,-2.902309456476825,1.9722399942168378,-2.6832838702050363,2.092835506183104,-0.38500729807533296,1.4821257710136884,-0.9315417602767926,0.577434682607069,-2.0682900307335346,3.2071095553323943,-0.06098201923964852,-0.11726407621093062,0.5203415508494171,-0.942141286197254,-0.38447249583909904,1.3915810977482916,-0.4261306619325914
-8.500571553262388,-4.100999035981399,1.6852710473932062,-2.850117670128451,0.10025043644818926,0.24166845301125084,2.644988075928866,0.3710641800516562,0.5944033841386633,3.5074958522650683,1.2302156512074538,-0.6141848514148126,-1.5632819304982504,-1.9237483919107696,1.2235298098744507,1.4850221120458948,0.19969026524404415,0.5925695041617323,-0.04070463210233177,-1.0678757271090094
-9.376146918001645,-5.317002390952602,0.22231793302380737,1.0982112306039296,-2.091071641933008,0.8070367701003037,2.395276936733501,0.48226879541295264,0.2966289748408589,-3.505680077267555,-0.6908950408708392,-1.852529867205692,1.3476138016141086,-0.04749576920525406,-2.172226848980742,-0.6195419951799089,-0.9253795204528397,-0.9106502019793483,-0.6135245880432064,-0.4591093815380808
-7.277306846597835,-6.129092780590147,0.6064019663377315,-1.7648869467639487,-1.84365501412285,-0.7585166689383029,-0.12326289636571347,-2.2237149166108994,1.6148185707611002,-3.2240443577252247,-0.25402767088878286,-0.2327820070990652,1.9294854956389482,3.254267174609807,-1.8578900566575218,-0.29563700798021664,-2.0733372774267673,0.07992173779827089,0.4949488550965552,-0.3870913421915828
-6.37411225424035,-5.240909450989154,1.8003568017171503,0.6729011755906735,-1.3359823140102685,-0.6836640187950388,1.4350863734347672,-1.4041206529683936,1.889293913880461,-1.633748023462651,1.0627794335987475,-1.9163995536088934,4.133134659221966,0.814531736484015,-0.13680251130731785,-1.8319179416600186,0.9517762132094812,0.5721606034989971,-0.15683300462769767,-0.31000326087139596
-5.0709872628991715,-6.7065590789672065,4.928831603369999,-3.3323929636644247,1.5911234571129247,-2.449864383646795,-2.1177194089499682,-1.3183921900929214,1.4654489109932336,3.5766941256203655,2.4332226541314137,2.2162625006051693,-1.920211499572773,-2.336498414799168,2.7587343853699986,-0.7343796381986469,0.42340740680796407,0.850995990284205,-0.9138351871040946,-0.9823693511836097
-4.83719145208387,-0.5947220900343307,2.775021112626402,-0.19759443454288622,-0.005360656930549046,2.3716326374113184,-1.6303333111950735,0.8877104426774199,-2.478434829627639,-0.7690633630485596,0.4122827064800028,0.8531163210850834,-1.1950853659278637,0.4964764071673545,-1.3491001608635291,0.6560937122675347,-1.9207163863742418,0.6288003121342018,-1.045528331220211,-0.9245672804677122
-0.745212948638194,-6.751408319004511,3.2001185753818233,5.2624706157324095,0.390882689644777,-0.44195573256368376,-1.8223669902607442,-5.865025460471816,-0.3987607774348688,-5.01230983518143,1.391472830432418,-3.3812752129009613,-2.6149921011799746,-1.7244116681762922,-1.6132894980383987,-1.695074147499231,-1.0628749337550285,0.049904979695892804,1.2514055808390998,-0.4613266567230054
-2.13154704945093,-6.20733853580993,2.5807444465794633,2.2836445807618437,2.644952359311199,-1.2905212697632877,1.3803616571060664,-2.0571653117916022,-1.9869645811359096,-0.250972157414882,0.8838328187110802,-0.23919993461576605,-0.26681034650420965,-0.8332624227977747,0.33512148735905667,-0.6554200105739438,-0.7093304517918803,-0.33220985057826563,-0.49329459161616823,-0.8831573092742555
-3.0508592566443236,-6.375411545277132,2.7736456128865425,2.101031193365581,2.4514556611712477,-1.243375147561834,1.446946989512207,-1.9347195346431683,-1.5765547392498207,-0.018248207874960065,0.6737188625931779,-0.11886855859302092,-0.46338821922176576,-0.9900564206928093,0.2400621745317564,-0.3641812268213567,-0.8050982558215236,-0.3424269680309261,-0.20566654272935825,-0.6893826633879466
-4.623134147048546,-5.697781865445117,2.7653782666958167,2.1252225801401456,2.064964609499622,0.7441370417471169,1.904176063096092,-2.0937863284565448,-0.8440294589713095,0.2088989827707451,0.5443807103650633,-0.45757441556008116,0.32301639645155866,-0.6320812957180892,0.4243855641105574,-0.3630128391356854,-0.7461549290853439,0.38227027760067234,-0.24529087851853226,-0.8381396571435922
8.412354811826686,4.617692956456224,-4.563800933973148,-3.1504861968073987,0.5186525258097989,-3.282333735252832,-7.8516003725483765,1.345802153605969,-0.7258551370571176,0.6977316095297565,-3.166414681777927,3.6328361550358292,6.812550227632503,-2.328163055762907,-2.035670790148223,-1.6530129918600913,0.07671314036394039,-2.7451550735730144,1.651553376595265,-3.2852742153853316
-1.7171559157551166,0.30259998885299827,-2.0758648106910345,2.709359303732152,-0.36145106421999784,-1.46661274344525,0.7801920326647644,-1.455697979204287,-0.0009796465763407536,0.7543322991604022,0.32627167700463816,-1.532528474966578,-0.5880266204452266,-0.24863755306910112,0.8954037426067067,0.6670815369949827,-0.26791168084790695,0.5968150954686832,0.8752885432028,-0.08025093607348949
0.2028704987048512,2.9587990709149805,-0.7642210660910879,-5.867075355550913,1.6731070960250172,0.9304630127383213,1.1027135566375326,-0.05703977259353532,0.15986488624962103,-0.72759534713761,3.595208534152623,1.9397787991860354,-1.191904467765398,1.9470872905275245,2.1377213872095426,-1.2523715175741175,3.591474635924895,-0.806873876010908,-2.3663644406859325,1.0148376340644436
-0.737126641053704,2.908055112635516,0.7846465955510011,-6.326353099728663,0.45692397671216656,0.42834972808618593,-0.6876310533313528,0.5213504433666403,-0.16236853465652845,-1.6267827248008948,3.3425842447077883,2.3325477112282096,-1.898027612943149,1.5584271957840108,1.6463471983357116,-1.8558923520090207,4.8910437182753395,-0.10093029550361804,-2.2827877427894965,2.1315543039655607
-4.917238832676249,-1.4942586238625075,1.799181550945948,2.5098203642789523,0.7687823645351954,-4.6686328291597645,-6.0370101985313145,-6.071182142506507,-2.8165221946445023,0.8194115287062846,-2.6709737889372525,-1.745260497628081,3.4883983628915334,2.733398452476398,3.054672825485808,-1.928915506480291,-0.5917794953389746,5.858254889589126,3.1425066995421203,-0.3601441607483631
-0.5889000681010408,1.6329492895974431,-2.431410032711336,-5.218685413831595,-1.548350768022522,-4.940158761593323,0.4404637806735216,0.06575992275633735,0.6297578799619585,-0.24868624995241628,-1.6068824789907075,-3.0583153607191953,1.9705366957340424,-2.9944773772554427,-1.3128831987294967,1.639879646678956,-2.372622102334195,0.2000609531694646,2.3481900908462423,0.0190384178606684
1.596479534594418,-1.0764658085317154,1.8249258147752774,-4.250140770941702,-1.8040588233713517,-4.027042592341466,1.2760398259661319,1.2572600205586075,0.7067361194109871,-1.1055674588517173,-1.7880052858775939,-2.29185515465527,2.480750005254979,-3.816831122018927,-1.3942460114588227,1.268207473400261,-1.5371417121059596,0.8107952843171768,3.0378967330466997,0.6575859781387292
1.6841412939118858,-1.2336598746243785,0.9404760618643901,3.03398870272436,-2.187420199974157,-4.390406774537349,1.0764830032907575,-0.014190089612209661,0.3808622992346227,1.281572017698136,1.122998162028321,-1.2179641449950782,-0.43839598199330665,-4.450932522021337,-0.5793819697892919,1.1448546093127283,0.17692111375342434,-1.2314026437221441,-1.86877917835464,0.19232528872755683
1.6841412939118858,-1.2336598746243785,0.9404760618643901,3.03398870272436,-2.187420199974157,-4.390406774537349,1.0764830032907575,-0.014190089612209661,0.3808622992346227,1.281572017698136,1.122998162028321,-1.2179641449950782,-0.43839598199330665,-4.450932522021337,-0.5793819697892919,1.1448546093127283,0.17692111375342434,-1.2314026437221441,-1.86877917835464,0.19232528872755683
10.26364442950322,1.5438072748583753,-0.715616495819964,2.384223717312673,-2.016275537911219,-4.391824563044258,0.10280726794865919,-0.5334084706328426,-0.2962706133239924,-0.39437121281739085,1.4089597847773718,-3.763071286504809,-3.5263400303875487,-1.6929368853980287,-1.6859411788697285,-1.0336868434763595,1.691774171296537,0.41832599988312036,-1.9354590962657106,0.7339571564725849
10.56582368580591,2.8717671921015535,0.9629639379134493,-3.0362693954979467,-0.98069615983465,-4.3524128316548785,0.6999087978300124,0.042398161727206896,-0.09377850635946072,-0.9302654482107999,-0.8707350717257227,-4.721110780464967,-1.0641468707009545,-3.1727069668519805,-0.5590497689329951,0.39083309471641425,-1.118575879972066,0.759926905413959,3.491681453649477,0.8171498198829448
8.944508937949918,1.221213656010527,-0.3450958165635036,2.412857875364584,-2.520640147718726,-4.1339285093955835,0.2908198331229211,-0.3486599192415558,-0.06848850418285513,-0.5239918368720187,1.7609862155841198,-3.010687590411713,-2.8149280968138672,-2.1943855725901433,-1.9542787122234881,-0.6055060153228832,1.7682747235755332,0.20016695563947673,-1.3410266870546266,1.1444932415537459
9.165890433838316,1.0248337668833412,-0.2652557140341196,2.245411916162584,-2.6042792704478157,-3.6944902265636252,0.6230971431137823,0.3070609221082218,-0.7324543364933218,-1.184082076448726,2.3878038842473894,-2.3583765276424975,-2.5381660836082944,-2.319600187748141,-1.5279495234134894,-1.1367696075565736,1.2396115677940638,0.8835101675515706,-2.0429588415293845,0.6350942015844281
16.543990695372592,4.160932426847448,-4.816044703941672,-0.5598597359640975,-2.01374811068917,-7.0212061176612375,1.6937586225825552,3.025489297614002,2.8001340274487534,-2.1414746761875847,-1.340369947736498,-2.0273615441530732,1.5422230403145631,-3.3062400313148563,-2.2643046646489955,1.87369364177433,1.3907439045578895,0.15928551247970457,-0.8488011018540358,0.8365060202248811
16.777732627138544,4.258980870003532,-4.546692039236932,0.19442937658300696,-3.096385701474407,-5.696172543017581,3.9786510467521765,6.070006715122007,-0.37607587186696856,0.020836018854008653,0.20748944331848562,-2.8663617540832695,-2.243162811377377,-2.3607187205402704,-3.8750987859106822,-0.9315305847392847,0.6212549738512967,0.06124337889607889,-0.5589902473800377,-1.2320554783519602
17.113931632097135,1.1618742720463073,-5.277969436637404,-4.022724678498248,2.205083510894147,-5.5073433255950075,2.0137903705671016,1.9058385345937934,-1.832144290357364,0.18435497945479762,-0.30935955553056826,-1.6678911362416566,-0.3770238563888903,-0.03642966927694241,-2.4577775130164468,-0.4023807883768573,1.2816452086045578,-0.3911928409600467,-2.5210281528243,0.17433434010645854
16.371636791029957,1.7006821112952941,-5.717013246366183,-5.032691933884201,2.573399419612536,-5.855317077371728,1.066401447348289,0.940780198197778,-1.8358623238765912,0.18023876720966991,0.5549746120432196,-0.8217188336294866,0.30074584756988054,-0.40685638807385593,-1.4928248977916216,1.4744831627933614,1.0535885058792944,1.5302461553704365,-2.024404175305092,0.9100671373037383
17.927380152485707,7.150287090037601,-1.767884580792992,0.255875119956123,1.1173372279138483,-0.8727079326011349,0.7736570340636054,0.5140355006472134,-3.4761931354656106,-2.369150051950027,-0.23772295463475868,-2.4829206785424427,-1.4175569116048812,-2.1190183486891114,-0.8541078090252021,-0.6166880028461785,-1.2152058964221262,2.665506539260664,0.7893701166777816,1.3632871148955008
17.252523276301368,3.766089016313356,-4.061015026452098,1.9483608880779377,0.3016824322629992,-5.371978873717213,2.052412621036007,1.8628273120673828,-0.4831538069012601,0.20884859181878235,-0.07032097455257952,-1.0984135413385565,-0.4262948949438346,-1.9454076117445325,-1.726829110352168,1.5249829645608854,-1.876322614320238,1.1535633266335636,2.09217896278055,0.33074437473555496
12.504444180273174,3.3021900889967295,1.0083343144465422,-2.993444811774615,-0.01857696569389966,-5.206436406776687,0.07280805758491338,-0.7224084310063372,-0.3092285668086845,-1.151439296702005,-1.4527205348815537,-4.490985417475775,-1.135648183019132,-3.3501500670404685,-0.2955101622519136,1.1657142842484762,-0.7724998787241082,0.30863456571447867,4.096079686342989,0.6882881389064865
10.358911303163591,1.1852808510894657,-0.010205041146186977,2.434079406527641,-2.267559321612504,4.25818788632756,-0.9119139891109108,-2.7012910856972163,-0.22109913401587955,-1.0640119595070638,2.4981650284589705,-2.979287649036342,1.891715585417943,-2.4848916535433365,-1.0019798724201432,-0.9232686179003136,2.0399133644983247,-0.02990907333899362,-2.4050837389281363,-0.6607088241252204
10.685223185381236,2.9374080695066187,0.8515069785325057,-2.7827842444792887,-0.47301297579949336,-5.012016536490005,-0.08100682893960925,-0.7957028473411216,0.4845951281944699,-0.7369508694617166,-1.0153420981220198,-4.364425243587282,-1.0288669717842676,-3.0274452095198607,-0.11853834065326097,0.8908272814624942,-0.7432228602173543,0.5350615706586588,3.489935918508637,0.916058502284093
9.046837505797956,1.454057280963844,-0.3335482520832511,1.9141202637057977,-1.9293593642575153,-4.106172717496099,-0.47239076465107344,-2.1707089076739456,0.5821652945928408,-0.7094605957946611,1.977402938582787,-2.7781009157089853,-3.0012113097354813,-2.098697464153342,-1.1865163580608808,1.5763423200940854,0.8489517181270747,-0.3960703167002208,-2.339240808821208,0.2386918145932433
8.18791584092169,1.4410077906986376,-0.33126242077410106,2.7510238155026134,-3.711980082883623,3.0658976026999465,0.8152717264992819,-0.2797985340416053,-1.6605695261197575,-2.4431759268505386,3.1764412808015408,-2.817410311842634,2.151562071840002,-1.9015436175200855,-0.4261288188196946,-1.1295970620987217,1.4798757420712618,0.22567341502206917,-1.7838045238979867,-0.08975526938846712
7.622990465895683,1.1652804201340954,0.1829671258385172,3.080787572992031,-4.240736664312599,2.8909666634338045,0.932300198767088,-0.2710079465962028,-1.350524468976046,-2.234456665056518,3.068801377014397,-2.65959020805783,2.0205384467367304,-1.9308185537536084,-0.29660561231618576,-1.1625635792865543,1.3108274477313286,0.113559620387236,-1.6662850782143424,-0.0029920622956689513
10.05043085128727,1.2667835015602702,-0.27068639101524755,2.195229503326248,-2.2787591010964654,3.8606795727204064,-0.2707223241442187,-1.8484418036179824,-0.9857275766702427,-1.542827606173744,2.6851688961921907,-3.291032054609694,2.2715585148601165,-2.150454607299373,-0.5703175660405122,-1.2979546465945908,1.8692946511899933,-0.041201184290596604,-2.4409310633902677,-0.7151823164958493
9.277788198079236,1.1755348570030835,-0.37123411292549047,1.9743533130121662,-2.304203292484908,3.846602106281831,-0.22639766290393437,-1.6642304501490899,-0.9573031880625935,-1.700222591516129,2.9170508374853323,-3.003376099061427,1.8932469791688276,-2.4665097358784114,-0.7896633335403636,-0.9297014234216857,1.9721709480274567,-0.03629024448247975,-2.25731098589159,-0.5939743018990835
8.95055310422724,1.1939993478478454,-0.27573904301251007,1.9092330976131175,-2.190230704256456,-3.581585380372471,0.27141632431366064,-1.1675114100884252,-0.4828412465922248,-1.5819084387004647,2.512425157671352,-2.4299597172282237,-2.633841644821577,-2.559623545733325,-1.414101074300259,1.4348453876707343,1.0371414529021588,-0.05236134840518786,-2.0565425635997063,-0.06446964302725999
11.205728684922954,1.7224784141359066,-0.5643567119823565,2.10583662553676,-1.4893779458665506,-4.034193112223551,-0.25518669425962265,-1.6767198880145529,-0.7986436274662114,-1.299841547560233,2.0342863437353986,-3.5340584882236885,-3.540173804104672,-1.9642906173654073,-1.1946631683964772,1.9405154017200112,0.9726166364682743,-0.2564291045832149,-3.051217479929223,0.9585372353313835
-1.5977149770287455,3.1208252518527795,-3.7626209691065853,8.401068803292986,11.886340858269929,-4.705020601734186,-2.664078000417984,2.341310234440263,4.426270253980065,-3.022997320624488,-0.1970402429367455,-1.53279508741604,-1.4399831303726884,0.7941526272951913,-1.4932734916910482,1.461426277189632,-2.3744865630471947,2.4266857112244993,-1.9602820932322071,-3.231022494843019
-0.0813418124583779,3.719118520991662,-4.307650499485182,9.693997826718476,13.199223542164798,2.6219479724663977,-0.8431388018590731,4.388990716365945,3.408335263481231,-0.45766767104806144,-6.269227781882227,-4.173521095944898,-2.448040559277058,-0.09281991360354336,2.03015637365068,-4.465046306624997,1.752066831928836,0.9845101644807039,-0.9575142560776693,3.8959728671193155
0.6938760258679146,2.9158253778761107,-5.461397934447936,8.364900856037917,13.901073910753656,2.5595280561277374,-2.892741098745849,3.506748133153152,3.5405473176203808,-0.5491103088227195,-4.9744312511213575,-6.666359112950371,-0.9597854485198594,1.0588980376321944,-5.724135009065945,6.382961904484243,5.703854808729958,1.6524748041589858,-4.343397776777237,-6.3649908617771676
2.3921867343326175,2.448661254957089,-4.940259557355966,8.164781894690442,16.00789308045552,0.4806797590244454,-4.030890680585771,3.483650353015233,-0.9505284342551317,2.4361107179337402,-0.6561719054425571,-2.857436298960123,-2.0439892786466616,2.3118695817006087,-1.0174702110513885,-2.055994526819682,0.32324829311079983,1.4335141159827136,-1.6129752102724453,-1.061933645474941
1.2420399063776926,2.8643808240984905,-5.667883623973191,5.809548995876135,14.511371453818045,2.9610127967203015,-3.0170410981338436,3.2383389698556635,2.543370619724424,2.072067713703153,-2.47938167180405,-4.101371582132581,-1.488570989953889,1.643046472501735,-0.37706214646973013,0.6672728792678124,1.2614128838248388,0.715185189454389,-1.1787966041076536,-1.6129195098809872
-0.5052494155012791,3.3768909003265417,-3.461725702914698,7.610062496110876,12.163893518465974,3.346573788785883,-3.7711835654977706,1.3844719765500337,1.1561302940930696,-0.9451525464387811,-1.1681686594398761,-1.4856758003813795,1.4843216578591767,-0.7133666564649044,0.3818719959211543,3.016865028176157,1.0645768178386772,-1.2842175853829498,0.360620706485289,-2.7794809269974037
-0.8967606252593343,2.3912891489359853,-1.123706276489198,-3.710201090448188,16.087151057160252,4.8829674815963235,-2.2893751533605418,1.311878705045895,-0.12718059198944998,-0.792110119915445,1.9773677752815388,-1.39117007568265,-0.16642304616643144,1.4488085212528514,-0.46828495627315814,-3.156153715286058,-0.6560808424480513,0.7647113398407537,1.5005092298053815,-2.718689265761006
-2.386264914166724,3.790182858389303,-4.984723731324508,8.034100869564341,14.000609767951335,3.1984509522187645,-0.12878140078139233,5.371968155060308,-0.11349755627849589,-0.3414859448452856,-2.2920390770428245,-3.3428857796198566,-0.32427510012282645,0.9546304757525141,0.4633998335289635,-2.7286672956711646,0.781374120680832,-0.03532427317050235,-0.7111606063440714,1.9958280531353079
-3.002539445567538,3.9270033018205965,-5.116441680660531,8.369534957635336,13.089126934417916,6.714221973424749,-0.3920428424309663,3.9784691300442256,2.1274955401113362,-2.169792397408248,0.14079549794837737,-2.6521771904228095,-1.5464398497919951,2.470186810143396,0.24581383148787928,1.7681523419948353,-1.5992239965437147,-0.09448637851238417,-2.082826921708384,-3.629294530125027
-2.2398806256190595,5.528930908605053,-2.634522223228847,7.830135559851886,17.40360775196116,6.913609740702967,-0.8919872960671589,3.8976102543592956,9.918604784016983,-6.307964237934378,-2.9626242349311176,6.363336135357132,2.5349978402748903,5.670547277239571,-8.517553430567324,2.763639935198248,2.6467556372678516,-0.11664000801592977,-3.260381680606564,-2.977574022138348
-2.0469092401482962,6.563836272024504,-5.462408878122542,6.339799528719727,18.152255014191176,4.143814186257806,-1.9717959162298886,6.115491635915068,4.078981889987815,-3.7743470516500204,3.309872744168638,2.6008019717923068,2.9332308840090775,0.9499915360144721,-2.8022149462075197,-2.1426366528764085,-3.7525032165359473,0.1077793661284383,-0.8241128116644707,4.233953843171398
-2.3498768327841857,5.692525034068291,-4.3958197483447,8.321960139633997,16.647943493819156,8.04001827051895,0.8740037457074216,5.753016374008983,8.975590281729463,-5.7851331149055785,-2.818510216283205,4.512307599013106,2.0564208857349495,7.202103584356152,-8.481607963919766,3.4180655592060676,2.5722554865608336,-1.02256468238658,-3.8341448088624537,-2.592343060083424
-1.1727775019534568,5.843929576218399,-8.023225037703295,8.34331853670892,14.846425401922158,-5.053510705008448,-1.6518769896225909,7.725665803585445,1.993733889924651,-4.178158603367016,2.211196737805013,0.15116035147862417,-2.372999815531638,3.478363634457252,-0.8461552406181304,-2.1583745271932173,-5.165239361382288,1.2115836147640884,-2.7114776959168783,-3.2119192901049143
-2.8302517183515703,4.000791169101887,-4.9725964499060975,7.861996964854082,11.036108757180466,6.182672763658418,-1.015744917423842,3.6324371066917838,1.756136357811397,-3.882590028795959,0.47303164854647173,-1.3276012156971326,0.5789581961955221,3.8509804832876524,0.4489042741088569,4.167366481772145,-0.6337041568917794,0.6311648318807723,-2.5926785277145807,-2.296760267354227
-1.4849439995956373,3.96402108330543,-5.731154381472345,6.98894255400583,13.292832049565082,6.291097224409961,-0.7147605608894775,3.12847217461617,3.199069087797015,-2.2190352021150677,0.4520498033252619,-2.986228630635485,0.06160214639046602,1.718880252932222,-0.9954760761449779,2.761170558948688,-0.15523270052797333,-0.6719008152043642,-1.4149140027702418,-3.544139069994192
-1.685798502274955,3.3378008417198677,-5.815816699939165,8.345704836566645,11.795518134000393,-5.4632304502425635,-1.204369009914777,3.6391758019390186,3.860318423358013,-2.0827063767643916,-0.5060827166148391,-3.4483354389382845,-0.8065014245235023,2.425276023363701,-1.6736858418611225,1.0777077833605326,-2.2484369271725946,1.7042488607615929,-2.113938695404686,-3.044854284088774
-1.3908961872990244,4.270310453313782,-1.8907339937013035,-1.7486542603209996,16.949017990509198,8.22234194591264,-2.7327065847269014,1.276817207198978,2.6931227560551685,-2.627670713948299,0.28974053180252346,0.11588280550334701,-0.3240282287802629,1.6274731054442992,-0.7097705554514449,1.3827816383762386,0.3616340139220605,0.11581065452699435,1.9204374813895466,-3.118511704781148
5.603380305123017,6.556462196385215,-7.03227774559976,1.4772810596533543,8.600115783953964,2.766436055935092,-3.0240829555027773,3.636795423504491,3.1512022950205156,-2.219984756103348,2.157705871405451,1.236470252809517,3.785395207719147,-1.0621473005629545,0.868002741260117,-0.43669881145904776,-0.1365990063865905,-0.22228732246445992,2.7120861241113148,-0.9552484402650192
-7.248200602913611,-1.8392727388335446,0.9025275922684146,8.84386072753698,3.678996929286312,1.3872072602106482,1.0067768104528145,0.9863891414995258,0.6389337955024458,-0.0034943390031156873,-0.5342749073952026,-1.0953060393652807,1.3169050868070888,0.11550364335234603,-0.025286455736160174,-2.720356404076083,-0.17852238023474076,0.8248026739153418,0.6282091967861443,0.013298363219093723
8.306663440647446,-3.781128229789287,-1.4917278843331387,-0.7096922424698378,1.0486981134772368,-3.1011732897121194,2.6413847734378426,-0.4659585414412663,0.8280028204825854,-2.7705093330196893,-2.04031940761776,-0.7135194740541474,1.483864858867376,-1.7699167703495915,-0.5362503289957999,0.739081793900217,-0.438218298699539,0.7076492822357074,-0.9972373438180537,0.2852228722367729
6.621460150348226,-0.7336253225409357,-3.0094119101611643,-4.353627832739408,0.49854612636173345,-2.3392064104721824,0.70881453200007,0.4077266765437928,2.321379108923031,1.7087342316997032,-0.38659199184152304,-2.844297302871131,2.7705435928310798,-0.26573163356704427,-2.4684402456565766,-0.7088968970291987,0.6103047140180167,1.2762144798196071,0.5759913934010423,1.018810103534501
7.710523754754451,-3.4192191298656778,-1.2621225769332511,-2.5195461158353503,0.9471350281035853,3.2246879100332753,1.5727538784700532,-1.732927745326984,1.00694426508007,2.3694791640937414,-1.3703765261123921,-0.4629372586030041,0.30992383559479747,-0.11830586468456694,-2.051735276457905,0.8829578393493569,-0.44870497044116714,-0.02538113521370078,0.0016520018555598974,-0.09358088439527636
-11.000530963797281,-7.9564558219912715,6.012850417715657,-1.0222789385855124,-4.577942859951807,4.2649973025002135,2.0100967115807746,0.6680133287754195,-2.25575070973155,-3.0175007385100394,-1.0811042816603191,-3.025961078353487,-0.29979357527927325,0.3163935697614706,-0.2945812528412496,1.2519846296370591,0.10872185415054669,-1.2983845859820127,0.2415321684949825,-1.0919123502757728
-7.526634303676865,3.955493194347263,-3.3580347655910847,1.1936600116522218,1.8701204669308358,1.1812079306981702,4.597611718421798,-1.798207697661972,-0.6792160053807998,1.2684396933195756,1.9920556782690597,-4.496152706846914,1.1431274949919208,3.5187120018020277,-1.0430712843172605,-1.6517392098597288,-0.279935150833317,0.5015742494695903,0.9594982036228817,-1.5859753627284787
-10.425361193617801,4.153359023792472,-2.2743521623048335,-3.2926964122256734,4.5318802704065515,3.0105047163860563,4.994692497182321,-1.827620520626672,-3.483980192370448,6.441168854656398,-0.7861115486691719,-3.2094249502228456,-4.3084682958046745,2.507479887002738,0.5190847922921987,2.1189020416060593,-0.4381843228736721,-0.14546737974175192,0.9755820809412368,-1.261548113721617
-5.831491892215697,3.6355749380249263,-3.3247795907298747,4.011885277065123,1.3927188796111558,0.6272779874206904,4.8960261641541525,-2.260002519516781,-3.146402055409772,2.748100008610031,0.99324889339684,-2.3052922240907954,-1.051752755262672,3.0521034829508404,-1.529974390595712,-1.4812212506726363,-0.6540991010020738,0.7642816041923124,-0.11955421460068505,-1.1324632544107276
-1.3689430260596738,2.8487456909180193,-5.054810527399142,1.9922428395558078,2.5242162820070226,-0.10826168779455059,5.289018303693227,0.25235813403771334,-3.6737162777291914,-2.271921347064175,-0.38198339872506265,-0.8164396787989702,4.272775416009313,-2.4148595402604047,1.4616701238496868,-0.0005238138300656114,-1.0102283669887941,-0.23450201313416663,-1.4595302882515242,-1.3787098105167335
-9.121159348165566,4.593414250127735,-2.099619893930064,-4.92314717923165,4.360162680190418,3.582547217360534,6.6789538368165555,-0.3208338988032132,-4.006099440984885,6.913607735121953,-0.4571565737212515,-2.394575820545965,-3.3036322788127275,1.9662940076829876,-0.5844953598663712,2.6680554422058655,-0.08366591618610997,-0.2558174006235502,1.5622074631724205,-2.678573205585807
-8.127079096079806,4.958908142562816,-3.1089407666660795,1.2558684472438375,3.2398369537290694,0.14032984594139944,4.268474079093334,-2.646983134807301,-3.9072846939430166,-1.451029407377276,0.010226336613193832,-2.0280250809757825,3.822600078540672,-2.597139618694844,0.2781777916537611,1.193396341136781,0.8521546435119598,1.6251887239368694,0.37071539418816196,1.215019893538376
-11.900737383909567,7.405764425606959,-1.086221523749943,4.409575377267035,3.2722557385926776,1.6287069035005075,4.653181166828617,-2.895268805538878,-3.470403223852379,3.3772241409408736,1.4881868799248796,-2.518427500178256,-2.6272910288605953,3.1508032650085647,-1.153389786587407,0.2377993649820327,1.3232215235097762,-1.0531344444707544,1.4638742197825603,-0.04600941795695235
-2.941752926642467,3.383492260620332,-4.3465536735183825,-2.6842538047082125,2.6522321472473718,-1.686275132657228,6.012628645112195,1.291869348914556,-2.6636501940491057,2.6538729712800824,-0.3019315610212252,-1.606345314036239,-1.2782921655789772,0.4277010429919156,-1.342073308187571,2.3664993318379763,-2.311421169994043,0.8962787120919239,1.3588660357775382,-2.1395935259760996
-6.865265357766823,3.460077350006618,-3.091778139598133,2.697076469810115,2.4215250414646903,0.7184041567139079,3.3960228640612433,-2.7333102800333893,-4.919003439403506,2.4772542702128124,1.1975792440168198,-2.895711091416103,-1.6087396822724418,1.2680315757286733,-1.8688429330090295,0.5252437955192883,0.25685942218358027,-0.6246880581503229,-0.09240345425793114,0.17415375332267835
-2.6565000626557786,2.8639508153488515,-4.269593165154841,1.3713137696762843,2.75954445346205,-1.4150226243721196,4.268518095915738,-0.6348064122754907,-4.36239112100257,1.918813487181915,1.3185502018016346,-2.408694369095784,-0.9022874231076893,0.937776601536025,-2.6165600999186815,0.1602118889178703,0.3937510612336864,-0.9901190011870113,-0.8046316201743001,0.5599138204210525
-7.300957630082241,3.291412676956616,-3.091200995557321,-3.6436821293924098,2.461175730388365,0.2647843919405334,5.877708064480791,-0.9593457026065009,-3.4606038921428266,3.304616562331019,-0.6204672095565194,-2.0349674358592855,-1.6307287459774913,0.533800635178761,-0.7757725054596921,2.8042016863977284,-1.5169143911374896,1.1102769200145783,0.7569738635486172,-0.8856379330727469
-12.636486981500658,4.511213698671958,-1.7753188445305343,4.227501416179835,4.198663728869393,2.0427492798093456,2.8797723959807366,-4.350230368576434,-3.1781740595222,-3.9083168888073168,-0.3067550158080511,-2.6937362887399114,4.556535189454194,-1.4820873160602965,1.0509148738593843,0.2286318236410464,0.0663287268693824,0.5475573489339669,-0.7803182615376059,-0.1638774556310515
-2.6456183066823256,2.582641566922279,-4.261249229174331,0.9567233300140108,3.4529053465069386,1.1756290807086258,4.697987154059223,-1.2753451559566014,-3.016336932865284,2.5247753742293466,0.5449856328967301,-1.770265252516737,0.8428872939970065,1.2019691569880648,-1.660134560819574,-1.7771250390507347,0.0394898864425412,-0.019038945943302882,-0.9605766704990941,-1.4589270283865803
-3.571158507194693,1.637462535496213,-4.335695385141738,0.25045794722547554,1.4587787804489332,-1.5553429542456154,3.6646568603495107,-2.614056899328128,-4.396576421766213,0.7743083937064404,1.682835747661679,-2.464690061032598,-0.6713089391707907,0.9105833990276276,-2.6596966069389008,0.33616127582301625,0.7373456067570641,-0.27361729288803716,-0.21779553593326356,0.18927207348643615
-10.207820843839118,5.007668135137566,-1.8410190085213267,5.035537731621794,4.398766280616722,2.9033363535227705,3.33855371293256,-3.5190621472690733,-3.747136806463072,-4.3930423888142425,-0.5630015441200887,-3.087636250760803,5.447450245433481,-1.407735298582728,1.2667644123295847,0.6138265475655463,0.40676978531614116,1.2226023627294544,0.00910549992803611,-0.12915174943490548
-13.335602358966847,3.502295262175555,-3.0494478064453467,-3.4473202987288287,5.175439852999933,-1.669112265434632,2.5429626823583034,-6.100842323265239,-2.423426117925836,3.7225042567146054,-1.3197389893236908,-1.8739360320212417,-0.8827803226355655,-0.9557747801400771,-0.8796733872517022,0.18868324054070362,-3.475862621375631,2.601926874586608,0.3798719865912845,-0.0343888538609074
-3.9523955686273937,1.9373980229291874,-3.9630690459454385,0.7023233979035786,1.7091987173076606,-2.947780467469971,4.468408912722966,-2.5579844809772974,-2.0364407241337634,0.36379882039206646,1.0857858627247756,-2.212414847465669,0.47221540699788145,1.005921715252167,-2.5449783638908205,-1.1366596277090404,0.11570982309510791,-0.04611545565109504,0.010447343384039798,-0.16622049895252106
-4.0423244134879415,2.138648098087314,-4.738078044480113,-2.372649946594853,0.8803601334223445,-2.511403051766151,4.542674478087802,-1.6854160849992963,-2.3470029688650222,1.7084798516925135,-0.2342576647051095,-1.7024813250411306,-0.6603439644309458,-0.2520233420458502,-0.9789227233902354,3.1763294047636643,-2.01366312469029,1.269730322666919,0.45592789467002204,-0.9271587006151227
-4.519278103128725,2.4557232731521266,-5.130148103040342,-0.6296424920491286,-0.42929027166240763,-0.7767400771298566,3.896163867972443,-2.050975240874247,-0.370175316189185,0.8299284916576963,0.25820471676913204,-3.5217467607033677,0.5288089220943445,1.100267109813991,-2.749169102330395,3.856318301194069,-3.0793368330485396,-0.13979812081601767,0.5143604071275447,-2.348708059138366
-4.033154087114759,1.8842793643028533,-4.849231197913065,-1.4266886553030087,0.6688002865037326,-0.1787905430794714,3.142754162636817,-2.3647625832588886,-1.5456773437066984,0.7276786928910359,2.2409022804441903,-5.090978200541068,1.499207779813376,1.8806557098767536,-2.493609916397224,0.9361899617033824,0.29843139182350764,-0.9000419064270277,0.26062640685502003,1.1258124164697034
-6.81173683675177,3.458944116039321,-3.15375010127586,2.644689615221691,2.6225923418822696,0.47368435912091034,3.144696406726001,-3.142634257504407,-4.520076745671877,2.7378888659350906,1.0227049732865554,-3.019570951014291,-1.7600163203529733,1.5114555904306104,-1.5608669268115214,0.768745546132056,0.09265446152499868,-0.6834080686575342,-0.06224147722110582,0.07629320179695967
-16.268475995685947,7.916871996110488,10.544191225774886,-5.9729770793172055,5.261275709379168,-7.191462911637884,2.541040707521466,-12.520710907987542,3.2022637821868516,-1.2094627998263312,3.8760281844967945,-1.684217774428127,3.5803433539573066,1.149527699880705,-4.138144182897186,-3.317055602099413,-2.9892325821700334,-6.907325086522484,-7.002011217425308,0.0167148377756261
5.7563181321503585,5.1368141594782974,-7.115651498267553,3.4045489354413823,10.007048554122239,2.402600967319551,-3.1471185875187873,2.5628781672258842,2.6219991492133974,2.5318246752107703,-3.8838262104330954,2.063847048700395,3.50996100487197,3.4611780755703236,4.220172024691781,-6.826841391652326,-2.2952230524939625,-0.5635196985721553,4.923464016723777,2.7954947339518075
-0.041908234065987995,6.53757899559805,0.9391720534000161,0.7414695612909803,-0.13419631160659096,0.03945481364936421,-3.764607233101582,4.329111353631494,1.6831663051658468,3.2070166290029496,-2.023444582807513,-1.1428658858099212,-0.08387379244441906,-2.52317137706458,-1.7875057845583155,-2.4533868428923498,-2.8468848100165687,-0.5660549177484406,-0.7540371538532844,-0.8633038762887956
5.3256498185426935,-3.993904283937732,-4.394158419666503,2.456393486423817,-2.6711510456343452,1.2876561882391817,2.936490524732199,-4.236539774276129,0.0859381707542255,0.13399840997262924,0.42536216438840824,-0.008746702834731224,-0.5838368180250656,-1.4879269318269994,-0.6931863976207018,0.46821650742877896,1.5622469611093557,-1.0429508850356437,1.3248047654894775,-0.7163566744449008
7.079063781339656,-6.140877181644041,0.35763008969035015,2.6831156334890465,-4.290042050038367,3.2138906492219084,2.4939076250856047,-2.692986948511564,-0.05018646591480613,-1.2062095190212245,1.4512768397217815,0.5864015310573144,-0.9552128471637724,-0.7073027752024108,0.483235103314097,0.09761099063061057,0.15188909366134862,-2.339074129953089,0.250570253189873,0.5383197744884094
8.238109902027855,-4.162267383965291,-0.3256624554098296,-3.905885266694411,-5.853368036832469,4.353171566354841,2.738503120927243,-2.337949648382425,0.19811309415734923,-0.21284537313195934,-1.507142514558076,-0.6683178825523837,-0.2619876736678497,-0.4966020473997027,2.0238921509644037,-1.2978618770619281,-0.3021300090665324,-2.520871249337388,1.1910570297323373,-2.375789793324239
8.122853630332765,-3.8783472733693274,-1.0374263105331392,1.3821914364579637,-3.77283363580537,3.9431451338151167,3.9820099193362806,-0.15214688467755078,-0.9655625101856917,-0.9913853779183331,1.4057128590310428,0.8633847871817961,-0.29736423283004054,0.7869659325805038,0.5365176832797958,-0.8714053629265355,1.451401716747473,-2.0569362060552767,-0.8811003597225948,-1.6022471371556977
7.765415235341134,-4.985208318624268,0.9050400109070538,0.7179008810390016,-3.028081881471759,3.6997916274396236,3.550518675236452,-0.1834193050622872,-0.5042960273357936,0.004930048033064294,0.26260015121771785,1.362108943831386,-0.5279657808701799,-0.5786262796784276,1.9502586460698978,0.7160201229259769,1.3461584910333062,-0.41492232713433164,-0.029917641360310276,1.2875655143761702
5.204904809789241,-2.303776478565783,-3.6395143298398893,0.2680929268175726,-3.141717789556707,-1.6024685915945294,1.5582187080483516,-0.3200472775608386,-2.064087224936933,-0.4410705691611976,0.048309714348442,0.13474721910560783,1.5225430656824117,-0.16489057452577938,1.4523112382133898,-2.2846641343156957,2.4184848230251483,-0.5249669523427128,0.5160002105915225,-0.12671777117673858
7.424161302863059,-3.936575365559216,1.1405810948694293,-3.8421079513241763,-6.63242524491608,4.322522248879943,1.6742552043795822,0.21477693968799433,-1.511773285425549,-0.1341903964873009,-0.5357885978760252,-1.1462988562011278,-1.5309157174312058,-0.15376886371210532,3.3448859695659623,-0.14896075967898842,-1.234712012542324,-1.2342560587764468,-0.3206977441939667,-0.9006924261639337
7.201099232012908,-4.729981086896119,1.1833171573181656,0.795759536813069,-4.018988038251255,-2.536002296826874,1.4852577235658373,0.8133184652205728,-1.709430043952761,-0.824702817361327,-0.3735663048234475,-0.15799199837089617,1.9870551588030727,-0.12323967793179591,2.0952606550372694,-1.936447200887666,1.7394722863174374,-0.394748479092763,-0.1306426738712802,-0.5264600935196071
5.394560228760672,-1.8872525064416972,-2.277590418992029,1.3880763836870575,-5.29536814725642,2.7746616289832966,0.7020251453444529,0.5965410330974669,-2.186245022326528,0.40923541868396307,0.37042849065732175,1.5114677787046187,-2.0083925506080536,0.26304974556381927,0.10253424173220416,0.10104340392343045,3.138402392984137,-0.6976037652250351,0.5850913460665667,1.6644285341396192
8.018612945281841,-4.835961770906387,0.7928036706775243,0.355829659370998,-3.034637259385197,-2.1455743949919235,0.7310509669227498,-0.4787632846423764,-0.9628969992822229,0.2650996806476328,-0.47504736182615787,-0.4868310565775972,1.7814818861095567,-0.62331014711699,1.7886041392583203,-1.6515767246468998,2.7016910823668563,-0.6576078069824687,-0.9720433530352873,-1.713086309198768
7.351934011521326,-5.160598699636338,1.6660748739894715,1.3612248784990435,-4.530073501685474,-2.774059547428999,1.7518786269307656,1.1723580129467817,-1.9708870106116265,-1.113554389712698,0.08220106427095653,0.13356573558825313,1.8870883816833297,0.05396995257088033,2.488486917279854,-2.5530891851635324,1.5359081270349146,-0.5158637585340153,-0.5012403972981002,-0.8466808234235533
-16.883641288545867,9.159224757462452,5.612861832828588,4.552567984072111,0.33778689993175937,2.5958951433815454,2.305368817270704,-10.356136326816232,4.506842295921392,-2.8752381361319914,-0.11031267762822905,0.8929032569809837,2.4283305921154295,1.90614190981758,4.071931337599869,7.9584215512845615,4.372551819971514,-2.2927725913431445,-0.6820053090373674,1.5400225129547005
-13.064674036624698,8.546185354376384,5.11321579802545,6.412472992600194,-1.7386530823287831,1.8557578921376054,-0.010722980318164543,-13.151186041933649,6.565962593867373,4.434454698253077,2.313741697153252,1.2346198203749448,4.148436090781726,4.395193779285249,1.637663075544635,-5.676943475670891,7.651176835139625,-2.8221551372681812,0.05381358119321922,-0.04000445016635279
-7.53644966399551,-4.182141847906584,5.416093230983236,-3.683161302663776,2.326143140693909,1.22873233878514,1.287916643479938,0.8799612167868158,1.5954076911871276,0.3633718614734325,0.21504634311102944,0.9081774098213257,1.6235609239911948,-0.9222718092221345,1.074092427706164,1.0368093547937742,-0.44131630375398967,1.6346614396176196,1.2935193506542562,-0.01917966161720097
-7.53008522158078,-1.2797302299597109,4.999363017706213,-5.458192545300821,0.027657884159095925,-2.5889416500352467,1.7436577936151274,4.425184400910553,0.31087312444036996,-1.5900976984027768,1.428040459778681,-1.3101333342137949,1.191230258470073,0.12020661441233849,1.5721218323395196,1.773635675441776,-1.351263888764722,0.254847828485416,0.9591954716234018,-1.7094916679570678
0.21421434633401082,3.2321969753481223,5.365968809645903,-7.731345341319532,6.954858993347078,5.083890532870083,-2.0352648513578604,-1.4997560227904083,10.761589982184576,-3.878987289342586,0.6892051937658354,-1.3942165753358486,1.3568444765948977,1.1783871088677889,-1.2686014921955042,0.33130138491509875,-1.9963561374895606,-1.167808217602724,1.495674497189055,1.6875269836131723
1.9162786616806775,4.685675795806623,1.2335152664070956,-5.812175360789084,6.419979335593764,2.1954787885936007,-5.101702119692993,-0.050486117806267106,5.1151913181064534,4.5639999211208515,0.488651943534834,-0.1358194923639371,-2.982491973322456,2.1060637730654848,5.458986085001746,-2.3311409578077793,-2.326521668448952,2.8988309715357614,-1.991510709708155,-1.2886928441218246
-0.4012772909940019,4.077041454127339,4.740823978547244,-7.934808974188914,7.085553459968584,5.276466374431018,-1.4704273315502774,-1.1157082934774043,10.265193602294742,2.4417004293516085,0.6814433635979983,-2.8810194116329604,-2.706293328590843,0.2033150915960359,-0.07456109842576453,1.0601151450980013,-4.201253063233864,-1.4343015394158587,-1.049001062171047,0.7477190846226325
1.6291331068963135,-1.8448886000322526,-0.10315019356664465,1.976336140120543,8.37739479294391,2.5032411243978334,-3.477707545283695,0.20035987017359758,0.59010872229084,0.22661253870542086,1.5126443796735103,3.2502681030382066,-2.82254530069296,-1.4527053832183436,0.9955601054672695,-2.2280473165616486,-2.1331076829771867,-0.20309105703491653,-0.8431163925366247,-0.885638950635516
1.1628821322701914,0.384684903622346,-3.832420148715407,2.503574457322154,7.420838230928943,-0.051491451095538106,-0.4264733569313715,-0.12534216118140373,-0.280725272396366,-3.143575931241307,0.2102481263391629,2.8499207171372003,-0.8824480594147808,2.767858261428427,-2.0730707519089324,-3.739123113009679,0.8877197409821015,-1.4422746157523578,3.2120248860026157,0.8683861366272867
-3.7738384520334316,-2.290740671117554,-0.25653322980156223,-1.7399378307622164,10.680934508467733,2.107364323700729,-1.2636124668194149,-0.9895632514229009,-1.2772550218681122,-2.387729539203715,-1.4830603301344634,4.168482633893509,-1.3245416200000368,-0.5548979074281524,1.7355932068349764,3.8491101276634225,-1.3033852143678382,0.491677471011508,-0.23457516935119882,-1.5140678021204415
-3.3748429226003798,-0.7923288723657007,-0.7665940417410089,4.089872421956313,9.487592405770789,-3.509576350554122,-2.204905343846434,-2.1682540735556355,6.189056295563802,-4.33638140981216,2.0611666495453083,1.332357158894037,-1.7681210850648024,1.969825243018083,-2.7065379178758615,-5.386367315683316,-1.0595478768073958,1.9821059389663032,1.1015430103713453,0.5449108790849211
-6.891442800964902,0.3992009018558541,4.1883571368407475,-1.9971616267158732,-3.984372170284667,2.9352654855180584,-5.431935593459738,1.7548602853938533,-4.363327581000421,-0.27768665035094253,-0.8730751242211318,-2.0150508903094355,-4.929184101012204,0.5128365143814166,-1.1777565827456515,-0.01687566888995251,0.8052750290413307,0.344863014469851,-1.1927136670135106,-0.21543279221477274
-7.274486260352021,-0.11195444900033291,-0.32009306353755673,-1.0844119203909304,-0.659558981979267,2.07837486127558,0.4681920925181129,-2.622472678207732,1.3439344100628443,1.2412466105386886,-1.4132159095079988,-3.4885844815593656,-1.7347119841993015,0.6572971744151072,-0.17094849204297752,1.9148548643555305,0.4303096147533104,0.1460791519292175,0.7028301184299746,0.5917150243313782
-0.05586176363413786,4.120451682097285,-5.187073258016101,3.3818933570311933,10.085655099116355,-3.858969180091744,-1.486918580074707,5.488442449103667,-0.7148145857657033,-2.620606775229971,1.5120374087838404,5.486406572391861,2.8609086918237834,-0.11236556475141812,1.5316537180282137,1.4834851440290038,-4.509679891516778,-0.773171124261836,0.40783754064571665,0.28748258541523564
-2.184436247035906,0.6688893739234055,-2.0624404872590683,4.03723796796925,7.030097886115037,0.7155402878153293,-1.916980492125543,0.1502715642727982,1.1498462998241494,0.2114107581808616,-0.24614617216459342,1.6612120584194212,-0.6321640198943812,-0.5671718239505259,2.637799604825785,0.08145016677188943,-0.43370047021735186,0.637716769321191,1.2214058367767455,-1.305416477309623
-1.2071118702134456,-0.750304138200443,-2.110091437636085,4.557638907982698,7.4370390148298124,0.8534807744990069,-1.4564911608114577,1.840760359987385,-2.7959981452611657,1.52989224040753,1.32716136730826,1.281532740177656,-1.915556512410387,2.6261043061611042,0.9196521386121864,-1.8874634511506687,-1.8565988643227715,-1.416135931086466,-0.5534020236528916,0.8506297219708896
-1.1193902418633948,-0.02852579820137202,-1.979225668602294,-0.3705169665028124,9.657010752371281,1.460564250841244,-2.349284370794601,-0.8590087832372064,0.05447188031014446,0.9653819750312587,-0.7768029961543931,0.6489310265791387,-0.3313210201874871,0.9181222132168707,2.2998867238451566,-0.36696525561835674,2.3611244292252644,-0.043115304486515425,-1.1682539667308554,-0.1550030159867493
10.881127727835487,-3.0618084234784604,-1.1346325539078115,-1.787662058590623,-0.8318399874800291,3.830078150125498,2.04181588103369,-1.106763077570199,2.566777056881246,0.7299565637035711,-0.6588973813953263,2.557805488315607,-1.369786643289537,-1.757801340958655,2.9488489164032083,-0.1854057937312268,2.4850859597630253,-1.2050260482272683,0.4522079617045828,1.1653114166799403
10.294908876594615,-1.6566337160061109,-1.327816660615397,-0.006847993189299351,-3.5653058529444763,4.254276500779749,2.6610854767657264,-0.3695624087350972,1.4258054302959506,-0.5707756548540995,-0.3861847868279771,0.7273591622748347,1.1241779222655077,-0.7982760193358426,5.088334746128542,-2.5145845946590586,-0.00359658492081949,-1.4110644981258669,-0.32511405464689935,-0.45154089794047625
12.022078769542176,-1.8525626946482898,-0.6673400129139622,-0.7322294687251474,-4.064858302514143,4.120434948447231,1.4744135543838532,-2.482631978419711,2.25742235037073,0.24798752061828822,0.544495837362396,1.0708376168015485,1.4732574021788225,-0.9455672950373759,4.332951741389898,-2.83561928184775,0.4247395693912357,-1.8566684855471558,0.07943813389482002,-1.1031477069774334
10.306964654560002,-2.621286996352817,-0.8524622332703407,-2.733770928769835,-0.9736384309457743,-3.1027125118491963,2.1585372104488165,-0.007537616830531224,2.246514446513077,-0.33612157057692654,0.6554889771824279,3.4289768723140623,-0.48949339465924296,-3.3598811635824877,3.682395792664277,0.5447979882401615,2.599069294108589,-1.2986318219474493,0.25133297356208295,-1.6640212876735037
11.86904465464221,-3.2434752535680644,-0.7351472414762836,-1.0129913361442182,-1.7143309752065194,4.944848595889631,2.535340678060026,-1.188734112942438,2.824417632029647,1.53511039081465,-0.7621004028756104,3.0359807207132277,-1.056107576531534,-2.137101470949734,2.8251295015304345,-0.782552798850117,3.7735882704380272,-0.7926082862890197,0.8262766116433217,1.2072603916493068
12.641281754088297,-2.004495273698974,-1.1374302255937399,0.02196828946767737,-3.1492939471023553,4.441046354113622,2.4066372741872373,-1.693869897742243,1.9576615001481699,0.7116024115120475,0.04006484420281395,0.5083546582860075,1.838255707128534,-1.919823601237073,4.87142941324935,-3.214961006892203,-1.1976868138385184,-1.35450263263326,-0.5663708088835364,-0.5623947862207495
9.758530134374332,-2.783301563247574,-1.1612489558683716,-0.7343227332047868,-2.7174067894531237,4.005330665125184,3.2332132578706654,0.6782771472293644,1.0692884108765908,-0.6887730317818388,1.3568430130278681,0.019250074489567837,-1.9870744735881352,3.058617523816599,0.14817239730289267,-2.5718946537059795,2.8633318329451876,-2.01617113113862,0.2716193658752939,-0.8129168161858482
8.632742942956199,2.015059313229571,-3.096090785412862,-5.1531447739493945,-0.9534926653743083,3.135709887913843,0.6562322139717547,-0.062481993668158875,4.079186634269098,1.2245225123634822,-1.1889545965771422,2.965464873322544,-0.4086642670444922,-3.501550182561254,1.9450143048977675,-1.4564867402266668,2.8827855373255415,-0.7260414529986612,0.4368564542298258,-0.17478200682562725
7.565565963148794,-2.6096843726284646,-0.4000889368081683,-1.761555441275587,-1.4222964891491072,4.185536989559106,2.866554923598798,0.09308594015532301,2.1971517702936025,-3.336524566343242,1.0764412787061173,0.16329059392591644,-1.6208201010720795,2.223234274748349,0.21359041036159154,-1.777435008776082,2.469523210353646,-2.8406216484227267,0.2079285552672001,-1.0693234159579432
10.907363083013918,-2.8677565568417527,-0.9870915257913554,-0.8120387345464627,-2.905502447916769,-4.074428156649105,1.8302774364213463,1.5797661023898288,0.527510563624222,0.7973541560554789,-1.301518753203008,0.941075808093165,2.0485832124795484,-1.846561022607649,3.535718202086543,0.17064533229668416,5.315047087901133,-0.07497258922720453,0.9970370362238152,-1.3969958875774302
10.797770254634266,-3.313274959303439,-0.96911246238454,-1.9639425778183157,-0.40602348337686966,-2.690459835026028,2.2292488271888895,0.0816436484627382,1.9865103681136744,0.1693124714313644,-0.5621369531102991,1.269646418075487,0.7461499925481828,-2.1771881877548402,3.895123417289783,0.278938175668862,2.955519751058197,-0.7360982685290978,0.3636920057608699,-1.1305022555851578
10.462626875397671,-3.636040910192442,-2.6809721350249043,-0.3930657801165145,-0.8481821496642925,2.567838505587199,2.8910040188001247,-1.2288468510409083,0.5204094044942353,1.0281346907822748,-0.9812878063711553,1.1958358969844494,-1.5989839705312088,-1.6954007282245216,2.4423842808505074,-0.10922847608190694,2.80661812192095,1.0471571650996307,0.9526758002019016,-0.7581570173137955
11.241482712747398,-1.9757650536778129,-3.196468238128655,-1.393353244846748,-1.5960691657248565,3.9902821358170772,2.8378934022103715,-0.03179779867492227,0.8299887094881244,-1.7969855218406514,1.7564457804994116,0.7080923667607351,-1.5662855771503938,1.985228066215437,-0.0425743588376426,-2.3567498089869603,2.8151776639087442,-3.15221537100068,-0.1586902232668692,-1.803352303993851
10.95870678468753,-3.132364352938599,-2.5103222545377757,-0.207781250814004,-2.0181160082418685,4.971073035744936,3.06470757309405,-1.2742954778137274,2.111899022516895,1.9129520226278693,-0.9071036593946735,2.1301407516674633,-1.5815656893251662,-1.2140195555683344,2.643574682256693,-0.6234434626531561,3.9345752017210622,-1.2343561102110496,0.6129673090738053,1.5341641325587612
8.449581383246308,1.3602676221765826,-2.6493707973414176,-4.470988816378729,-1.3147201993221602,2.7295501045038515,0.47986405941822563,-0.3543857341464181,2.490004768142361,1.65586425627178,-0.35679728414780887,3.64866676856097,-0.400180487726565,-3.6850622029916265,2.625993193833799,0.8720931467906279,2.3383168832550876,0.9804154217284422,0.7973841380166362,0.51464539161955
5.669176345571771,-0.47416919047345363,-1.4567310522012853,-4.970416123501857,-0.15297571091959727,2.5113937687471766,-0.13600334273492076,-1.7427500129893128,2.8463539667966846,2.662946470879686,1.1563415559811083,4.505152301284399,0.2598959316158177,-3.556586832883708,2.2825246008918514,0.40119616140367276,1.917859999132683,2.2607055086588472,0.2508306466525798,0.1405862243475242
8.808222765334735,-2.911397084412892,-2.2045559653070956,-1.091021746489677,-0.6307092841161439,-4.151122058745343,3.8781589974974655,0.7603858831175798,0.9139755176187839,2.2454867232543068,-0.3004878090803008,0.7621802049859201,0.9783614000931445,-1.4856013194654758,2.496744083484236,0.21477295746796637,3.086162776981167,-1.290461987994717,0.6437853868053232,-0.27224832985861236
8.631366346268848,-2.085642010984887,-0.6841028416057974,-0.5440422912025507,-3.408331573030604,5.197661715363182,2.2030564157395354,1.9559292411408298,-0.46751231673069527,-2.834971272159836,0.8781969037664019,-0.1730098142974022,0.22677870356173535,1.8772879223672123,0.42754313738860195,-1.7887774942435934,4.18706147745706,-1.7461983539197967,0.7301777078660996,-1.5130260659706813
11.440385748332499,-3.3402627415990773,-0.8419466682975077,-0.07120804131408143,-3.026743344102382,3.8020918980078267,1.214883016060162,-0.24592815151851713,-0.6477730794155039,1.4415994672307169,-1.4037471649587046,1.4511337621569451,-2.9848148492499575,-1.2506721060970845,2.568549978872597,-0.008063898731060948,4.645453176685839,0.414984180957313,1.431548954168479,-1.192654605285125
12.001818904950838,-0.46051314989247605,-0.16689544485937047,0.614924417863739,-1.7101449504038975,6.430477114103683,5.403943668447068,2.2831486977288877,0.9203115832961175,3.2784749870967005,-0.5802311314812252,0.6032069412874079,0.9067685636149894,-0.21066947387022514,3.8951915105541675,-1.515997943411651,-0.1026679653179754,-1.9002825751407535,-0.4935677572195908,-0.30670811947418325
12.001818904950838,-0.46051314989247605,-0.16689544485937047,0.614924417863739,-1.7101449504038975,6.430477114103683,5.403943668447068,2.2831486977288877,0.9203115832961175,3.2784749870967005,-0.5802311314812252,0.6032069412874079,0.9067685636149894,-0.21066947387022514,3.8951915105541675,-1.515997943411651,-0.1026679653179754,-1.9002825751407535,-0.4935677572195908,-0.30670811947418325
10.235558725045816,-3.494536632795109,-2.690900556333549,-1.1958553903064064,-0.7601332638947216,-2.9011370601076725,2.875009914740798,-0.20319450718251897,1.4179915080647265,0.6944521891085158,-1.1239632526624501,0.3835122106315411,0.9583827832823033,-1.714592204912888,3.448311218054496,0.06112067082245334,3.386338551575297,-0.6305299957871173,0.8133072587007888,-0.720247682261855
11.484957706011398,-2.478712292968714,-2.9193937140874127,-1.0610159535813675,-0.8476736553133261,3.21073417474204,2.8434765693918633,-0.6530284651663592,0.12677275027184887,1.2755082655794576,0.32560741973584917,2.8572599731395156,-1.3901311985699047,-1.6946811396503003,2.598192011582589,-0.3995300190167461,2.0363158437791844,2.252068081594647,0.14282812085033525,-1.5028294863819922
8.678428994361104,3.2461665043912613,-2.347096086191007,4.297540740629285,-3.2014628830365415,3.0351759770920594,0.14430686440396645,-0.9169303123287962,3.312615093890818,0.4410298850182576,-0.3392801039310011,1.4911348845780255,2.6961697378125926,-1.7485663870879966,4.609607416469713,-3.547061428876509,-0.3335117797663093,-0.39042779712291864,-1.2121415070359278,0.9797126068113787
10.348832579038273,-3.6734552219242866,-2.3741793512031566,-0.9445340749126794,-0.8423976372190869,-2.767736666286399,2.8756833400144073,-0.043905849805145,1.386343527419519,0.5558497549384458,-0.8756530531877955,0.5984298537271621,1.0053694329013236,-1.4628816233099917,3.91094923154703,-0.6960677883048032,3.0133326404319996,-0.7293392420765408,0.6253799803997769,-0.7170182470212567
11.08529403667972,-2.0925590480090572,-3.295749750427242,-2.275808804896089,-0.43958927894247324,-3.5218068495911763,2.921791749072036,0.3435761341397504,1.3539765388234246,0.8508064187239608,-0.10281546432766309,1.6955387820605337,1.0760606909626,-2.1208472949604387,3.0968965734805587,0.4979747789600775,2.8939434572889526,-1.7925629009459498,0.08201220926956365,-1.3823871858488745
8.631366346268848,-2.085642010984887,-0.6841028416057974,-0.5440422912025507,-3.408331573030604,5.197661715363182,2.2030564157395354,1.9559292411408298,-0.46751231673069527,-2.834971272159836,0.8781969037664019,-0.1730098142974022,0.22677870356173535,1.8772879223672123,0.42754313738860195,-1.7887774942435934,4.18706147745706,-1.7461983539197967,0.7301777078660996,-1.5130260659706813
11.372496998463447,-1.7449155823957665,-1.2609687206811753,-1.7086437061512738,-1.5584752556467065,4.624081093755534,2.2746628351788125,-1.023632081651627,3.0479507650484914,2.282433005734432,-1.2857072043732054,2.5724658124845416,-1.3346816709722567,-1.9261127712525177,2.639046547521664,0.10877283154556405,1.618358118199809,-1.9532701360152733,0.11767876339942007,1.5150002075878606
8.831826045331823,-2.7043476831206803,-2.29377498496671,-0.3421432159131931,-1.882740689068767,4.947169456671171,4.10753380013698,0.5233195264895355,0.3977530644931273,-2.9578512616466712,0.768275613992213,-0.016914070703965833,-0.5752824478655794,1.4941136307512521,0.5355176957819856,-1.2716205341672844,2.8673136672981347,-2.4177536722583106,0.6662848866992669,-0.9692087489728565
11.08529403667972,-2.0925590480090572,-3.295749750427242,-2.275808804896089,-0.43958927894247324,-3.5218068495911763,2.921791749072036,0.3435761341397504,1.3539765388234246,0.8508064187239608,-0.10281546432766309,1.6955387820605337,1.0760606909626,-2.1208472949604387,3.0968965734805587,0.4979747789600775,2.8939434572889526,-1.7925629009459498,0.08201220926956365,-1.3823871858488745
10.365051662897002,-2.3382805162317593,-1.099945465927971,-2.6219739312525077,-1.4496222966384484,4.337114799619441,2.0414427248597775,-1.1012901502836188,2.6891523357869964,0.27373388093976725,0.4756657521719625,4.75580460034632,-0.11888117409173593,-2.860028708459529,2.402221369055562,-0.7182559805667512,2.2443891569402092,-1.8301304500320525,0.5805880781628644,1.4186739390482994
7.5820983877354315,-2.591939770390282,-0.34949220666746794,-2.0006195862290412,-1.001420791634914,4.749860387331883,2.702528612854795,-0.24741483315590887,2.848948700389126,2.9879497504794283,-0.6251194679697424,2.294574567129973,-1.3087722981838275,-1.3584921263167316,2.6258051262548294,0.10114267615814321,1.2910854636449445,-2.808971634804869,0.006840746859851254,0.741159513586514
11.54974529928594,-1.8242504438352856,-2.87460159785591,-1.4123992777868404,-3.542350187675564,4.641985302231286,2.5150822690172165,-1.9153126793992206,1.4520978155757036,1.1936288307300758,0.4635339347750379,-0.44380243020085014,1.0271880747823552,-1.251679348381734,4.867295771593572,-2.42322169983366,-1.1678693975108556,-2.436714005877043,-0.22129257245770828,-1.3196844378286094
7.34200271361098,-3.306954005461536,-1.5182851053319726,-0.19592714855336568,-1.3670135314437843,3.5956954646702903,3.4997035336788715,-0.4279583261681509,1.0089698612583047,3.061243958349108,-0.13370474156608014,1.8076339971031212,-1.260151591632983,-0.6895665258741395,2.756528403462704,-1.0927780412395434,1.560693383760461,2.462193350831451,0.16556104719815667,-0.8819760302495894
7.045124380949362,-2.732981432990306,-2.1046341539228157,-1.063010939514422,-1.4482972307173159,4.86009079290193,3.218269276344321,-0.44595540019439806,2.20106214082247,3.4426160169700157,-0.7397670888644754,1.4699944749448055,-1.657472086431088,-0.4601134598455366,2.3570103142327112,0.22025534771764183,1.6467476935694083,-2.942276744198033,0.27261595834930674,0.620846482469296
7.045124380949362,-2.732981432990306,-2.1046341539228157,-1.063010939514422,-1.4482972307173159,4.86009079290193,3.218269276344321,-0.44595540019439806,2.20106214082247,3.4426160169700157,-0.7397670888644754,1.4699944749448055,-1.657472086431088,-0.4601134598455366,2.3570103142327112,0.22025534771764183,1.6467476935694083,-2.942276744198033,0.27261595834930674,0.620846482469296
11.427271644547808,-3.052311963650529,-1.4089640816418183,-2.2233506419797613,0.04587851138052279,-2.568151122934308,2.0950911118972972,0.054235340113833796,1.6218562630293873,-0.08313735580953496,-0.4801147166179845,0.9494750925741524,1.063902508965284,-1.945032213536958,4.04552756807902,-0.050788147091086505,2.8407769959853,-0.9093727332347487,-0.12057330444055059,-1.4720527839028525
8.632742942956199,2.015059313229571,-3.096090785412862,-5.1531447739493945,-0.9534926653743083,3.135709887913843,0.6562322139717547,-0.062481993668158875,4.079186634269098,1.2245225123634822,-1.1889545965771422,2.965464873322544,-0.4086642670444922,-3.501550182561254,1.9450143048977675,-1.4564867402266668,2.8827855373255415,-0.7260414529986612,0.4368564542298258,-0.17478200682562725
11.74332669968257,-3.2615295340452657,-1.4681678472467965,-1.564898952223859,0.03182543040100372,2.470553114674532,2.0575295846142274,-1.163666104002826,0.7422954888079432,0.8005313768577139,-0.4350925508323733,2.0916132423060674,-1.5619655299378334,-1.9818966678461543,3.2878411014372064,-0.339454229422694,2.386809661555083,1.4392477253372082,-0.020468956341278988,-1.1094168056167737
10.840044264533532,0.578374179982018,-7.38843437575477,-1.5527113722319403,-0.08834531875845986,2.1859921427171427,2.7696360205596013,-1.9872908671437486,0.12781533726168287,1.4364741129807832,1.8143750768182194,5.239193207585879,0.656721390323336,-2.148545409643351,0.8406563788408403,0.22890037736284552,1.403227686352179,3.4984872741316773,0.45879574004299606,-1.9585342827453474
11.041682852552288,-3.308020601256679,-2.322075439952196,0.2636206516647521,-2.527144275222573,4.505700467295481,3.607562793567962,-0.3700080855494978,1.2221325757704034,-2.2661156045297446,0.6939056190463816,0.2154495977011491,-1.8506513650502017,1.7236301554593751,0.013035140631640942,-1.5243576024904357,4.39205017026132,-2.169279649266161,0.08675240848754484,-1.7019585117017222
10.348832579038273,-3.6734552219242866,-2.3741793512031566,-0.9445340749126794,-0.8423976372190869,-2.767736666286399,2.8756833400144073,-0.043905849805145,1.386343527419519,0.5558497549384458,-0.8756530531877955,0.5984298537271621,1.0053694329013236,-1.4628816233099917,3.91094923154703,-0.6960677883048032,3.0133326404319996,-0.7293392420765408,0.6253799803997769,-0.7170182470212567
11.323705079722986,-3.05183460088426,-0.524458564454892,-0.3821443673942878,-2.7828730971985296,4.5697517225480695,1.8365135402613477,-1.793801613431151,2.7600446784388195,0.3445371428881562,-0.8264511995927921,3.2308571886403588,-0.4839093430410615,-1.9373890474220081,2.410070172276704,-1.1452602778235088,1.8315871181609902,-1.4422145481910942,0.5203038812700086,0.9416536955567179
6.098894923098477,-1.547663662405729,0.6605363509108477,-4.9806577422779625,-0.22676382007779938,2.5000355123910083,-0.9744681384901928,-2.1281962367886313,3.840271223900495,2.6388561397817742,0.6245927804280048,3.186759942351537,0.3784300140333993,-3.07706054504208,3.5509050271982927,-1.0178987381258318,1.267265712188966,1.9484688476378114,0.22833491328215816,1.1273920777144628
10.997553772857101,-3.0584168972861017,-1.0613485291040508,-1.5503853974606523,-1.3497631188960253,3.336188949905093,2.312764649636575,-0.4584876661108193,1.6425412082319744,-1.3852334520008178,1.0035432725220486,-0.21267462734797293,-2.0994403048540806,2.4266238191908993,-0.28085071621797025,-2.086453839932057,3.64403334469503,-1.6519105660848723,0.33348843861437927,-1.4855283939615989
7.130580799787993,-2.9678895979197746,-1.7977318862130334,-0.5720258788183811,-1.9290071372412454,4.43217521570913,3.6810918153773597,0.32793712834032557,1.477342219411034,-3.3688335520035935,0.8413991426346741,0.3970482800235166,-0.976968988777071,1.8850027298165748,1.1298032534071165,-2.302383537371713,1.8915113330291797,-3.22394343212621,0.15690595064942847,-1.0829550126861518
11.011888767602152,-3.091512350974057,-0.9059643027626005,-1.7199646823949386,-0.9813081723071585,4.062109279647306,2.2876763497652606,-0.705473602568558,2.3116858348017337,0.5867200586597641,-0.640674043388778,2.7013531488572573,-1.3360418683538322,-1.7859288503174517,3.01779277374382,-0.033760171739643796,2.2184031254215606,-1.4494907585306966,0.24204864814133653,1.3922186756826618
6.023894713188495,-4.2663795821683035,1.8766363387620772,-3.5147413007129504,0.5394877787930349,-1.8555667420216448,0.8547120952978504,-0.5917153136910484,4.303404937964801,0.8994394692056502,0.976784976166927,4.00479452962203,-2.3691133722571767,-4.134055875221405,3.742755993629467,0.027461480204732602,1.931086941231092,-1.521214641430392,-0.50479735785534,-1.2759848411754726
11.588501436288091,-2.1507383496821513,-1.26803672522415,-1.2665101759241497,-1.192073971183524,3.534323766300707,2.729801998674038,-0.9051142113697328,1.305782227631904,2.1805048085966448,-0.6428407133580929,2.933322001023042,-0.9789278095688926,-2.2328653680344877,2.955464415260513,-0.14835228435953077,2.116773221629322,1.671367507598634,0.220259649295657,-1.5745968732185835
6.976795294897656,-4.130823854079797,0.9602223686165163,-3.35305712956025,0.9297777504817759,2.2195850710204414,1.1163405152091457,-1.3451482229432357,2.342105508892481,1.3616796137954816,0.8033282689756287,4.047572686037431,0.7870170607337099,-3.805484527257871,2.5783336537535724,0.5446588841585105,2.2716401929731465,1.6187963821982865,-0.1618018642534097,-0.527286699146983
6.017156673268032,-0.47247014555866296,0.2685710874342181,5.413868523507116,-2.028573754224781,2.4714064444750723,-0.46174132209368823,-2.4049788157067935,4.048305423530691,0.7365340495204781,-1.4052802783285574,1.3556890267611386,2.8795413877683247,0.040640582185769825,6.225980577036079,-0.950619154552311,0.13602337384833096,-0.20165178492078933,-1.3712984094361775,1.423069217383734
10.91491315124727,-3.510575665564471,-2.163591835994931,-0.4913829571705783,-1.3023996544864882,-3.64492869643607,3.4929544396062555,0.14718546471577976,1.545614161430704,1.202275609396784,-1.1080129706842532,0.7281065671980551,1.097972963407821,-1.6570187199734883,4.014731837574737,-0.03224070574478455,4.317441091534024,-0.5227359664915664,0.39676232095188857,-1.0667725597857851
10.869395561265101,-3.023081406604048,-1.309495048714072,-1.6400990428038917,-1.162115876880367,3.087881244662263,2.0833068251324653,-0.8194682245060811,1.8603058766573273,-1.5126892877198777,0.8369440139734279,-0.3944400176756533,-2.0361901341033097,2.2716459591848714,-0.4321021329828551,-1.773086424686148,3.8164874863740907,-1.5798215410091672,0.5315414759877299,-1.14861905750307
11.050233857937265,-2.3276377916947073,-1.510641001978726,-1.3656074317185145,0.265664358412698,1.1829228422994915,1.7353206653809101,0.4581098134544943,0.31323920135490685,-2.108551210351581,1.695731280454266,3.8601372280427686,0.257246255767821,-2.421095509369631,3.3064309857227805,2.947298760532195,-2.097240517270629,-3.310880399335681,-1.017084288994563,1.2587053607850047
6.322830874311614,0.6836832787840835,-5.601490753545169,2.581119682813796,10.208385806229735,-2.682232577160339,-3.6190747905619114,4.254093647646319,0.548939050310139,2.363835920528185,1.8729156074478106,3.1346599877671006,-3.345983485346072,0.5008598799433625,-0.7296539309926418,-3.4898863643248186,-3.517686215202498,-0.9621214422989091,-0.5049383627398587,1.4800090529138132
14.16393146205436,7.448817184833287,-3.3748924177136113,1.1150530023473448,7.751068097439423,1.1761529416768477,-3.7564792392021205,9.016794051373203,-1.2526312762413667,-1.119228945256265,1.4068115946655428,3.6214348617201892,1.2051508425578965,0.24065851406380145,-1.8252807609547126,1.6384052089121948,5.286036888354516,1.5099587466514137,-1.4452250609675636,1.0813274857949273
8.525528735782174,5.92727306202608,-7.275437279153997,0.30120617912058156,11.826700338109177,-4.340603688816216,-8.128653710493825,1.3785430823481273,3.9319153522880503,2.8728000338031805,-2.035942495489822,4.212987726881763,0.03774957765351186,0.44170174948942154,-2.306311314332719,-4.083870270068182,-3.386732207352842,-2.3877387796712717,2.7155371044202417,0.1723884850588091
9.22634026157615,8.198988286738052,-7.62645353545543,0.8098854317000992,12.212074916010721,-3.624113344774054,-5.673218641336738,5.883852244310448,2.9782700020032467,-0.31707952249269167,0.29742222559822906,4.409275580321963,1.7937762872022711,-1.0309171871042764,0.41150825672832037,0.30507510737556887,-3.6336980094473335,-0.7313131460748341,-1.0637532152131153,0.326239903427755
8.492269383140473,6.692654788017819,-6.461691799924242,2.648945980097171,12.126479534903911,-3.361651350324151,-4.2715784311088,7.027993802651215,2.60075626844252,-0.4108012459530179,0.04503255447613874,4.185635932948937,2.5937288470760893,-1.0602075124129087,0.24412838994133335,0.5168013847822395,-3.8554398687108047,-0.7024539890774757,-1.3252465873079717,0.41538624770413746
10.530158479263209,8.554467381070815,-9.023373660107634,-1.8563023568679333,13.226940995557296,-4.575627059418652,-8.815336925264893,3.928951308610031,2.658674410221496,0.08247366986255633,1.9613108708681226,3.9230507319230483,-3.4980737644741606,0.17771952568752825,-1.4768116283340025,-3.8561406630542736,-4.946287556864805,-2.461418225532322,-1.4837132088750795,0.849377890232896
-5.619199425863015,-3.551782459838213,1.7983178699685745,-1.8810767033185294,-1.1979287317623466,1.0598276692026751,-0.2463461842578969,-0.9238317391920057,-1.0174285547603232,0.15327266279056295,-0.834983523534113,-0.022962133017304154,2.391443323670198,4.4217128953017095,1.9465538947338388,1.4428625685325618,0.857747738483345,-0.17414737305365308,-0.6422937340496506,4.295857729835031
-6.169345199157265,-3.6737781233503113,-1.6489078125816405,3.5181472457818654,-0.1435854072503318,-1.350069220172068,0.3983461119758255,-0.7713158769186903,-0.8493917871480544,-0.10686593311384171,-1.1926285930597436,-1.251502600152325,-1.822449913220004,1.1430453606447584,0.8677705848318722,-0.3098140405919063,0.27233054675282053,-1.0857718638717935,0.4038193286489924,0.9561080281278633
-9.465995557862438,4.972129448333051,2.185014378862282,1.2256649344963344,-4.5090556820384595,5.322190412489302,-2.9587294484505557,-2.23444602812868,0.9356280977931991,0.5827870958812507,1.0181077574515744,2.082697639254428,3.5987314998078084,-1.7216117649024576,-1.0781772422071356,-3.586030588227137,-1.054236337558291,-2.0628529791141856,-0.8969395646839332,0.08897375651719133
1.14601180549578,0.07851982708657691,1.1151688269834334,-2.0921581710695882,-1.818036179839526,-0.3896429162893346,1.0482073115020396,3.6743484520042387,-3.193879454519725,-2.652012109565833,0.28444964897271197,0.28548589524441614,1.231445126665257,0.07447108444935702,2.2175684306034262,1.4962976177421077,-2.6967683582826965,-1.1342458368032053,-3.060524982951261,1.258837913196035
-8.629181038721056,-1.341983131564293,1.5891114436580844,0.3225155839922001,-1.8127172043491315,-0.7541961280848941,0.04476228645642144,0.36037556289501516,-2.3931216621140825,-1.466772984750872,-1.7187561640096323,-1.0232855838576944,0.28400763610805824,0.5726155615520063,1.8747284439688086,-1.0529014660712737,-1.1182649086617786,1.0026557533667506,-1.0456480450363597,0.30713042383522754
-8.870284342142298,-4.01438363745001,1.885174412329601,-0.44287134650564763,1.6746118231833647,-2.030839694499709,-0.17454192765230347,0.09488671605212451,-3.4943360675879864,-3.5605839241765818,0.5613901498537137,-4.149809014782672,2.2668698881341722,3.526213046053128,3.5943271341687213,-1.890986753364059,0.2369286149595109,-2.426441548223645,0.2520562114342033,-0.33215190818789064
-5.596688147796325,-3.6804101734201833,0.46745596824988894,-2.66819982962736,1.4493790884281168,-1.0731504815102026,1.4638943075289614,0.13769813774557138,-1.436447238506271,0.2456741917950795,0.22841283936644166,-2.244585863825116,-2.0123158522562306,0.275650133645296,-0.21512906165540746,0.10206667831168448,0.6455509073048159,-0.2342596941962285,-0.24417714854547468,1.1547039527405842
-5.97377607694846,-6.432908586293166,3.8257446540049744,-0.10522292573571479,3.8050896549692435,-1.157435111699082,-0.33727984136985567,-4.583418278175547,-0.9078567944633942,-0.6315028423410239,1.752313430632357,0.15092264103149905,0.17691232741510365,-0.07569330266457563,1.2446249278695962,-1.0682469644135986,-0.5076149437527153,-0.0747215123926479,-0.4605526178105397,0.8617955197483154
2.424340176370743,-2.0023580687848432,3.4631743550721685,-0.07715185364957133,4.016485544079824,3.462642490592607,0.5413607446756911,-1.4845399146071616,2.6832227340198305,4.692772847396196,0.4075074794682768,-1.4354171251800172,-0.31381604090748616,1.0161744815009635,0.712817559020329,0.04456346598001382,0.5440788497240729,0.22415717560649437,1.805715423357202,1.6196765005096672
-1.4245411990146413,-3.86284761085804,4.24918837401821,-1.17890617781047,4.789798788904221,-1.2452403647496175,-1.646319959596251,-3.415113226184738,3.5213500204750083,3.353277570603768,-0.26743371107068603,-1.227882931682585,0.3801296969185016,-0.47858554833498024,0.5048518006110201,0.21996112628536246,-0.5624268613058899,-0.6582516475904908,0.3888614053262931,0.5875813396669373
-5.905929288390853,-6.189685608834054,3.3086635183952504,-0.4188751734001474,3.1050392671543543,-0.41632354517978604,0.6304524208314575,-2.9012993167681103,-0.6979484465131469,-0.9577472013193487,1.4596801013785017,0.7451544011196212,0.18403450038851887,-1.3089901889626,1.3049515653338037,-0.9560061734092389,-0.7827106404443127,0.01638182279336553,0.26300996086282913,0.17404275785627032
1.7785221062717471,12.855565907424019,-10.673275896035712,5.196343291831274,11.860411645793892,2.726122055041432,-7.621334352982787,3.3402674249747997,2.3156943059748407,0.7175930746862762,-0.6692897646673992,0.5329692258319421,-1.5432042383006137,1.8819886156057883,-2.692100074272262,0.9025226802231334,-1.6142990565441606,-0.19151665501449724,-0.15323775604145184,0.6328964535529331
10.746112140421573,-0.13138790950084944,2.040753552019471,-0.03811568644977403,-5.517270229841644,0.12307970095675969,-2.4432057103967364,-1.4224703783961774,2.6272526614431593,-3.0526324867274255,-1.8112839018734133,-0.23077960073547876,0.1032921896122534,3.819847819356527,-0.9371864850871009,0.43626964047686545,-1.2704132111237918,0.20539525176317852,1.1059646134774233,1.2627509671032815
5.095147656680686,-3.232691381784248,-3.1302245140706395,-1.7946334348753759,1.9315192365223905,-5.48937812315857,1.634366288020824,-1.0567740374916974,0.4889217773428856,0.546619064500226,-1.0489795253791652,-0.4102566695517547,-0.2636108281501468,0.364862907794175,-0.3870723889866559,-0.3155415721649474,0.6906483731096104,-1.623984337302672,0.7476378476205384,-0.4321390817765808
5.007097780503898,-3.279139642306121,-2.9547707014435964,-1.7667608673212216,1.3005449118940087,5.047743729391268,1.4377985972545992,-2.3546138472426272,0.47302700170515927,1.1644464557956653,-1.1152933464866037,-0.5164212703759039,0.16767297755060523,0.2764730990569285,-0.9306772235160669,-0.162528807277315,0.3804527848634854,0.9838417578228885,0.1292794625320737,-0.5704191102612417
5.759237232907273,21.449728423691457,10.864570595078323,10.47951283630373,3.6515436695875856,1.3983334795467826,-0.12647474333830966,-8.204746678373732,9.939067609773838,-3.263624879861571,7.388220494992803,0.08125261057628863,-8.428821374642869,-1.3442974161806625,7.985834418278056,10.491333639567255,0.9741445045586739,-0.5319398843031662,6.928520709191392,8.308029949035394
-10.586875862783288,5.799767650148196,6.6377767696476955,3.0232121529879796,-4.317049880271048,2.6966890906471352,4.412039266303205,-3.878829255605922,3.6584379806656973,2.387999166979075,-2.756484844716449,1.5109167972114161,-1.7912299561448333,2.170119838468136,-5.183658730190952,4.249449342731065,0.8516619534233499,3.5559880969988127,2.1489205649100516,-2.458332290767875
-8.488316245602315,4.716096245743065,-4.702253434894484,-3.1098178827895104,-3.906597277262971,2.102537544097562,3.4193745518992915,1.8756847159872856,0.07802947807989014,1.2213739383533795,-0.7118391476546628,1.6832294198509277,-1.8481405823573618,-4.974521472241378,0.8843936919167145,3.919691657538465,-0.0857469668623308,2.205721738651106,2.002347212246649,5.394424229083455
-5.214079844435355,-2.55177770957776,-3.1916928198516024,-2.083394849570512,0.153342627943307,-3.529822993280742,1.0371885545467014,-2.1946165094491903,3.546186318658381,3.0436618235595496,-0.275902932857945,0.12776038814975288,-0.2689666621176502,0.2459680494163567,1.5232339360493945,4.399891314408484,1.580286965842928,2.9731300431936747,1.1557632280454335,1.8702188246672673
-3.4943523894434056,8.192276679800292,-10.038630213078939,-4.4057438113047835,-2.67985461037851,-3.6320213982299263,0.2640588372231961,2.8170736086068446,1.3290974000663116,0.17064513357409758,0.0864552999915204,3.65108423862965,3.0085985230799226,-1.187436526476543,-2.118643851871216,3.4929798673263255,0.29413563661859143,-0.7651684772841689,-1.3484183379193666,0.12258912441066239
-10.161902944950116,8.801185000628525,-8.012418151098533,-2.3787588571211407,2.531159325319104,-3.65449040712505,1.2609239804043013,-1.0175849990550216,-2.3168547562177078,-2.902962057669095,0.20195042798628915,2.9724492295564975,0.9949504354375072,-0.3320550204471473,-4.1688203235718335,3.0684076275909393,2.520423352116468,0.1080421637390816,0.9990932583750842,1.0847778648941395
-3.8529528739989383,12.3491182720733,-10.250347406069166,4.673093009214997,1.4864678864259617,-3.517879355635225,-4.980015498788303,-3.5129945136099177,-1.906067085041399,-4.8414487192609945,0.7482629578215667,1.5322993270160181,3.332489434001026,0.25119282196168946,-3.046107567477784,-2.527834783303223,1.074651057006273,-1.077569381219721,-4.266266323707851,-1.9177825803631534
-4.568205171041278,9.328323136296044,-1.983758168983241,-7.838199450674148,-8.003547952363299,1.1693166791200058,-0.7964434122787507,-4.098559166588187,1.7427995480816096,0.9853104990541948,1.9048980408669962,1.32516611634127,-0.7050270697700467,3.2058282297448235,-0.7677092118616571,-1.352462718073961,-0.6413499119082189,2.5346493424918006,1.3284122542120387,1.25734670145839
-4.931864919903047,11.347238517476477,-6.655761854540721,-4.810322986720113,-2.115322842096175,-1.5156991813024925,-1.0843194197144443,0.8666914573309241,-1.7689941731638514,-0.888282180772539,0.3405881777654486,3.22978487649665,2.355469762308759,-3.853810831992374,-1.5780508496449648,1.698514144789232,-0.5292055829099709,-0.6462855392558255,-0.6462487021764085,0.7153109099823376
-2.8595696056161457,3.288690089793379,-9.603690279697044,-8.687852881624721,1.4115907250851223,-4.23871351141511,0.7265396792931246,2.465264579359308,1.9751901130402811,-1.7091082254303125,2.7004711942929287,0.042605849006273344,4.05549842395698,-0.17892460698957988,-1.2716274145067765,0.5627389329327583,-0.4168950012533751,-2.213469244501393,0.49110787035638637,0.5165648506725029
-8.0168207092609,8.46704112602134,0.9209628897373157,3.6264459301708305,-12.395840684680001,1.0722035826956338,-3.8020761475810922,2.873684452338134,-0.5036713931075922,-2.750936322807879,-3.3667074564919783,0.43821852485219304,2.5760277353721515,0.5333880463556318,-1.0067598584813562,-2.930728717439502,-3.0429557298316268,-0.7738239436677253,-4.8797314478589735,-2.9682430405613824
-10.487297730971914,6.775894856827579,-3.6380153132089283,3.1336102342540775,-8.493912054574261,0.7533617901835152,0.541150796358832,-3.9698541658083712,2.0099040643380235,-0.17957011265489622,-1.6914003235353388,2.25503910556633,0.23984366825808023,2.0834391284227616,1.8457721744637507,-0.8049513499263989,-3.511038627155186,-1.7119931031299676,0.9398792127589948,-0.8369031466896153
-12.840042623220448,0.696033381479606,1.9184781871057919,-0.4979873158221499,1.506409066432315,-0.7576489083010345,1.090911435612716,-2.076481800917513,0.18498660267616684,3.0639206535213783,-1.4049463216467326,-2.357877592943158,1.5138603643036346,-0.6875104471961708,-0.2556270351966398,0.375897216720863,0.9907307692708454,0.4908837145316194,-1.0314134954765233,-0.17009146736193653
-1.0506692608490475,9.233500079285331,-6.799142160677002,-0.7989407859738682,-5.18563551807563,-1.5857438655160139,0.741228779078944,-0.9010586906116596,1.049447267226845,0.3521180628370829,-2.5471050367956876,0.4937242231178065,-0.48008289547568117,-1.8214458338900885,0.27445105850322804,1.9959452296380886,3.18243438624925,2.817501922778346,-0.9400720784741454,-2.2623362427715556
-8.976139785800552,3.5028011893497926,-6.706557902755183,-2.274373084011101,-0.1339425341851317,-2.1223336378124085,1.02933392821563,-0.9308816034627287,-1.3447463104701485,0.7196993191584049,1.091521330919474,1.3693066649250567,-0.8824823595402058,-1.1352504047369767,-0.41956858775395434,-3.154992960132703,-1.042191387674957,0.34458711905928086,1.6214231970290618,-0.08049927293398107
-7.119931535163687,9.797726195234935,-5.621467883806776,-0.4543478015760389,-5.818557292969796,1.1354562905324075,3.8025936607442623,2.2475409797175905,-2.1365402952549104,-0.48933958424730556,0.45264651724663035,0.7387564914763995,0.3826512574192298,0.1064635485922244,-2.300124584191483,1.3444531401953213,-2.1339588287923283,1.9144950021910583,-0.4359089272047547,1.5334161587084603
-6.1452930023276675,7.6170529878465985,-6.208883515332334,-0.7912270655229012,-2.247484431042067,-1.9430155608948316,2.3817834566814624,0.9713679838133088,-2.611159967367417,-1.7603688396062687,-0.8671464199019318,-1.9609384222148052,1.0461865154739023,0.3233566262312729,-0.7684735042801255,2.2525803747081805,-0.8776226798966795,-1.6237830365310162,-0.4327271371471021,1.9448397744414336
-12.971054276425427,8.888683646847994,-2.340684876597818,0.14414654854494247,-4.720201866711879,2.1076509735869684,-0.8739598013715066,-4.847946400943831,0.13352252425489486,1.3878911114429524,0.9112146458166808,2.324667798455384,0.9905731305507425,-0.7055119528946205,1.1754330033696683,0.6746032149551693,0.34200733949850615,0.5131799852269523,-0.8162597881853819,-0.5184718463257516
-13.52273935304584,7.328845621178098,-6.039350036458531,-1.752735874022196,-6.773300203605834,2.850109752272359,1.3742548343949639,1.649666958821357,1.3222639147322706,-1.0838447208234219,-0.41077347645399276,2.5588632491323056,1.4850678828495787,-0.5769240500804376,-3.1039369814740154,-0.5525221885484041,2.9475126844784927,-2.635741863284573,-2.698500499139782,2.0339055617542305
-11.051774685664606,-1.2516484740132245,0.67219166018348,-2.1239979978941204,-0.8383897394534758,0.9556544122343575,1.40248643419113,0.14344072209077696,0.5028063813800758,1.4709436964763467,-0.7123463493353751,-0.896497471004426,0.33554116087278313,0.2721334894597559,1.194777061092828,-2.2149472115754953,-0.9033685140741216,0.6854140331729317,0.7269390814583211,-0.7572414463743952
-9.274881189338368,7.202695572779244,-3.592258428250572,-3.012647947646296,-0.8373895363943127,-1.5142639438765955,4.46146682136819,2.949202637264114,-4.590417044990682,-2.1744216937339447,2.40098264999975,0.951629373084119,-0.3639830939516507,-1.5133455420709143,-0.5796008845883197,-1.6095950479840382,-0.4982533058724641,0.7738064166616281,-0.6413462382448416,-1.5604713594604038
-2.279782486554889,6.128082993619957,-5.4287192403001665,-6.852312739726357,-1.7277124815009048,-5.78265311508415,2.1820331181076975,0.08840223455759588,1.2729730844588456,-1.036414500349148,-3.962368084847486,-3.340082197556773,3.161382267927552,-0.6527431682510526,1.5732915103510132,-2.763010326203867,-0.7895821486297528,1.547409687895991,0.20151832858045027,-0.7470438246725071
-4.977400855488362,6.594782817913639,-5.821200251884242,-2.3350472801431263,-2.5297643871856277,3.2568589152631464,0.9261016616413589,-1.1223719131687813,-1.6127650246132204,-1.4300259856244355,2.501977671692934,2.7268907052729956,-1.7677819378626909,-2.121564145964938,0.6601372021924993,1.9869417580911513,0.1809658941086978,-2.4428989243692563,-1.4927910876843657,-1.0950964161922605
-4.093400463547097,8.261993066306346,-5.594126300356205,-5.262955576116347,-0.05576860605010403,2.839325678245165,-1.1142800024900192,3.408139735141583,-0.3532522337072722,-1.8793583467235706,2.280023644381828,1.4424608845575415,1.7076318568996323,-1.2801026833089995,-0.7573341454752313,3.325455724915719,-0.09303103694121961,-0.7492832120906312,0.35965639073629474,-0.5550988447956614
-15.028660269844602,11.99123506495543,-9.567899270776904,-8.812994588645946,7.242521765113609,5.48752651677724,0.8382203124050411,-0.38699576592314067,3.1305896090766936,-9.488992323692658,4.02800191466384,1.2746110887330964,2.221176030307455,1.2606905282048702,-4.574674852295409,1.313851174782875,1.0526664463402202,4.357798881880675,-0.35918552311577967,-4.9479659253738575
-5.681456178022938,8.876347431131432,-5.306943244911139,-4.285167619091148,-3.985148223360352,-2.95777949360786,1.6471874170433112,3.168877731419943,-3.4676829038221455,-1.9454106715489465,1.2805352872264109,2.2657764883561695,0.3385978390405071,-1.978688022371402,-1.896420055824695,0.7703885883794995,-0.5103015205920567,1.539603026573613,-0.9889997920430267,0.30716367130309435
-15.148642282217029,5.409089689672753,-2.3788959275966066,-2.471184751595643,-0.37128104935072603,0.2847692260402122,-1.283840433982033,-5.124380206458511,0.8460500019347046,3.2078000734864545,-0.8534259922186391,1.0086249723379086,2.826236421968227,2.558589476453685,0.7696224928759186,-0.4406428535676878,0.541237123263375,1.4003484901558925,1.088378142879339,1.9656902443933801
5.339547571683783,5.895901896510482,-5.805054515603996,-6.396107485542496,-0.6414804200156754,-1.9901698631178872,-3.530063672801191,0.21868546922004195,0.6635572428824454,0.8546682038401714,-0.7206192716830775,1.673384246335738,-1.106519303832468,3.6647606660126524,1.4840954444864167,1.5994491331376413,-1.7130827709637308,2.2745850444761095,-2.4594839390661694,1.9624948514090594
-15.799720985303317,5.992192387865661,-0.26830394402953794,-3.241870795111452,0.7531826048005692,-0.04233859899996539,1.4028946319762146,-4.190254522101046,0.8255711493717643,-2.5233407778138766,-0.8812395797700984,-3.196861411757359,3.7706766518559496,2.325493558307757,1.2519549021884688,-0.0083195519913844,2.696103807253683,1.7220295096327707,0.6495570899397626,1.6640079348561934
-7.365741615879189,8.53080037468688,-4.459839350136811,1.5925428289119066,-2.9371960040354743,2.3244319199388506,-1.9807045230401965,-1.5671191329717025,-4.284609799135838,1.542346298595986,1.176260460658427,0.4687489756025083,0.6041895254543365,1.9455437325621499,-0.28471543121520754,-0.4200257062728292,-0.724356327553654,1.2485285680230227,-2.9711201340936078,-0.7485480496484268
-9.16880263409261,10.297434893042265,-5.554236243673042,0.5459532784316572,-4.142288922344347,-1.022544013984612,0.4412177280558623,-2.618177500986004,-0.025155057476719422,2.1868150709720835,-0.673690823588018,2.338770097072151,2.294791527671816,0.375892961572288,-0.7383940186898841,-1.2965313035288228,-0.6903604057317914,1.128959658366365,0.41442245456294735,0.341146717881609
-2.5582358256567095,1.4620001593019452,-3.3860846075198703,-2.808697551408022,-1.137317803907927,-3.680706691306648,4.879967400868431,2.709787839868482,-0.5600649590316357,0.23505175335505402,-1.4060901507066756,-0.9411632883532384,-1.1974780731102077,1.1669959943513963,0.1657201889614548,1.278737197266862,-0.9434438379616372,0.05194925702444908,-0.6188166898158765,2.21999458183521
-9.926571377206736,0.9744080516730802,1.4049122160015433,2.4413676913084275,-4.028807096509388,-4.883892579005996,0.7932117956690612,-2.1143499447210607,-1.1119254268218575,-5.336721442819871,0.8117947798002481,-0.5474077644449936,-1.8109695304683595,0.6350040193702076,-3.442317344136303,2.016915816241045,1.949817319502303,-0.6738120559453502,-0.07387314418431101,-0.32040317365555704
-9.057444392500269,3.9279080243006788,-4.729377119497145,4.223611859232511,-4.063645407411789,1.1474798262948367,1.072203804682384,-3.75062970450974,0.007734303780064455,0.8010099605708536,-0.2657029540121991,0.776019755501643,-1.5573766579327037,2.431426886370769,0.5811505256746055,0.5286163215567974,1.8820797293686284,3.219349959077649,-2.2332390575268506,-1.261406265679217
-6.354655621723124,6.538313123606759,-7.723432986225111,-5.396957530132395,-2.0572471613078926,-3.5382453049924663,2.0839458495451995,1.0540469067049945,-0.5859271317053426,-1.710641412700617,-0.42273019407852436,-0.9743711111943312,-1.5097567946064858,-1.5236336452384727,-1.5091029690344173,0.0972426418307189,-0.21983306519635387,0.5967734184992853,-1.3934527113039994,-1.963170151450945
-5.160252994473121,11.304995871020793,-5.839676440065555,-7.029322620257469,0.05705503187034966,0.7914962316397938,-2.570120043076364,-3.059453745990367,0.04964520753629592,-1.480163670791975,1.8523280263730564,1.5682533635099383,-0.7952937583871946,-2.785476049460984,-0.22931309477563072,0.03780911534106447,0.6096790323004365,-1.8423770950835958,-0.7540285190005913,-0.930473606059897
-4.679264845636293,4.746522052429756,-1.1611065251604518,-6.492072496015906,-8.276248949565874,3.4339241148043147,2.6309203934033114,3.1766460751291294,0.8972493704379016,-1.9752553772724444,2.3717540137746536,-1.261178821363585,1.2406100278915648,-4.959752573420642,-0.7085776681196346,4.829163937605092,-2.140345162244566,-1.0884931089051642,-0.9472416734709567,-0.8840398763665099
-17.248361800949915,9.369984197297978,-4.318571277234927,-2.2674454369253505,0.2585189758704244,-2.352553540715817,-1.7383423774662543,-5.853741071107521,-1.5765470851668968,-0.3241046393167106,1.5724224074860644,3.969821229698494,-0.3742427108087334,-5.6875164761550385,-1.4689249898777033,0.9024728074834996,2.0554219608154822,2.740752378805704,2.3769500480122385,-1.176665772361195
-2.721315936209564,7.365528358922843,-3.9028023022702634,5.73981321413975,-1.5647317235624216,-2.3391516006452195,-2.071876219556136,-4.321121780338878,-2.2475534160007458,-3.108601573572221,0.3985965053433769,0.5270794288888652,-0.358961010307155,7.8457865847486605,6.726489727666185,0.861510877524605,0.2719595972304223,1.8921371477284152,-3.0354510882653054,5.591583185378489
-2.535894694004597,5.137561531655049,-6.746103636840152,-4.266290015974178,2.2323568078341145,1.4815872181452843,-0.9409725346960058,-1.648429204621404,-1.3045135949980977,-0.31734346399120994,2.4242640906947117,3.3956290637153854,-0.5991260713081819,-2.1983824077783973,-0.4376420662638133,-0.20358142685406957,-0.6017205385092745,-3.1363025575474532,-0.6281543458770573,0.3939480654331927
-7.987331386459996,5.168004342651761,-7.399217158362085,0.7699850960052882,-1.978577333378618,-2.5840308248111006,2.853384654617545,0.0032764675934706666,-3.097040918104205,-1.0438797840362595,-1.264344189412785,2.27090328009656,1.8605400968461923,2.2870077111203533,-0.645459121154978,-4.496289493505206,-1.8202773416578213,-2.3934876212662832,2.837022877197004,-1.511648096200004
-7.295911573977708,3.285563714952968,-6.656892155036927,-5.877528881296888,-5.515181467307814,-2.389987270188864,2.10568822876815,1.8660666736450846,3.1515589162562683,-0.3244406042110828,0.9410995120245731,3.4534666849214366,-0.19309041547350692,2.3284607272545608,-1.8636117334311746,-1.1963953306038144,1.0707335774063695,-1.3836602169655914,0.3344361097740919,0.8011842984233053
-4.096187701350071,14.626151622055254,-8.487926746365016,-3.646112409380928,-3.822787981135773,-7.803675932052139,-2.5312794500657674,3.613073744873625,-2.4904786844890494,1.3759027071153385,3.184379695487284,6.188038768774364,2.3035766796551482,8.65475546926105,4.861841203400337,-1.9596508800826242,8.883204606933438,15.172632538349092,-0.23295778255442923,-1.2441739261955842
-7.180714105519318,-3.309365597319875,6.338846534975879,3.5179652907938275,-2.394675624278258,0.4291572362497388,-3.143721646260879,-3.646549821798509,-0.6926722280279503,2.0027878865540876,-2.686272554328862,4.080910746779183,2.344880297662317,9.411925496164393,1.3023694952834328,7.202826713795813,0.8849528857656455,-1.991589111591057,-3.7944772969915634,4.851929118390482
-9.316300767831358,8.042549873653451,-2.8306053750619595,1.0079553893870874,-4.00497858509924,-0.26187775070260494,2.5802840467823227,-0.5450152599461411,1.9080625951409642,-0.4134298669667056,0.5552937637967121,2.6301230042770976,-2.1302946930898092,0.16887959052962653,-0.16589319321185614,4.8082814628084,3.8313634122558304,3.5243243422873554,-0.4230177187945121,-1.808985694595949
-4.0937830746035955,1.005428077747077,-6.821054723479752,1.06048456956047,-3.6676502459878453,-4.1253927764053815,5.7918544799101515,2.20230679658884,-0.7198346669664515,-0.008269850617675045,-0.01095835040153914,1.569537084184298,2.756428800505895,1.3074119190499267,-1.5470559217373148,-1.0875572390953754,-2.912307178618793,-4.431542508689869,-2.513975132705453,1.6073165755664234
-4.054607830458568,13.546233047251373,-6.35720810406827,-6.89334504802914,0.1561190356266892,1.7625753203817338,0.07640365080530764,0.17212914558237702,-3.251575412635782,-1.9408830174790612,1.5370952510623686,1.319535783873732,-1.0010336707450171,-4.081808404486299,-1.2584180188219027,-0.14760283919847828,0.5968653734159545,-1.606538222544442,-3.77531690485794,3.581663146829466
-8.478553303472955,13.2989675906342,-8.38769189534198,-6.5798141793325815,0.97263469851312,-3.954598495799994,0.826246131371067,-1.1886816127627244,2.89652572177248,-3.889681152547529,3.6823617474857393,2.357418846890204,3.084701433264776,3.6404445523128928,2.2702711116200254,1.393759886268458,0.8051451629423263,2.0677094869702137,0.33171735444082184,0.6032341559899579
-11.18860747436355,17.620641084816402,-1.399700349931578,4.187378031678403,-1.8814908442654092,-5.040110840068778,1.4431513806146186,0.6744331080865972,0.13165289294046165,-0.36942478785164273,1.2244494712442613,4.110964221349924,-2.565615847206935,-1.3670058476718094,-1.272062425864137,5.0003063354248365,1.4074123490500146,-0.0026461601373455323,-4.962416491483296,-3.7192708118476263
-15.80867232594855,5.8526126681354995,-3.515857745732017,-1.2391786420786919,-1.510133826393294,-2.294291162512053,-3.580479491127986,-1.861499358883311,-5.593255128823887,-3.071567173310755,-0.8420274719304068,1.1183936856256738,-1.8511685875707107,4.276318609534989,0.9051319534139415,-0.6563957111005165,2.094798765573556,1.5991311062670144,-5.871832033381207,3.228601641803023
-2.7901119818899867,4.1078654011769915,-5.7992296942888055,-4.983001851766265,1.9818411527915796,0.0021103876578265623,1.0476442332610105,1.8857930539126169,0.9914048647661433,-3.084213611496722,0.6683076387810826,-1.5138290505174858,1.311010916256141,-1.6519688807762842,0.6167930543379185,2.059558138452378,0.8836627676068395,1.4145497897221126,1.0321151950410048,-1.4075394376484578
-5.2756402410649414,7.116785512944043,-4.50543648097519,-1.2809378850448923,-2.3640132976498576,-4.3712913830816555,0.3883769450716432,2.7908741324385025,1.210364301189037,0.014176649996620272,-4.52704234083848,1.2650399202940252,0.6312539153333643,-1.2417594669357674,2.5759372407860393,2.74375741755555,2.648119010536194,-2.507709491253055,0.4098422606334979,1.2763470305087876
-6.269722062741919,11.030684055235184,-6.0718085829626585,4.413711146369161,-4.69968378014919,-6.200225786057913,-0.45070472802945194,0.11316044737055209,-3.145120354548518,-1.4986459584386178,2.1605330993512104,4.79513554328239,-0.02670089229280609,-0.12505442894017854,0.7889247394099337,0.2646747117954875,-1.866943947034805,1.450838468781765,0.1369582256435058,3.094220460703011
-10.80534768329833,5.731183605800831,12.322003971083092,1.0961375689440023,1.7466613316626556,-9.518050759137848,-6.676047536524438,-7.142008795689245,-3.729163264521876,2.7728443200035695,10.18598400275028,2.94539592772273,3.2759119354389674,-3.1488471441855324,2.9602937080217067,-3.2405916406376476,-8.073958911502356,-12.751282025220856,-4.332575207525442,5.901507070566945
-10.04542732432608,5.709518611936507,-5.736002605644545,-4.0047899139640855,-4.883167184360098,-2.5956709891920715,-2.2032735188456694,-2.989699041695102,2.2893524568022015,-1.370624324698045,-1.6021784089899835,3.220316456180734,-0.6062888002950935,3.0327330680651077,1.1585721230807948,-0.43855504263729306,1.0361905657217443,-1.111052175673096,1.281645712549365,0.6686519085522726
-2.433863769452161,9.194942937201558,-6.835620179714807,-2.608870732971094,-2.43502539371612,-4.612857181699681,4.430933728827123,2.3117522561770323,1.870261040151312,0.7824247221576286,-1.0688109784285544,1.2426808389205388,1.229418033030716,0.18774783874274562,-3.0058693094121547,3.398811702014566,-0.1394857505062963,0.2988780251600234,1.5790879946057301,2.004544662859001
-3.2295721892085982,7.9460256862405245,-3.131411911984339,-6.200655996336566,0.5834772437110253,-0.713200915626719,-3.2211831077926836,0.59034842801078,-2.783871435364381,-0.32385382862139783,2.352886255416554,2.6304373301132706,0.661277469346227,-0.7867900010059391,-1.401613977082286,-0.8694372371088075,0.11380168022981599,2.561150107121952,-1.0369168243764968,-1.4705134648136804
-12.608440709832646,4.929505241919973,-4.221841800443471,-0.41201306952318684,-3.7226077852745387,-1.553974826180285,1.0957742871342466,-2.323869110584868,-0.28660934597353604,1.539151949854652,-0.6365507110439761,-0.5827243497362582,-0.7739488253174069,2.9135623426975794,1.5984779489866712,0.9522907243283272,0.08666847958024504,1.0348911928030946,-0.3535360320450073,0.04009199289103332
-15.388595040806434,8.120729389207458,-3.3200284819917645,2.346211777012375,1.2755951311010105,5.729976617260763,-2.419028217656448,-3.7107410311400297,0.3278662453213672,3.9037093944175503,-1.9327421262652384,-2.839630649721326,-1.2291482081208231,-0.09020752137986887,-1.2197941171148416,-2.522178056665936,-1.517161716846443,-4.792546954197349,-3.5864021978264966,2.4091716096278413
-12.236678724650226,4.625064763657605,-4.840618989803968,1.0701106754002891,-0.04693402884011999,-0.17154867371644444,1.4436183911240976,-2.0702677419934306,-1.312116030453582,-0.7455576788121041,-0.13456442821357784,-0.6546087685423216,-0.4771997027507038,-1.8838393742079413,0.6577865276771142,-1.6563874373755998,0.49324332655376213,2.257655929110136,1.4018713726012462,1.4309340129329429
-5.322753697938953,11.550251669138852,-6.167758956177594,3.41622851332583,-6.303347401594454,1.535839017937846,-3.6885202939352335,-4.439536751663244,0.7842302106016044,-0.5020784535715503,-1.3595396239537385,1.5597277235452438,-0.4813160646352377,2.53338438504018,2.33560122828278,1.2225444886598933,0.39494285790272454,-4.263406319421552,-3.566258856879675,-1.8201905736427964
-3.1429572763303364,7.231032968694843,-5.517515958234599,2.1777603199599627,0.34835318113366326,-2.4478524465325004,-0.9979058685551876,-5.3394937257278094,-2.1635107502565987,-0.805250364537628,-1.6932901910231606,-0.7107827495245618,1.1593641645746324,-1.7103619047280667,0.7465197134523287,-1.2555088348739536,-1.5066441476759582,-1.6774412966001928,-2.653549737769457,-2.5170806620232433
-0.25218598044755003,10.158500586254021,-6.769028731967175,-2.7354882923043844,-2.3100473319479504,-5.004230279936058,3.8661743367183434,1.2691537976863971,-0.4241176756796583,-1.404079359038135,2.5330202891838605,3.952934060227485,1.9154426743370836,3.1937097429029953,0.7063019463354494,-1.0910818055964762,0.9540213101673174,-1.7323634042947944,-2.866420022126591,1.032266707681363
-7.463881463550673,5.751040475916469,-7.119739527853825,-2.685112243569961,-1.3293379563398775,-2.594934770085976,1.5789762389607462,1.0986738181679272,-2.639607347930668,-0.6680798170137234,1.1945974507528354,4.490400183916476,1.0315038380721366,1.2698880480345176,-2.2880934641901938,-2.29260986020836,1.0169227364345415,-2.548594553880793,-0.36095498334392917,0.845015160136261
-6.800760581145419,6.752114999670087,-5.4076986976275245,-1.774598505600856,-5.253095197861045,-1.123774549855235,2.097026877383241,-1.4139396626995944,-0.7436127521396395,0.4242923278718663,-0.4262808445678918,0.03471064271849322,-1.1502723456388777,2.503995240692753,1.1861219203020252,1.9880588465204865,-1.945945293255968,-0.316230495191989,0.6923788253106188,1.1691589027664193
-4.868503539518194,6.892742967324285,-4.863490262312063,1.8661053426528045,-5.650591162724367,-0.868229710489564,1.110056193315077,-4.402458028797627,5.179816318063724,-1.8408100098673719,-4.984283558756359,2.299186513795476,-2.5735578078747645,5.297631831214103,-3.5778569044733737,-1.8545988423403579,-1.1548619224040173,1.7682517554726043,1.0506086698394221,-2.095069660645385
-10.457373318732564,8.683287047798824,4.007083197091168,1.5538985183997418,-7.512427452430263,4.243101812336649,7.399763586106197,2.9384514239487665,-3.376091157635236,-2.6484432785142693,4.987748180872071,0.5516666228242268,4.346689907115099,-0.3606952573123722,6.843279228894299,10.239646266564721,8.22563385518299,-0.11589684689932866,-0.2658525336179274,-2.364142251076344
-4.669257669649108,3.1813024737260926,-4.795159581551898,-3.4226586151471063,-2.355073594977993,-3.1979897748245074,2.361542924309627,-3.606739243529984,-0.6338374406560564,2.7689797823394677,-3.52728693894835,1.7333295543463172,5.725252639741655,0.6555167319997424,-0.7569331812068975,-0.28442334126952845,0.5066420471187683,-0.5422483098645363,4.413315738923413,-1.1981449187427955
-6.8041572421077845,3.1962271238765414,-7.752107810631468,0.7727927346659502,1.0360543235773414,-6.177788237575731,2.972004702495771,0.8130168157871507,-4.217624168201645,-4.74451385161616,-0.7962261769305847,0.055268266095261254,2.7388998622309177,3.2032621866061053,0.221601184715986,4.15258256789447,0.11840942365773843,-0.9164686571843947,2.2285693641454065,0.9841750630173532
-9.29058036420534,15.266152463628902,-5.807837918057199,-1.324109151769604,-3.6270325150036697,8.112253706287404,2.383280522852017,-2.0988274740565016,2.8404782894121645,3.584221841109726,1.4017455266203926,1.0742585309115391,0.9823796762755963,-0.07385352224611802,-0.7842115834212875,0.29711992354116257,-3.4364718417440923,-0.2150202815985114,-1.3614498683624585,0.5719255807780681
-7.820698934038846,4.213679182505764,-7.043393178441915,-5.160863735575836,1.4481087311626326,1.322267937251572,0.2585455281962631,0.08165640211610353,0.9516500517869357,0.5252024633540446,1.9481830506115847,0.039189543521564785,-1.2644860613089663,0.44436664889495103,-0.12700819014590478,-0.22921669251552668,-1.259497994321869,-1.9433954117453958,0.8821167796887237,-0.8385828925100309
-1.796105073564934,11.180113976930105,-4.282682619267515,5.808781439775485,-3.777779743653986,0.47084774776964133,2.6636064978217653,1.566092497528082,-1.4634299257099859,-0.6516632427310352,-0.02041882371560233,-1.6633736123608378,-1.3060847396556337,-1.1231040493484898,0.9782189896061622,-0.7353220108790665,1.2397622310697478,-0.5471352797795529,2.470953501386221,-0.706472737867283
-2.9726888607713926,13.401482882855074,-6.229008584139384,-1.8215974463599656,-4.433026694523955,8.186237847746172,-2.3640484441485627,5.29824013532456,-1.8588201035756164,-8.3500304017256,-4.919716915892996,3.2126904998760475,-1.1593591034042838,-0.101609388030662,-1.4464606489254495,-1.0249253754568644,-10.041508322782624,-1.2863665038639347,0.3888538210998146,-6.842182997391875
-8.453398221766593,9.547989214367036,-3.8976955777578324,-7.0168440446830225,-6.17581537338541,-2.245682770591225,-2.1029420194756296,-2.749802344204894,0.7767608205913443,0.639288227775464,-3.1091518655327617,-3.632771557142775,-1.9426344965114988,2.1077304229088916,0.5605160764253853,0.01638942997269832,1.9984985329157077,1.4621620686189694,0.7638965341203604,1.706652253931833
-1.4119790671957846,4.5669103304559675,-11.058936398255408,-5.342402780058276,1.2612717108481362,8.868399906258048,0.41011857472896196,0.1818344841077557,3.6190583329217096,2.30995616147261,-2.303452394287239,1.1703825173996953,-1.9388933488281648,-2.58687486535609,-1.7390988787597257,2.3079281776436296,1.9875087641424756,1.7321663527483255,2.5850434560375035,1.1335155381121824
-6.355697548745051,8.478846625731103,-6.2723584446678835,-4.290716692755463,-0.5201098508681963,-2.2807019860816853,1.9873106165709493,1.1966224943661525,-0.45560658582789004,0.1168770263054707,-0.25158351704160253,-0.8829764122874446,0.47798487810331336,1.9369075423692994,-1.5041370957880769,3.6801372938413017,2.8912311133360014,-0.3842566004738487,1.4807588585704896,3.391825519499943
-7.693371501295033,1.905386416251508,-1.5985148122439101,-2.34343517679169,1.1861922149317115,1.139384503051328,-0.056358829699021507,-1.7306294988999398,0.6125310915777542,2.0508361251602985,0.8887120966971642,0.7194871243868186,0.16660037585085385,-1.472184787674783,-0.2067385479140733,-1.1297073958174153,-1.8377419233531551,-2.7093313441034605,-2.543040788488217,-1.51223487657641
-8.209535336631838,5.04901194322801,-5.8883632553194625,-3.457562316026018,-0.8078454555231304,-2.8020580790734853,3.1622064689618434,1.4176628706944863,-1.0899145022288224,-0.3262453365240052,-0.8427977065203358,-0.34844477031401777,0.9613649355317204,-1.6292099985300226,0.47280544600026386,-1.8903272158976865,-0.42152224776276304,1.5439215521920382,0.7852901150099993,-1.290434259362736
-12.264779421777776,6.582508093483897,-2.3048859218836015,-0.5280437712884157,1.2490588654973107,2.0126733567737194,-3.6484667336192533,-5.554085571308198,-0.9800304431254768,5.1712309478725285,1.902276488433991,3.9106505533091602,0.9332886096626056,-0.3441729807651106,-0.5120261566971784,-1.5430780088460752,-0.5934549589061651,-3.2535808811467404,0.14261869146366302,-2.6124009777738726
-5.872521024226202,0.5610531749631038,-0.7125199167419766,-0.18428606785937718,1.3191334883567207,5.0121724567528,1.2681212570934095,-0.4820408314294934,-2.4871873502112196,1.062266704999059,-0.19836290318693345,-1.1692560605864255,-0.8915730772987978,1.9059401172515558,-0.6334096539777585,-2.8006596372900416,0.2537188241244889,-1.6573789131724577,0.418710133555095,-0.012994323410408515
-3.9425884738059844,13.378454561865624,-4.013189403343188,4.60786663132034,-4.395466606637298,-0.3563817590509566,0.8785644473502835,-3.1311352143618447,-0.757311393822669,-1.0606527329180169,1.4547526920767901,-1.670470294554156,-1.6153869344225646,0.44284804344653034,0.615449171248577,-0.37521902690874886,1.3079968562446798,0.2908641051796939,0.2655728263349192,1.391191736052653
-9.62877859984137,10.554504662707913,0.41171657420444274,-5.039452161128792,-3.619400186174112,-5.005741322643779,-6.940785576390699,1.2961025563985984,-8.822520808423212,-0.6503863493080446,-5.1577345965086225,1.041857927112252,4.5931675766993125,-1.8788713491862103,1.8959047150918522,-0.1873639514226575,5.836469574480205,-5.70939535503141,4.704338901586527,1.7747878548808074
-7.22859422251696,1.5346091480991633,-1.2775653928188357,-0.8464004135762084,0.783307126385592,1.9656653394390105,-0.37913787024211143,-0.6367810927148567,-2.307984241345927,-3.2708010693440444,2.7938784594734094,-0.3000652580765636,7.694912191748461,0.898249038628218,-0.08087916161115144,4.623934231742406,3.3249560889852727,0.20917415614177312,0.7706840405793677,2.4259926670032916
-4.676083331674142,4.097039406617954,-6.708592118443941,-0.19510347954580975,1.0156537251613476,-6.082983426257824,-2.990756387971183,-1.8350452673153634,4.6480825356331525,0.19478941995107904,-0.260360339554619,-2.2056264088007813,-3.9961242420283716,-2.7394546761399647,1.3578138890532672,0.496171395667714,0.6132759419025535,4.355941908108889,-0.032850057545536604,0.40996248306046257
-0.16472709396153828,2.5870132719750156,-1.5599749458127954,-3.392349495623672,1.707999309023808,1.827756278801338,3.5407299762514226,0.1770053777567433,5.091394335501285,0.6828838080552029,-1.8110926188360497,0.5559312167036374,1.7579764238815572,2.4983659058284777,-2.010623210063904,0.8584189750109879,3.3378993371915295,-3.6698839814699387,1.0638649757785164,-4.577020273119388
-7.430917291167188,11.372336799593894,-2.7726680555383885,-0.16448109078660814,1.4230118151853821,0.34920613377038023,-2.0377403700495385,-2.227929200794931,-1.2625598812128125,1.1613659821713405,0.576158043860806,1.5661739887726263,1.5366344050960512,-4.072108336940164,-1.6692062506760688,1.5123194211658952,-2.318193707154788,-3.0074062926667207,-4.607450198044621,1.6664505249196213
-9.478695628667023,10.25169125321727,-3.8588637357550053,-0.7889505052793188,-5.235802570028362,0.4042395745959061,-0.3080943466071764,-0.5511280483013354,-2.1585401786300955,-0.3294620325881543,-1.4282700343480794,0.012238940840196944,2.406120409294659,1.9543424053496892,1.398034252603184,0.630589553103635,-2.0096373237407805,1.6011910261194213,-1.8302802131277052,-0.3353664287822166
-2.125092545434045,7.359756434434756,-5.338820437366684,2.326123807594948,-6.9150405217789945,5.0598816421480155,0.8627577948887442,-3.252756530194946,-2.623170823002197,1.0045046976488468,-3.259024953664603,0.6856180804052054,4.297394197872227,-3.5367133204162897,1.7013660051725452,4.672513957460246,0.22550745748671752,4.117943302733007,-0.4623576471092563,-0.5912037733428195
-14.224679669741537,5.89684169732561,-3.13392132581804,-0.768636601660883,-4.168552338828186,1.0362469408115755,-0.827208055809312,-2.4993146992214763,0.7004508911287635,0.8373168480075219,0.9739825236046429,0.5867049098717487,0.06184645922231116,3.6728649188447613,-2.1240414687307996,-3.02040516511227,-2.9986267503414976,0.23381468336783906,0.11066333381254334,1.2276192724534896
-4.861835091357838,9.809492267159559,-2.1698060376337347,4.123982089253717,0.041172119060268964,3.435681450946208,2.430778010784112,0.18901942500014157,-5.741627008917706,-6.429196753817285,4.381585449040996,4.373549715188951,-0.01744089375712643,1.6918749685525418,3.857644109386642,-1.0025077097407236,1.1468829266171388,-2.4154294271913725,-3.5828869170204323,0.7899126757810992
-8.816828903158202,10.295550684324816,-9.428552488311166,6.482072678380359,0.7202714515480491,2.4875591107796433,0.25363640651289,1.0499144224710895,-2.7392354775744643,-6.154391442488118,0.9138913710827035,-0.3544119594669928,0.031168849070442706,-0.3692250186995639,0.3568656360733622,2.1631491262900693,-1.955668712629921,-4.593839363044118,-0.48091656982457764,-3.49106764922716
-0.9631254112001518,5.402566437510015,-3.021931510561387,-0.5221231095938285,0.1302658822979127,-1.7425341294992007,2.1793337096175964,-5.735166071126477,-1.86456366718894,-5.677381546307082,2.031401037360581,3.1872651175777578,0.5286607869774766,2.80412532821203,-4.111225207631726,1.2118485894117086,5.743985324695523,1.4948058186360509,0.6382062275485838,2.0263781053905143
-3.4487786728683156,8.939200918406215,-5.423751658623794,-0.8208595432773373,-3.4643153161270672,-3.4602442739750043,2.3991742430578387,0.3646517551704038,-1.017978452250949,-1.0096093851599532,-0.8957973816863714,3.036232497597857,-0.5742272719100254,-0.8628944951649418,-1.253574257770772,1.674993982589505,-0.9471834209688863,1.0452538082455562,-0.8259958058810559,0.20399594263887333
-9.684994098926209,5.334519157886838,-4.697479541374387,1.097291262635033,-4.648891948035718,-1.2606196498139426,-0.2176538104653477,-4.701878347286042,0.34462440977968894,1.1490333191864872,-0.5226481197415148,-0.5317206709056452,-0.15922747471430848,3.383554988588288,1.8715843807052086,-0.9897463475997195,1.0304370924739317,0.9892143269108569,-1.7842549931394496,-0.8206485893016044
-5.99862661917491,4.839227098273298,-3.773744614475805,-7.4132123619928505,-2.70398753030784,1.9387991382754295,1.3201370512019648,-4.087438322236755,0.5859098503596071,-0.67854887135259,3.9796528411263683,2.729704826881771,-5.240720706052337,0.3085021436955796,0.44835431998302233,2.221724459785184,-4.214065036956594,-1.8102911004938265,-0.04822429780482321,-0.9822642646156576
-4.3723088783599104,6.597135075004239,-7.723878879895472,-2.7392822727794535,-2.884781830710934,-5.417585306554723,-2.5507595213912344,-5.54840304692768,4.769659037731868,0.9185877951518606,-0.5281764136152138,2.7748718334711437,1.22726762288516,1.3009670815382743,2.1104611885018274,-0.8384512522367511,0.4799449822224218,0.07722125776436062,-2.246977258300371,0.754123076835917
-6.147880022176219,12.869795881560965,-4.028707530635847,4.987459075866822,-10.998784843959761,-1.3249175461590732,-3.3866002652145824,-3.6513014033836955,1.4957498667121527,-1.247660244023949,-0.6591427713448592,-2.4243485121509956,-3.4763790021310537,1.3124899046741358,0.5424265055389059,-1.1946407492447972,-2.391129250521114,0.8771569899473033,-4.70146559939601,-0.9644321667459624
-11.489621507387024,2.6066766122103258,2.5067548991013413,-0.8176667419907153,-3.148126043659036,-4.058518857118429,-1.1275046583868737,1.3380823440483578,-1.955755205311358,0.6634261105346544,0.5345354914657312,0.6868087554787439,1.189376145309019,0.7988197807487591,1.3440251296065073,-3.049266363246379,-3.1774649770434626,0.6493043073627103,-0.8388247627727444,1.6136855988736227
-1.8215390671644642,8.841495296837271,-9.964999857499155,-0.6000314641111966,-4.122437498184793,-0.14867104788241614,0.40379471552182755,0.46358817039172706,2.7994908126136657,2.0661632996084505,-0.5420771475488618,-1.042082191645946,-1.9001799692643968,1.1865754268281494,-1.2165935535636407,0.9804589716071066,1.494585993948649,0.9234222831550786,2.2231366435461526,0.7216904467104711
-1.7732562699134033,2.875032607565749,-7.643317860513472,0.9747617606020323,-0.2779770238387591,-3.0615703884238425,3.728816384634867,-0.5517019315458564,-0.6711854125885082,1.2786259448958073,0.298683733178305,2.3509093024884895,2.1767809207706197,-1.648502328529339,-2.763386592254727,-0.6445371313307606,-0.7324130338249988,-1.6831875099905167,0.42082030666147957,1.9034610414715898
-7.467027697476322,7.031347013659774,-2.594766141757402,2.0378226669125103,-4.153307479711743,4.057070601842308,1.7574879922722921,-2.9025675667772055,-0.5254403456441511,1.089087597198308,-4.077619110057915,1.3730530010315096,1.0782788293050798,-2.9142837726378974,-4.01641983070447,1.2527619734322613,0.5022261639924237,-1.0276123040515088,4.278715212601509,-1.5213145097992644
-10.879696470960074,3.1479976742782956,0.3526665524363456,-5.903721037875119,-0.15078515138115212,-5.574365855340673,-0.6611147286954546,-0.11195718315187309,-0.9778550824707501,-0.9757200642308583,5.739796987356849,0.06899968465535489,1.3367859620909401,4.219505180848054,-1.8797374657713104,-0.6700005312049386,2.354854032666793,1.5488443936764908,-5.543864102591038,0.6077458267924554
-5.394006483422268,-2.8319215150703334,0.3397968119366493,-3.9654082920290903,2.615095909857714,0.8940980736606411,-1.6046562846014258,-5.438377385525378,1.187443314012474,-2.034715893043535,1.7326025300391357,-1.9881193338405576,0.5441453356965966,0.17580191034826986,1.3835738330869254,0.5794563144587677,0.3805413416974369,0.827350014456578,2.7619209519265437,-0.8369687077782242
-10.532488231936746,11.623441634706815,-3.0920702986188062,3.2794396712205334,-1.8077235780089491,2.4993386714955212,0.16702034749321748,-1.760886696430393,0.538885976107223,4.713727202896273,-3.8166732474786462,-2.744194907756519,-1.519206319547509,2.383008251646068,-0.3360062536253896,-4.7089221752293025,0.39036432629323947,-1.2833234986821538,-5.893019247901706,2.937302335043513
-7.504041705705285,3.169288531994763,-6.823929950052245,-4.208365930342105,2.652375207371345,-0.8579463618178051,2.0590234642309664,2.436060567330216,0.7922061926420432,2.162215640617708,0.05833456725569519,2.3555017083883154,-0.7260191548864985,-0.9914001646975,0.1543476980383342,-0.8763471222513247,0.012550091446221323,-1.9709955443465448,1.2953827939236195,-0.6917052540060118
-6.981159777784228,5.648058103112532,-8.37497391803023,-9.241789041936345,0.6549590655752178,-0.05777225300250011,2.94743878559229,0.38529152311835774,1.2328128507088252,-4.830206899825562,1.8620769710049316,1.4580916140727367,1.6513680189213413,3.6231360161802937,-2.8451900875471314,-1.140667769155296,-1.0592683989695373,-2.884968519008293,5.332989607127605,-3.6176044796483966
-15.104739559406394,3.1877404146172745,-3.409487110202713,1.7394435727871496,-1.8445758251202224,-0.7743370038487897,0.561128166403134,-5.388687264961657,-1.2285847522857423,0.6930617605455718,-0.4474586245051013,-0.3902846911577756,1.0204558214543193,0.28653199233939863,2.3201987746138792,0.2824966538834326,1.0008817036231563,2.625155878674555,0.058375581909147156,1.268519986125584
-12.29258804101406,3.4126983388988923,-3.9817367271656474,3.1163826118504985,-2.3072974626492297,-1.544647182670926,4.146003157130339,-0.864300785825197,-0.668718127294831,1.9028595380474886,-0.8856467411728048,0.585778868877272,0.9125545617895472,0.7681467144842791,-0.7690657391679362,-1.9212484201424775,0.2884846152113145,0.47147735787116474,-0.16135362765450426,1.7513648048354113
-7.582626342341472,6.755015586896517,-2.9564365745012804,2.98940440340536,-2.833344995882077,0.4313083183750376,-0.9943542558203797,-1.1214275374406313,0.8626821133602189,-1.1529670148189757,3.3951205188649585,1.3524201696060554,2.8247808351605093,-3.5589977017618106,1.4226712553405252,-1.1924209948271272,-1.8324524044256374,-1.9021613038225933,1.1284911966428117,-0.061792023586551004
-8.112146443776954,7.91327526168089,-6.376421348505199,-3.5018630052930435,-3.544876266321316,0.41415913595628717,-0.41797023331989447,-2.1413084962697386,1.8466732307875777,-0.16814929343366025,1.4129268648955493,1.2977368496221837,2.4224042289474372,0.2315524866468936,-0.40954511507925095,-2.039421822924231,1.8380246914857223,1.7137094155272194,1.3469928071396207,0.7962110579772732
-2.985605620741091,12.13073613288335,-6.322468441558098,-4.7561253231763665,0.12278662697706683,0.060671600234582665,-1.8528445533022222,0.14938162241764052,0.6413811547484212,-3.664616704650494,0.9356695083832937,1.9163424850466702,-0.6746630939383831,-2.764806658858075,-2.4922622939782606,-1.2395082287853705,-0.8336657136667709,-0.06407696734025692,0.8348834920725112,-1.2041557120051414
-7.251016418502569,11.499972872690844,-2.4651313059441824,-7.5414805746588085,0.6461438511737186,0.8579409784784036,-1.2655240291374634,-2.3133731089448837,1.2915480705428433,1.803305790858871,1.4547705152101282,-1.1669671602738363,-0.40728414195352625,-0.26134705349677145,3.323655432989881,-3.1270599223974838,-2.294633315197716,-0.9300215045416994,-1.8039073893323418,-0.9407394839910066
-11.06923706611838,-2.3284559806866443,0.535981753830955,-1.0715332827216206,0.41717631770957075,1.795007448354717,3.005328408440751,1.0127607746113196,-0.024127323748454443,4.4856857819098614,-0.7318354139081502,-0.5117322786702624,-1.4781244906168576,4.050738858801304,1.5326236533982733,3.7642392350607428,2.3645971808386714,-1.5863938401451207,0.2882443274408787,0.7176215160043786
-10.886295733856924,5.806562897170477,-2.4645651342822386,2.885552956906539,-1.3904304403741765,-1.1912759758474354,-1.944399218338312,-2.186086918538521,1.7119684538730406,-1.3327397958979543,2.841845665248829,-1.173742955603167,-0.4781151762999688,-1.4232547555475674,-1.390742711373304,-2.3969811944799364,-0.2500361441883624,-2.177534769387802,1.3910104562426984,0.4369871930819662
-5.446767196135735,6.454297075138169,-5.620434932439352,0.786578306080045,-1.8867722574700359,-1.347669241096205,-0.18290451984791367,-4.388988186724538,-0.686737571406413,-0.9894884930970174,1.0843640654770272,2.503696678633585,0.23679106262785649,-1.592359890470037,-0.12096954758843888,2.0121650050698934,1.9962813689250694,1.1684911288113748,-1.085361840158548,-2.2950298645515352
-1.6618021198487984,8.436599570532682,-3.8493432808473194,-9.223844618411226,-0.43008984386813853,-3.4424825603183407,0.9536871290516702,0.6683679644564631,-1.6951947194801558,-1.179716733514481,0.23653680599925808,-0.3648261181565585,-1.8996362338210329,1.3844448405245027,0.3708200839102837,-0.65572606403434,-0.23052540055506382,0.1957234858243267,-1.2293991239911826,2.359382224918838
-10.89104442436889,3.799927148930786,0.022620432936402035,1.9713340851445813,-1.1116290413337213,-1.3233923194025978,-2.6586169814558245,-5.489913665812859,2.94350584129952,0.39094756544518194,0.78961347650258,1.4184291230970048,2.9294477576116984,-1.8570307622279598,-2.207123163740477,-0.48215401292793353,1.6724362171979417,-2.619825885764609,5.237857143659259,0.7209736874289097
-17.139622188123568,9.02097186463954,-2.5104674225037367,10.764223494903536,-9.052691828772254,13.123396110085489,0.05691692526841985,-6.611638917355436,-1.3721546200911827,5.069580088254658,-8.718595286421426,-2.82669319957712,4.616504677628889,-4.603023332683397,1.5778186061952038,3.751550297739833,-2.5937923979146023,2.8702378093573024,1.0045232606768646,-0.17065015523444038
-4.408701481745296,10.138387410679162,-5.216247982507138,-1.9715909896950015,-3.9473912245218665,4.57715109155892,2.0273850155931226,-0.19815057078467355,-3.534198792389127,0.8819799055237546,0.7129600744951026,1.0752366756779137,-4.611652637975448,-2.1544602797149146,0.3096173609996613,-4.546603262063535,0.09533862471943759,-0.032596845855354994,-3.5446875537324685,-3.80081061815573
-5.712260263153211,10.587902745204833,-1.0881695318309328,-6.924288615698329,-4.790606982075775,-3.746006524181623,-3.4830340472665218,-8.0009657866712,3.656049946560387,-0.2539088258534474,1.6456530718485622,0.19252859513798437,-1.5894003067866307,1.4805745698561217,-2.1942859140539688,-0.3959641358617474,2.235371387039124,2.1210234403037793,1.977575344546421,-2.2191503184940595
-5.706669410193507,4.5864885479813635,-3.6626900575582466,1.1294273520498002,-2.9478835159231247,-2.6608373670140018,-1.836595027636499,-1.5751156191162612,2.666002604759497,1.4976720577608693,1.7938343724346042,-0.4071948969141376,-2.755845008955354,-2.636129431303152,0.0010782813301652983,-2.5001363561802936,-1.5644623579546963,1.7091159393817925,1.4233903642386285,0.6998493418333891
-11.455394285177768,6.745914555649882,-1.8109143173662037,0.9070870536641124,-2.243927748523695,2.4639262695222097,2.654667162771284,-1.5885364823652737,-4.767637997072298,1.3983365039075322,0.7693395984312915,-0.046121292296700124,-0.16043042679872288,-1.952423196850317,0.6491611406930776,-1.470693326130463,-1.4906987825036504,-0.002211543770144875,-1.281128545561483,-1.02234991113259
-4.738107008714428,3.880862824999361,-7.427138536305414,-1.0020879201689912,-2.804132971093324,-4.083572042317537,-1.7408653524953663,-3.284167767033297,1.1674037161234974,-2.7862961225427614,-4.639549402691775,7.759542865018931,2.386905828260761,-0.7223602008324361,-0.4774255894261059,-1.5345184742358544,1.3215233088286389,-1.9255652683793647,-0.13487169929427267,-1.2376458058975102
-6.771672009550118,4.972811022141649,-3.844868419295274,2.327854506859232,-5.973230086095201,-6.831955439278172,0.25346733213084705,2.796068652804642,0.8958922145148177,1.6317029127305869,-1.0747771442615424,-1.2369311742772104,-1.3727604408209673,-0.2683540441253681,-2.13534402372645,0.9893021986949913,-1.0212626592631366,-0.7230108402493706,1.421810974370468,-1.1269643186818303
3.876724778088337,4.64534728976974,-6.138057824216162,-0.5978584409155078,-2.1855770014329705,-1.6132817285819627,3.4537331690282977,4.1189413243215816,-1.075026636830557,0.3919562239991037,1.3598489105832754,1.514548478877358,1.5025361467155038,2.5422693650325874,1.4245012611989178,-4.945359393642844,-2.8911276987161827,-0.849349841788506,-0.21129948058858022,2.458020907247995
-1.8633456570324163,10.880158099727915,-5.682813740020267,-2.599533573806256,-3.3826147098280606,1.1511288767356538,-1.6471897846979817,-4.060969464778095,-2.231167952305696,-3.6271217996110265,0.7125523968555759,0.8324813889396391,-1.5929301717201274,1.7304617184977227,1.488628788439288,1.2868591339650746,-1.2130398027348304,3.4196741849582333,-2.7227538373712274,0.6786754578035885
-6.217153026742783,6.821277420370784,-7.424960907689025,-0.24760733731866358,-2.2727653831905332,-1.0291519156130446,-0.6396484648123842,0.45763117072495585,-2.7933433679997917,-0.09262382967667482,0.9466927237808749,3.3676441009688527,1.6070916528648238,-1.1923412045329909,-2.108024123947502,-1.995517592163817,0.14506217561258788,1.2321753624153355,-0.40056690767371866,0.8605330332676148
-3.027371497890428,2.6540356644125516,-5.762729984619554,4.104008675256864,-1.9835223714640409,0.7088630344721863,-1.3592483664975832,-5.484197629861596,1.016116270704614,-1.4212648045034741,0.14637347008106172,1.2587361546856979,-0.936234095966518,1.3465358858637928,0.8234681068033962,-1.5729979319865728,-1.0987759130049568,0.5182196487253609,-0.23640931799539638,2.370064032025258
-4.962265445483397,5.840215685630303,-2.2140918802806366,-1.1887904474812077,2.1140503667128168,-1.2988107455551505,-4.260737520819499,-5.052005326138246,3.358425914035454,0.8617204393266491,-1.118124463541701,-2.2833715706788578,1.1227634690882593,0.4250915079047224,3.568603342656645,-1.4308893585246725,0.15604964313893943,1.1784873614965814,2.242153308991317,0.9387220663430336
-11.221012970197197,7.983872384885883,-3.40882509817183,-4.003731408709615,-0.653193653008503,0.9723947567999421,-0.8741426784325015,-4.728596660005821,-2.350757352152865,0.015231376164148935,3.4514901142980547,1.4638323809903149,-0.6490090239522338,-1.841293389836882,-0.584687751512064,-2.7252969417353654,0.38890076454249345,-0.14261670473563326,-0.36605468055835,-1.8412698474664417
-6.758810227069166,12.01299542479676,-2.0462014990913477,-6.751682208985537,0.39325198841723474,2.1590650614526683,-0.2381352776766773,-0.6453058353439934,1.537966717294552,0.21942097551798723,0.6178101054500346,-1.6803224806183736,0.4058306311038914,0.29989240682015783,3.6427404017699017,-2.9019951952106857,-2.8829730338273185,-1.0943487956480231,-1.0357992302134127,-0.29786289522136766
-9.048436200505952,8.437896725310088,0.3938006582958906,-3.5084670595688303,-1.1914030280599766,-0.5707748114600721,3.1974314152065504,1.1959232014073735,-2.7296843582306582,-1.7022574702562463,0.7919597825592901,0.5479492777435919,0.09969981806706585,-2.405160964770701,0.16104399565094596,-2.1959149391052915,-0.4415095641257233,1.6200890684192606,0.09689369314286767,-1.4138836694184511
-7.554176712380096,6.88859670560166,-4.778818346517087,-5.374595759445816,-0.925415160257106,-1.553001023436712,0.3446226900536543,1.5213619465781545,1.0039236572453152,0.8789029641660732,-2.3360166796087976,0.446784675104402,2.411388767929159,-3.9228190345687155,-0.7488777799176931,1.9111940341373415,3.8194174635530684,-1.2989561646537533,0.2612527516885001,2.0703020704072386
-4.225933615536361,4.71966552572041,-2.985067641036016,-2.5786480980716213,-2.3187430678839114,-1.9398335028866636,1.9462174109827037,1.6419433130992012,-0.13042716981840075,1.3145103278846113,-0.631299869880465,2.5823394416482452,0.5276555820162032,0.35590627437118183,-0.3722022653419421,-0.6913707334680157,-3.006535870688832,-0.8185221415019994,1.413741565454083,1.196831563576955
-11.414298820845367,11.121606866666404,-7.587355679183773,9.091909473587462,-6.318788157662478,-0.8100061366865599,2.3413756115403506,6.4032360581227294,0.8426814576280357,-3.2116637273253046,4.245388898065281,9.172805442797067,4.449295541512486,1.1060214039723166,5.807118437361717,-2.1229567944956305,-3.706965739699604,3.5926628252067445,-3.0226315477942762,-4.441148685344564
1.9799285947625709,7.33120374117155,-5.760635301697166,-0.1425822446538265,-0.26484941077934576,-0.43335793928172994,3.2783267764353248,5.236444849737431,-1.1820916003525455,2.0705967727214705,0.22878726230519586,2.9444973353986894,-0.5467576149158093,3.4610910876591374,1.7564987851031744,-3.097550262426939,-4.299791523373921,0.2837028431051124,1.7668773072721775,-2.2082723149927057
-3.875518067133013,10.21216690550051,-7.39191327571028,-7.120565360865465,0.317954519475961,-5.107594021881683,4.248897329833077,2.8519945951529153,-1.3311005188749787,-3.439741333694548,3.5112637289519517,4.0489977729816164,-0.18765297891523325,3.6744570614118057,3.558465108768541,1.9361380871405247,1.5690095061753881,-0.06162541352315287,-1.303969549311352,1.343256877811586
-9.465772162372225,7.435744974259043,-2.651615888297729,2.628339022624192,-6.261103582865976,-0.3799410903327718,2.4091885876354024,-3.523362810502408,1.001984427145469,0.5364693739455283,-1.8358809311307003,-1.202888321347146,-0.6830245329904232,2.646196292771444,1.078683702551397,-1.4832430872634916,-1.8335545907217965,-1.2546346029964925,-1.2536214207559628,-0.9363918418057205
-5.405791964131212,11.807374906673509,-2.1287387226702266,-6.474025010986196,0.67101392722745,-2.86503090107514,-0.05576950664520819,0.08078089113454645,0.07197772601010088,-0.7476902634651426,3.2239737936904955,-0.9170162212958083,-0.041789967771364456,0.9056832117735528,0.6706110475984208,-1.0208793508050664,-1.8655395479172365,-1.0769475931072032,-0.25395911207449284,-2.033482036674486
-0.35050597751917734,11.587640201694974,-4.93020013568975,-0.7379061515366722,-5.5343022098776,3.006897140964392,0.39179236444046794,-2.0888279945153894,-2.453318691464604,0.4588291679930432,1.6778737279799973,3.42014551693296,2.963082084373843,-1.0608214410327883,3.0883300062291377,-0.9387822618156596,0.027425478151177407,3.1058073413549008,1.4135235524387726,-2.384930077020612
-0.14858517683747755,5.828016981813094,-3.536970492743664,-1.2411370573716274,-2.6495845165648526,2.5657100995666466,-0.13408348249302396,-2.821540613011571,1.8768366039387654,1.3575968802216822,-2.2825163560670383,-0.5432605884501069,1.7042398721331566,1.6499731144307117,1.3496370132493853,-0.3676832648582047,-0.03804007280094224,0.6983488315289174,-3.1873639878793205,-3.43814346157545
-4.508140139424686,14.96278646323162,-4.480312477577336,-7.808801520000311,-0.05593660078518137,-1.0372316905308756,-2.0516960713453654,-2.7656026702699568,2.202081788212898,-5.585948222843447,3.8379305376904,0.30832150221775434,5.5017578829545934,-1.7141586466445151,-1.9581225241826101,-0.042259754226392054,0.33417390709452466,-6.18076561678785,-3.334690375282282,4.814433283669608
3.672661428797305,11.436913056929608,-7.451580669576932,-2.9518499123077104,-3.4724402613116054,1.2571662792731582,2.109196719008419,2.975443994306148,-1.085922794944453,-3.0156403407200543,2.6669205118653507,1.5124187907203952,2.2931000935808417,0.019935639226601687,-0.11738899552619264,-0.13935484494388262,-2.2391915689690727,1.963468496682565,-1.7127864452829904,-0.08178099855437182
-4.1730087966852585,3.589580730509091,-2.7271790959030744,4.692050370662114,-7.854651539986855,-4.977021307673731,3.050577611869383,-0.49086838408909483,3.040579851543151,0.9776260563955674,-0.2346647867123089,-1.244346859101682,-3.415444221622583,-0.5113380360480473,-2.580853415596944,-2.230679182520641,-0.7546873987763905,-1.5970736939400967,3.3405107959478952,-0.36630907357404574
-10.888613220359996,11.006865165854474,-3.5927607660197753,1.4529295523115495,-5.706490039561642,-1.6764682149578325,2.837285746746646,-0.4195038682475577,-0.898108830932796,-0.1726712016071147,-0.19932439796849283,1.6590539941130078,-0.03180463509179851,0.9034630260925156,0.4170597574500052,-0.5002610558607747,-1.7170954928249627,0.5857812654877759,-2.2232234575618,-2.757891519631734
-9.640367324246943,12.549688346752195,-1.9742121658979932,2.022384573133128,-6.588947391398255,5.116370111949616,2.507819439394676,-3.393650493645456,1.8118272808140872,3.8527973878882307,1.5288882654273075,1.947646905178039,-2.6895297320651914,0.5478149551166509,1.0585801207473262,0.3916366390917181,-4.506378066347432,-7.251620303422927,-3.7450437609592253,-1.2003405356697585
-6.521292919385759,7.9271665621801,-5.160699002344929,1.5328869217920966,-3.5434667608628603,-4.228008328830211,0.008441553390158951,-0.792570449494741,-4.249377321859908,-1.295954597556547,0.29075063804139567,-0.044675966426695565,0.7373918625059817,1.1223343688505565,0.19757803965082776,-1.6552967687652207,-0.728903591657182,1.4867253632361468,-3.4817210652879504,0.25507791784524353
-11.937528252894584,2.8977543042849163,-1.625832079015895,2.117126579147186,-2.89037831637718,-2.7363583535208353,1.7788508335229383,-3.3584887418688636,-1.6975773993015517,0.9765010349576972,-0.2544566552316886,-1.5004202377226887,0.8087150129614026,1.5991493343732304,0.7735652939931027,-1.221562223526412,1.1075042734822136,1.6882172203333317,-1.0035146188058075,1.4890100026412105
-10.811707812405253,8.13046992601509,-4.010157958014602,-4.254755789311382,-6.031043350040427,-0.03680203222866185,2.026055482341728,-2.031831527019858,-0.07276700936526792,-0.9033991462400264,2.1177926244669716,4.090431654597646,-2.1283121580644297,0.07203374083070097,-0.6862288655640605,2.6718879094417924,-2.249477417045036,0.31307907334589924,0.0704272791119076,0.48985033183992605
-7.690629303992328,9.964275135001362,-3.6727977929222106,-1.5519072845609845,-4.07613528491442,0.8597914848376768,-1.5268931869897593,-1.255914809838167,-0.5373941891161939,0.7504081088983757,-1.1225934769298398,3.642092558984335,0.7470416884230617,0.19608239952749984,-1.3206587538936043,-0.35569403311034126,2.6904868723373596,0.06405839820569015,3.0872800251864514,-1.298988570513693
-8.688718532945284,8.237614291733905,-3.276586806939834,-1.0037267891085324,-2.5824703628995795,0.31051890207083543,2.301098733837247,-0.6433917200195941,-2.2317140340688466,-0.14854108259590348,1.3631330142752718,1.024343464312695,1.1411749068333754,-0.8151836827305932,-1.0205116935529164,0.5025613498964618,-0.7332548486640682,-0.3822083080303862,-0.7997766982281402,0.7200986952307264
-5.205435094291419,13.49422623450343,-7.233893119998107,2.2083977654400524,2.2146581989041243,1.8489034892561704,-4.059435925283797,-2.000104143191053,0.2801267718439915,-0.08579405961698,-3.0683092982311395,-1.0096578527180176,-0.4129833918593128,0.5073264070116308,0.5625545296357254,5.150445807477116,3.5822872563640304,-0.3428127495205898,-0.3712748030490318,0.30321114469651356
-14.857098162775287,9.813764379429259,8.436151537247389,3.4606977369378753,-7.727442473156022,5.450900534201021,-10.906303289973163,3.899874737409097,-7.345059918214085,-1.714094805395277,2.5550068325977926,5.004681064565402,-1.5828666261634963,-0.8810719372857378,-2.5156303512591434,-0.7959697538210344,-2.131010681025713,2.1291449632315196,-4.221267355359989,-2.9909284247129815
-9.788733091000339,-0.8186143128918937,-2.322838380280612,-2.0697600291921425,0.9263092620682913,-3.8602086128675985,-0.8498771648368368,-0.8308938767550906,-1.6327993704987893,-0.17472532354627546,0.7800674928509198,-0.06286079903888742,-1.854843079904787,1.5277833563026375,-0.5961272169553617,-0.9813179620591683,1.4927309822020607,-1.3232472110975109,2.6937780335460357,0.6529430865560752
-6.559503944900502,3.2688412237566324,1.4841564370805052,-1.1286272178133059,-1.525314587342514,3.999667047865584,-3.050411990140666,-4.954095544051439,3.4661459343235186,2.0624873862572675,2.097681000517964,-2.7023495468801197,3.577309644063475,-0.7977528289828107,1.6294678904047974,-2.1036407985027976,0.4759768449935963,0.5052004799893268,0.8147533399102252,2.2141049756812436
-7.4685143833301275,1.2140296736171363,2.339961650515062,0.9664058807745484,-2.2510323696114902,3.1452925209369393,-1.114516796999443,0.44948785149433657,-3.0045161228591226,3.075947410342261,-0.3757587892050724,-0.16378120530665574,0.14351157636163991,1.1474299341918717,-1.2954138142965457,2.543900731857763,2.767766211361521,0.055500096867725224,0.9730911104672357,1.5823539239530282
-7.522859271302825,7.820797436075328,-5.442398857604848,-1.128837442385801,-2.3641342039644897,0.15856670767655173,0.8771241002837243,-2.6035375184580296,1.4557258079145097,3.4192292974267633,-0.5884421120437797,1.316668356376046,-0.3159384463154995,1.6111147806598396,0.857662133667125,-1.4175236237642141,-0.5517664115683922,0.7671997605631433,-0.8789281793272804,1.9502268627472492
-8.523911286538741,2.6690159637495365,-3.194508606753222,-1.9618648533049052,-1.3145114531982163,0.697655977659856,2.241670642817577,-4.565553426400892,1.457704895786432,0.13395416516249864,-2.744799476049084,0.2784038211894976,3.825892280807378,4.093260338209056,-2.889886948496826,-1.0096548914090704,1.868783616640455,-0.5343322648937563,2.652701755987091,-0.6676909078416433
-9.881288075673465,8.581213558981286,-5.140673709693469,2.7704569496060696,-7.268750857285193,-1.2273895556843262,-2.3109127015107154,-3.215615789639008,-0.21669007533171541,-1.0154632108981874,-0.7494513670579567,2.122482829722166,2.3648367464987095,4.390306251944352,0.5353739134393998,2.808476346759212,0.6080654439604787,-4.131102574165866,-2.8323378099980676,1.1393222555843843
-14.456140973261991,7.233780700371572,-2.743834608962957,-0.0963649925183582,-7.189247930904756,4.82728695488562,1.767212896200724,-1.6588211193578806,-0.4289490517331473,-2.870835919113422,1.284936961426791,-1.7588077024519844,4.634466577868723,0.8933624789014476,-0.6465593551767406,2.9656411905445488,5.370829243802355,-3.4462332844177457,1.9133235789215866,1.6652652184461714
-10.73003035065584,4.896708759899953,-4.532388084855706,-0.8724906054531674,-2.9258164660364905,-0.6544840045021935,1.3492601446004509,-2.370151003288102,-1.1552853621946653,-0.0038480609653706033,-0.030952565201225024,0.07283454161856126,1.607042390290202,1.14117626540814,1.7101455250405015,-1.1953100488154138,-0.5177326997773477,2.054733250750255,0.847088655329218,1.363401526484881
-9.649507916270393,6.138008180795091,-7.316459867334177,-1.6670084550827324,-4.440692332473304,0.8813329116765277,1.7839630476895747,0.15368071972191566,1.934045778748437,0.3175506987423411,-0.25940568306205747,1.2833308972210946,-1.2580607346178796,-1.287898677716695,-0.059466193385486976,-0.7584692314890494,-3.9928667588165982,-1.3548773231599056,1.1582613909308557,2.759568950406151
-8.168924315122094,-0.8196387810139061,1.1877747895179454,0.24672166219648484,-3.081766438986503,2.075509863658044,0.3817650313338139,-0.8637430898737475,0.615001770020366,2.1271081320551586,0.05345712073664982,-1.941165306410189,-2.306322625725011,1.7614311460730612,1.3005681774331523,0.35583256640884353,1.6378581770682807,-0.18391473428376282,-1.1007812270556676,2.114209400086998
-0.20249950942687028,9.09755139426549,-7.159829564917687,3.2418559573419774,-2.1489040781439535,-1.773217067852853,-1.9967471853159715,-1.7113301242472891,0.9313128113153188,1.6337478175774944,-0.43142414654624267,1.4211280730578124,-0.4767260402816638,-2.0295416452480457,-0.751484775635538,-1.448928840393918,1.7460684860552795,-1.234800000165773,-0.7089982006109938,-0.029567821917109383
-4.913435994758546,1.501371328282227,-2.160762757732715,2.957271643411362,-3.2494036034165776,-1.5462296141068121,4.242830643078701,3.4161285979884997,0.6677794110117753,-2.7277026606322816,-0.566322260863649,3.4570402289499897,0.6098606062925591,3.268932850123313,0.8319454429025996,0.631823209255335,-3.673484045846572,-1.2082651876993704,-1.8812582029229479,2.9380571511073694
-8.082309765880147,4.5178214122410205,-3.3095482931894264,-2.934911288775585,-3.925335436922053,3.9304563820041616,0.48703500664763155,1.3889301479386797,-2.460151241812609,-0.04250036300948745,-3.4167749421100804,-2.30467075180372,2.2700607222532927,2.549334877793051,0.45963813123750796,-1.3974328786633707,-0.1237290656517489,1.2762361918840197,-0.9630740270023991,-1.3408949163437525
-10.071158064118505,0.37187197816385065,-3.471173608803508,1.6208133703014278,-3.063665220297691,-3.250878848622667,2.260328159006641,-4.08047244478094,-1.7965076434440177,0.43832619732266653,-1.0016125691669584,-0.9529655530147105,0.1715557225519005,4.262127824764666,0.18695726452689643,-2.4967082033184496,0.426990818549412,-0.45953345423943603,-1.0028995287073055,-0.9542616722195486
-6.279065170094077,8.67119244432847,-9.706756498888025,-10.300501776145532,-0.8984491956297878,-3.1878241501088134,1.6415834917399115,2.2386415931104358,0.34925941735600363,-1.9257821494017184,1.1765996219212878,-1.199161193262365,0.5905981174996066,1.6504114744146152,1.4408268139721052,2.408832175425568,-0.1418108936966993,1.1286089572147118,2.1809646062936947,-0.09785017187345235
-0.4375004889589962,8.704324194242249,-1.2501905190987321,-1.6556195617258247,-8.365249106555499,7.247928366705135,3.926811420637766,4.060055712790961,0.08327250314420592,0.7122407925267072,-0.5455371099106132,-2.190338797356459,1.4394183252116985,-0.49547086998535306,-2.1547737996794516,0.7287672057616261,-3.2765727219355334,1.959547249612337,-1.0067253244776657,-0.4345729779819074
-3.6520608199776277,6.265552545715996,-6.192977468935556,-5.297281888378176,2.987568634031004,-0.14051243369902786,-1.9891425431398786,-3.241105074469421,-0.9278901596003057,-1.1927497859203289,2.558633033933957,2.6290097925439677,-0.6554927845148069,-2.0217261921109153,0.46023298390074086,0.46093213510522246,0.9385998482713652,-1.3881596388160622,-0.9965323344939793,0.2953780010534812
-8.71550232993092,4.350171181687867,-2.1302815331912854,-7.352605323640642,-1.1602658514703483,-2.4284742743505525,-0.6683457094600678,0.7850543838967461,-5.7745998692026586,-6.282504233657575,1.1057886307489935,1.123200272789111,3.0263096350374203,2.6389503670355596,0.47056306785981583,0.10748511013018813,1.3807568646503752,4.454611479404903,-3.9194137296709486,0.037933595208401005
-0.23519208252746016,7.241892890104248,-0.8160261954441266,-0.3164991806385856,-2.4597852277662104,0.4707928870108773,4.357519206375544,-2.024965533081735,2.842400591030038,5.494618012156161,3.8441430277409796,-1.760585802947384,1.9910545013275094,-1.2163048057681782,1.9636282239233118,2.5726655764402397,1.2614731235786296,-2.992937643610361,-0.06967862818273796,-2.490780773767958
-8.742243812457474,4.148616927876754,-2.533036709543644,-5.900060781190817,0.6848768334168436,-0.1373827466400841,0.10891655106308196,-2.3393996386548355,1.2795740900994534,1.5547614535295482,-0.4190264223338891,-4.707507112458643,0.1735454729828385,2.4399845326056133,-0.4963567324009623,-0.5858626715590105,-0.6015251273312546,0.056975787940678944,0.8768739282663891,-1.3644845096041998
-6.482121102647869,4.472312526198106,-7.5482543931479675,-4.812602258505841,1.7792095562812718,-1.6525118514002464,-0.5829998642524331,-0.7726830459902134,1.710030328386804,0.0779269917719787,2.4955169884008614,0.7014200379553663,2.0621712408783752,-0.7786607717762306,-0.8812943414398811,0.13223792467980866,0.05102482714464218,0.765290313460294,1.5303108680134263,-1.1783072091621696
-14.717732319483737,11.513778114857548,-3.2038095703583,8.685403458854223,-12.984815466215293,10.811472862228113,5.8263492547718965,-3.355328230440597,-0.6578499514417662,4.59756387587724,-7.663965450873014,-1.7023792688578507,4.590614398609491,-2.5863563067807513,1.3364745605851955,-1.3512611086780606,1.9779791164284253,-4.337910647027137,1.8130497655831082,0.3818040583734478
-8.683935150464432,11.239118741171604,-4.317842607430894,-5.896003307608112,0.5169527721033561,4.025322283179298,1.2349533598233642,0.11925872583040992,1.1126488611599192,-2.8813091149874905,2.63811804151282,5.351929804543807,-2.4961118408258924,1.010215843259525,-2.4074103071398896,3.224446255545913,2.4868452849064964,3.936119594808426,3.390619538990589,-2.5797976568491667
-10.038488067964327,7.354591089874962,-5.741896892613922,-4.643359507372474,-1.5010231087667933,0.3181482463795923,-2.6924432825262548,-1.3515657674259056,-1.6286865568524678,3.049586110285954,0.7215782679223963,0.8757144492354596,1.1559490941803858,-0.11487875541361792,1.7540027753232055,2.730740837658755,0.7836962366087175,-0.40961303841170366,0.39259876068918675,2.588647382061041
-5.811548675544676,9.828053654744794,-2.6927654384862567,-3.6658103480563926,-6.681246897092971,0.9983249064916423,-0.10699133414825235,-3.49588173252216,1.5899797287999229,1.9439534554335907,1.0610112204878517,1.7001650679525375,-0.02514618424729409,-0.5543849744744865,-1.3420266683641653,-1.275158728813576,0.8754288654658302,0.5178228587634013,0.6134506455383133,0.3003333906250449
-9.134860250113823,10.390757895215536,-0.31891163577051784,-3.8596068156948578,-6.925438007366987,1.3734028580734652,-1.550753264723329,-0.9892331251193808,-0.06433387526967574,1.3050956797031683,1.3162530159821664,1.7316368160861995,-0.21842007829149648,2.8040344628390805,-1.1198474707626471,-0.6347036638689147,0.4184596587522751,2.2122529655962895,4.586040388849659,-0.41407070337395235
-16.75095106276774,6.416254821061766,-2.945319577023552,4.79590358604768,-5.079208949471608,0.011011433738252752,1.0539815780487003,-4.525333373193266,0.4278374608363009,0.6013381367381052,-0.3824470646361524,-0.48211828748297,0.5389754594379644,2.6124818664207923,0.8237254630569819,1.0014502620717525,2.0965638238929483,-3.5849252938411142,-0.9234400210799679,-0.35423802173193164
-9.493262998649469,8.968964210698578,-6.983656041444123,-1.0836752738081326,-1.4843907342185039,-4.176310463111538,-0.9579645663759251,-1.3695136483723673,-2.0803194845359108,0.6633725769975372,0.4619855365278288,3.820400627686591,-3.6494927953360508,-0.23249336848784943,-1.3726083257850918,-1.6702836739070683,-1.4884338978969784,0.8928283817507978,0.4881068204822172,-2.213045555579799
-8.343836082900555,1.9205715101508183,0.41929544859996554,-4.153921491101104,1.9783400728069305,0.12480832470083908,-2.173257483131894,-2.7803191703819725,0.4759039955891662,-1.9890313915800726,-0.2761566652956661,-2.2418371367405228,1.883261179294406,2.9041102537686303,2.9604392229093506,0.5754337516035095,-1.2055940743649494,-0.6682876068915833,1.074808459947779,2.2665101473753118
-9.803784503640212,5.57614888261376,0.4172949094569274,1.5543264767274754,-2.135268828559419,-0.017603065024036413,-1.0345105010624391,-6.330752702019343,0.8242020217196766,3.3935134428281133,0.31512609937495606,-0.6509435729873777,-0.6675689325282099,-0.06089134764671622,-0.49408442534481767,-0.6391801332960878,0.47322591628447763,0.5217247492935078,2.0791440277850626,-0.03574703053263506
-7.173796681186737,5.512041623875651,-3.9338512814851323,-0.13329809319935867,-3.7117665538778537,2.6267699711476977,0.8936652083027454,-3.984693149873752,0.3046252444306341,1.5446539285480994,3.5593133174512,-5.513114510186923,-2.1263746450080983,3.2994235284270936,-0.911133353727179,0.5326817198350439,-0.6058267212586046,-0.3250581062803656,-0.9976643619560028,1.3244788181746177
-4.610771308097716,10.800689574017053,-5.686602299247386,2.6357952927818538,-6.399734427118597,-4.118463379481403,1.3634478841392401,-2.159962982671389,-2.3486923243787756,-2.9078123968908827,-1.8896330874268936,-1.5953036539362522,1.2230672896930295,-0.3504176214843515,-1.490747030008917,2.521475937344427,-1.4660104786752821,-0.6593568926058475,0.46642438751471216,1.11959536384441
-2.6689671876407415,12.117624504055236,-6.2098123724030385,-6.7158743961568295,-1.9326902138309843,0.10364837085051604,-1.0393481538177118,-3.6754199355340633,-0.5655625932693888,-1.8280450207956107,-0.7029304241865999,-1.2781658173734227,-1.9405446972871578,0.12059780292159916,0.36875706463461255,0.03269482801645536,-1.3154458249894447,-0.8167144131356175,0.81263723777965,-1.780949283308233
-3.147502711738509,9.535152608772867,-2.6334614570536483,-7.800275713101648,1.7460778091985525,-0.7850497433530161,-2.1767717457145546,1.5199245371125782,-4.288530422681903,-1.8605475615887213,3.387343694348589,2.9112906814024084,0.37120405228390174,-1.188491548597526,-1.0312683919486938,-0.7838259821254729,0.10237382302213713,2.271868490565448,-1.4154872963594007,-0.9113365899570472
2.2453321945801896,6.699870603024916,-7.296079004446612,-6.730061591626301,0.5300224121160214,2.6370658182175766,-0.0062031145155619916,-2.7545863962023347,1.5783831059624527,2.0503515340851948,-0.13586860579579274,1.0287781004075538,2.1393527107451655,-0.3600681098655011,0.14806428850271922,-1.6837074797770764,0.4063759714958469,0.6531590550759478,0.15432764389391312,-2.2719822775640455
-7.697641232732185,-1.0023848702747045,0.5918480962576039,-3.400453940243601,-1.5835806557168233,-0.03192622455666805,-2.1721870715379015,-7.792617994789869,2.556321771866199,2.071299396178037,0.22331929365295555,2.143069378672152,3.5943542228914036,-0.31436340093844395,1.808073265898071,0.6271692640775287,-0.5058130956081868,0.8794682166968517,0.04787844452733947,-0.17964881889976048
-8.990459733163977,0.11663194457015247,0.9366516395207246,0.33014104364303715,-2.5752367275709434,0.9359739337565305,4.978134707996196,-3.6807653944467127,2.8973567642533986,1.8468931806407312,-6.540073256432576,0.1376588139732285,8.237720377522091,2.3356590243996873,0.3752251502669264,-0.7312968421809642,1.625282657674067,-2.638780711309491,5.440337032154423,-3.079143922777549
-1.090389953401849,0.5821937643462514,-5.2769390989011296,-0.7089626923578328,-0.8085682923038835,0.7748459671552521,1.3192100953329025,-3.203689393590432,-2.159905698304665,-0.46820992718999965,-0.09585490942648311,-2.488896847498766,-0.24701768314765826,-0.7654336902201309,-0.6504837861244677,-1.4415121056769449,2.6018997543619165,2.6596604105335984,1.6073517171352685,2.583192721637233
-4.398744464256684,13.201794849287904,-2.113504627114857,-3.3321206460412793,-6.054438296614709,2.4484286726945177,6.629430480861082,6.790269173758798,-0.5652504045623803,-0.9102498054291948,4.288071233581252,3.5092802488811046,4.2254373384721395,-1.4896310293198283,0.5102091417841095,4.465123608895474,9.03347574137754,-5.168361535044804,0.76110266934309,-2.1427983125197083
-11.775517985184035,7.41082190487065,-5.57000751785632,-4.660999029668647,-2.162249652019301,0.4952407507661036,-0.03732181857038308,-1.400488269263822,0.7490866300519333,1.9501374886683214,-2.002968796055544,0.9049717021985073,-0.4325639889691373,-1.1210288594531868,0.4848908051450467,-1.2291267099310708,0.7357583392390604,-1.3005310083526571,4.197206212186027,1.5730869377715024
-9.042347511034198,6.211595058041104,-2.33748787689745,-0.7284225318836863,-2.3671471996258653,3.8274619850353453,4.8824316022597,-0.46618942614767456,1.2441005739162943,-3.2805278975776693,3.6280132612862968,-1.598543279152101,-1.734921503271806,-1.2158382068954667,0.6334540622172162,0.9100404544396536,-2.6749068028812424,-3.948445476090119,-4.059902658940689,-3.7708786625982444
-9.269172766204377,1.6838421736891966,-6.4643457080801765,-1.5984030170823513,0.9178982855680189,-8.010262266975767,2.610902624769982,0.15360537781163236,-1.563895895249577,0.6449429857219218,-2.6723566605226745,0.6168116601968243,0.8577202079680275,2.822536607773735,2.285449529566852,-0.5601514233779767,-2.797473008722205,0.21707132538868024,1.940053403789062,-3.5864651972533212
-11.071321532965165,-0.9660264090013343,2.792180355914968,-0.03308218859929767,-1.1268974845135533,2.886809934359494,0.36249188640999497,-1.5380724508348094,0.11720170026512033,3.9093628768322874,-0.16508796482262483,-1.1175581765040254,-2.9937377926503057,2.9029701605106357,3.4708905457970975,3.5053527950451375,-2.2954647071382808,-0.9105236486281072,1.1296948926933965,-0.8810910538462269
0.3375585026834868,10.766969637394975,-3.366987103431426,-1.9140824292553407,-5.245870197077052,-6.052164982763696,2.3505095842605335,0.2238207658714111,2.888642188858149,-3.099322069706007,1.450444339771036,1.2637490701664982,2.545480653737945,5.158497750647625,0.10226702274456945,-2.0648978316394118,-3.2594721193202103,-10.28344841544104,-2.395242875550175,-4.502789396424459
-5.050418646761833,1.3704524855829914,-6.24031673916911,-2.9955545536324815,-1.7224554562827243,-6.270244909948606,3.547675893795545,4.771645107666072,-1.3505046049109273,0.8111288612176284,-0.2867672941093058,1.9626360391270767,1.3345138627720572,-1.7278259617113445,0.4340021840323518,-1.4484064947399402,0.5920395925876665,0.7508821435642652,0.3318579749128806,0.7545211796048577
-4.433546517456152,4.198817880451289,-9.108769071655527,-8.342301102883303,1.0803599329425269,-2.744894103896648,0.9335396863314664,1.6664374856130586,2.4415155023618698,-0.08652657295951216,1.3351231294568207,0.07257550887894104,1.2509421052487362,0.33048818595959095,-0.6367454181470864,0.204114328041761,-0.02371965581903246,-1.6775686455008427,1.5218887473729956,0.8442678969907151
-6.137184118233554,11.4415010703758,3.742959774874141,-1.46899742572706,-10.530739062249467,5.356296812349457,0.46645894741714367,-3.2444467629808926,1.1075357029248063,3.9248772454347876,4.004134287677282,2.323748986540056,2.197583730341785,-0.3153613577248979,2.8191062693048874,5.398503108540825,4.874322643491573,2.066995965952784,0.6140027537470942,2.697318147693553
-6.5208584114444275,6.237470138762613,-7.992086380117798,-5.0044919889885335,-1.6397990283695685,-4.448461654329412,2.996668247696403,1.9818585745469952,-0.7619310608773364,0.7790436225761543,0.3309404111350345,0.7493071959666135,-0.1540957666565781,-2.1384465239792565,-1.5546539111070137,0.1827632977330811,1.172090193347256,0.9925368438351148,-0.7889775574167411,0.7773566147423081
-7.972632761884622,12.624800600073963,-8.00576430066217,-6.235095759209892,1.2008298618415723,-2.6275692608770087,3.109445211146726,1.6415449056305809,-1.5634099855009922,-5.478337612657807,5.810056040563261,1.0785774989815258,2.4652785210317356,3.5766784527650795,2.4072916227366195,1.0014095766154025,2.15829261609369,-0.9220219620188037,-0.42143059049761744,0.359596543783679
-7.070772140150595,12.245472812034414,-3.591190296564375,-5.6896242520602955,-4.16969051460692,2.123943694741189,1.0033934323092122,-0.6984912600773373,-1.202073607411926,0.15239911011628882,0.5102759427220667,1.5731991921725357,-1.9790252603619694,1.184336980369923,3.044634366576225,1.834070999249502,-1.454927164350932,-1.0176655752380561,-1.259582270874401,-0.8432464992923252
-14.499521527535805,7.156744762599189,-3.1679256364098918,3.184728940392592,-4.163653742364393,0.5321102918993503,1.3904941143878695,-2.667177063179781,-4.097755524501373,0.8016244410518494,1.6180089313606816,3.3044620261617874,0.293207664152614,0.23909937826799843,0.8393363705555134,1.102846447743893,-0.36705687980597235,1.5961747558133643,1.1292886538426365,5.043630135594087
-9.10287033202778,4.617026676410324,-2.7052105142938285,-2.890072674517959,1.2644054833482636,-1.1444198000206451,-0.25625203884899117,-5.284875774986338,0.4448613449548813,-2.539562899363815,3.6270509360593652,1.0788383994852135,-0.15138806783927355,0.9994001623525497,1.6600752128041898,0.42663553333925824,2.186928242011306,0.34370620775789995,2.888201270987121,2.4313527830644235
-3.8932044090683497,6.903120593837815,-0.48288034522203693,-5.1430328005011745,-0.7959532580948663,-3.346792651009919,1.507072438483245,1.302404828239588,1.7618939796039197,2.0796772288020153,-0.6550492718921649,1.4792059425417925,-2.5204779241002626,4.673601162094682,1.4468316831146395,2.7829660690351385,-0.9369440459958366,3.499756208484169,-0.7502143175449116,1.0593600157281955
-11.64151525217753,10.978387656717258,-1.164136519428563,0.5018671874671209,-6.505908598266432,4.565694373695791,0.754378565924652,0.5089663496484733,-3.2709148691695296,0.7228209783842933,-1.1646867886245458,0.7088085190274971,-1.0495715244899897,-1.4058783948166302,-0.9214691325094495,-1.565418628030791,1.4102863878280856,1.4480957293389205,0.061583750939799675,1.6016294941506959
-6.323112618709368,7.209586256577929,-5.929600897952651,-2.935736958791276,2.540404280571989,-1.914380031266624,-2.583073184646602,-0.6281805734040483,0.5917517029887651,-4.11818596469227,0.6132242990054146,3.2819067975253358,-3.0688326375172554,0.45042966123357475,-2.350151466720617,1.7429677424994028,-1.0213639418125242,-1.7617797938767463,0.4898781737141532,0.1248321267145106
-11.872578977972235,8.220170515205941,-4.699517328261151,-1.5338161681333764,-0.5948262109451832,3.7144200477498055,-2.3778867291558834,0.05336174266287763,-2.6393985240982603,-0.9069502914063508,2.671906011269636,0.5845813938942863,3.581704923679468,1.9467347686727574,-2.476038226247039,5.4717399728841585,2.9817599508141366,-1.9772806689362779,1.752681718946576,4.009708369366247
-11.565247012688548,8.11470606500922,-5.343499439919983,1.8796615815325688,-6.838811246940786,-0.5026416502122335,-0.8788621902549248,-2.532312772193537,-0.017143154458415855,-1.2561307286748136,-0.8143353959509888,0.27771561561913716,1.33955387924708,3.2665362694029643,0.7078747006015687,0.33621317655233895,-0.051093722144820886,-4.644286754625328,-2.2866434850748876,-0.004912848283956883
-14.310258543348525,8.300417598800463,-2.6480014019821705,-3.122188294290388,-5.527840153204847,0.18598473912221758,-6.957005493896366,0.8577274760836683,-2.1929003329976284,1.0970449675798224,-0.5610898942791231,2.0190095634759753,-3.3358766474469865,0.01644155018939175,-2.917831369774984,-0.20622172039667142,-0.8122672787572549,-0.1568608672813454,0.7511671539620746,-3.4544689076116226
-9.412322368073504,6.2667144161167325,-3.0385732992802987,1.7749693536922506,-1.2144739166264569,0.6731294496096536,-2.848448067006075,-3.4893570323629435,3.533364488808902,1.976787905895578,2.485791160395516,-2.066601641401116,1.6508156436852488,-2.253846420451529,-0.05690178893403349,-0.20730030648867648,-0.254976643403081,-0.990422674609195,2.7276180819218947,1.2993712102570227
-4.07002387338226,11.745435886110174,-5.902068588886354,5.405953771098823,-8.684023449708006,3.59158808534142,2.278113459957579,-2.3013988893869746,-1.0168096319328435,-3.3483076131378877,-1.2191602444834178,-0.945588771195155,-0.24260634891957178,1.3220499088140962,-0.6395290070505546,4.475968824290203,0.5192374890212892,0.05458944661197207,-2.542287253991573,-1.3149668055295674
-4.908162324817617,10.017309603709055,-5.223900264635642,2.291280719412839,-0.9214455730585729,1.8169157840234555,-3.089590748605223,-0.13501062475632408,-3.4915838863266115,0.4936358013488681,-2.014488391663595,1.9364557851192283,-1.7470954500206726,-0.18720775553203378,-0.4721328698377387,-0.8667410309565251,3.5061149173200032,-0.6052909083157615,-0.27971018420230953,0.5959985706545505
-9.567449117079159,6.962335487814023,-2.3153406000182706,2.373843472456877,-2.7929835974215402,-0.6541937977431392,-2.728833479514651,-3.0486711576570533,2.221912054681399,2.010630717052201,2.9887065560476485,1.3945985984074456,-2.749427267407543,-3.4188764908777323,0.22082928424551018,-2.1410754175395468,-1.5405893418217185,2.14481904578869,1.0845188684114393,-0.6580294511010869
-10.42837080304487,5.069256224274233,-4.763075357125318,-2.2278879456553753,-2.5346956833094128,-3.4972358116275997,2.2265582154801926,1.0071546747610993,-1.3243915836990692,-0.8785422243062174,0.4224279302301941,2.6552367061397106,1.1237799586148878,1.187628419372233,1.0934978429224262,-0.3301425833078758,1.1733544327870389,1.61612358045635,1.2402217885613154,-0.6226167690287618
-12.168379067464219,2.3449503266398146,1.408006667497749,-2.5180996593508325,-5.5019980298321425,2.7323284764003457,-1.3324107117306134,-1.1659386184760177,-3.5495642998648673,3.3110179808759925,2.8011530101867397,-2.599620830645933,-2.932902476352894,2.549739486529195,0.26050701377475494,2.841159595305511,0.4911349283253976,1.9575663665339227,0.5242450276980626,-0.016510704257926945
-7.253276359967903,7.190623065947879,-4.900380375120326,-4.876677771693703,0.02371725948576145,-0.13350816441733132,1.1100717136283453,-2.209583989006446,-0.6113288829449552,2.149892828117829,0.15797873109894675,-0.5838913006381621,1.9616864179011126,-0.6119913759189012,-0.7693908488190284,-1.910931168792769,-0.1804669273787184,0.19833891959368527,0.10602938485248295,-0.11159672956127231
-8.0308384559828,12.660154931124765,-5.339425463476925,-3.3798568449147046,-2.1780600053708747,4.74880729183508,4.275918982044119,-0.37061369044361414,2.892638543687763,0.9099462322774952,1.7536150107906967,2.427832246463778,3.1084245384961964,-1.9246694479007327,-1.0212298345632165,-1.0842498255749056,-4.224297039527557,0.5185115259867157,1.81046740521625,2.6693373099018
-11.987939220766162,3.999957186406003,-3.271952193583281,6.379102267405305,-5.8922484380431595,2.527729753549864,1.8418605416369644,-2.705183328784522,-1.5230064241449757,1.781567758914626,-0.3963233362551918,1.1741849539766478,-2.009495730964794,1.570799987576547,1.7497711794683872,-2.2453243754273102,-3.0459564827037036,0.9518538050573433,-1.3405995365325356,0.35355906317312225
-7.0701832176461545,5.368113899334987,-5.398237313114677,-2.4540982504593707,-1.7920531392050387,2.3972858965861334,-0.17133904239825704,-4.747308060906956,0.20367365591016595,1.124053750621433,-1.1897262321789244,-3.2578756632443984,1.9546129607400335,0.4328285169575775,1.788852554352328,1.6056933509148286,-0.9348393973349418,-0.8454466724237416,-0.3416731753784191,2.362449699790795
-8.374976204382214,7.519390644444477,-1.9590333605392833,4.305060100600975,-3.0859729548931596,1.092445939724222,0.33863604943557474,-4.751504338665901,0.9859996918081939,-0.18023319278734906,1.2378977932264161,2.3926787994857497,2.4935145092258386,2.3245945709335785,2.80398569586244,-3.3091163271908646,3.4756102040816006,0.12266491137895219,-6.404363217918732,2.1108226498619835
-7.399506985485747,2.9329651378524977,-4.987141643185144,-1.2612337751382514,0.12497674868441437,2.4390917686829665,1.6556656937519694,-5.858967870889185,-1.720299651070388,0.19675716924816855,-0.20265950847838235,-2.2156228869226156,0.9233006190936732,2.8530607561268706,-0.796587159022242,0.1391921092926556,1.5082364642186659,-0.8089110571829388,-0.3377301943630979,2.2997741911223493
-9.730597740294753,4.810952300164284,-4.35343073857694,1.3512064565968638,-5.153821838548426,-1.330412566418956,-0.2465264506979471,-5.63606727753098,0.3734243560537641,0.7930780061047042,-0.618168797355618,-0.4676029452158396,-0.43471613648340757,3.4833752750041276,2.03061113746306,-0.679960428269956,0.7939032862086645,1.2004584058190761,-1.339152326694439,-0.8959158672570395
-9.836538436918035,4.820075294225363,-1.4748601720349601,-3.2428339520594256,-8.325384830418692,-0.8172611503852458,1.2244369112042928,1.1200995749417406,1.4784599087085248,1.8596537167806948,2.328321389337013,-1.6874067452494366,-5.295422054637702,2.1863003661121936,0.00508491248244114,-1.9112239930475916,-3.1151908089487854,2.313052991464696,-0.9956081431978558,1.1509296883638316
-10.241966145903355,9.202977234840539,-1.976681065946036,-2.6541888565319214,-6.502476806991609,2.019665106334971,0.3706908704813192,1.357604296767489,-3.1071770536697874,-0.12264397867546925,-0.20564568112136583,1.4531395432515595,-2.2244808531169875,-0.29418322999537305,-1.673842495295362,0.629642684303391,-0.12891399251082092,-1.22643362399606,1.9423437063595383,0.4438772073047196
-10.079962399939191,8.734599628182036,-7.748232331899633,5.375905990726732,0.04902870655574276,2.232604097028182,-3.7565679192935697,-3.008511388331633,-1.801522386232627,-4.889203177669065,-1.57441764147267,0.32994954767217655,2.3614286419325987,-0.3854692388880588,-0.7058239554346986,-4.0775396413692855,0.6385720422132358,-2.5379300705526724,-0.8694952822621818,-2.402459524811092
-4.3180321228657625,7.793333918189408,-8.000383990739499,-5.772715063520684,0.041718081713497224,1.0995601012409306,2.226485761380704,2.2773039531843517,0.4091229956462339,1.561979457602365,-1.4400943675687303,-0.22118921557789506,1.6536474483369334,-0.8580586308640237,-0.3218117889048747,1.4962892371111935,0.48543187154537476,-0.17511258876582692,0.0595586654473218,0.31273758350014824
-4.442189099242662,5.388422999591711,-5.747431424489811,-3.7404110574428624,-3.48804140962595,-2.4865029331305983,2.604551509908107,-1.7757570943949137,2.050589955115606,-1.3058015152387148,-3.9955633569603015,-0.32961271162149264,-1.7586883104690911,1.8220163848824815,-5.350977934423664,-1.4110669079867773,-0.4007142268737707,0.15832066339883655,2.694323499029675,-0.582476015187426
-5.865097137388988,12.119884446036291,-3.640784229254786,0.4873939937016011,-6.3427002676213124,-1.1723095608778393,3.5347728825604343,0.547490809191995,0.8478257071152074,2.196770184980223,0.7999208597539772,1.1766149975088256,-0.917814783216885,1.252743922890354,0.8899341847726396,4.896849729837431,3.754420991935683,-1.2487685964162982,1.2196655169610706,0.5716341769968517
-7.737587576882824,8.82369398967424,-5.888216431017993,1.018425776807198,-8.303201786547927,-1.9534469500170064,2.0068016837275504,-1.901581630548289,-0.5282568400155429,0.42733241392922205,-1.5854067273677765,1.867382554243294,2.3217391496687805,2.8092872562115327,1.8289884602975701,0.14388570612255633,-2.877010358725416,0.26001803330982276,-1.0999291953589485,3.4589957368635
-6.537702397951578,6.966864041821989,-4.953406505243473,-1.3791503580428126,-2.4520247044206958,-4.279168956500219,-2.696581149095816,-0.37198655624204513,-3.6168270080183946,-2.5864406919019447,-0.14363720458333484,3.8712026379239646,3.310218205471406,-1.78821031494085,-0.613845802706013,-0.429632400280905,-0.6421017097006813,-0.8958030399665168,-0.05103679147697582,-2.5805658908356213
-6.20788216402352,2.703600882853839,-2.4667777030102847,6.963662288226846,0.8490850696610679,-4.668877209865426,-1.360007955104976,-3.8727778845741043,-0.2367986111416467,-0.5002636357951931,-0.25996029966357836,-2.251484471227145,-1.1365677133064267,0.9029518658390672,2.7906635700826565,3.8820739371476645,0.8013981617179874,0.9210526897455136,0.0751366178739547,2.8485407926498647
-10.243614180301023,12.397412699238302,-4.1925693284641925,-2.7659866395635575,-4.528363159085592,0.4104219381377497,2.5978515044069583,0.24812821128184426,-3.489255279462954,-1.6813699147975467,2.2086945539033414,2.6584302925833363,0.10121769980271145,1.3343833223905115,2.2104728027829124,2.797403996708756,-2.4980545582881346,0.11509400748344167,2.1168503215557224,-1.2246226390352197
-3.439668857917162,10.457013782722786,-4.915931917774082,-3.9191074754446915,-4.28210789368428,1.7154590508803025,-1.643505124914237,0.07715542430222844,-2.3032811811176446,-0.6286801686398488,-0.3202945167673864,1.771442226638888,-1.3181092438050888,-1.3865559906496139,-1.727556982307085,-1.3185970024710576,-1.3683241110892057,2.494353092064423,1.7777682236021994,-1.0796305340912606
-5.939528275529076,2.1862127196081964,-3.069333653985465,-0.968861152424274,1.761683728411984,0.03466680747920217,-1.1439465222188967,-3.007256229736214,2.928582865363369,0.3771491421224429,-2.5145454957096467,-4.661036968352306,1.6589264060591589,0.13358587488662071,3.026523358403855,-0.8559716607228873,0.03555670886204865,1.1720926677945702,0.052744453417006065,-0.039989860734464866
7.546898713430243,3.222047857519902,7.409018732587655,-5.505071607980966,3.4820248138972856,4.054689277457861,2.1029708465653765,8.23842587517153,4.03491277713608,3.373602992895917,-0.6716113897173273,-1.5423828875438383,2.763323665086677,-3.948683737358259,-3.095636414977313,-2.3239539603204555,-1.7803916917499867,-2.2632946041733377,-1.3336315827549583,-0.24403834200752428
-8.21745355215377,10.467070197515607,-5.018676138418309,1.6195599562038292,-7.931258034648225,3.5115304437478705,3.420526562640422,2.065854452103604,-0.9880094052065953,2.506805833483056,-2.915865401167548,4.79243134382224,-0.2678239901461994,-1.5719623305017159,-2.5027415720497226,-2.943780797269238,-0.9642470927738739,0.7043798205954207,1.904669324018418,0.6666171633803022
-5.854684004609645,3.332545851174676,-0.7359379841329814,4.73183760448004,-7.9789555487527775,-3.02625457600652,0.19507924203344065,1.0421092463378447,1.2898846293740962,1.0549818256086392,0.46730958592399924,-0.9220597973388965,-2.384883050194764,-1.6308621696832255,-3.269839201514023,-1.3486978669757648,-0.22450168337553128,-1.8032427220876954,0.29252085808384154,1.31872125303713
-6.884106094945924,8.813426055000837,-7.780943981513137,-4.51956383459433,-3.324127112651487,-0.02021361694496164,-0.6593322083466164,-1.9608928221311561,2.84349839779318,1.3448036620692414,0.47728978990357007,1.8936446628894648,-2.6201637244918743,-0.08327135527932494,-1.1817272482127898,-0.14952743010008535,-4.799951252472478,-4.029742058264704,0.6265283104495325,1.7131842200672984
-8.548760383386318,5.755528798598702,-3.81532602764303,2.8696909442022633,-4.336601308617979,-0.42278914124548334,0.3089820298008512,-3.662491048223769,-1.0511307180393652,-0.7965877457795594,-2.68975546523986,-0.26669317793985026,-0.9996691805670871,-1.098318747197266,1.2172685691643832,1.0767354965761773,-0.10111162836211508,-0.2705640184390758,-0.14161954975085686,1.4180788485306808
0.3197483329180451,2.636955238756984,-4.170130686645029,-4.963418842852764,-0.5930337262830618,-1.2429739242423954,2.1804682687323766,2.509871034930115,-1.0796926907122422,-0.7254307947260701,0.8656796300031011,2.459602238293552,-0.4659271746016985,-1.1613310689586553,-0.3391990502152521,-0.42528799991660254,-0.2588723003825085,-0.06988142560293734,-0.3080326539190693,2.612836228366383
-16.697153391759883,6.502973315395225,-4.607759348567093,2.584992513845977,-2.2035033802746926,0.13763851527847648,-1.9825685197953076,-4.1428428582277625,-0.7190110903057727,-2.376579129738936,-2.804283100910693,-2.7162465412947836,1.898364209612577,3.4224029913773957,2.209723898155034,2.87743954173566,-2.2367295036305,-0.807350509239242,1.3238492059417817,-0.6405296969075616
-3.438187838636556,4.780789828273439,-1.6113179230268107,18.314035853322746,-6.706730690836352,10.20116182113001,0.6450640475055827,-6.392611576019586,1.034033841991467,2.6405202340620475,-12.86137503101791,-1.7045362088082854,5.403118150286888,6.9275000560757904,-3.1036765292824047,2.730743326043572,-5.758821976913792,-6.573031969209674,-1.1587500058095304,-6.987070102448241
-9.536883101415302,10.808134404581986,-2.1584818398194763,0.20228638040187846,-5.872947525651746,-1.375370529763845,2.1019698395061237,-3.2408425637915546,-1.0582625415973161,-0.8092100249579488,-0.40623470784105287,0.8984173679104818,-0.2814415457649274,0.7693913640495076,-0.015277574201075443,-1.1119574660167586,-1.537440733197247,0.960826926178676,-2.1384473240980233,-1.7222667721450593
-2.438805789018298,10.047239414161275,-3.457448428490757,3.937866262733193,-9.098594106285228,-4.697462354022095,-1.7424441748711155,-2.9889242401844216,5.173601480607753,-0.39761241467458924,-0.5837227857988536,-1.102480028547983,-1.8389815571807202,-1.2865012086056913,-0.29351679459376245,0.28240090570039533,-0.8532245817250534,-0.3189748576009772,-1.3675365003150728,-0.4285246082559472
-10.219932231843481,8.70341001012949,-6.621960724700925,-0.5254961307881298,0.4260331683253674,-2.122740710874916,-2.1736093678299526,-2.5551562397206276,-3.091319725707342,-1.4214095760987997,1.6829375597838305,4.121104770448708,2.4957698671402335,-1.9818749351139633,0.44300882484266924,-0.521523254242046,-1.1807327439667323,-0.7493347960066541,-0.8541621137662567,3.3435607739270012
-7.585235548924119,3.755187435372168,-7.943140638489749,-1.5286843944150748,1.8034848574074436,-5.012343829571237,5.35184573342387,3.129961435054706,-0.47307397270452345,-2.882332922781396,-0.2828979207722171,4.8589172062107835,1.05982756038933,2.1243098257747137,-2.708359686581508,-3.447179088419838,-2.4604483643814943,4.510855351976623,0.513757077889373,-2.4739161739580955
-5.5188304159119435,4.445553154994803,-4.381162853718926,-1.0534349036164905,1.4371961801557074,-1.1185232623045087,-0.8965488820770633,-5.604964883702175,-0.9059653964206088,-1.635284683884977,-0.08054223112440545,0.13664798083455787,-0.05213771352741592,-2.562536470084891,0.4701136757321359,-1.2866390339379215,0.9176153441163732,0.7772853482661025,-1.058131546529345,-0.3690510509535512
-6.917966723759282,11.421190659957606,-0.10364337627481196,2.8817025937637464,-6.482706931637361,2.640598542023521,1.919631300373438,0.8607736572250526,-3.1114041919507573,0.6775210337122378,-1.2431185522294919,0.6511706475968325,-0.1835042934043024,-0.7238804794860527,-0.0669114157696355,2.5646305318642475,1.7488892242875616,1.3648579579663385,1.329065554620839,0.45780921677372943
-12.55611676505919,5.360584210238955,-3.3927761046820395,-3.702991656281463,-2.1866034165011268,2.2942314461966746,0.571053356338409,-1.6933427270263162,0.5988410342164407,-0.7115012518455082,1.727674247331864,-0.6258742801984493,1.2720924770780297,-0.7749823065888141,-0.4965507391117371,0.25257090919355374,1.0671772616648207,0.6434505753367434,1.8805597701810752,-0.29055376363315766
-4.667742778834013,3.3171189596019284,-6.575638414870777,-1.868654547864809,-3.8989837398461256,-3.8671126673058716,4.067546488165798,1.9211966839079087,0.4338045550649334,0.13753311049982586,-3.0846333919698434,-1.0263839485274182,1.379529536471902,-0.13433423598278577,0.49284244586256754,1.0583217699952163,0.8802278321426851,3.489221740667032,1.3174561133349507,0.49708475435901633
-2.4569758653002016,6.830638894061642,-7.214585368807464,5.5496376546298585,-1.9443637623331762,-0.0969048007445843,0.5212611597238042,0.9051186059938194,-0.026096187756062206,-0.6929378398970185,-0.11362264746767603,-1.8547890045130557,0.6348772791010135,-0.9004717074531543,-1.5209660157259852,-1.790406721496932,-2.035881470617468,-0.28273182723002027,0.4302044640807472,-0.5674705370564603
-3.7655803085350055,7.963262332637441,-3.5242762135804284,-2.114792817293303,-1.938611436710771,-2.559648397474515,0.7946046823168511,0.6069240580123527,-1.793048066172053,-0.8223224708870756,-0.3037577144258849,0.20331913993221207,2.21716376869891,-0.34841329948801314,0.40482388328600294,1.5779071954619825,1.8509393506440024,0.24378511603289899,-0.6029800969234191,1.6381505771837022
-0.8178836529419267,6.235764073745852,-4.741506211233718,-3.158808680057496,-3.4770570064843898,-2.7542755244773742,-7.104424148561684,-0.47348076047870025,0.6210767730351416,3.3652905681080982,-2.505868224043382,1.8171475660444543,-1.6252220555751147,-1.0067056817595539,-3.5763771180985535,-0.4057655831306819,-0.055485984947105105,-1.3872365414001995,1.7440723440436277,-2.2982359139608315
-2.153628453853733,13.270755116147178,-4.078610540662131,-10.363479565366475,-4.420762602965254,0.1052143091421257,0.1382852983710549,7.283513761592875,-3.9836269537360494,-2.835167363273352,-1.7724747645629209,-4.377075724631373,1.514296179612233,3.5166959215394717,0.6898533432940268,0.2710164784680822,-2.7871562965936323,0.4997708931112306,-0.36730102112668406,-4.893815592982419
-1.811952794712099,3.5272493067896624,-1.6925077096058894,3.8708265704719653,1.9042831994139282,-3.437125726428727,4.040071657949671,1.6057602691828423,3.7297042264323172,0.46861508292523835,6.096158518862582,-0.28133870414734596,-2.4994954153189046,-1.4251746807248573,0.8913258945892154,1.001345919282064,-2.6270056516851787,-2.4876533268272714,-3.559569403415565,-4.241474392377819
-9.344850678968685,8.593238100365056,-5.101937025905521,-5.641742546864672,-1.4046322219448082,1.8077466337414747,-1.035036245712834,-4.773478055484745,1.1785518570848037,2.373190148840685,0.6518922966689783,2.3670290222212054,2.234780374821246,2.970167989130111,1.9793811370390495,-2.6328923323085665,-0.7124061821051932,0.023339878950309534,1.7115675955005099,4.384304810633688
0.07295276780718829,12.489457752314582,-7.099325448428756,0.16384863381039788,-5.947410316385455,-1.0323217944655458,-6.538860069649268,2.860279402653252,2.8632612654437914,3.621593230311113,-8.435724849626524,-3.774954692872178,-4.1116587846439865,0.26127140009184746,-0.7640239925965964,-4.185107832974545,-8.761843540356667,4.587283624182287,-0.8536623053576453,1.6611544207859268
-5.491231933210658,2.487536471922915,-6.283066030654701,-3.1424233026129604,-1.714871039804585,0.5147128307425203,-0.9373394579535732,-2.6496619428315356,-3.535899080048263,-3.201461168286909,0.3727348750138696,-0.6894468831092168,-1.797159011471655,-0.17689462545438583,-2.531997490890007,1.1729655837017372,0.0334941651077072,0.9256347333175252,0.28897835071651234,5.274456525272341
-7.712088490830238,-4.68828431779095,6.858663516130482,3.520314184950256,-1.9762017990843286,-0.8483160668209145,-2.095403248059055,-3.994898579076267,-0.7247607325794456,-3.282734507430948,-3.201660769267193,0.9502575100959738,1.4270118566006857,7.2069944973946996,-1.0307161897024009,5.007403134040035,-3.808556151611173,-2.7547322861379353,-0.14182337349573704,3.2748041436460382
-11.745583432768239,6.218875883519839,-2.6981256067397634,-3.6237786750305396,-0.4395635646929204,-1.389733197537559,-0.9869852497604441,-6.344942996401727,0.0986387679504307,0.36553555444309854,1.5860345482408524,1.37458973895433,0.7205306617610001,-2.7369216530509846,0.029659061590553676,-1.974380397496431,0.6813925966456329,1.142903982152924,0.2955658424624442,-0.40881995236642343
-10.141276208995594,-0.5915293079621526,0.34132377913179424,-1.368203899097873,-0.7713319938505518,2.5239082450098853,0.16172290542862489,0.02282339759134233,-1.396019034814606,0.507617847091276,-1.9360880346930283,-0.42820170193124596,0.12419680312298353,2.7353844500293745,1.9482147486407801,-1.3115347029949236,-2.2579207329410425,0.5571229402297558,0.13130337593889063,-0.09495655649482238
-1.5828189775937436,10.208159398442096,-7.818047334064628,-0.9734125186614361,-5.874982809808227,0.9288634326737881,0.03366983382749145,-2.565453602642667,-0.4075517265586832,-3.665074343164921,-1.242082225267612,-0.03038506288543989,0.04866982252666635,0.292124939693297,0.9885728450247907,-1.726073220564164,-0.5076632331172835,0.3477734058873263,-0.5559034785912369,0.3957626549518414
-5.916815238905997,4.495305556582697,-6.655228440045066,1.8679241706788483,-6.5893844924213365,-1.2678847020761335,6.106089478849638,4.469818960959098,-0.5427903111447054,-0.06053796749703544,0.5858571996995672,5.099244092267588,-0.4719759778531496,1.923074441301074,0.2079880036156958,-0.9364590188058249,-5.402509532560391,-2.872634788612989,-1.5632402462410044,0.05357854870397427
-6.8189963966623255,3.9557323263003266,-2.252443423017068,-1.4493117180698811,-2.335623157476807,1.623443655448666,0.7778710343624362,-0.3170001620431282,1.4940925226286628,-0.48553052604199953,-0.2376064811252565,-1.2674306336532957,-0.20719024142078757,-0.3662923883111513,-1.5882408487065955,0.9880322201396949,-1.7333306980935892,-2.603147859184347,-1.6117464560849433,-0.09555627224220764
-2.9880147581954595,2.7710047644483278,-4.206630137188196,-5.39513360563297,1.6857364489174262,0.3847105077721206,0.2788383234072404,0.7785436321090219,0.08114800991306637,-0.3621161593299257,1.6688156655523858,-1.708942090678532,-0.0003712362274539416,0.3523729712636583,0.6226224479245999,1.0711950214552877,0.878223103949616,0.7321394382739577,0.7559077797111033,2.1662716634008676
-4.223152060298355,6.424841581189744,-1.216936697236499,-3.6702935791413847,-3.384988663019639,1.6503456852231495,0.5559020183654063,6.740147494856435,-2.8312166477187954,-0.7529013153406892,0.24725335466272974,1.1820200660550488,0.28058888396580334,0.11314896967702437,0.06346241131471642,-0.9387885614584526,-0.6211397512409855,1.6997783144527854,-1.9301233857310887,-1.6067464812062544
-5.827862253012517,4.969218650661611,-5.962912944081111,-5.54921774478254,0.6883521575600848,-3.6511039220104426,0.21278517735692343,-1.7942337904972265,1.6300102851617577,2.450775037627594,-0.10060127515449302,0.8398768775364873,-1.0280450355517607,-0.4178349161057745,-0.6047075938998829,-0.07906312050650044,1.857849529741687,1.5581236801411915,1.6973513893317476,-0.7013558121452417
-9.240874663330409,8.811641254167066,-2.249197254030613,-1.4400995608626181,-5.563159494120531,0.1185416212070145,0.7268761043307446,-2.864693708427722,1.68653568627056,1.8545932771210216,0.6939638601221374,0.4653379782623659,-0.9796256982294982,3.4136749937537054,-0.17508401002634044,-1.138685677961122,-1.816742212608949,1.6687576593311386,2.455434119073166,2.0379715296778196
-11.531291580549873,7.855341988474155,-1.5542448417235253,-5.434118114871632,-7.5042867047606645,-0.055498783479150826,-2.083422224721212,-1.23232705009266,-2.4004242827351745,-0.3731997754912989,1.3440333208083313,4.415322203595845,0.61462659125164,3.6894287934791725,-2.8004773226034576,-1.4321144227066052,-0.3514516612560419,2.012241469167084,2.8084484243982963,0.505262860542796
-4.07313399844881,-5.353617373000613,7.3532148716497066,1.0512445478699137,4.729735536167748,0.4033004576379361,-0.6293658984534614,-2.9515112985284278,-0.01878287155402697,2.224828164678121,1.1930246133914286,0.909043006745931,1.5045664761146278,-1.7580705549900806,-1.1442772961784262,0.13026142118296313,-1.1169435632050746,-0.3882722663372947,-1.0586097688438783,0.03752224150511374
-5.867915427057952,8.167736258632228,-7.936237764431464,-5.979812942017677,1.0482641893013054,1.2765776998274483,-4.1375437561862825,-4.726937772421898,2.4423087040292444,0.08927187090067687,1.1507387888776093,3.63661366474547,0.11201995509213353,-0.4745410670628112,1.9046348707318441,0.50870755176742,-2.1141465550536025,-3.7756663324127704,0.6460903240506811,4.164089605520973
-8.262802496681847,9.089499721688648,0.9264479275165485,2.0930461974370154,7.800980579325417,1.6235053261692007,0.391927648679976,0.1134532253178511,-0.9104880310320801,5.283565386589919,-2.262492081682568,2.280733598144579,0.13652155464973192,0.31647763385115746,-0.6765603169969785,0.821879917784115,2.443546218596083,-2.4862462756494663,-2.5013702041444503,-1.6087592268830595
-10.01694840894889,5.720911173582166,-6.38102591094461,-0.8139473183815283,-0.600170844076091,-5.019978506849503,0.5236106588138143,-2.611732359027059,1.4305709704842435,1.0885155533215176,-1.211853157934662,1.463561600076794,0.7578293585576243,-0.00046661067153488944,0.9981382316066172,0.4107506748766412,0.18382545190108524,2.213048927530103,2.006339202714063,-0.19338148007685896
-0.5497630350748455,12.36919446614793,-8.558229861373372,0.4462733116100732,-6.4968006641957095,0.2450629366865419,-1.3825914118474643,-4.883704286903813,3.960056222881005,0.27425354082767106,-3.49508875132925,-1.0316038721972642,-1.6871446224645164,2.5674644994766807,1.852473218365998,3.2761794196494045,0.5689711091612824,0.42083120744876423,-3.847618442849295,-2.5854612650401485
-11.979181668085186,4.393891792143328,-5.010057196436173,-1.7893877147650796,-0.03857369446959469,-2.4071520613807085,2.4206705491576774,-0.10330757284970049,-1.1196761560826163,0.07636159669594111,0.37491123714835006,-0.7851369011042899,0.7759115258088964,-2.1513213299836176,-2.68204196420042,0.3293846536701489,1.589581263510819,-2.4147215560498743,1.6227776001641192,0.041092689647985514
-9.828386929408882,5.435515902284646,8.106597163914348,4.567472614226693,-6.018413310754483,2.3279273191322423,3.774679746635508,-4.0716452314798275,2.7204698965655587,1.193713134848803,-2.482554251415565,3.2319802641207698,-1.4569690164113118,4.588106007821377,-3.045002829015078,4.060300929846658,0.1441435880463151,4.22902236791648,1.7281319570296372,-0.6659039430664062
-8.865839768622727,6.382236109200184,-5.089862558318769,2.3292325124578843,-3.4524069423721517,-0.12151779283824671,0.45199066202529903,-2.5476303378651317,2.2828958735189513,3.6389558142515095,-0.8923318309942907,3.3546846887800483,1.0336415946844262,2.5318388117514816,0.008675450875610113,0.4661984394255984,-3.3439714933017584,-1.1635603915635724,-0.8548800787582824,-1.497743536275021
-11.888893266711364,5.111342560498247,-1.54527011776616,-6.901200733978582,0.15422635539343,2.7534873556086485,1.096429884061185,0.8041631785877832,-1.5005649483263297,-3.349232452361038,3.101452191125688,0.04544744688868574,1.744267119994573,-3.218989061321469,-0.7317342083613051,0.46545453838579953,0.8304626889533063,-1.0228622931239009,0.8784363235054717,-0.8986802938756817
-1.4002281422584821,6.582899985298658,-7.376097890024154,-4.388513346553311,-0.6328875176314626,-0.7409109844961809,-0.6679323241313244,-0.40605848579478687,-3.2763353718841306,0.9932621391472296,-0.03607050508957968,0.8517013260973585,-2.151575004082274,-2.8387943662316903,-3.0180875396395486,-1.6476491739854917,-0.04584404028145972,1.3723459147040902,-0.018022325262646688,3.8859754423600115
-1.004287626471788,7.797387294238646,-6.0510800380977114,0.724496361192314,-2.6011207100340963,4.111577157936261,2.4495142501124585,-2.2129817325229206,-4.242887304323015,0.6689122824284078,-2.0695344192711094,0.34974967760217424,-4.5863575584141865,-3.5414689004282875,2.381087154422521,-4.780762055939121,1.615779744833716,4.1639439951380295,-1.44436352638395,-2.8221289929627966
2.343181038646665,15.545363969169163,-3.8462025638077164,2.279528487459442,-1.299546784215419,2.7891256227883865,0.14109745110033856,-1.8183435138905764,-1.3156419525597691,2.215185806033183,2.059539021706211,3.4720893048144617,-0.7410992807689221,-2.3771469438312867,3.1426471602424413,5.019080798811215,-0.4668010654474597,1.1407974691239802,-0.045337108045871766,-2.7396914873743685
-1.0933422221760905,9.976690709511784,-5.0073295388191,-2.001057280453941,-4.906321169640091,4.127331571482529,2.6537515240213247,-2.165579743597786,-4.817299873058328,-3.171758968518264,2.114801266895638,3.6352761799913624,1.4237734152179065,-3.251977128105726,5.306482824544187,7.054091250583172,-1.0467946044135106,2.7317190150113126,0.6539437686134453,-4.0542236502560085
-1.0144290471999757,7.808644046156376,-6.29463800748694,1.3277534185919653,-4.142164615305065,4.128930476692382,1.3859744174473567,-2.935224182449523,-3.696474338471967,-0.8369927895168986,-2.594035035108334,1.638672611089378,-4.057968138740354,-1.1654545450077667,3.045183466088919,-4.477317816428442,1.548423330016197,4.023775586284982,-0.34603593868618576,-1.2968172480866356
-3.041493232374648,9.447619119187653,-7.469288455329778,0.17927440221440605,-3.2416165564158783,3.31303063771816,1.0836439768892372,-3.9416732204470915,-2.2808520244423525,-1.021663287930819,-2.4257486459438558,0.9971775898934533,-5.147404763021692,-3.9925793466085873,1.9353723077012877,-5.456998102353353,2.3175994874221857,4.963381783498857,-0.24942410751944988,-2.354986230724724
-2.283258130371354,5.93676865182937,-5.857097244536009,0.8090666598150191,-3.043380338335364,-5.103079017708089,3.034423695822465,-1.2823525445781878,-3.677411256583115,-0.5175518795545844,-3.574014536165468,-1.352293278709817,-4.068101962411869,-5.126620767899048,2.5918740874778807,-5.657026938095921,0.27327487891500757,2.7436434527979516,0.8083128275242581,-1.678903445086922
5.733376910185584,6.475891453370991,-7.513558168138717,-1.3550513294444768,-3.04309946995566,-3.290147686391583,2.6378995529595395,-1.8651795513663987,-3.085250221183151,0.33458496570408314,-4.656261098862963,-2.346116987004841,-3.9502857846188704,-5.066786928523136,1.6280275585479758,-5.880014123909886,1.4276555271764255,3.877042046873689,1.063544978803939,-1.81229729353357
-1.202407054637671,5.151947847901383,-2.160021258232024,-0.23726976664098154,-3.0320420478551053,-4.489413462994397,1.382366598892466,-2.2928113837688953,-1.4029449228481812,0.5486342145756742,-4.361423134879562,-0.6798849622705954,-4.126666833773939,-5.95110458785061,3.0554696790750047,-5.202679305902467,0.15841450502078946,2.582546000894203,-0.4033787175106014,-3.0157668539921865
-2.056049462213693,8.127024340430733,-3.7823341366591072,-2.861895126928463,-4.856504384529739,2.3385671845363047,0.7379811440621632,-2.955600987471813,-3.417190001492792,0.9672052002366298,2.3896729890904114,2.842654887020172,3.802159518293845,-0.32347887873963715,3.3597179312541368,2.271480348921107,-0.4135692668694133,3.944461493645747,1.4201783558788332,-2.354566938012293
-0.8000328352281867,9.518633780618675,-3.1955414087140848,1.0687350429972318,-7.471965023048016,-5.7106156012471105,-2.515463625808074,0.5345360905515466,-4.014091471767841,2.1744781860965947,-5.351758671152699,-0.17656107192768045,-1.5207183360495748,-5.75954721505032,-0.5526535174242313,-5.733437620642631,1.7485886605903267,3.2713011660817917,-0.10407619225191711,-3.918699933184685
-1.8821594104028692,10.590390041745657,-6.3752503222544386,-0.13344250193877372,-6.466271114195393,6.848530894628809,2.0934350373090926,-1.514577287580574,-2.135551559575346,-3.2900990663730987,-4.760752980980628,0.3964853142570073,-6.245263795975899,-4.733157404401734,1.6221991821425727,-6.1454576825432135,1.9135835875649319,5.397981195005075,-0.11127424502040228,-0.6932302872051156
0.692282908639912,10.840043888319613,-4.112266136992628,0.17298007872096566,-4.0693168842054845,2.590584770533301,0.35361562540305147,-3.5023746717955317,-1.7935982507687838,3.3306552925599906,2.1363820485311913,2.573070299033702,1.9577618260294214,-0.08587314628862153,3.09329937288954,0.6419045571983082,0.40124175936142953,2.617715951656203,1.4734822654268356,-1.8182068789262549
0.5009713004821409,7.009162972176612,-4.172440034489659,0.4720490503661424,-1.1335674805881317,2.764987173421207,-1.133404088511087,-2.8586237036409248,-2.2112967006572832,-1.2432109847794188,-2.7157861280173816,1.426675732627435,-4.036639535379554,-0.4902586922291626,3.1253637680418827,-4.8784432229546395,-0.5022031561422508,2.284821789374964,-2.5973962533495722,-2.5031209701159676
-0.9436059851743409,5.155819094231484,-1.9404332284816026,0.8632557620993844,-5.164321142844624,5.593607104638514,0.9284484180365402,-3.020435799154395,-1.1750264057279736,1.1109576894647977,-3.6888016687341976,0.09767850412511829,4.374644794184764,-6.222307292618735,0.5897290267781174,5.023290174979586,0.2908416133785444,5.071509610717214,-0.6684832334582569,0.9194945658232228
-3.9370836628415384,11.949399642277578,-5.617595495774093,-1.6760356532464473,-4.4052735643044745,2.0508557887868006,0.9729136490140495,-3.6070917302265086,-2.9668142019528907,0.43765214353822013,0.8358663223249119,2.6872184285087113,4.845309147329715,-3.8489417278603457,2.7616551181021243,2.7032156415962385,-0.8118846171211276,5.434223870152064,0.47189712362762926,-4.156884218674406
2.8114871150018974,7.967604341783515,-5.4395671952165126,-1.6282407473068872,-3.912916442278343,0.5669392035133302,0.8949435116031144,-2.2887568130806146,-1.5400716691795755,0.45042546648391013,2.086637537058829,1.4022344135183231,3.9665838224545507,-1.881318525152698,3.064784346834783,3.0364699863166393,-1.0498694469097019,4.372308119853518,1.276364033132291,-3.903441172109721
-1.44478988536336,8.689516784524148,-6.233446321988739,0.5613985773869506,-4.4414434050597045,4.984731466233844,5.357894656280022,-0.7896706739033006,-3.2552077097218506,-1.6351206508163831,-4.426472623715393,2.818053845659229,3.1712327621147853,-2.055029123329946,-0.578939588217416,-8.15295837240971,0.27700802609981556,-0.19960398467456963,1.3546606531278047,-1.769752975676385
-0.8384606147367756,10.086432506311684,-5.725727069061083,-1.709476819748988,-4.227030856111559,-4.664672701689868,0.6038769775408843,-2.768285466789185,-1.6184712419406813,1.587770180356162,-4.348309461134616,-0.09024808008025975,-0.9370163187389973,-2.1743052193871097,2.8378171089296114,-3.8511264537701453,-0.32397734127903305,0.20166502889789717,-1.2247333281092052,-1.1085454383816786
1.4359538214441459,6.290755820946348,-7.082554244862559,-1.3898786974351287,-3.052240978074506,-2.1163926269476327,2.6758235628544584,-1.139989219264944,-1.6343328414295464,0.7407468085157333,-4.670915066027046,-0.9429214771776917,-4.855738926306634,-5.318501718774483,2.58887010365022,-5.749131659311077,0.7738941144467824,2.9964397326453818,0.767304764283045,-2.384606361408439
-7.391588612448853,7.769705671950212,-5.253106042991172,-3.7831102913366275,4.664574806114662,-1.6286026372957405,-2.8334140801729135,-3.8816718198716544,-0.9836943936367994,1.0789889134935227,3.9430786521949255,3.4228927915271594,1.9357742129873485,-2.2375464868220516,1.0559836228121684,-1.1340096975619418,0.09999884696973518,-1.8447524785099885,0.026736738793609716,1.281871736456666
-8.296181895710673,8.435925381068483,0.347858339244848,-1.5430671558503986,-9.105585980590009,-5.281203358909738,-4.50055291005718,0.9478910994527604,-0.4720136655041688,-1.9732619679174115,-1.0881886827327296,-0.2625450058671426,4.943292585243607,3.345280741190148,-3.8968978037756443,-1.7789174710402635,0.5080177433837609,-2.695360493735185,-0.14898569617794627,-4.059819992177752
-3.0958386936266584,1.7241997329441567,-0.7113988800558952,-5.086895897635327,4.8123623659636925,1.6133480774854543,-3.378380228051803,-0.9976901746218423,1.4043302898429397,0.11908867015829516,3.2785529473296666,0.6498522197930047,-0.4926854940913338,-0.5922959405978605,1.1032522644431446,1.404186037447342,-0.2865751295499439,-1.143157162902297,0.1990805548545247,-0.7496154319737595
-2.1630632891490826,1.682744073934633,1.795144480346941,-5.218068993822388,5.026818399955405,-1.6257953079697753,-3.821216222975651,-0.2522832645620826,2.317230785642935,1.2710004222548568,3.766545389521656,0.8582639126002046,-0.8032066485660831,0.052323578351212485,1.162508128150305,-0.38325255435620864,-1.6928668692871238,-1.3337054311446959,-0.3659634137652852,-1.2592883079772101
-3.624800525280228,0.08770670781399215,5.011538310990229,-6.276438497039825,4.559041151365427,1.7113961946004306,-3.7889227683635145,-0.707205295812712,2.5056220367039725,0.8217452967690897,2.9684464298321243,-0.15128058608053963,-0.6388585391141355,-1.137813760772083,1.964166880361329,2.418885846864501,-1.5765851366987969,-0.898004770594343,-1.3821800275970362,-0.017246562023646828
-8.049168716234783,4.009117964260868,1.7295628501715024,6.915356193298349,11.769500047582202,-5.959567661737313,-2.936983329240837,0.7815005926231291,3.392397510175008,-0.22103876304566916,2.536799634597276,3.5255753402337913,-2.4442470061579957,-2.116519853093573,-3.445062176585182,0.14822205264673105,-3.6836228830005413,1.0709008264194089,-4.11773680566496,-3.3043335430992418
17.210138582930572,23.507086823969466,-4.161462428800833,-3.562853944105128,5.973059490297471,-3.7508668870044692,-0.9221805901427182,6.71507506342188,-1.027403933805172,1.4853282861595236,-5.560487243334458,-2.63600201145082,-2.7159879324131744,1.38240776078453,1.5166257910812773,1.9787484976707777,-5.010536757884085,2.658017972367897,0.5817830824690198,-4.23693596086384
-7.616249252410499,-4.23866158655666,1.9915051803942636,3.4199215161031913,1.5174328776853938,-1.6974273820236903,-3.46956819703005,-6.78738031744976,1.3386927656201744,-1.8225692602033312,-3.9152301706475683,-0.32343711113019213,1.2792319071730602,1.516517105994535,0.6349704104410253,2.1853888808225195,-0.6008436875814194,-0.5454882382574803,0.4367551905330602,0.6407562791033724
2.788628750703414,0.9941761793423601,-5.682679770455806,1.3631741066589365,6.812812921574485,-1.2032469080203958,-2.877455154934605,0.49750702485333,0.23696178628202358,0.053346430705751624,-1.0944923804904914,-1.103646150150628,-1.9726792128561694,-0.0421009492763309,0.7317704741188733,0.6302609430983224,-0.4956110930345707,-0.9212140413901951,1.853365225568893,1.1590194651035872
-7.090875810758217,-5.638258588487458,4.494762637817864,2.6718884516222166,4.522389264465398,-0.2908323297682752,0.02576596721027591,-1.062802364882956,-0.611856224857262,1.4684953905320457,2.5681688109009264,1.5661433734790036,3.255315269824716,-0.015033687331844736,-0.5389790523729723,-1.3121579081087726,-0.8172505689380893,-1.2374377393763802,0.2691685246135608,0.4930168900719012
-7.634155432770639,-6.15061722749131,2.861840292018864,5.3159455376575515,5.3693840129012855,0.7867756756457662,0.6668330223558022,-5.324793658832175,-4.504281251304986,-0.1681304841959051,1.2737467813375845,-1.8950834366228104,3.22089814460848,0.36297397395561687,4.5269545526539385,-2.4511019662286886,-1.406751567210945,-1.358827245866036,-3.8037638047175255,-2.2515661314955446
-9.61443383288588,-7.52396337989498,1.0990011981248486,-4.836661222841634,5.521786575775494,0.10304423793593785,1.2111189798983193,-5.332976683090984,-4.160406370492343,0.8616474174542897,-2.79663800552816,-2.455123982371895,-1.1265488482603845,1.2326096839666778,1.3275528060922626,3.3881173298476,0.5669317115252874,-1.3676666964311823,2.5616453244089263,0.16280550582755593
-1.0130110862004365,-1.8853618661486655,0.7731647269045356,4.001335727382504,9.703247204888026,-1.3956574251698297,-3.266358230753562,-0.385215048968355,1.388183302634976,0.30068521943973453,1.3255981833969626,0.7953801207119524,-3.3323668183431967,0.69183312007733,-0.5238409104041125,-2.47270727148478,-0.8797578156043648,0.7607500394881701,0.2986279081291856,0.6111002135246499
-1.0688468620123457,2.865779991508866,-6.710099636178646,7.155899775308783,15.619695999842502,3.02012350392609,-1.9629075851530675,4.631848626896751,-2.0442774964558836,2.901008328884755,-1.185991987480543,-2.6431310207299696,1.0256200936262103,1.8332535290520202,0.1715719753324747,-0.16601863427743813,-0.2020427835332258,0.28969819435881,-2.4861897179428687,-1.0269384655756413
2.8803362477923513,-3.438991507837188,-3.6188888743665495,1.8525504081308957,-0.577730984345921,0.5561461803130964,3.6474602817740145,-0.8386300070782711,-5.637522325581775,0.41135704145267865,2.6127884446294205,0.6209721485470336,1.4237353752502295,1.5432946764835322,-2.255941284991052,-1.1163236098865439,0.3207637508203237,-2.7546827120128565,-0.6911742780106821,-1.230815891621751
-0.31991715720113567,3.9440239376457544,-4.971252126272214,7.158305678778412,12.494692716285478,4.72846393353539,-1.6175089361243349,6.4190019851824,5.378154774379072,7.398054036323371,-7.337564630065599,9.73922381593544,-0.15809848350651512,-1.6750520665911828,-3.670312949685178,-3.3895944949850794,5.070149270833754,2.8624061547453574,0.543507055571371,5.651579323847979
-3.3715728364672013,4.152415259614372,-3.9093427048664404,7.49844581695638,13.12363130107481,-4.13249335789045,-1.4306023732677156,3.948890213202788,7.081678064047884,-6.698701239948249,-5.480132215226552,0.7577368191374874,0.20706945520037534,2.054143442067346,-2.246979382568791,-5.4731076470614575,5.066565597293258,-2.4002061183738705,-3.7300544118266816,4.135545540594636
-1.2347422088726019,0.8173534631751553,-2.0794770465354273,7.457157483712168,10.847301930746294,2.7798842547468414,-0.4885939122623916,2.1673493892222773,3.755023378333362,-5.146080952070275,-3.3134511713185137,9.04865072345049,1.9057566087474385,5.336882760124603,-4.4963430560825355,5.940589769902372,2.8072938381569608,-1.606632541341933,-2.767778721618127,-7.540805364024787
0.702312816616761,5.1048576276157736,-6.186057553965143,11.855416639270732,12.696659062051223,-3.476111136198775,-5.110110978957902,6.9910246617130465,-0.20608612175990149,4.75446370605449,5.504706903101235,4.600785544971309,-5.028962018271203,-2.748003688263454,-3.4031975729873847,-1.3156802328524018,-1.9374705355663135,0.3053229979010233,2.3107416008945187,3.936243621801457
-1.4230516309152867,3.114964407382578,-1.8786860907224292,8.131935390274224,13.723702538313702,6.286605313000755,-1.762949892803371,3.5788322953719387,3.1442578260771024,5.387720423957056,-9.184512398923113,6.567998263655834,2.4818482617987287,0.5066927415313083,-3.7892430029543456,-2.992663638880854,6.158223114993345,1.122067398887603,-4.007951684069484,4.743261366348882
-2.899033986967364,-6.207296455263494,-0.212920837875773,2.5942197897646175,0.24139558384417398,2.147051751223058,4.094522989924988,2.0780920384023793,0.14124986185402688,1.1654579174866526,-0.5240113466767984,-0.6951936012225127,-1.830822213950842,-0.009130208540385487,1.2587843338149045,-1.6920705547411425,-2.21313990937177,-1.716206099277866,-1.7626916986705201,-0.5968247346773389
8.01928602797031,-2.8513610747929716,0.8183357512868105,2.0665455471379213,-4.823332381071839,0.6355008662296453,2.259501305252744,2.8065723002435528,-1.1645091125203084,-2.6482515049441657,1.4170625578749996,1.242808231980525,-0.4476963422272596,1.6665106181510514,2.3879802878174123,0.7716197465199823,0.9337822062079042,-2.2462832098634085,-3.0611289034831994,-1.4610971641933728
7.935381754687313,-2.655365148653663,0.6954928973781807,1.6385479975309833,-4.30011187313599,0.006982196865429502,1.4841393035494732,2.019846099610314,-0.4244250372081423,-1.9663446609568735,1.3473703444171068,1.5588820954323994,-0.005704981370055484,1.1986380418527554,1.900548337524139,1.4719097361596047,1.9606721589203095,-3.0917680114627832,-2.294146336565443,-0.697160984843073
-5.950443170055199,-3.77170704008093,0.621970726900975,-2.5126938521484683,1.6381686813034633,-1.5586810603533285,1.2673894668635821,0.3898942967393122,-1.4137022909279933,0.22149408679196164,1.0354025854562803,-1.8189102929130292,-1.8147938895262126,1.0538180839750328,1.196169063144847,-1.7350084650156121,0.0999611086597787,0.6856732045845371,-1.473604990557738,0.42005921883443076
-5.697970506277304,-3.3098841356407105,0.633923870380334,-4.43979031535306,2.2250199370026564,1.8102013768189267,0.03536138074982542,-0.6788761766716067,-0.32560371023012724,0.20769983029816674,1.425770290303676,-0.38682863888935676,1.6041297327476451,0.8496847273021965,2.385945421040639,-2.4827438078422435,-0.6752440304867903,-1.0643409655321385,-1.5697374907493904,0.6670408024097658
-4.900530529905973,-4.24882937431785,0.11574603104226616,-4.114718383912665,0.38481807383572164,0.23418461768910204,1.1223099476214675,-0.43854757989438253,-0.15893005997470738,2.754420853579989,0.3606792316153426,-2.1109265363343717,1.3127721557563028,-1.0857623681240645,2.2932305609815122,1.9925044907445892,0.14626521074261534,0.5078783550108625,0.707513138858653,0.5678826864039339
-5.787079025272484,-3.759276233672167,0.5975426866523575,-2.2657766959714225,1.5841273522670751,-4.0792476343415585,-0.057117026411310334,-0.1475176118920256,-3.27182325169174,1.3171230716351152,-1.6978220539831175,-0.9119352004829365,0.17398343805934346,3.790450329722305,2.1392514344170235,1.2442017757783874,-1.0637959884370334,1.006666256869069,1.615377781444529,-1.0077695574553625
-5.362695078791093,-4.097747386417978,0.7717750659722845,-2.8539055664189803,1.6829135365441918,0.8825411337443146,1.1056416120455004,-0.2987470754740993,-0.5340829505014475,1.229242522847954,-0.14588144761536537,-1.9350162743661936,1.7160548281470511,0.7357310002408636,0.8686923221503665,-0.8965700678358735,-0.12574312493628292,-0.369795878988746,-0.3768510428935754,1.6894709590319543
-4.3597463411677255,-3.237505579300552,0.2259045091115395,-4.184125435213554,2.564653318384061,1.8992855951842338,-0.5082380119139311,-1.5649656914939145,-0.18914378010367594,0.32181279691957443,2.0150804941687133,0.18286741180213117,1.072152240913049,0.04555499717871425,1.7325498538535902,-2.1445951650549135,-0.4925135163847799,-1.2010537647343766,-2.004656253867285,0.09932353046442688
-3.8067201408812186,-4.492955798182659,0.32790834349072717,-3.9626365806885424,1.7281758370574138,1.5476340576815177,-0.22811141379302524,-2.499257553349586,-0.5958786607893723,0.3253749797874208,0.9737337796186933,-0.9644756341799924,-0.6060748764403101,-1.1561431237942106,-0.7790434895252233,0.0028837270948574023,1.902603547632101,1.4493669336532484,0.8422914845679144,2.4019851066666593
-10.477169545003532,-2.5632219325558045,1.7118006514256603,-4.051779251494062,1.7535754451200343,0.0973322580009921,0.009248668976638008,-1.9837246348255886,-1.8516087781695327,-0.5648141566935669,1.7615853780160005,-0.9647808930600404,1.0929911155309646,0.4816992718636975,0.4890736724839262,-1.1476801757550688,-0.35460293555084954,-1.1067039565317165,-0.7238483119196628,0.8334380517765173
-7.252093231038179,-5.8079873658882,1.8993722021806523,2.1465849270829755,-1.9084744332872634,-1.246423735221223,-0.8739918547838743,0.9197024910284791,-1.8489029571400002,-0.9628052260246321,-1.0731897343894743,-1.5123196890597623,-2.6892746591639574,0.737085504963002,1.36343357439574,0.227942085896907,-0.7547435546517172,-0.34768010540899397,0.1338691978909312,0.6824080489533757
-5.594844156420634,-2.971089834083805,0.3382298562255891,-4.175480610314682,1.1103232642732395,-0.8930808324039083,1.0724698648516728,0.3033075954081811,-1.7124307132552898,0.1823401017321273,0.7514658545818937,-1.3508071143087619,1.3048697295010538,1.0316067473720476,0.7408307399931692,-1.1755577530533272,-0.43532403560398625,-0.8379762704363971,-0.26849655301069597,0.8100220177368296
-6.119796928791386,-4.654976817209457,0.9278949761005043,-3.4788298582359882,1.6014248015797508,1.7041472031824558,0.5361423236903158,-1.2341243325094164,-0.275152323274406,0.2025265482755596,-0.2800246219254242,-1.9237944285517319,1.330820519414839,0.28254112462278824,1.0783229481813297,-0.8588626918100548,0.5974406493455297,0.7120491223063318,0.36476833494419625,1.9162469052475855
-5.429987941374639,-1.222680202097437,0.6056237719232224,-2.4201876741952972,-1.2883723536170892,0.9884130936490761,0.09684859743837171,2.3847866258952624,-2.811635517562849,-0.9138125646247937,-0.7873336771496156,-0.9728380824121,2.0950009310414583,2.379724649343,0.024570164422008545,0.587524644168059,-2.130336811890346,0.5975239378278985,0.6801934218948678,0.6874650322521791
-5.612784617761808,-2.877526828611016,0.3636510583014958,-0.46788776791778564,3.2321823584400198,0.43330891793418,-0.8486899956801186,-3.0925935104122124,-0.3606475994789554,0.12236120488879354,-0.38659153672969193,-1.9134467165804976,2.452305508518474,-0.18776535735377609,1.9775135199694038,-0.9024412751460051,0.36489088308757,0.15881828783382512,-0.2839419721063156,1.025654051838196
-6.359779808722856,-4.03735330426345,1.3163937294620172,-2.2745007079789072,0.08732598369837857,-2.193100892537653,0.6607651912701697,0.07003006950284307,-1.9308424060180047,0.8758784013330279,0.8969302103925952,0.36006080531279894,1.0368136472181322,2.636736093899975,1.8596529305221368,-0.0475808689212448,-0.6234020439020933,-0.9656007384420827,-0.3804664358424117,1.6711022528333768
-5.494302442344004,-0.6576971074591255,-0.21491785144855732,-3.1227747477464223,-0.4815854073412941,0.5453271108437746,-0.36382956746244677,2.4344668408596637,-2.6080855497660975,0.8641379167136384,-0.019399367851100385,-0.006632584317455281,-1.7455949780944027,1.9567096027082107,-0.04572557003589772,-1.1603694805165974,-1.9853759023311859,0.2057016485453888,-0.18712154186846253,-3.2524255634961134
-5.990799162272948,-3.6517691620293498,0.9571386540341874,-2.6012628770608366,0.18190434227632712,-1.8692488614939133,0.51843572493471,-0.017342739410909025,-2.192500797017539,-1.1744844704172688,-0.18737013838010713,-0.8569284488301325,-1.5958167961369591,1.8256509510860432,1.0111749568509478,1.3054299524247286,0.7130769259861751,-0.1581729208607594,-0.3613905181736119,2.858085488206183
-5.83893469079155,-0.9037658789892535,0.07701213277941665,-2.7491076083179675,-0.5182587622228815,0.15122169371102648,-0.3552037677855351,2.656977618768254,-2.5776663992766515,0.7036989161020768,1.3601421163764504,1.089040449975193,-0.8344659524793527,2.0474167856146286,0.7382209348036604,-0.15032820805551284,-1.4956185626875549,0.5473962762676259,-0.6062661556993624,-2.526034008505236
-5.480417519642461,-3.853929076444654,0.3464300127648438,-2.867028540489578,1.493667595962487,-0.9091563051687466,1.2313674708601425,-0.02775075222001777,-1.2386486598581334,0.5219321980858294,0.6698463943478845,-0.933111531130307,-1.232665904384379,0.39470384801985414,-0.12557552158894858,-0.3225518854614498,0.30768406680025395,-0.6245064487163348,-0.4106390510588928,-2.2425401121625588
13.161359549159094,3.4471173954793137,-4.658612782578265,-4.89799168282184,-0.5843521036043406,3.7409078864668937,0.7545811764110815,-3.353218115475141,0.7255081942110884,3.087621471643018,0.5937285752176432,-0.6069204660756924,-2.643467285641074,-2.309933528010003,-5.10321225807086,0.7137499045161374,4.59639105035403,3.426332037492506,1.227309904302547,2.727367332132748
13.709872300898773,2.589460571037795,-0.804575447718117,-3.426964086059724,0.64663075161935,-2.707458931139098,0.6559493829393198,-2.915466987010385,-0.9356924796388415,0.8877651810179292,2.030243912714366,-0.38793395880052495,3.1695451597716713,-2.8104018423140285,-5.287621999446848,-0.46581198832414994,3.3709957437194698,-2.4621436387897764,0.05621427850212157,2.8793603071241822
2.5955116182213347,-4.38840381403703,1.0788803726105898,-1.9283606392094979,8.876148835409758,-1.1392554154011119,0.5786540804996232,-1.2014574239759213,-2.3346369219802843,2.498268617406687,-3.060996129371631,1.4224724686678512,2.3538226937379907,-1.6426561567660745,-2.6097212943894377,1.681872787860684,-1.1106507553308393,0.9151633613512773,0.2736562719933333,1.7547510261824384
-6.039610669239746,-6.230694623674289,2.603677392701505,-0.5620652022194992,6.959843937033591,0.27472712043410397,1.5986901442255805,0.9740022459944861,-0.23114064988906147,4.272106317696703,-1.7994515438658558,2.718790229597871,2.276488103825786,0.3132186812860336,-1.5873909458407955,2.143354006579583,0.5592820382767245,-0.08004797723600476,0.5660279671859031,-0.6528298679459849
-3.3266690955880587,-7.877773484890698,1.0087198134028152,-1.7281175865379497,5.894119635354605,-2.5826565820425635,-1.625000942454117,-3.523802794351419,-0.308117904251221,-0.202872352899509,-1.048153771195552,0.9281016248970824,1.6433713587660295,-0.5431128152416964,-0.08078656642916593,1.643055516203281,0.5895142299312641,0.8360265024527451,0.2730389847643266,-0.3376083042960283
0.42649359838377926,-3.8552207899782314,2.360846712560802,4.48640887540719,6.006508192191534,-0.2296862663070175,0.21252045604775285,-1.3357257233541433,-1.7692736682673607,2.4132323568806715,3.118277455077667,1.4265746526260827,3.616730760727603,-0.33392406761152005,-2.1559539892679442,-0.33182802672128797,0.255174774278511,-0.8032618067116712,-0.5186594516063551,0.4970592631557651
-1.3182928785747492,-5.403394253256472,1.5303040627007591,-1.5917743917662612,7.740109098884582,-0.4482116414861341,1.2750982828789281,-0.3528560928238954,-1.670689619115723,2.732816815891431,-2.9634915827358737,2.385119382370474,2.9578690336690894,-1.3945028913093838,-2.562062575446406,1.311372960668949,-0.887893212331532,0.8397425410437541,0.02465649123063865,1.1089605731771288
-1.3588980465595806,-5.249623815335168,2.3105022195264326,3.426873588650432,5.793063506622144,-0.8398909795476773,-0.683425369685448,-1.7793634785598238,-0.34714060713792394,2.0937737529268468,0.8452791474985812,0.11048657718571309,1.1027853635895806,0.21971130564740338,-0.0847650434608671,0.7282252426727143,-0.8690751239824221,0.30853189191275654,-0.6416189716594988,0.5745205026222859
-3.603010650522399,-6.732400960467059,2.8177955156710466,3.374569113523908,3.7283315873328116,1.4850721175911619,-0.6229784488318761,-2.2928244041417503,-0.6859762776871209,-0.5295603916869578,0.8352364032056261,0.40395643240983947,-1.4618603198267526,-0.1303033251311736,0.9295905931493414,-1.8881309322333122,-1.2633414158084513,1.3247719422323012,0.10655006463183392,0.9268548013168376
-4.1467594435337265,-6.854053957424874,2.126207925925811,-1.6004164976015767,6.297502026659248,-0.3874380318376677,1.0047871506739257,-0.7652482501165592,-1.268683305727936,2.1444407082806385,-2.7907085780055123,2.5954591242378586,3.0249725486767156,-1.1940999214618382,-2.2598948213849317,1.17675471181118,-0.9040543982833613,1.254820147682977,-0.41282078390252097,0.9993435284472313
-2.9001046527766174,-6.9936835612272965,1.766367899458419,-1.816097472172174,6.631836024390401,-1.4405505072567855,0.17499476580254503,-2.09313285776534,-1.9608206817190443,0.8997093694431424,-3.0830853253076587,1.9015744282252642,2.7718111952222175,-1.5750845682817032,-1.9630121707269308,1.6247932371701812,-0.8813221370177322,1.3522817557043614,-0.1762572993977062,1.6166347966738432
-3.4808509195868584,-2.6102085200028124,2.995870603326227,4.023513233223994,5.6920729682988895,-0.7613176898490177,1.3561662457987462,-1.8406013565355268,0.19834836501739872,4.560581670419133,2.064223974050385,1.1585224122500022,-1.1795469962934588,1.470844814087867,-1.94816031032516,1.6018966164606443,1.6548421684381274,0.38752971703433453,-0.3991971956100779,0.05341857426663599
-5.010512770530745,-7.583233602818243,2.0175835092703336,-1.6184878380467371,5.812951412573484,-1.006492894052553,0.5015520613600267,-1.6833753388206216,-1.391954217548157,1.1782176676411464,-2.843613720227863,2.335382203231807,2.8829273164537774,-1.2522770360653304,-1.8500110075278196,1.3511988502426522,-0.8145637319485167,1.3815648283929018,-0.44610796114793716,1.1575899741714122
-2.236216530393,-5.4822652589864,2.329922807464982,3.665494930064897,5.026294711720232,-0.8308136843406656,-0.12486897094246918,-0.8083915927201936,-0.3277625850963356,-1.1873724402396224,0.8836243774435145,1.2895174526025168,-0.6993653997350724,-0.7164590299195027,0.7427596413000386,-0.156841369741333,-1.989557138224146,-0.15220073059358236,-0.6762954928379583,0.44479812707706345
-0.9789226508667492,-6.500239817902367,1.5723951232835152,-2.010876719343037,7.240186950069612,-1.792969444214704,-0.19376327388727382,-2.6232440273124893,-2.2180391659397265,0.9272830981130993,-3.017299475921762,1.235710064128058,2.2405835194930854,-1.4264275735095522,-1.7030185935996576,2.1498216197936157,-0.6542180787013055,1.0333556939205781,0.3185853634710268,1.6041302300419433
-1.7408613426771749,-3.101040414768017,3.0789340562400307,4.481943703831632,5.933704066670016,1.7397551037448116,0.9542493376563093,0.9491064317370098,-1.4485687395319078,5.292832883888793,1.9970498522902371,1.1784781763845829,2.6669144193294207,-0.7849076673377506,-3.087308591287915,-1.3255807444810483,-0.12310799497420843,0.18210124458698967,-0.09717105153828796,-0.04877876661573255
-2.7183387735591404,-5.287015690559849,3.4434697361153876,3.1050013154846905,6.298325266779125,-0.07514923522002591,-0.07426842259623934,-1.0416125519878725,-0.8144282791987025,-2.8013843665909564,1.9240039647353138,2.9820280085638564,-1.1370220158690454,-2.881385164297272,-0.12637409403036326,1.976511263205364,-1.0278008665532905,0.29644993907298817,0.06514717890495153,0.35253713812718057
0.42002975667499004,-4.019533785512593,2.727635393909528,4.7112672569131275,5.786624150158003,0.01630149659190705,0.2643302925610233,-1.221729120389481,-1.758528175830893,2.626398945765704,2.924890711355469,1.106518704090806,3.3263022315839144,0.00915086571879753,-1.9249891666295438,-0.6101317058416986,0.007736151059122343,-0.5929428146106753,-0.8543410372587036,0.19761019491625054
-1.1614051152958877,-4.31208507289596,2.9150012650053254,3.8415072760520435,6.252873196425897,0.1959081538652449,-0.13268510754611562,-0.865976111860051,-2.075641871538807,3.1130612619997233,2.4527527294265847,0.92020141817777,2.4657665390978947,-0.6677279309798411,-2.0852013423555817,-0.054116999933416926,0.11118452321445793,0.8294582642438261,-0.33441050582372117,-0.07673946659079445
0.4270460962176685,8.013950873188193,-1.8067996622641136,-3.341647132245817,-3.465510126947394,-2.7356412747473775,-6.7689037535760805,0.6246905134777437,-1.1529694776305335,1.2410164510228894,-0.41655206964359004,0.9505113949296344,-2.711829599878897,3.0354741599216806,0.046974866922317116,-0.89354841975718,0.2195742677825192,-0.08545956241031671,-1.1434636147771855,-1.3861781221941103
2.90821709374874,11.742319188846107,-5.609693345320029,5.32945238565255,-0.5785164257203914,-1.8546766167430753,-3.3589110678081076,-1.1966067871320303,1.416779548710717,2.338737109621861,-0.5651951464707505,-0.3883635602338384,-1.4451277292380247,-0.4111944230946294,0.5517931828280788,0.504329895353497,1.4439264162054029,0.16688327135906467,-0.12773489543488736,0.6322634307126274
7.200772099537991,2.517349873484996,-3.624189183308394,-0.4754499661103884,8.377122954962159,-1.1534695999721654,-3.640976959861491,0.8139779651610367,1.6571383087110403,-0.8906399984420212,1.5132368636594928,1.1862300430316113,-2.744268314463995,0.14823174191558164,-2.236327357444358,-0.355249193621225,0.39066673497756055,0.6508774822829884,1.67972837839667,1.188463161825668
-1.9328413997255116,6.802073621921035,-8.222451946633917,1.6851614324594295,5.705191628116532,2.810322480671452,-2.9397586062243497,0.5303783865223235,0.25086884006761395,-0.28708255146767653,2.172308778146104,0.7792513225768729,0.5371243193584425,0.03616305176401957,0.8086050831878201,0.9968509547325273,-0.15285592895048228,-0.38191897965150845,3.8672741913831694,0.11591153871809562
-2.292376815891803,5.0546925113651975,-7.624292491922905,3.348845091298979,7.705750039726517,0.5654956847996234,-2.2995133815549247,-0.28787369898897575,0.3388311659676065,0.7440784290864986,0.7276528814073365,1.8400479946876171,-0.44749091792090523,-0.7509759311570846,0.8421138894164837,-1.3481117175154311,0.6046359637504188,0.11212263368200759,2.3045875312956356,-2.269272899663237
-8.855111483161304,-5.408168172624993,4.6916386869005855,6.899492870520518,4.226718731036337,-1.4882494353419724,0.08448165848055078,-1.8401329252350984,-0.07866575165689915,-0.8829356006875904,-1.877287178706916,0.5876685529855573,3.203930018484292,-2.8112702631035082,1.5620341606000203,-0.01520571473711865,1.9088050100940483,1.8167789266464518,1.7799759813802631,2.924074991168813
-1.8073296441262072,-1.3877383903564342,-1.5313502404309625,5.613841929011034,7.847283185526642,2.030102299181741,0.29936532446163666,1.0636035577345702,1.8338436864303445,0.021927206657344378,-1.4525688066932687,-2.126831079869721,0.11367614002813675,0.06353576024770047,2.1239197703933295,-0.18911655429384622,-0.20032548963242935,0.1236453839076691,0.6908173439266887,0.07820502097803511
4.337110639932076,-0.0019206660627357763,-4.6063498925156985,7.080699877307355,10.700424605223994,1.2150785722283581,-1.2243188252410961,6.019681822568997,-2.512824120595372,3.1135445075705404,2.944494324486203,2.6312625973000676,-2.143426322376585,1.3522301114689648,-0.35770966505868595,-2.3323376442887898,-2.097722358376876,1.3320757611545062,2.1169256284521456,3.0696086525993174
0.5174924526352832,1.8442964247495282,-4.309756295941099,4.380250867767448,7.1289331707812,-0.8521276900087029,-1.8919811582102506,0.9563831457863383,-0.32128039659005403,0.6172742907074757,-0.10728730182876767,0.10197658526306586,1.876140756936209,0.059954777912555456,1.532360252744884,1.0418421742326314,0.704817745450458,1.4926609842216636,1.7675888108399989,0.776463790090637
-1.0759179570369604,-1.701347347931486,-1.497180607601602,5.448366740186318,-4.181321735917306,4.176986565646941,3.2104495674640017,-0.0614953799818555,-1.3174267091040868,0.7606356038915907,1.73655881807803,-0.8138761707289497,0.21984110337593105,3.172173477098132,-0.8597665115949177,1.4331646929354305,0.5063842789966309,-2.6752317544207544,-3.0482956783971034,1.76430697515805
1.839218424613019,3.171728955438348,-4.751853666848598,0.4134396971853934,1.6348030335701376,0.5726877624957334,0.30833072181548205,-3.9014119404980896,-3.6458416160390086,-0.07773933650798281,3.746991032509097,1.0841226733153237,-1.1089009506612815,1.2789141263556192,0.41119776325754787,-3.479864610400769,-1.1843077123226193,1.7227330919170036,-0.5304539154498834,-0.7589260025002376
6.6072413193114405,2.541087732363458,-6.328019229325134,2.8545445086094037,0.6160981469954391,-3.632947152011091,-0.7745985424647795,-2.4931436403013136,-0.4740187984472295,2.0554732920083794,-3.445921114233327,0.5033036356506345,-0.9159364558200098,0.2972526144443314,0.3041025415966987,1.736630149429427,-0.7979803010358956,-3.163247819670154,0.8587259870320607,-0.7875448240032963
7.23004585923905,1.0204127404517385,-6.123608349203069,-5.640150857537069,1.6838593580585313,1.8806252905347325,-0.23753899383993038,-4.3101728826095655,-0.04044995429027215,2.4986787126377545,2.709492150656003,1.3505209072459645,-0.19264713537357692,-0.7521482190945045,-1.754756025538922,-2.007763642508162,0.5448737871751335,-1.5937282193342421,-0.3690483283143631,1.1928266953834004
6.284166890943361,-2.0802884138223776,-2.1600767044731546,6.862621861139805,3.576407980827124,1.378793429374793,-1.3286202542138432,-1.9811641819656938,2.8650386736107283,3.131995086556733,-2.918848809841629,-2.0898263134914137,1.293356027944796,-0.8246568189167368,0.7108943232427624,-2.82582779435744,-6.003060494171476,3.020908472050385,0.508130575355757,3.462301523459328
6.262935552595731,-2.821419933047655,-4.5032699495488595,0.4232018751554727,0.6361656840733424,-1.9827517135390005,3.9362822765229923,-2.389457719195252,-0.3571925147609811,3.5316959201564924,0.3728747263128962,0.048845814155073164,-0.19112093684991022,-0.2506460480111091,-0.07994009642344069,-1.1578598863882164,1.6311403403471054,-2.126128372343342,-0.3907362225161838,0.45859605196354924
4.214392402695223,-4.493862326742072,-0.8167344309104505,0.012007841021887233,0.5548496118609414,-1.03278554043117,2.6968762549548924,-2.637611691272698,0.4817281454109512,2.253803653232515,-0.22027115199817338,-0.6659392034248055,-1.6149416260463065,-1.7641468897099464,-0.0987946384247631,-0.48302264007038187,2.875779212791807,-0.3398340778188301,-1.6832478690770176,0.07827314614678504
0.6081442621828044,-3.967762019080066,3.2137944068362057,-0.6054749227629058,-1.7842580280407727,-0.8330996460200042,-1.8283153048768677,-3.3635206592413227,3.6749067964853634,-0.2928191185875899,-0.8342344215713551,-1.763536972976084,-2.018168907702673,-1.340421500895915,1.6575654644019355,-0.7095511213312178,-2.148835075424153,0.9849768213653637,-1.2416305623848758,0.4748050065796853
0.22684437866473794,-4.536386991933182,1.8465151115699105,0.5064680639722196,-2.5440895754835093,-0.45098468286224475,-0.5363481388585951,-2.3681744534077316,1.9559639220402412,-1.6656465768445263,-0.047842426104117486,-1.7882134033675174,-1.3095104791962326,-1.8566057777216693,0.22161586282945933,0.3342606725704387,-0.6348390975677439,-0.06312862035262067,-0.4371596458008329,0.7517449597278292
0.5601360879797251,-3.606725269442144,1.6890057658549327,-1.1801575580927213,-2.3202192237220514,-0.989956225945857,-2.095731206668437,-4.606586943894591,3.1528251675543597,-0.697165847721783,0.034870702655319774,-1.2613106044095503,-2.5156488827703614,-0.9437302494384998,1.2922699772925288,-0.3603531423307136,-0.9934134099397968,-0.3607098390707612,0.729027080333193,1.7663586107321898
3.8764420131989104,-4.331236009263026,-0.05418852619801809,0.0947353604791612,-2.013631194670255,-2.580719078009092,-0.7504897994311959,0.24164191452270645,1.6809381277654714,-2.8757224114209006,0.26082756655406747,-1.4423968595786447,-0.04599404041048327,0.5751366781929876,0.7149554808677586,-0.8207232259401044,-0.34284603652155,0.8865820992419184,1.7826993782703209,-1.8245431893290212
6.773550928420034,-4.339552118000737,-0.6649659709030581,-1.726793584221151,0.07788645785068771,-5.1229800516538875,-3.7820331073394664,-1.732934681975201,3.664691221205048,0.5097019488942579,-1.9670654936374037,-1.9292878839714473,-0.5089787109627857,-0.1616795307259607,0.14437649011290898,-0.9395307640498658,-2.1466385245817907,0.17168125709088577,-0.7771865032643664,0.06209019781651392
3.3625778555926793,0.039729963315712324,0.5788478368786896,3.2855757924796825,-1.5919525509036905,0.0332185269584641,-1.2474664499474808,-2.206453993100804,2.4726850335785713,0.3536613275463788,-1.6397079245083361,0.2596795248910028,-0.8877562038360267,0.007626747631090169,0.7677201359082209,-3.455748097316518,0.3072462917214094,0.5847086161365347,0.26544908902679465,0.2686875584244517
3.2469116123119846,-0.09008185346800512,0.3252820218437231,-3.796097394426588,0.3013621263226965,-1.881676639641472,-3.8802229380218236,-4.867553515373901,4.147816921357703,-2.1865593882909184,1.0511371022231488,-0.3834782657587124,-1.2398009110672206,0.5040280447566688,-2.672089101761081,-0.28025788442040866,-0.5834060279558844,-0.17060284204096154,1.9563185919911974,1.6778051434602563
3.6695243905530575,3.129554961537224,-2.2280855162930364,-6.02531631180603,1.7334526721237797,-2.042566942942609,-4.741226937324603,-4.593179704269922,3.783108839521013,-2.0138287768646257,2.649629770593401,0.6450794910941516,-1.1795501773352355,1.0871421425448817,-2.255443897882834,-0.8098169980138695,-0.8809345109133171,-1.8730752791066774,0.5021689789525398,0.12808845982480443
-6.219358893920996,-4.027479203272388,4.114405327252326,2.551157923181703,-2.938077329931892,1.2894681364208258,-0.13419921807329094,-3.3966582238517278,0.8434309247346765,-1.8780678342307433,0.6432835846727425,-1.4679907210270597,-1.7911677809028026,-1.7712490455832444,0.9109189500690258,0.17789867219906352,-0.7673371629204364,0.026505579695464854,-0.5485088782478319,-0.02407932370781407
0.5993660029150301,-0.9017644671826845,1.6128256665019058,-5.523281058910349,-2.5860304960626106,-3.1012211751549716,-0.48189822102401897,3.6580136695592236,-1.0094827144790401,-1.52774422210742,3.292285496252773,-1.230116669983615,-2.502176854723897,-0.11621971378569662,-0.46892151751609185,0.244167598316935,1.6110543082196191,-0.0829757130147527,0.8419256554687431,-0.2903856609046624
1.332226213474106,2.4538486567912186,2.6096288470132034,-5.737448262106529,-6.0297092843742455,-4.015618848414694,-4.5083908713791825,5.148753801169175,-1.2651907080075608,0.18627041238498182,2.554940239980066,-0.14570314957431862,-0.9312558185012885,-0.9002536218394652,-3.2168036204789323,0.7298598229267337,1.8574043693584066,-0.3463328170797296,-0.5840209293769815,-1.5784085133324854
2.1741266807743136,-0.16935755207202585,-0.6128555716365507,-7.109632997742374,-0.4303432291652515,3.4101696621841198,0.8090401332556442,2.251556534166635,-0.010567376316458543,-1.2377667765611045,2.9836384545207575,-1.4477479362693761,2.4197402536256147,-1.5056491485801071,-0.9218609096998485,0.032902359903130396,0.39824862638821357,1.3866969071329625,0.13807479294162106,0.4399440983662386
1.4424964472306074,-0.5474853182834589,-0.3348198573426622,-5.808732231391544,-0.8112738520685814,3.055048642610884,0.5392885480160958,1.8442078001228974,0.7794365770349594,1.7443436994523616,0.796131883049807,-1.0609527842804107,-0.7825329929749446,-2.4054072905995394,2.179335433577177,2.3706006582208587,-0.3367829625483024,-0.6669321003175317,0.8686191917192746,0.3343279403020052
0.6983365276942577,-1.1802538008462313,0.017662187899316832,-5.863195668889583,-1.053611671988703,-2.644715763917202,0.24513323735789005,2.075215911652272,-0.014730651650991522,-1.1116706272463426,3.3342320375239134,-1.7511177921653267,-3.38092234654033,-0.20628650647251212,0.025497603437954985,-0.08737198615946418,1.0184877944547135,-0.15763992189182957,0.8542923786870035,0.6549971423995318
1.0643648188581647,-4.397359376134947,1.2324872277430816,-1.7177919126433177,-0.8653102927893985,-2.3196715598177007,0.5099951167207053,-0.44689119044805037,0.29181249998088876,1.8390985495812249,2.7810803359669305,-3.227291058514716,-4.191024779389214,0.7088456116373283,-0.9281178325421995,-1.8703090525445822,0.06034248379792777,-1.176373795263505,-0.5656681949173333,0.6593445132695229
0.9808660281847206,-0.6394205251238785,0.282730700451218,-5.432712480054485,-2.229167579164296,2.444838976216206,-0.21321904914554657,1.3051225250624992,0.13264378016545517,2.7323735015949913,0.7459394865531904,-0.04946134946386438,-0.8097406268148333,-0.12685806033110814,2.4035083820372023,3.077226138273242,-0.45452676306061385,-0.8430373508473864,1.0391851827620497,1.2000723795583896
1.2344189798424314,1.3093351036141878,3.302277774256517,-5.126953404540562,-4.8803332312818135,3.303468970725942,-5.418066674763061,3.869402090661901,-0.15574534887701058,0.7171357134258409,-0.21031355071471525,-1.0792718492589926,1.5234607513704708,-2.874145959261334,0.48481418649440355,1.69309844376796,0.5106593354605787,-0.4521104753900549,-0.5338753849783227,-1.5327773939032259
1.5628144550525507,0.20768515575720162,-0.7531861859075589,-7.070394986081103,-0.7041051990949756,3.1253723144362286,0.2054920925125876,2.1717896480481365,1.0870762102007032,-0.9845814925587255,2.8963714975850854,-1.8176520041460584,1.9417630654475784,-0.20148727013667744,0.22493436751859075,0.8272140528298246,0.719717925338252,-0.8579330413292089,-0.7142177526340086,0.06993211240362485
1.4280567495314207,2.038695352960663,2.9329522969416058,-5.434493114278991,-6.093943494879004,3.9148289235235287,-4.681616203188241,5.583990053069849,-0.27446062174602737,-0.16273612268628818,1.9385564964424193,-1.457259198635184,0.035757583142086435,-0.6031971067249509,-3.618931028883119,-1.446839978259024,2.0234408736012903,-0.19654548118286352,-0.3619076755923739,1.374102792116961
0.4837468748834235,-0.5139245959503428,3.3277562969638996,-5.809500527852333,-3.6291738546220604,3.3287401048700485,-1.5692957178991405,4.707211278625131,-0.28781394742950706,-2.0946662226549946,1.927795919156412,-1.803214809366637,0.7824981737777896,-0.5035596087848719,-0.7222611345837098,-0.006718460176118768,2.5277059011695915,0.805472004528063,-0.06434143057222313,0.9382451565264879
1.7619613251699122,-0.7582777683536736,1.685980355522859,-5.487685119067072,-3.164812113191685,3.4497743882381866,-0.7482710172635744,3.467919805991939,-1.5313599737748567,-1.935402091944436,1.5865960948062017,-1.2905078878876228,1.813667379465103,0.35930455939405875,-0.681042952053869,1.6940409324516876,1.4967068906474958,0.8652963489736053,0.6031540717354229,1.533061960811079
1.5431073229825385,0.5410614113717834,1.2392557282774654,-6.821014096149408,-2.3658177363056536,3.385311300213267,-1.1782727246779248,2.6428534797909213,0.22753172581792652,1.957861923647049,1.367710200808725,-0.7480159477371628,-0.3227966500690501,-1.51340008173367,1.7344483457533053,1.3072728039779036,0.49537523197676847,-0.6730032328965453,0.38951688761223224,-1.2105474921107433
1.4088364046196953,-0.2705344773458386,1.4154987100608167,-5.087035096065554,-2.40804899230634,-3.840179345282583,0.08001906021506622,4.77803180863451,-1.2208635095054818,-0.5994222215580902,3.3600816044079185,-1.2072960497820904,-2.1699350513386344,0.05671674441184571,-0.9660529912888429,0.6667665841104637,1.3330879739375314,-0.7981627082938152,0.49599333892386466,-0.2973540458661421
2.3064587765217652,-0.33117457275814194,-0.040590902594884654,-4.881189349880826,-1.9127851585447788,3.6518148450668697,1.189725548334926,3.47852450494794,-0.9659446888303442,-0.8708318764543274,2.0881675239125013,-1.3418561617602243,2.6080682726776554,0.9508831564612976,-0.43537123178531145,1.9658155709145455,0.8069519202570656,1.9567601483716437,-0.03192429656080181,2.635314367577244
2.230694955857233,2.7142059194682933,2.813475637630238,-5.598851277018147,-5.4749409427297655,4.387758057858079,-5.174225168418241,4.540061134104839,-0.5927858846030123,0.37232161225317595,0.8427107746511948,-0.20119216122087358,0.9799462452724792,-4.027171486008795,-1.2720056368431694,3.7028472194741786,1.5679679835123987,-0.2214313567452133,0.20114317001071313,-1.4291928930943443
0.8657091884444418,-0.9889819277521259,1.8206303501097847,-5.642616060581558,-2.475152895564884,3.3955693412020613,0.02695274375130091,5.073415690217684,-0.39420293258013445,-1.4093828116341756,2.4846355931704323,-2.2163441036800817,1.299014803793618,0.08218077829849074,-0.7857676311773634,-0.2889342624263911,2.0957510318996615,0.554418049733254,0.30412050612798314,-0.41432217978017305
0.511132867671181,0.20073955182376224,1.4593881735101435,-7.5814211583995075,-2.1406320353676462,2.7010620253896924,-1.2284699092882685,3.163978800391845,-0.23372468673254398,2.670397661951636,1.996960585185769,-1.1581533759823424,0.8042942563998475,-0.508305295055506,2.404848588357357,0.6109573684546212,-0.288841091709207,-1.3557060132312193,-0.4174468729805718,-1.125593848320302
1.1464077911237456,3.648033428187706,2.1574296948559013,-7.3191056362173335,-5.441591588861765,-4.038230445420782,-4.576852028569739,5.916508521429712,-1.3232731173014507,0.33640566019491264,3.41306098822409,0.44361970946013174,0.4960305341912399,0.2613628012016611,-2.3692493598337143,0.39141146713097785,0.8569421091374407,-1.5132938087625443,-1.857778448791021,-3.270451250730001
0.5122785413257832,1.870670655907812,0.6933232296323566,-7.906517591483258,-1.152012598784358,2.8407571778624465,-0.15173254959344307,3.4980581231479038,-1.6354158477881025,-2.3001138346538417,2.41623532368878,-2.3173256008251197,1.0416639954372182,-0.8169728643800506,-1.4747067054682126,1.3484727167633508,2.068252932313781,0.491729749218433,-0.9044590036793173,-0.28531418575193884
2.0992088411821155,0.4029754469447313,1.4050168571419874,-5.724835229685291,-2.389935161329679,-3.2130337414473726,-0.885544094204277,3.7824801773384795,-0.23601031867175837,0.845032742897176,1.8934753993705904,-2.320904961939786,-0.15920471401782055,2.075814526518635,0.10503271142930004,-0.42169642684377123,0.45906243662330315,-0.5153661179080571,1.0305284291967862,-0.4317703348864968
1.054781362551371,0.6774203124870812,2.089080722299186,-6.7281981063091685,-2.56028516803934,3.5638161482293413,-1.552827814743419,4.607805247636634,-0.7104169753592893,2.060103075063854,1.0931485963989775,-1.356834741820006,0.161243678632212,-1.9724130188260685,0.7093725708227159,2.5877277674206876,2.1023444702514884,0.4094308408945935,1.107565499374638,-0.3467700461408588
0.7765941503548306,0.8243111183996141,3.01090403833778,8.646370219372681,-3.7482732950056876,2.0614290360352885,-2.8326175822978685,1.2697493853593556,1.065773466209624,-0.9685606176217766,-2.953462422543236,-0.48256764374959615,-0.22408259073788153,1.045592954855547,0.3006298014765765,1.2911830270512974,-0.2075909327733636,-2.3305590212909797,-0.09994337184228863,-0.621178723282646
0.9023111681321425,0.8065755649076776,3.1703842276725216,8.532052168633747,-3.658196987401168,1.929153782544617,-3.046014209363511,1.08826537799618,1.1653717399088255,-0.9994626274209875,-3.121741378202284,-0.14965773342923605,-0.04428490258897827,0.9011207058470934,0.19498137025903906,1.136238186417557,-0.36092578800783914,-2.1499918153340687,-0.3310016074777722,-0.3620173237480031
3.213268088937035,2.0766716237194385,2.2635346912159164,-5.789115673116925,-5.675394870867404,5.515842516857198,-5.066511049526436,3.9431554889407763,-1.6654723868684722,0.3414592222794546,1.6790287191606812,-1.523400044761754,0.634099463767077,-0.6042136590651368,-4.316965766989228,1.6311264889122838,1.1723267007635547,1.1751554514468783,-0.5203459724458823,-1.2374844680936536
2.0164762824885885,3.305787138878236,1.8781314837157739,-5.384559122221198,-5.662925795337735,-4.631802549975295,-4.019755534481197,5.928067870624079,-1.230909572688643,1.3131186071909664,2.5224831198516373,-0.1689446156007861,-0.7749082378366291,-0.850443818259706,-3.8919320279339056,1.4531796115368638,1.8522348353183296,-1.0314484194413782,-0.9527549912146749,-1.8037683762010082
1.358381199281785,1.3232009407381509,1.9470113749745876,-3.5006620052960327,-7.316882477066884,3.6302283637721002,-4.727615269558468,4.7798566886339735,-0.40932255545639407,0.3342726174557925,2.082843782074312,-1.7436811597472182,0.06874225454497179,0.44531861879419543,-3.4051246809691094,-0.6513181606913436,2.0842578230158324,-0.16760467910561622,0.35305616660090783,0.9478555858598607
2.79261741269523,-0.5126374509550309,2.292776567109292,-3.4407308300329023,-3.8475316449797177,-4.4927431181023465,0.13131099377757638,4.424237403327499,-1.0713924803084538,-0.2932269221180176,2.359496993087972,-1.9621178381930198,-1.6970901606533864,0.26879792797893265,-0.7949002250931421,0.29798340777493054,0.6355130480080369,-1.3735018660460208,0.13641414664391915,-0.2978295714309298
3.098254204968994,-0.0953938216040906,2.952542676995088,-5.5937092677152584,-1.5807573231666248,-1.6605648252407899,-7.827104370497779,4.2557367904306185,-5.373193480067603,-1.0945930302334723,-5.926952367475197,1.2884256853145928,-3.6365849268887,-2.9790928897863482,6.245132856295277,4.726258832549575,7.865937094092474,-5.794869815381674,3.8409312038058516,2.527419676338458
2.3273673356266142,2.6372378313718077,1.3340593848124374,-4.547723968873149,-6.89635350014988,4.22256827799754,-4.828632243826505,5.235908727389064,-0.48729824794494414,0.7107849526547705,2.4182447881388063,-1.1497767912220618,-0.3463643921934316,0.49959959099124296,-3.150390981757702,-0.5782782860412108,1.459453303406295,-1.1268875106765706,-0.08564540970098589,1.5815204265906013
2.231587373117395,1.1013884185649774,2.636017973032732,-4.571126276810139,-7.931670156201646,4.769764039625514,-6.435440075131995,3.123251705756949,-2.2193281717798636,-0.6634744660817944,1.2346386542262295,-1.8485103209911835,0.2901723123523128,-0.21117518845466132,-4.713568458455704,1.4327550717997988,2.5197752764814414,-0.6063148557558162,0.9812459296260738,-1.2675839955897263
0.9620759905233873,-0.9056063386110101,0.04437273046448981,-6.018500938109774,-2.683287694225704,3.029953427204366,-0.6578011644118723,3.012199299298326,-1.1992795752018144,-1.476428913047662,2.6058753764050646,-2.2754312273963224,0.5401902374418082,0.7659367580509128,-0.48819038632620215,-0.735998854007575,0.9099418438460367,1.0688116718705571,0.07542295888237838,-1.1395011454567674
0.9995403820139552,2.8996907985196243,1.1180031202264682,-5.530738855028872,-6.690690724015759,-4.050134746208579,-4.395603671056078,5.142868538020898,-1.4970845172288059,1.0702000778322098,2.735703219837342,-0.3704266769920286,0.6522255725759047,0.8853385014130191,-2.6343260839015255,-0.3071164784784708,1.210405842762061,-1.2570464744062573,-1.2263518432762999,-2.6494470793745877
2.6231979420350213,3.708038160296118,3.7901564083236057,-6.774614476468987,-5.273131389395795,1.0536680004650723,-11.637291352081302,7.2339807185929415,-7.985392500916218,4.2189931511399275,-4.727910336828939,1.2536188208666026,-3.61689175401837,2.544644080456323,-1.6455465631691601,1.0292081715486345,6.70894116411658,-6.482998356554844,1.1343900357747418,-2.5371967126687154
3.230383709006716,4.138546239279935,0.27163353613146685,-6.459220454933833,-5.950427055383177,-4.191320335416808,-5.29835072241037,4.172160874289886,-0.8959895693319243,1.4238452128240304,3.8762830742143777,1.3295247826342311,0.2340065078094972,-0.13514517621998623,-3.1117911366443884,0.18890671988383434,1.0368434091796623,-1.9577324726619638,-1.7324556687576924,-3.3545293543716443
0.9057539621973641,2.0201771295033297,3.3284930512193815,3.6513604287270693,-4.123688780138734,3.808141079432151,2.9026906613577474,2.889362719896282,0.6199417699216985,-0.03760227162345153,0.5001231378482951,-2.5131767088900845,2.4788085436394702,-0.1451515693480511,-2.419344268786698,0.5391797445752098,-1.9039107758681482,-2.3229638330668783,-3.323267021610527,-1.5812275592719933
0.29827044181832363,4.961962244758331,-2.476346114424761,0.8764736553904604,-4.786976936859479,-6.877161807402908,-5.221532452779318,0.6356104330035477,2.5515250694837786,0.7429827902066348,0.9254546387580611,-0.16828779023016788,-3.631109832618541,-0.363822340437687,-1.9250461762892201,-0.8027029402202147,-0.31565384420956677,-1.5426945222331034,0.10316290388268168,-1.2622227950962241
1.1965625397423658,6.748157969385893,-0.007629139796953233,0.3352009530024851,-8.183994001073247,-3.4517678955693034,-11.574086338234634,1.4851050859313972,1.5700434237485925,2.2484255037486705,-0.09271617537740884,-0.42719411904358906,-4.662233317910879,-2.2314505019691846,-5.753759440150406,1.121792095319802,0.46378774227825365,0.6091992665098842,0.06823196264264886,-1.4336268285933282
0.48678758126926963,11.87934297043792,-2.9953483199867117,-0.9380321567919343,-7.479308625451327,3.573456902742261,-5.045846550701664,2.238109084386595,1.087777869589226,0.9875490875731936,0.3299083576171425,-1.3713617334516812,3.063993290388211,-2.382083630827138,-2.0307586375021347,-1.272792564876362,-0.18439474263067118,1.3842538275909877,0.1403757747432106,2.042764974059378
2.62114397217324,6.192000932703699,-2.069672162987417,2.264869726944821,-8.477761989785956,8.213677295024315,-5.124007977542728,0.24813212890512792,4.137956268478664,1.252453327535899,1.1322890578531863,-2.4708711327742714,3.098935663930863,-3.3756833964458304,-2.0127136181512073,-1.298513547996022,-0.2569834674781968,-0.2352878149245594,2.6885205806477046,2.7101473162595258
3.1611266440508494,6.9375503752844,-4.166588029532539,-0.8594948899590914,-5.697924733258782,-6.234186775429406,-3.0362898291608125,3.0812459127066645,3.8704798997252805,1.9703010721642622,-0.6513296454095441,-1.4071331874255826,-4.956268980656878,-1.3767535615626814,-2.7097837425215356,0.31786837034648174,-0.8717074311031652,-0.8096548648860723,1.4313667415316285,0.558728626890308
4.926606449846927,6.506654031729506,-3.845350722722306,-0.07219598886030432,-3.9920838605673774,-6.302444308659293,-5.660965716750952,-0.46961449580911296,3.8801683876316826,0.7123803808121757,1.0638858025620028,0.2196824542658602,-3.9389111887523858,-2.3200463800391233,-2.0451102930394174,0.9402256601800001,-0.594597203837339,-1.2805712900290835,-0.03373334749855239,0.8948788685444229
4.3262028576661615,5.781406690497544,-4.723022443431515,-1.527432334561378,-4.229620060822429,-7.883626808417944,-5.166227974173435,0.8056612807510577,4.140395535497358,-1.6395861897553685,-0.39142968846267534,-1.4959850737022418,2.32894226017871,-2.8139335998443427,-2.016738910296987,-1.4906875094187901,-1.1730160578150994,-2.3744805107590654,0.1487882122222295,0.9394161478396874
1.8710655227633963,-1.095914060347936,3.832814518195761,-4.750309993227666,-7.147183402902724,-0.4094107673303888,-1.2289864336882212,4.345494862676119,0.6311291110218679,-1.9037258903082974,-2.561668892041794,-1.9176398307254747,3.085711347247978,-0.3912120171989746,-2.43230150543683,1.4504993677992124,-3.7512965311555977,-0.987905757795952,-0.08962589812582233,0.8997261080465984
5.670603601714154,-2.904347946120443,-1.1351831335672105,-0.09087038573076589,2.5380785744765806,-0.07218564684287737,2.310334697642261,-1.6804174743508915,-4.574660441633728,0.36842986510383197,2.4393844846600032,-1.2945426797561268,0.4176429421665833,-0.20291498891602006,-1.7208538898585295,1.3376752422380083,1.6173489151249403,-0.19925411786318514,-1.8111911429489247,0.3040879115417836
7.138099539154643,-2.577393583188261,-1.3328428558035974,0.030608839401975896,2.942944230918722,-0.21999284429468172,2.0750432258779123,-1.8505216907800226,-5.014021196877405,0.26648400438528164,2.4851464091284434,-1.6012679199498436,0.12127232173045255,-0.06824914523061543,-1.634367407529373,1.5976798016813887,1.785102123633922,-0.017049835233485577,-2.0487622326634014,0.6772877508904669
8.43686960145849,-2.5928475168909513,-0.8687881481532715,1.1581785087517595,3.050067776536511,-1.5112342526291882,3.188960273941155,-2.005430546290761,-4.0557626172184,0.08399946447493506,2.0311279309021195,-2.119670619230284,0.46077773528083843,0.22102566665740409,-2.5896350427248325,-1.5520379314911623,1.6769985482264573,0.7161802497090668,-3.2762893307393974,-0.6369310241084671
11.251378466568866,-1.1101914399370512,-1.6782900226460546,-1.5861711680730965,3.413784410918935,-2.202703014221165,2.543327097699851,-3.0394534306023395,-4.284562842266731,0.23864139012993346,-2.220771539645742,-2.9094149522733015,-0.2106272430947146,-2.0711700348163538,-0.6546313416951959,3.5014696428368133,-2.3504853184326153,-0.570267933558311,3.514687113108343,0.9857750566242138
12.971604963392998,-0.6408097825649051,-1.692814365656186,-1.631787518386966,3.899617830894175,-2.50333654245484,2.450916864809111,-3.206383249500615,-4.793598345904853,0.07662860578367225,-2.3445730840565076,-3.370157246591247,-0.5853071585759774,-2.188308711205988,-0.7173235761635961,3.733342824906587,-2.3854558554080443,-0.7160296294216857,3.940388027034002,1.0478795940116856
13.087156473541594,-1.7667721650510173,-1.4566609074618475,1.139091040260668,3.7568670137955227,-0.5796539756057573,2.680557742508152,-1.5423279236700913,-6.630895466825272,1.193929207623374,1.1347742022136096,-0.38046168770073197,3.0095338682134525,-2.987780958868522,1.7901833206154059,1.0629575253900867,1.8971327611377293,0.7909778954101692,-2.3907501890271363,-1.6826024500575767
14.53415956582479,-1.464275831911678,-1.548666782477438,1.271614899636928,4.037770498858896,-0.6996227030673373,2.6017485396318847,-1.553783281601327,-7.172454947409573,1.457869005756439,1.2491613721194805,-0.4575504406768447,3.2628200113786123,-3.1263627632896145,1.784296555231161,1.1520426461223476,2.1458347752027156,0.978977953562862,-2.548525500618878,-1.861771519429375
9.271325104365697,-2.645145186070855,0.27011572009530876,-0.09362607714631266,3.0899666804393666,-0.8047110488895379,1.8755188047371452,-2.5353013004572977,-4.065581526740115,0.8064327765836066,1.231991432622329,0.40123350848115974,0.8932144211353099,-2.9917881298090334,1.2670244935531698,0.5364816138659727,1.0008884566959084,-0.05065558564330319,-2.7314345059648693,-1.8161479127718148
9.292660576975496,-3.3425305162883583,1.2815754175103753,0.7501141446590431,2.769921934761423,-4.02751102373287,-1.3763453439532358,-0.679063542669774,-8.550301251043354,-0.5717219714222136,-0.7030268188216684,-1.7506348707442343,2.518339247182696,1.0923953798744988,-1.3650623592485016,-2.9277868266773446,2.725776739890767,4.067412338512376,-2.21019643841006,-1.2143992997194089
3.4041409603346664,1.4908995813637667,-1.4115940200871857,-4.420065800933316,-1.1294149607429684,0.46020396101922845,-1.538831744563982,2.490715981969953,0.9421987245202709,0.38577211214138984,-2.0232315632417155,0.8515210647177079,-0.8124444916982523,-0.2846398229047967,0.9792297584060524,-0.6024666087668922,-3.0114855917077943,0.14748015801158487,0.39186780965701007,-2.5580990192916113
9.50227511433065,9.773374052893463,-1.9962828837663378,-5.88262577909052,-2.1007625022322944,0.7903922818496574,-3.4184724376672717,1.112090719041896,-0.670243660464185,-0.763076335117376,-1.3610866049197914,-1.2669608002373702,-0.0707876688706981,2.6213549502783966,-0.5893236676865458,-1.265898099963243,-1.802076485593079,1.3332359359849528,0.5288157571271663,0.10134581906561056
9.107209178728205,9.095395567112535,-0.4640268565135989,-7.079339537628055,-0.9603905733526925,0.40640820670685335,-3.4909183734063696,1.4093414182336865,0.9835218918303129,0.7421952011627917,-3.08027470786527,-1.8078053756227614,-2.442030975429591,0.16856559741404556,1.9517132015029697,1.0345406719149175,-2.2856647697075143,2.44121976377034,0.2332637325004605,-3.8756691023439096
8.996302848054953,8.002237187106841,-2.138911473391187,-5.340046089376925,-2.468731788340406,1.4987290340940302,-3.3247913454301417,0.07776565138840408,-0.6006564199889985,-0.7275462227639381,-0.20806365649080893,-0.2569227179747262,-0.7438479502996939,-1.0386060847099179,0.406380365705727,-1.4239287986867741,-1.5800184996714521,-1.5445224175720125,-1.787661275197168,3.6259884997873035
9.455684729875237,8.645470152303107,-1.5032373354141355,-4.536185890302736,-2.419662284758524,1.1007203269924324,-3.149314667928107,1.578523947008591,-0.7251545923498113,-0.612327940164387,-0.9699076943163657,-0.4700204117968099,-0.006639960078557605,2.601069366642886,1.2572168925568636,-1.8102151776160134,-2.078562702905314,1.965901439383453,1.3419671058305265,0.963182649244248
10.204338347734716,9.141948910053085,-2.683262540063221,-6.1928553245696865,-2.37862904045813,2.0499156644436516,-3.4570931222239523,0.09323581940873416,-0.5779691579690488,-0.06946318076196585,0.22834655212666732,0.4244854438431474,-1.0453183431549447,-0.9226192334053559,0.32313904062506393,-1.1607545689669008,-1.7950198694894757,-1.101568500736289,-1.8147754989348925,3.3327746919239316
9.276620704379487,9.296059750460891,-2.538550063934024,-5.909539446852584,-1.08626774276579,1.1132553312823985,-2.4498288591471873,3.005664289545674,-0.7412594362598679,0.7564616597598874,-1.5190424333617414,-0.783311420372897,-1.1698750280106776,-0.03829449229846657,0.7879865748831085,0.5743386381611251,-1.3976970420238224,2.374279893005088,0.42987079282817975,-3.8750039897856396
9.123778530482516,8.87349612881683,0.3487851187656449,-6.3189599894932655,-1.6456370278304837,0.7695278545208937,-3.61183407272756,1.018475614632996,1.8936632264908382,1.8331570870042189,-3.959778595622035,-1.9855495921973152,-2.6982175176999963,-0.0014816304216051235,1.6958372031413476,1.3126687596066782,-3.041482656706129,1.723863442249,-0.038806011033772014,-3.738351172542915
11.072723371576789,10.562103593959069,1.5647328302521215,5.305921591983863,-1.8393545490824943,-1.5133628002858872,-3.5991853070663007,1.0569771464506554,-3.94301216478169,-2.725685441992368,2.4243189639798124,-1.78871410323665,-0.18993761980965163,2.646145192946965,3.3468345917376663,3.0947766648782427,2.083577425201793,6.549674439407526,-2.3990305717919145,2.01352257316921
11.58473629288506,12.03760427212939,5.701295842923177,5.9754709010526526,-4.664960391222902,1.119556686606146,-7.0966609766130775,1.4435647887212275,-1.5879329752501177,1.7442428742781906,1.6157594373560347,-1.8497462648980212,-3.443795161480943,0.4161109396042644,2.4579843560425423,2.005799088384281,-0.2595558505851081,5.426630333547738,-0.9452085065431368,0.5728812945797275
9.614295095027472,10.358571471439717,1.6245714788027206,-4.4430713334501855,-5.285181478697124,0.6445704122472485,-8.856988582345178,3.3938477458893184,-1.1546408418932974,-1.9650553212838984,-2.6143778385430934,-1.4994431748325292,2.8758103309127154,2.726907148525366,0.4115505265714806,-3.028431707017797,-1.0712750694181756,2.197936897695062,0.4085221882878638,-0.23563212503767217
13.183301001227349,7.611014190981697,-3.4585579090226757,-6.912279952258846,-1.7753044442420807,-0.11795157390893185,-3.170286943346232,1.976923536685206,-0.3000088151486214,-1.052734948673423,-0.4126627909245575,-0.007364430813353251,-0.47220434304374215,-1.2196429153543338,0.035123442079505685,-1.1345781273071327,-1.5572332458400702,-1.198633111747671,-2.189764632120171,3.52613542617801
14.168150477324758,10.508972511603854,-0.11146220707589102,7.175488280147082,-1.8276881777515237,-1.6562542199767896,-2.4504580000545175,1.8417245004404637,-0.6494898942890623,-1.6505746108336843,1.0288421446534688,-1.3860054303319855,-0.4276837117818688,1.505836908144611,3.174775565227208,2.4499934640053915,0.21319044657504538,5.241917244837601,0.6402447746103004,1.1422874445672566
13.238107849286477,8.687046020696677,-2.565665187574836,-7.587388555811035,-0.1447693754700855,-2.4477672259676604,-4.957186353876728,-0.5073176216877725,1.818961021385594,-0.5886644207390104,-0.286873632713079,1.5768170401378478,1.1624119109334405,-3.1356385848078325,-1.6509288072145418,0.009311226873624623,-0.19202034224147613,-3.0451354694792894,-0.9503178588806684,4.4154347254271435
75.79776382222514,150.86985089092332,155.3780133376547,-7.1550591166232245,17.99675493008107,-46.92033688189403,66.32074816211528,-1.99386244794843,-11.747202548889339,-38.36309311286733,-5.263008298827305,0.08019846703991718,-10.269454647047976,20.744818158500074,15.916512561583158,12.11536178922877,3.697171254018066,-26.284127781308655,18.788557130923824,-32.10530284542821
16.22041062611978,67.27081612727517,58.223072291444,0.5216227273189888,17.928955998725353,-16.286403053914345,24.487739009591145,-3.8035031348526585,1.2851684558555188,-5.690358795451408,-1.3574259509570195,0.2673623342075677,0.765600114074604,2.873332166848863,-1.0993620576864829,-3.421324795312155,-7.937653061523944,-2.354747300851618,-5.140944948907508,-5.54281403689488
12.644645175584927,63.695288696924194,28.155390673028922,3.5151214730079166,4.225248301083849,3.609794159622355,10.207166609622536,2.4776823140981024,-1.4469581518837957,2.260785867696411,5.985783896313817,1.9142537732988432,1.470574353137109,4.9595663672766594,1.9196836832202961,-1.5033246314045878,4.900691023703422,0.9988784026604787,4.034598292633435,-3.84190992216793
11.30099103644728,57.93273038130806,24.937219049711118,6.166560788140548,4.430541876950967,1.4816742463510857,7.67712888051862,-0.012313877656825511,-0.051894392702073744,5.5807263737937625,4.845421810807887,2.3167135778052703,1.798382176813421,3.266413359006621,-0.9167805264542066,0.7728383814153084,1.7773156192557584,1.4359813339306235,0.8572705873209863,-1.9096393528947067
18.095208905481154,69.54581370709994,58.517841960982146,-2.459682713403595,14.625432175904509,-20.87644605789297,23.359992002493655,-3.0956424373390297,2.6924387134975225,-2.8643352915247338,-2.425370217603801,-1.6598554007572481,-1.0091717989882645,1.6492616256321035,2.5859691511704024,3.1360879280096428,-0.7545947897192287,-5.519808296049348,-3.4081999924903474,-1.936836520557554
17.965404833829133,67.19051597395503,60.789820769407825,-4.395505324039031,15.197474272635327,-15.997597280437827,23.832699681023584,-6.525517789964507,1.6015053186578667,-4.227817682541443,0.8259291419746893,1.8905907422564479,-0.4799429566970672,4.318660172345014,-0.005352941032651604,-2.5961476064527127,-2.362401377760387,-4.654095238953339,-2.3800681659072165,-5.737885038564373
13.316841722186924,57.23176152723978,27.159098124552926,8.276570495021238,1.287767663695789,5.523081774656844,8.006927877936544,-3.2492656293867723,0.1323521077108527,-2.511008117100854,2.0877381607562455,2.0058773590879615,0.5461436539221195,2.8902504074528177,1.2956787915966812,2.789343249492428,0.963349725331291,-0.1792590380188388,1.3847167202547244,1.5433249031011256
2.137124490259715,1.5739805701216665,6.832693950025178,5.818261465007234,-6.880369825408691,0.9514504838630353,-4.490034856275575,5.377223954240037,2.204823197442066,0.5926714424708239,1.641972075717928,-4.384099248091128,-3.1452646636322923,-0.7144912924708363,-2.1764672420207205,-0.6358840027432127,2.0458346256451154,0.9569925519880176,1.5505787641059774,-0.6284884227587371
2.1200450150371237,0.5215002252262602,2.4746205246253736,6.454078969883907,-5.212304641134565,0.01957150586063794,-2.8649270281779695,2.931661688096152,0.869525699901498,1.9131213991759919,4.21030019291597,-2.114954728156685,-1.061439916090388,0.37622645962564316,-1.1281689125612957,-1.29727000965389,0.5214980497804386,0.032412332474097784,1.5659691026289875,-1.1812454489648891
3.0253461107301653,0.13808626758249742,7.442427584910618,-4.103495991188346,-4.756471755316307,3.286092273698729,-0.4404876973325599,6.082595586969984,-0.5918438351878657,-1.4058849853344009,-1.6212301650492686,-4.2708318242375345,-1.0774851360494302,-0.1472382109326843,-2.1984297408558873,-1.7114218528172942,-3.169390863409313,1.8223997775957188,-2.165108794703433,1.1181538776207391
2.715066495756809,-1.1667278674805635,1.1392469482455663,5.901051897728705,-3.615540980934557,1.2989619660351344,0.369663997011358,0.9730238892398315,2.4965001311847037,1.1781751205044415,1.4096528289981731,-2.708977509836553,1.8615977645029256,-2.403718632092901,3.3008759615739853,0.6965351013578376,-1.6583371141651475,-1.252274975709752,0.26184781007437796,0.08634597541931122
3.1837705412403934,-0.5726466938975321,3.123286531416344,-3.3283258045419855,-0.8802757520025041,-0.0017028664341980082,-0.3546036063303275,1.2115549271187493,2.342151984853666,-1.6720429169040991,-2.5596767056354204,-2.6534889889394684,1.7077943332722731,0.8139691638388471,-1.068996715195259,1.2626335516650709,-0.557775414805624,0.0563994579391347,-0.21184999986966035,0.2674446207894232
3.238193519951344,-0.988851344966418,2.1248777688381617,4.151679675728664,-3.046246064094964,-0.1623309143224634,-1.0295557548483267,0.6907428091468066,3.7375388692522584,0.40267840513830855,3.4185029336749335,-2.338118989749214,2.0888122674456877,-1.6349590227134119,-0.08031571383959502,-1.5978562455358831,-0.7496324781038319,1.7037948244067653,0.610227898298835,0.38516237153297483
1.4426127098533499,-1.5884601800817482,2.897037382548761,4.516451852925615,-3.658575974144286,-0.4181088904477346,-0.2630539108548593,0.13127254759600548,3.5419972102988826,-1.0631497482956442,3.976992758284977,-2.251766268220819,2.4454237712900495,-2.724677460190768,-1.0897107072380638,1.370663024547885,-0.7020195825073836,-1.6342585554652818,-0.6754538714840088,0.2508622646093204
0.4112699863753922,-0.025359493643298314,1.1085200947187537,6.342294210539714,-3.559439988848514,-1.6139491142153477,0.27709191597367777,0.9808618823161646,0.08534484152860944,-0.324377740945927,2.2396966956728446,-0.919692976448955,-1.0745602550695408,-0.08293471388650397,1.1389218752320907,0.6266161378070493,-1.3272641863538868,-3.159102565178615,-2.280281147323794,-1.163733744317919
0.8185709753316446,-4.513915922270646,5.002777699461342,7.936465994902415,-3.789545302748257,2.512181030103784,0.4157709952843909,-0.4310359623228307,0.47907311678022707,-0.7679604603909621,2.2322434483224627,0.9073350987979043,-0.4611633967430746,-1.1447726601495298,-0.10047712331009229,1.857640109105759,-0.5791162594212913,-2.6645624452484333,-2.5168102557910874,-0.5002212598636154
-0.4900670722063779,-0.5688988172043494,0.8533848570184721,6.004056666301815,-3.4383178143969753,-2.1578721416519,-0.5194525398684908,-0.15960808033458052,0.46241327444531055,1.0571679851073332,1.6694698428628743,-1.2109082394279378,1.198164027079712,1.5121555686523758,2.3095623859089103,-1.0511578030596267,-1.7563305337323192,-3.1960149023840483,-1.3836051085777183,0.8923846952960692
0.04732343877676934,-4.268918807083061,2.0012430149677125,8.410153514197845,-3.6529473894871938,2.5641625863016526,1.4459023408700002,-0.2969830447033578,-0.9489602085217252,-1.4809244167800104,3.397960134636077,1.452925936334336,-1.625929383420632,-1.180110671268713,-0.4472829045266546,1.8451816222331676,0.34724985596072966,-2.430566239660367,-2.3271988770894922,-0.48858259767272005
-1.4536682091697102,-1.3455485137319914,1.5163178060125584,5.83254191867416,-4.310540086148454,-3.022351092098583,-0.779441194351457,-1.5276275025869581,1.2161251854172983,-1.2267102093945046,2.212656359625292,-0.5958497843445707,-0.6127064389812162,-0.26524506701865824,2.024224845484617,1.518635267222666,-1.3035653843380899,-2.9081929671116176,-2.7778263602032793,-0.3898261491758843
-0.9926727037363156,-4.6097147795765,2.08766653777675,7.82012075022987,-3.379154282958624,-3.1955246848237304,1.7080016353945293,-0.8728464975147832,-0.6025719669143029,-2.3778107559176105,2.8810737336612418,1.353188115580017,1.1803063434691192,-1.9487059963868274,-0.846692774235764,-1.369659322329811,-0.41031836700068647,-2.777992668305725,-2.471378755295653,0.9987896601390664
0.20293321506876755,9.762193328864907,-0.5210512710405747,1.0360676810657392,-3.405162141806714,0.27662628070843,1.936846172422085,0.6765841317017324,-2.860221028192841,1.3417005454192472,1.6760770776489957,-0.3988903492167073,-0.7312328741507834,0.17829765301815315,-0.21878547148737781,2.388816632959206,2.245303423529024,0.48302553784741775,-2.7036037355400504,-3.0898702583536877
1.605763134544815,-0.3688328753197223,-2.432052453308398,0.17945341205613552,-0.11289354431131882,-1.7422733965863173,0.3378531067499418,-1.9561410592237747,-1.1458836917049875,0.4821999429522533,-0.22344513034424818,-0.5357894488868656,0.057371846791657605,-1.2290130262871168,-0.7984528287879236,0.3465762016959364,0.1447933292315709,0.26196831493512657,0.32851965949805506,-1.32729365683764
-0.7575658212743441,-2.979579424644067,-1.317254983132527,-3.151360873979041,1.115430945336907,1.0657514750247892,-0.7782048637849812,-1.9716420999721578,-0.1669803761995743,-0.06544717422543142,0.7630289948553395,0.816896266207724,-0.1549475780632128,0.6664163705290365,0.6970149118493039,1.2058675979140823,1.177263303822387,-0.8141558674723437,-0.673965087859756,2.580040601108666
-4.863471331454629,9.136665991042507,-5.194429255473029,-1.1813498168038976,8.346597005883263,-2.9886178570221187,-4.570198426670359,-0.671374900777107,1.8060830160595525,1.5814020520933414,0.5611029190219678,-1.5041043813797499,1.3987440571588374,-0.29597197303892486,0.3156707944475162,2.4064925757706774,0.9758229762204235,-1.0377325266655932,-0.36629675829441843,-0.8048211623434925
10.513150378197729,3.7041424964776386,-3.4842811855310334,5.350280168308789,9.587470986880577,0.6467854188907728,-2.4470795257437388,1.1263354389132956,-3.6730729418151404,1.2994724589493805,1.0369731911388396,-0.8802074997064583,-0.23853460615963246,-0.1585941680218076,0.07979873696312256,-1.4825189797037397,0.47267204190583867,1.4454610799376018,-0.7054669671809284,-0.05672014721847485
3.9366050886511545,-5.339478040782297,-0.7971692236999718,-2.2500623848661294,-0.7118143074294206,1.0025679918734243,3.238860878245956,-1.2316136914084885,-1.1678639621616336,2.588215779133578,-0.9008149938379207,-1.1248909141614205,0.4620624989831888,-0.027192322563858645,-0.4789582752462418,1.4892654849441225,-2.16682514956631,-0.3673187658265662,-0.5973587033864384,0.7495042488239669
6.511988853232232,4.372450091780833,-1.6431732409160236,3.3971650427428184,10.262642676066491,-1.7515981826855254,-5.498379152246988,-2.5371204230906477,-0.5514712573692457,1.8985308917469703,1.7226397303078247,1.04753853686625,-3.2228732677107303,-1.7149867632348226,0.4708097648156113,-2.173130675251387,1.4698402436879996,3.804645040296089,-0.2321368575683196,0.06323655871693168
10.28663110723231,6.408010616756058,-2.2593001115442113,3.541838810712469,6.947950283225623,1.0147787295460895,-1.1555361013631023,-0.7152965405224736,1.32412538973476,1.4995199357495383,-1.99025099904809,-2.8136567781235673,3.2124808365744424,2.4757139174997844,0.6886480431003854,1.758538763176175,2.8336326955343347,1.8164209803105011,-1.9140888851165414,-2.968220542268764
9.652745492863307,3.7933706044641293,-2.198409524744906,4.570262882453102,10.025360854410117,1.65007592056501,-4.686387405086683,-1.9351387025670534,-0.3153735529760091,-0.387184355015616,0.8665317728551816,1.0232388911613217,0.9171885835325804,-0.7001588382405532,1.0592193160958037,-0.4110613933377453,0.8328093230556031,2.084687311105566,-0.2157928153100812,-1.1679796684224024
12.38340147854634,7.463092404570009,-2.3207156047868285,2.9333206296188576,4.919961431874992,-0.3379514040133762,-4.5715808568111145,-1.493711834346603,1.7811463810909705,0.8006692241869038,-2.2247748629238933,-0.4925501862532937,-0.849565766632765,-0.9959353047452892,0.303876451573981,-0.17436528085224356,-2.7434822269589603,0.7818766720022872,-2.2073328506989136,0.18112044848067654
2.977606620209918,-5.824475186455201,1.0614095720178796,1.3945974065754336,-0.24042928784317807,0.8533364585973837,3.6854096219870605,-1.1841341830864196,-1.0846440795593333,2.2736320123678495,0.8999440828873208,-1.1981923332106335,0.4411114719858946,0.9022196920573415,-1.0363670013141713,-0.9301809493103355,0.8676410325683176,0.2242525471024409,-0.05621677110852963,0.4028196218893816
5.26494759399108,-5.418333352870804,-0.9584109015411739,-3.5512932064616134,-1.9692916978883248,1.2575917064129807,3.358767290765187,-0.374038157903881,-2.0770603715118363,-0.07656205386316994,-1.0845142879003018,-0.9082209205805033,0.08145501712944572,-0.20278063331349513,0.011527991812043947,1.0991608149630472,-1.5242198464740024,-0.09207705844399405,-0.6135063486216936,1.0879356877797366
6.273325050532748,-6.127623264839799,0.051902793910060155,1.6252041281925789,0.15076543421288768,0.08006998231836665,3.462548582026792,-1.289104213113039,-2.024010547253261,0.2662702366763761,0.6871139005832676,-1.4242348019851627,0.15871013723692254,0.18369536045348928,-0.8559333882002311,-1.110006869040979,1.0451710967971644,0.00396775071764055,-0.23525362623833573,0.17504139400638719
1.7125375980490878,0.625108697232781,-4.887310559055878,-3.1111052938678667,1.5179246281603755,-0.19387750023706202,0.33293322847338314,-3.7393414863954098,0.21913359410885497,4.111974217018087,1.1884435538558418,-0.28440056722629503,0.32256207055193975,-0.4552071182631625,-1.591622968688825,-1.2864238496579512,0.9731050112695361,-0.9181396861050841,1.122844846646811,2.9829500209013124
3.271235233290499,1.2003518920603684,-5.06635834099138,-2.0397356860311318,1.1382016868832294,0.29971598984996595,0.9998545174992882,-2.147658900673078,-1.4619706913941015,-3.4479973615853297,0.27899002057502237,0.36893051571743873,2.447803934713967,-1.8521121239176255,1.2809474250827155,0.8577435616412507,0.41949897808626146,-0.6184760487887753,1.4491655933904433,1.231942229517035
7.409065757576489,2.2604748757665156,-5.973127011287669,-2.8350619104355723,3.469217403641415,0.3275013771879348,0.19490997500903326,-3.7456856525207547,-2.5634360984274176,2.4495498371188966,2.1703005459659903,-1.5501435877271506,2.1898179551035293,0.5244597538370712,-1.4104971270884166,-2.168417506902201,2.146697489729535,-0.4249690496101867,-0.4716155371697563,2.1747028129402333
3.827119439551713,0.5868550578038134,-5.663870355358079,-2.0023841452170985,0.20082775502712896,-0.25047513386286246,1.154648422616212,-2.4172866503994372,-1.5569928873740153,1.1152411833727545,1.4768239470825044,-0.40743980187635165,0.8265255937141888,-0.1511880862488708,-0.7652661553718805,-1.5237831001775966,1.0561282038414408,-0.2887185203314381,1.209019923625495,2.777472306719067
5.104765523258742,1.2967015174913739,-5.820130565095707,-0.7398872008618342,0.06174112926131681,-0.7192157494189466,1.7850736871896227,-1.5208118166410285,-2.6778534111072014,0.3005545531874333,2.27879020172913,-0.21202572109863826,-0.01875646326318392,0.2612047878917245,-1.8071019217892617,-1.019200603536563,1.510779283249538,-0.07078395363039525,0.4036279923871181,1.1832047073654866
10.947988850572852,3.8496876648464524,-5.598056734207013,-0.747351930155961,1.0395751653294094,-1.386539586219915,0.3252340973253586,-2.3163767359682925,-3.929531518515067,0.516298211523132,-2.723876413382059,-2.870880739332774,-1.932383536987038,-0.6782513079680621,-0.15980780773540593,1.7162979387974195,-1.997769504394999,-1.207018664502054,0.33152797577923576,2.8406014246655618
4.999179054022468,0.5018118212447954,-5.756767773423428,-1.9149342025713536,0.8152422990851044,-0.3845146300824484,0.37987010817593464,-2.897608816995261,-1.1701781289620872,-2.182586849424583,0.06915363056438162,-0.10228944443431298,1.929355972917497,-1.787778601228028,0.46563940926302616,0.8927641336683915,1.3280710723387317,0.09199137210141535,1.6086561719958612,0.9931548382789809
6.196851278537151,1.2172919749952278,-6.102767221588534,-1.9179739085093432,1.462337068505789,-0.5686070800478414,0.564066914153231,-2.399885676980074,-2.2492168732306466,-1.5574584707309664,0.4627255913183227,-0.06031765939341405,2.120599506584181,-1.7985063868061042,0.6735678524034592,0.6477592908070391,1.0953147213990129,-0.4051920751178065,0.6506994700392483,0.4808969605260273
10.411872618842258,2.0796457173050107,-6.78051666901184,-2.7228622855305664,3.6366865324985427,1.3091960726193035,-0.4973074235210836,-4.401972287730013,-2.8527536710214303,0.9071597777941891,1.7159369764527477,-2.049928561727125,2.6265855381793095,0.4436233636830013,-0.8048366854901494,-2.3508872675784085,2.3823927185631177,-0.31894057094083306,-1.1064434478070566,1.199011437232821
0.7487048412842494,-0.9801116757691938,1.7230131335447063,1.926072894363331,1.3012977830030388,4.161659147926649,-1.1707181850799746,0.6993632735992705,0.4700647324769015,1.307374115447667,3.2470740099219846,-1.5382678002815369,3.0623439745385035,1.074788203015426,-0.4203845666867748,1.5121525788433243,-0.9971926566766037,0.35716621567853424,0.5905583683685192,-0.004434599809917117
1.1585327265170557,1.3975253026355843,2.310181449308077,2.0067350024547657,1.014439918596935,-4.108651287245289,-3.4706912651040795,3.599675570250071,-0.8497560481711761,3.158322809743319,3.565446188588137,0.9047604962834275,-1.812385805038708,2.613137952989778,-0.7668571764973855,-2.7192176524278286,-0.6051499904035433,1.9288395127051015,3.308577578014102,-0.5610754823552918
2.360442789358259,-0.03246864089503654,7.812779062054037,0.4457845519493917,0.4347422384482904,0.18236486622924353,-8.634092123924212,6.082972914350851,-5.029722528002413,-1.0260306273469848,0.363740499817528,-0.8135330344860932,4.330261988116086,0.31308634619707165,2.2735549936139154,1.3051512914969938,4.616771636980265,-1.5152257334642871,3.5175376495318242,-0.6174595733023069
2.8180717916946767,-1.492870658071714,4.730787533284765,1.926654284582445,3.9422004858401007,0.5325199447366712,-4.0344866712005825,2.3828038887656455,-4.510673318382118,2.622076298062379,1.726512893152997,1.0683886731753898,5.117521451859452,2.266352669590614,1.66565640446222,2.51469694973621,-4.676180105996068,-2.3995565503372225,-1.7349041095141855,1.9432093651729216
3.100769038001836,1.7848484977332117,4.182164662986459,-0.39349277513191755,-1.1523697654897371,5.897801354655899,-4.159455847159709,3.2007867169175825,-2.484380171212899,-0.2132300759273249,3.5303500095143696,-0.6622930862140398,-0.5203350124073882,2.979841800164757,1.2680608091006873,-0.9785816967736638,1.2420894230435056,-1.1483132302945704,1.414207882159963,-1.335446543881253
1.9873089389013865,0.6059496405270617,7.20938599916418,1.2317161642409977,-0.22485350826353168,6.112088291303388,-0.7865232245775516,5.0383038129843785,-2.755386485360797,0.13696651360279688,-2.7312332370284373,-1.13683778305952,-1.4468056841744155,3.3977012935511572,-1.1892411680726513,-0.12033203629416117,-2.975508835362956,1.94730638871299,-2.250612364162391,-0.9616524088228773
4.0753636598052,-0.4394796771462759,3.7935588274780523,-1.2288288276432442,-5.6398297056261235,2.9336850663669845,-6.298928006505323,2.463910632961449,1.023810996295662,2.3720368513535632,0.8747356115819508,-2.3925802280331463,-0.3259539183795196,0.9115322249956312,-3.6568022946472123,-1.1209768670623455,1.377024377776412,1.0052805256378985,1.658331481718046,-0.06009130626674235
0.03965060030180945,1.1185893960899134,7.092593272537687,1.1126353589241251,-2.8915276932634093,4.167256292403483,-5.504602044877325,4.169640975118436,-0.6601256051328337,-0.1123926945837681,2.667479902212045,-1.2216902780450782,-0.5227248601719205,1.1302669737622537,0.08571543557348904,0.24874127749264718,2.3359784602004625,2.6665870910610128,1.9287936747101397,-0.4920472062644795
1.9161135412408514,-1.7184145489905198,8.900243517653509,2.8139653046664046,-0.8326970841959711,1.7359687118004776,-4.330506745068069,4.824120099934143,-7.817493382868577,-0.9419916476089792,1.5565392525249633,-0.44475606442671745,3.3264637977435605,1.5406095137584765,2.9467054940102546,-1.2692135610283548,-7.035515025534626,-1.0736402989237765,-1.481031346206199,2.9475507818436015
1.6519504410142332,-2.8243097369146297,4.360497895783256,-0.10625334999271407,0.7092313619806001,1.4163667770047437,-4.1775274108706455,1.3428347601186883,-5.054107601010702,1.4841084009042673,-1.660078871203891,1.006242842843464,-2.580075875271409,-2.671808052101361,5.895639203626985,1.8010647130278723,3.400598696683675,-2.7065842945627123,2.020850450067332,2.694832100031504
1.7506205381869129,0.43628333649533035,5.283250174375399,-0.6503173386402755,-2.8258630569437004,5.613932872446535,-3.018350831443804,2.7442544634141117,-2.7804058145951727,2.707869755993616,2.5715320966135105,-2.065576102129053,2.5280170284359853,0.5777715428258041,2.3274762599283134,0.930156882775417,2.544191936147576,2.387223842365464,1.7827889656292426,0.6563356452270284
2.1116960958682416,-0.9643486680642273,1.6335579879493223,1.0132741272222503,0.07400010148191905,4.59146362066343,1.079741443795918,-1.1984483850591925,-0.36652040828800525,0.5327727220678488,-2.429133237428752,-1.3482730388568323,0.2790907124874844,2.859663119225794,-1.1466696514490042,1.530057407487466,-0.5473436178236001,-0.05276460768672375,-2.0098442582550113,0.45440980189050634
1.5975072317647698,-1.2081625208546802,0.9124083566049745,-1.216784766764367,-1.0565275349905952,5.973522599163809,2.314647774275487,-0.20019126535225795,-0.7029000952729332,1.859193213580049,-1.8249672524162863,-2.4900740552262906,-0.8625636138974551,4.31890694466267,-0.8396585561279237,2.2973160679198843,-0.6730056410640023,-0.6635589448214192,-2.2935246765753887,-0.20305404860523885
0.4722322053922693,-2.436936022145898,1.1338799419678915,3.1999001179104036,-1.5265044976103936,5.799729925088623,1.4271995864844182,0.7769674870879772,-1.3418690833644402,0.8574373145676332,2.7899022993831792,-3.652289596944966,1.4496188825793834,2.3451320364787533,0.8793214824442235,2.4538671686430065,-0.7800018895725832,-0.2788875960937467,0.8735057901754664,-0.8574612735654913
0.5762790642461852,-1.7421351792949653,1.9332877341976002,1.5177619914890623,-0.384963238148521,5.027713576922645,1.3325939796806923,-0.0495067480125915,0.10171682706264462,1.2066444095267368,2.360833871498973,-2.2654992941155845,2.8869155918726728,0.6283767514359282,-0.7392756821878723,-0.6001564913010781,-0.5311416968580029,0.3371802943785559,1.487478122039555,-0.13027048858270973
0.6708726767301493,-1.9923373900853516,1.9185239286596603,1.0135117269579907,0.0673175964927154,5.173705489137115,0.1900104822304533,-0.6768007805603217,0.04933567855429577,0.21609112565490013,0.8094068275216554,-1.3211977860065234,0.8934254917199638,-2.1413151459715616,2.808444098123025,1.6960381944011382,-0.9304880282865952,0.7482524974954613,0.9384020865486248,-0.17958309421315766
1.733950908420668,-0.70542234037968,1.5865202465241222,1.2851083990504824,2.2731321186372107,4.7776569159237505,-1.1300285430534884,0.5215704316700438,0.49926254738592846,-0.6511266497858881,1.340101359694716,0.16790474943553318,1.2300533584890903,-1.87377459913328,3.7375855460891305,0.899993855260202,-2.1710700721962968,1.0372659173364538,1.5204447971159745,-0.19683911453154135
1.7263689252018999,-0.3882769032187502,1.7096971466919728,2.2517345393984183,1.579657894730194,4.646550113437673,-0.948259082790888,1.4446222722929618,0.5216856821618185,2.117450977984426,3.098187135166931,-1.6266460018942532,3.0295077489690785,1.0323528291705535,-0.9588427456516473,0.8610001316969096,-0.5969157036154219,0.8008840598316601,1.4615473677037298,-0.9416925546389671
0.7528555357415703,-1.8046898024460094,2.029126838684534,1.5234419651659703,-0.35421925138653865,5.087215683940256,1.3211055579771755,-0.04259303506761424,0.15022570224935605,1.2539475811739786,2.216865908022994,-2.5410641042752267,2.5974140079701593,0.7886333740169111,-0.7051498030668747,-0.5181242358589873,-0.35219383083305816,-0.09701514261531685,2.0235495266730514,0.3487046028298169
0.8464319947344052,-0.9146967870796874,1.3076645810908007,1.6665935553572724,1.1543855314490081,4.513195429616076,-0.3869774029636266,0.16277623855095813,0.7069389570899098,1.4955665470735169,2.4139411665862456,-1.9857874092964776,3.1434984032228432,1.4940739987658382,-0.19600740433835298,-1.7617428177155385,-1.1607322784938918,-0.49326594756682096,1.9822404984125421,-0.03875710275872116
-0.3192171718548192,-2.826037481846827,2.205085228575715,-0.7184934847497227,-0.7746844563547725,4.6914005498230384,1.5238266580605355,-0.981878580944751,-0.4853735876019303,0.2013702414657062,-1.91257453116712,-1.6884682437232548,0.7818304198138574,2.88824235974541,-1.2944322609197276,2.111379824320505,-0.6450494437267165,-0.22862345832764952,-1.2345087959853271,-1.0014612812112262
-0.22373232763396436,-2.2915621775425823,2.094311369315067,1.1660801250845787,-0.5071437931807932,4.488061420542911,1.0751338053234252,-0.7249139867296419,0.18289734603259322,0.5141212329460808,2.222347971095777,-2.6099091687832594,2.6971924615574046,0.5464089163997824,-0.265507490817107,-1.2582670566752217,-0.7032500442487098,0.29195963040681716,1.2954232786537387,-0.32588581322697807
3.6667797863787794,-0.8548260319808799,5.227176344808651,2.4973048508112248,-5.833905463288771,2.383994950466474,-7.02391482740394,-1.725706536976552,0.7781841679434354,1.8162745202683297,-1.3474386505356477,-0.6839369444487317,-0.7310417771133686,-0.265385056319175,-4.12339613575376,-0.4161632366248987,-3.647886996039615,0.5199410034603552,-2.7300702859255797,-2.065258887047312
3.065188054186435,-4.174801420904055,0.7561814136889329,-2.105084228324683,-0.732451256645071,1.3368592671940367,-0.8302054953978134,-2.5750649140626094,1.5660512473831318,2.1413184219280694,0.280573320147509,-0.8688898122396258,-0.2577093864993514,-2.7416894311438296,2.838193701090634,1.5119709963062151,-0.5988456889475059,1.0825713448747567,0.7266565248632293,-0.467317721462868
2.1295473608067637,-4.251527623152986,0.24381974885935548,1.443027099877027,-1.6928035142956033,0.47123630906022407,-1.484228804267178,-3.080741795077161,1.5926511283255342,-1.2997257958765271,-1.5154249872402312,-0.6533353992373664,2.6320643982848386,1.4185317133717534,-1.8374007549645166,1.9832606337443905,-1.640333847106291,0.3295597407406507,-1.6429185960365242,-1.1016346353239714
1.8398468258548626,-0.648425329737609,2.377010402469516,0.010893993181287143,2.526999433192348,4.934674108783715,1.0659139120819177,1.147330295880777,0.14319324216530438,2.415949845755164,-2.122094825135789,-0.32245260296108413,1.086156438230474,3.425400862605681,-2.3098415281483127,2.57354595375928,-0.7495523388689344,0.24359370362398913,-2.049921969028191,-1.0975335303078897
7.597575978029525,-0.004987633550263659,1.5221353032866567,-0.41848087460016115,-1.023713015804175,-3.121255440015304,0.013830566126543598,-0.8737984770885434,-0.3914821994916976,-2.3347771438700597,-2.3556801440629944,1.0038150968661648,-0.049858454614430225,1.004169881399227,-0.3188654155019046,-0.6410176092360038,-1.8026986004651555,1.9397626182206817,4.44356594121065,0.9481004513413747
7.891292422641142,-0.04338302617832579,0.29334122842885535,-0.6193487531557427,-0.6534270956975348,2.2944262471884325,-0.24158871874506724,-1.1841988982894927,-1.6780531647786607,-2.4663373794154584,2.9366899846746968,1.078923682827306,-0.4009557796249886,0.8523138630442655,0.607044049038482,0.20713185548290358,2.6259935631330196,2.1425768826948657,-5.04302865933889,-2.145493846575933
9.625736177779373,0.09603913177227519,0.03295269261134681,-0.2371409551297382,0.08340269886771656,-3.1124874383437096,-0.13974982561037086,-0.6322396564809146,-1.5880734349662873,-1.7670540532224992,2.5784031351563983,0.8533916410544065,0.7023472744681409,0.802296672082179,0.5957475680939541,-0.16233079858766652,2.268418286027459,-1.64557556459189,-5.998379039139232,-1.805381402203255
10.792399631529896,0.5987993250871533,-0.157451325160547,-0.4413498250741578,0.21034276940248664,2.649828603680693,-0.6223206834293908,-1.7335089483504773,-2.4732488751174433,-2.728302635524634,3.038423400117177,0.31393649748995145,0.6023547170098633,1.5206701864532826,0.8130610440521331,-0.45316017922809615,2.9414067222265405,2.2403910505122306,-5.793534127322003,-2.7187238584029547
12.226533897945764,0.9245730179916354,-0.3555961440398205,-0.3727499511701642,0.6301617771995817,2.845727541048844,-0.8108558841013658,-2.0009169282289,-2.854306856631013,-2.853531296205894,3.0662315554920525,-0.07726758089672825,1.1067901903122246,1.8542907137464018,0.9153781909535724,-0.7760725981385668,3.101007715598284,2.2963310184290346,-6.160745846123337,-3.010058177486087
14.122018717709324,1.206095954811087,-0.3790497136771305,-0.33495886580764617,1.5712470472519888,-3.7445230204629985,-1.3107507169478474,-1.3000421733979584,-3.6065710324977767,-2.5466424222603603,2.2976629094252106,-0.3714719503460046,0.11732819586246279,0.352396572757228,0.9042854997942307,0.8064214926543881,2.3960679570084813,2.7669499441077985,-5.661931424827635,2.3818958255657328
15.074009754562939,1.5873754473501993,-0.7102944006222855,-0.26941566608333467,1.4576598334387145,3.2700236966983462,-1.183978044428527,-2.5233686106293414,-3.59502342683439,-3.0957248156255197,3.0862237880914702,-0.8764908155899147,2.1213462939825027,2.5193184257076213,1.111792609085689,-1.4008474468270076,3.430603997125871,2.4248101427471864,-6.874637691407111,-3.5912838576255175
8.746553657309963,-4.14069335162702,-1.8886242222198946,0.18611133043169892,2.3014493021999667,0.4777502704994877,1.927264366515352,-0.6264425261216412,-1.458308200392544,-0.2950178603606586,1.6601445855421968,1.2041974365197217,-0.1584436690318346,-1.134217327293559,-0.8813726217394335,0.09093341945618794,0.323318122672564,-0.14831714135410434,1.4372969652181575,0.488767498940105
4.384548388091055,-1.3210782657858287,-0.21597103111573268,0.8517191481093515,5.295391352940056,3.1568569448006762,2.08276024233159,-1.0996076716242968,-3.1260565925836383,0.5071383490095613,1.2213728511561261,-0.9745318097832107,0.3649972880317943,0.4949562490519318,-1.1023008575547917,-1.1907687179807498,0.2523446337501852,-0.013145158015277651,-4.348805273015952,-1.7700067505354957
13.764026540219021,-4.216323527595232,0.13809915254219307,-3.694145344724109,2.7042070908080063,-7.086877426195396,3.234601005902584,4.283762163450519,4.6522686273703275,-4.439362867869274,-2.0447908795826373,2.1456236334924044,-2.4532855153945534,-3.3813380079010313,-3.915119364206199,4.270827006045748,0.5596027429322386,2.0163348484784755,-0.33911978527600395,1.7256148081781482
21.3777384577803,5.285062771452882,-3.195742741236024,-9.144894796819148,4.6826462207542,-3.8358930946472203,-1.3335086066860737,1.2922371086833848,2.2841624547217663,3.8614743053363263,0.4012933997793402,-0.7818347454828327,0.6938824572132742,-0.058262852486336225,-1.7288683898452768,0.3796819757954446,-0.5751498381611144,0.5512540370016965,-0.4470686898875478,1.9823327022426045
8.664672669472411,7.512197328719403,-3.120592878891897,1.5598239446468836,3.7614215717737816,1.4288103103931038,-2.997309561132743,-2.6367682893147384,4.304904316098757,1.6019203459261355,-5.38190999619285,-1.7773821314409586,-4.463625169617915,-1.7894784844534999,3.7836349524135144,0.04264034460180266,0.09888442721975416,1.137270845501571,0.7440334902099326,-0.5994853465214702
7.743272848193229,0.819740743745309,0.046384197048092046,-3.4141195328409975,-1.4513135663261858,0.7883714527725437,-0.24913318753853053,1.6739397529970204,2.349783144644517,-0.577773698585247,-1.7246799363556866,-0.4220419868604051,1.7024989428165984,-2.8250495499098793,1.390680185214325,2.108513272078736,0.7132108746468832,-0.6034758115593144,-0.8425906300167568,-1.3003037655323157
8.25945057156099,0.12489282891368858,-0.08347637986261702,-2.6029275217402015,-0.9175618866260604,1.1279980137482122,-0.06651073161049391,1.8841937542005276,1.9435704531741864,-0.24286251150250635,-2.7387581017031195,-2.3542630450281017,2.7110068231162945,-1.8264024654808526,1.4656440312609345,2.002732781752074,1.2014419115135695,0.03154420635701133,-0.6343277276842835,-0.6969195890757843
7.242691950167626,0.566606532078131,-0.14014648890501658,-1.9317598006074805,-2.3070376194507123,0.4524609007252949,1.447354085722763,2.707679800994933,1.904050540479792,-1.1177867303841786,-2.899666161323848,-1.4179656906996532,-3.839220365342763,-0.3127609062940404,3.2629306336789776,0.4111610905915028,0.09818913632236415,0.8215401720828439,-0.7018661318157731,-0.3203965180617879
6.819218845462302,0.9959388807762338,0.22936923878587434,-2.247398560569289,-1.2885144762206067,0.5463207446723652,0.9505095919551396,2.5633158616270744,1.528153563294347,-2.346158313506704,-1.6838426233720902,-3.5268274627941114,0.20607093654423025,1.2227161859484181,-1.330084412430133,-1.061660843162663,0.4615779734573886,-1.0957846725823268,-0.7886735997391479,0.7305018394823339
5.220167916322146,0.879057161131696,-0.16595604173604195,-3.3859357267034853,-0.46957798398272965,0.5285546386736422,0.13788106331769295,1.7724453375551636,2.2240252410686887,2.8796314968364776,-2.5930315802672617,-1.4888976270277534,-3.669798661809241,-1.4401179492652185,1.5341769774634642,0.6526530855232031,-0.07086567123917353,1.506148969389661,-1.798568624136022,-0.6008222448392972
10.83184462046486,12.966461385321258,-7.152392364208051,0.7784950421111301,5.4402649569020385,1.7607283793332564,-2.709571662079022,-2.1230161202296145,0.12946015163425106,1.923776523781813,1.457827434022807,-3.1657307373077552,-4.656977127502104,0.9390062256262088,2.828507279333234,-4.429563595510799,0.2295262978748478,1.1949372880386435,-2.9408989506080907,0.3904192321022557
8.739298397936967,9.395813275353625,-10.182187707296949,-0.15723880729542355,5.730392872094177,0.5759709826078311,-3.6733770335836797,-3.1369738606683923,2.0814729370553096,0.9991108682655865,-2.7371469233115597,-1.1849896627248162,5.133592122638432,-0.8214240194773288,2.514786639364326,1.1078021753273293,1.2018755226323417,0.11885598042480879,2.128114737418063,-0.44227577598046497
7.566652171203068,10.101833985063077,-10.308825729200407,1.2121104538755623,4.073561182002292,0.6017534164985424,-3.0604804000037062,-1.966615996536878,0.013219980132471498,0.6397113415001415,-2.067614126779465,-0.3795885027097917,-5.139821997804111,-0.7004272762698083,2.183421866857625,0.893490448275413,0.9676892595162225,-0.9915761640764227,2.8248646428645934,-0.008160819031345579
6.77255109662538,5.9086748422210835,-9.273561278172181,-5.4755749505805635,2.3599608925525475,-1.5723782841972735,-1.1689280705692926,-0.352283628164231,0.8258217639928015,3.1258738086553066,-0.1844714541217048,0.7968984697743491,-2.0370234964540934,-1.1830505428043285,-1.1267153586125769,1.2689278045946286,1.2419824103590988,1.5070887588630915,-0.30277745828678704,-1.1530440775297714
5.361734659413667,10.503617930479477,-9.33078241903588,-0.24341062109484857,5.39550719198916,1.5433198772861854,-2.9948616556330494,-2.0472692776709516,2.3949280120344976,2.7176456989025524,-2.92856952651494,-0.588042417700831,-4.034118364514076,-1.2650059418283708,2.1033001983550177,-0.5189275163017613,0.5890044942660173,-0.8267868123354325,0.8296186300284556,-0.17291867357293733
8.551208232948271,10.914515854276775,-10.298492750050432,-0.03229235818588916,4.810745256176826,0.6409784350444347,-4.150544699815776,-3.299167905814836,2.2672446723363877,-3.274237429277226,-1.4129999349635272,-3.652630979034063,0.8093894739530011,2.6796980871608773,-1.7900477434263462,-2.6685895663015824,3.1785771615808853,1.7752947063256124,3.1370057184905673,0.9296394858496363
7.299361923862457,5.168200728443625,-9.119122397421789,-5.800263997922533,1.9578874530508872,2.515341586124979,-1.1218838809432468,-0.7349350147899175,2.22254774812585,1.5162189074408334,-0.8701195829042797,0.5030482557555562,1.7056073873203024,-2.0997474503399163,0.09708012412835398,1.4311796485924324,1.4006452073576006,-1.2384731830058109,0.15993093596721186,-0.8486403405595249
8.110433423460506,11.599673167227458,-6.69005012275775,-0.6013486653093226,4.351625012821328,2.493906924395895,-2.230813571046911,-1.0112283668553612,-0.385917619003723,0.28285465042054003,0.7263971348895137,-2.890779591686198,-4.651811464755203,1.6917854885447987,3.420249734681212,-4.287163612971595,0.5349376414905535,0.8861032212313417,-2.864427555494725,1.0070682914143807
7.890413670126973,11.544323028045156,-6.310624349128278,0.4152165260786366,5.562754726272306,2.497646281700736,-1.8085919580565857,-1.3325331744642388,-0.25109231288178224,2.327624311594367,0.2533929343293506,-2.5044862235397414,-3.881096578017609,1.0231400447727639,2.308297454958615,-4.301809757513852,-0.4429971046963683,1.1007305374843295,-3.308495540791646,1.44750249532068
5.905560666649606,11.314787189309055,-6.286704073838747,0.8429057331407251,5.443367979017339,2.401604046584474,-2.137289704410769,-1.4559083525300922,0.5533243567012389,2.7909237153162523,0.7558663635692602,-2.5703578102833404,-4.029796552977876,1.6502864323329371,2.963654943087649,-3.8286989709404144,0.4017176459499003,0.5385946490565527,-2.8769425944564775,0.8152686305213883
7.40196272743195,-5.511678945392976,1.9822701046668045,0.7075274093959352,0.6881189990720147,0.8319869636838039,2.123547816487014,-2.113047290910481,-1.7522486148290812,-1.3632408329205576,0.40992306863735184,0.3378429197080496,0.7277612556610351,-1.740188251738715,1.0886098844316465,0.2762404223831423,0.3208089873245405,0.0013404729351530332,0.18460937496185942,0.4932422399112162
6.215754425065085,-5.361317555073748,1.7545758008502679,0.06769020988854163,1.0571345020229332,0.49973704179281636,1.8025434635495388,-2.209083665254001,-1.2527258281942426,-1.5675732453585876,0.048155934503991804,-0.14391743187643247,0.9938794854083227,-1.1669683747267474,1.6640734206959964,-0.36808596959137785,-0.4467035533427807,-0.8067127487251399,-0.6316760969535866,0.007729824417690628
3.6064981206314113,-3.79886317275166,0.0851231244832679,0.2356146722069825,1.1751015059431806,-2.157985215129621,1.0410340174935495,-4.545042772242935,0.5147811732989799,1.370601983802626,-0.6564222193952624,-0.2451107255154965,1.788024887759636,-1.3545759533380028,0.9295607774761963,3.10031725614248,-0.9132857511603283,0.581447889342324,1.4273673812065057,0.5933609991844743
5.451745761709048,-5.871987832827738,2.694652294137313,-0.1960093431996088,0.9918204840212483,2.082469187777811,-2.5425125943835876,-0.22173930251338214,-6.861919683316365,2.068434726019879,-2.798130062033571,-0.1275969409762847,-2.501970088573317,1.4328095575182458,0.913061285094894,-3.0756846887554623,2.8963388907613936,-4.679451852247472,-0.3258647935390122,0.3832157068473725
5.585640881962958,-4.810343237703954,3.910994918920404,-0.9739686670168481,0.6125296374981588,3.4308618731079283,-5.987036931759838,-0.11600287756399313,-7.783683698224002,3.845156888762879,-5.264605049394254,0.5509045235067094,-3.5037635626734267,0.9268265197602856,-0.30558774354429197,-0.9720185774876127,5.910797163556389,-4.548596242520409,1.8322308030919658,1.783060601124603
2.5054215360912204,-1.5148433950480373,-5.2549344960859505,-1.6017129970811397,-0.2658030740223378,-0.5517623865815262,1.8437602449774646,-3.6537886181502675,-2.958702255383438,-4.165298697756845,0.9977274966227027,2.7586254526385825,0.4594460759631217,0.8325109386265767,-5.180960476973732,3.1335213891702804,1.4641136864866935,-1.6053299029061558,1.7456262388333972,0.4470525875358944
2.5143788387728225,-2.1566094248055623,-4.548983296518891,-2.392192555112228,1.2405980987556802,1.1805475966558516,2.252918665131818,-4.503035131782658,-0.4265953761578746,-4.037293285892398,1.056340951138351,1.7421965287759105,0.5723613977667362,0.40651378487903145,-2.984777748040806,-3.1035549637504736,2.3427459964720105,-2.0370660394743627,2.624399367816851,-1.4283789344761169
0.12068315352863801,-2.583197821528154,-3.7468217243056516,-0.5559478174469736,0.012695125190535242,0.15592685857335167,3.1833245368532226,-3.7328159627623867,-1.2345118888072775,1.7027727595023707,-2.567062730382238,2.1553328338980906,5.067449686214653,-1.8280504001123232,-0.09723958899315188,0.22479925650870047,0.4578703418685772,-2.443409674167019,3.825794187533978,-1.2227976326224395
8.799577356710419,0.9156443177984924,-5.413589689976611,-2.6376579603977737,0.808121074943595,-1.6086434871689526,2.840572619352385,-3.3594028035677463,-2.1558746172556247,-5.204344494227351,2.619392366273998,6.507974852838763,0.6834136230282103,0.7450529306225813,-3.9598716932065585,-3.191741275316759,0.26791138329019093,2.442807982149026,1.5421203519734108,-3.6160933455210733
1.0679070883107484,-4.750776826695327,0.8583490695557764,0.6679241277238697,-2.2533040701987876,1.9618114839669634,0.8051603144071859,-0.9929718597058026,0.5037026721350515,-0.6691487997016226,-2.4797471902825663,-1.2340021778889028,4.173952514200452,0.996982380950866,-1.7434968314718708,3.9977125113070464,-2.2553640482026385,-0.931283437925457,-0.5289327992342552,0.5438779967720178
8.923800813149235,-1.3770171048657827,-3.856321681040191,-1.1864862952367856,-0.10916474992817743,-2.4774364901033614,3.0864343302961994,2.042165733300337,-0.12656374352071104,-1.222857336895444,0.9934841274943538,1.426538799356816,0.28253749350697765,-0.18435268783374573,-1.5276692879524352,-0.33142025102513695,-0.05935145826348148,-0.7281087446509054,-2.086942850193099,-1.213489830798647
6.325629389974911,-1.7815253369377766,-4.261428898792378,-3.6459481668945455,2.1631714759289964,-1.7770493426649474,3.079142073662652,2.7079293423297015,2.3541002915330345,3.2248576793491965,-0.7553599097878947,-3.549494851011249,0.9103267493546463,2.06712424267212,-1.0848990601471207,-0.7121619824725056,-0.43875758714320034,-1.0089761038038125,1.6809065076585528,-0.5879527842531689
5.52958600605551,-1.6784547178620972,-7.612909482403833,-0.5428019047192076,2.858682019905577,-4.723323888938644,3.995571517594972,-0.2321375727106021,-0.4261658411051732,-2.2034296326048692,-0.7224614882553579,0.4977538157785606,2.629891609673542,-0.5543669460827784,0.6017766980602928,0.40766744020061907,-0.3512042289491759,-0.3181236560292795,-1.0779992397908642,-0.010329405083334686
7.586301416234665,-4.42945415282982,-2.6884059166080227,-0.8539211507627821,1.7073839790417753,3.8287090507696115,2.408055364993303,-0.6722490845274927,-0.020162452518307176,2.0175366349550394,-0.7575373709752082,-0.8381247889783351,0.6705924729374844,1.3044879895722796,-0.6949910519896028,-0.3011006979293761,-0.1563964548981292,-0.2474718324749836,-0.898574707696756,-0.47726056584513893
7.656250043716054,-3.961711885389628,-3.185696514592331,-0.9248456075850674,2.065520468100383,-3.8738768051253922,2.4211343371374454,-0.1784743350063332,-0.5167672091289508,2.280224782914804,-0.7696445430023813,-0.6512988065019248,-0.577524651457605,0.9940111661581253,-0.6023978106042296,0.10845133627490638,0.18544388461210715,0.6758960911869158,0.7571178023346664,0.14046284833521946
8.721242757144651,-3.5715548161597956,-2.4946627470125993,-1.0379759627134848,1.845842813396617,-3.5690136747087604,2.5295206695607177,0.4317337033260054,0.10823305845939334,2.1891818917229555,-0.5574183744465923,-0.03292475832660813,-0.6691080723865758,1.4174307801564692,-0.38814016075396385,0.06428888229578977,-0.27502034631859995,0.3028459418153864,-0.7250990941270641,-0.829634776205342
8.678579315956586,-2.997034508765049,-2.9857454396535728,-1.6330414977142578,2.0552096841285,-3.5117926404591584,2.0048299670766077,-0.24220283350723015,-0.10769783888618946,2.798032224796076,-0.8628329688406001,-0.09686376290342519,-0.8071670007909071,0.8463028301383759,-0.6108605285416411,-0.03538519090210403,-0.08279753024897274,0.4033457889390892,0.8069018620223465,0.5193283499611864
7.759116816346297,0.1838244538825149,-7.431061086273495,-1.9857337453077641,2.5696607482551563,-3.81833959679747,2.681237203098899,-0.9894135392790714,0.6541224083643978,-3.7046281781050925,0.2442175837792666,1.6429073723298018,2.1712401245834716,-0.7379364507607072,-0.533927744542085,0.6196377341096501,0.0019075342852084287,-0.7711373417690196,-0.7834900390173263,-0.5475884423452011
8.798942994492467,-0.4854928792359172,-6.626454304337587,-1.0498476305442566,2.1171147475583667,-3.967310002071901,2.9465379475969797,-1.0845921293408236,0.5861321127939098,3.4631855604511683,0.3419054102901202,1.9979277222049245,0.5328328544652166,1.6238723750936828,-0.7725413380710282,0.03633255653245515,0.28457105958509066,0.8692059175934356,0.5272206522731134,-0.3871972770197501
10.11348975152657,-1.6504832116210353,-3.7338037732234586,0.016637970737014347,1.2234799693656007,-3.2096311954816743,2.419590300764341,0.8757208629159786,0.6257322299113244,2.570012642373104,0.2551061008228502,-0.2759707650909792,-2.08617738099856,0.0742202144933769,-1.312826214646681,-0.2796710434299484,-0.5655826993891329,-0.22661091223129826,-0.2464562354958152,0.28532339595445233
10.119225862888328,-2.8892945508540957,-2.472098658951714,-0.1342894639757658,0.5992127254725502,-1.8288645878006764,3.3520205227664683,0.42498076741809426,0.2186670406908947,-3.5202004720894555,-0.04220028393120545,0.9933955392091447,1.3525371337302736,-0.785080709792801,-1.107345803977755,1.3680937781629496,1.6188319013553318,0.39187056224648287,-1.088390352877104,-0.27320581370698216
7.845143798469391,-4.361531606388663,-0.2647700803721305,-0.5523283940479459,-0.23459185871301869,3.2939787902024227,0.7492392101810186,1.2156796653789064,-1.4668567387860907,0.7675313029052175,-0.5643795756691093,-0.18105557143511342,1.7450549469167038,1.242771221337751,-0.7592571823291916,-0.8716296556803509,0.2153402881122694,0.27286892056472234,-0.34849758935999553,-0.3260429059412568
10.127854732201802,-2.4386944994230677,-2.199038437314102,0.8207627098429449,2.9126452282910713,-5.212075539839574,0.2507304132151625,-2.1827306391310883,3.424483801843703,3.495885058892302,0.612104048395753,0.9859721366648055,0.2924099254184047,-1.4077735452743383,-0.9166199216904474,1.374262685804549,2.0438632092586912,-1.2097810865583734,1.2333554011087755,0.8975749741109523
5.197388132810621,-4.226447099443843,0.4665340812155343,-1.5798626864976186,1.7202628376107016,2.9931644885121527,2.178301642015562,-0.15773359503999262,1.3489228615703335,3.5930176006167387,-0.45207748386857727,0.4318896660351631,-0.14047711594566342,0.4138329371974088,-1.6049666558862175,0.6282105049799389,-0.932704045461116,-0.4137744245490668,-0.4630940082143318,0.41320589079776127
7.040683878752928,-3.8931754447697386,-0.03301898270944617,-1.2669274148395737,2.0835514257503145,-2.857326680050413,2.6136566186710652,0.5384857185619432,-0.26049592893196255,3.5369765022331316,-0.504352118998393,0.22063067062330932,0.5478563485162492,-0.20297393421156254,-1.8815893180413639,-0.6354514496335122,-0.23692845757109937,0.5702485656202121,0.8283565986018459,-0.25504422745024136
8.590952677469478,-3.7681499249420423,-0.02251720853639562,-1.0437062278360958,2.2892626983094466,2.826551852794027,2.4486635389258495,-0.03824786549590409,-0.3727077767424122,2.5412523677247214,0.34969875204060474,0.3074317179784129,0.3449756393454625,0.5871064263581093,-1.9011903079899541,0.5455306221424736,0.07655105308989929,0.3763874290895965,-0.3893526884304862,0.5131280215052253
10.322239664260689,-3.40838974379506,-0.1264031313534986,-0.29398670210388367,2.298573989730892,-2.7268779114223936,2.7826100887225307,0.4979282032532434,-0.49827201867207493,-3.206041062776711,-0.0007613819565503166,0.6486869241650355,2.0828987986334484,-0.9739327294057052,0.19818561299511916,0.3044991018346949,-0.33172747515685197,0.376723436156047,-1.5422081930762044,0.5120880114965046
8.66258640930875,-3.3077379356676815,0.65384827300697,0.5686775057825519,1.39799105330797,-0.7384286327144405,4.319283445004242,2.9262725479629927,-0.42709316890242377,4.137305408003363,-0.1767561419303226,-0.12295717974751819,-0.7216088811160761,2.4888845982727092,-1.0177194940476948,0.8102278415199818,-0.5025915755953323,-0.4780712243013868,0.6173005697799586,0.729316751770471
7.624107033250008,-3.9202106904278153,0.14341335431094662,-1.1254191793845154,2.0750848536376436,2.804208038575854,2.4067959681003517,-0.010868917586082216,0.04481990746913089,2.791904687404948,0.11483280022442138,0.26935903944082035,0.26573732431618907,0.5434148925742961,-1.8862520338350337,0.7284755575816698,-0.04252686660621485,0.2521033964877363,-0.3243512946476189,0.5039812695849168
5.39945942055304,-2.233398264630244,-0.28330160066762056,-1.6321274937555976,4.434197866094182,-4.109856349792463,1.2506868459985847,1.1420263988020967,1.9435777618325385,6.235204582370917,-1.3652714438757019,-0.49073844872157957,-0.6715550612032581,2.439738902410872,0.25256847583876285,1.2996224612538485,-2.7285027002786055,-0.6921573807228818,0.5171483308984846,-0.18542594612701846
9.431053604800375,-4.340919767630289,-0.35272357642987245,-0.3978766270816478,1.4468685468952909,2.538407034092482,2.912572056495847,1.2764510863773393,-0.4800729851243203,1.2395361145634656,-0.18962050320185303,0.2367447325406647,0.36358267452121873,0.5597269123899355,-1.3396479473677698,0.5249572430061331,-1.0825222858072288,-0.22149963759714586,-0.6263792855699395,-0.16691073859107156
9.534359149700714,-4.27704781469379,-0.31383407638898464,0.14787118784016628,0.9088773918619772,-1.799705164746745,3.702322275939677,2.051934173315382,-0.37864326440639834,-1.940855936342224,-0.2745039923808541,0.30880669741070266,1.1558784930537602,-0.7545277346079425,-0.6744492701915961,-0.02109655576729849,-0.9653613220445078,0.24925148636767666,-1.5141885893197702,0.09503724751602974
9.440855997931454,-4.511945198719826,-0.20453703354771868,0.26708234489035226,1.1338417983500535,-1.863163743975194,3.9384451603821975,2.489459839997886,-1.00297984907207,1.0668541918726853,-0.5259298059484957,-0.29530654356367436,-0.668427369537779,1.1104306846200362,-0.5465890423575978,0.35919037093378636,-1.0111499825785182,-0.021435996576298213,-0.4107747477838086,-0.3748049121810897
9.889180003171223,-2.7349993814075377,-1.1056661463880124,-0.12496116468045629,3.4255934738303577,3.6310100248123685,1.3534566388229885,1.4310875280030764,1.024344436354213,3.5244125453722295,-0.856792431221804,-0.07585255520537626,1.1220986894408838,1.8370994652693855,-1.148812347377482,0.3402719843018245,-0.7980634415348846,0.7419721741595552,0.04746968676313429,-0.46683672920247454
10.435614277708618,-3.773299851005857,-0.4414546278200879,0.2377732102263732,1.4351446284177256,-1.6524238586462294,3.5921497732889147,2.5012821042661777,-0.1968729004267214,-2.535937440131914,-0.18953540571035155,0.6660957316917178,0.9697425979962354,-1.071793647377927,-1.2992203680653862,0.9225030228672729,-0.414305816786886,0.8825074442823936,-0.548301514440268,0.8933301472110866
8.856038277855053,-3.7532729282875357,0.5333809190678438,-2.0608408429106415,2.1923781956775086,-3.7273413431091873,1.5351787085939437,-0.14603042422217927,1.6442663394954808,-2.198615617505679,-0.12083001450101971,0.46263963327418167,-0.0786018214909242,-0.47001782311025425,-1.4459071873438822,0.5360694210076609,0.20178248434481558,0.7282451792700606,-1.2244771126582625,0.4814866886760595
10.081525106107186,-3.6949924592726022,-1.431817803425798,1.4207711549189574,-0.5428321931870892,-1.5718333057166571,4.932753094503358,4.433769499979119,-1.1878455874925387,0.09176251737075969,-2.4231674865235093,-1.172127345929554,-1.2831330747130414,1.0800743065684995,0.6403212187990335,0.282970789456505,-2.484654935056885,0.23157775780029155,0.6762629262415151,-0.08368461711867248
12.936140019509546,-0.9040785501455836,-2.7767937268342235,3.662010165834359,2.2806278777820697,-0.5758720080009667,2.4807920849029443,8.007235561101233,-0.011357501600546716,1.3564710703261396,-1.1364955683930391,0.543083726644064,-0.7817727605719145,2.8077865205957986,-0.25254653553719564,2.3583924105479506,-0.7639306676885063,-3.4524063252250907,2.17872723278683,0.19583546860562845
7.819206186986112,-4.275746558073099,-0.37348007206510536,-0.424718885052788,-0.33313894387336945,3.2634668731587455,0.8291825297871733,1.0037938272504445,-1.1624969187407286,1.1768727066273672,-0.9302586630822125,-0.4531446483691772,1.9959416240311678,1.3886143957057193,-0.7987861256683488,-0.8698318237711546,0.068265808889986,0.11280330824681048,-0.40109284662373634,-0.4431919821629045
9.029346969646129,-4.392137568694865,-0.06427711022168081,0.4708308315389126,-0.9269957802784887,-2.22508848766771,1.1582963982082015,1.1810618328898728,-1.0105372333356561,2.306306066042088,-0.7285367291616822,0.5654692892543849,-1.0326031484312665,0.7560742880120404,-0.4347854367808685,0.0837453433337203,1.9645777569938934,1.9345978925566016,1.4593130677656432,0.677710361585758
10.9804904189766,-1.1688966758236656,-3.373906130703663,-0.11142010649439454,1.3986841128283354,-2.3940696112146598,3.360373222383354,2.0191123783430625,0.2934466632208866,3.141948220374028,0.29640996503496947,-0.4314407623150258,-2.4083923681730006,0.36615771336250413,-1.538323144492638,-0.19532644017402223,-0.5163445171744315,-0.1661208389356803,-0.36497404118680654,0.3138720337439256
11.09422312143608,-2.798802809396461,-2.294189360246162,-0.500648604050927,1.2573711153557905,1.6316193284470024,3.4752009204279597,0.5905048622183409,-0.3923483836244845,3.124848246050176,-0.3795614482016364,0.1464601714523363,1.5316429710131578,1.2951248919833236,-0.9617631760378897,0.38774118807192853,0.8012325014393125,0.0017995573575972368,-0.2972565514291643,-0.12519562156719558
9.050874582735688,-0.4940806481553788,1.758574915861451,-0.903999056893482,-2.8352334271909965,-1.290823853392856,-3.638958151482745,2.370473605775067,-0.1651407770205804,4.977768795948515,1.2739755480097668,-1.33469195306439,-5.339964215705982,-0.7791530372640144,-2.248177227430033,-0.003294909352306724,-1.1130291066372995,-0.5240028590020703,-0.4791450633434166,-2.097010941942241
8.290490818418585,-3.8351910481803833,-2.756648219702163,-0.44625353840849424,1.6566871264336702,3.106588677738252,2.837300998196228,0.05006514432784839,-0.057481678613044485,2.7792189340966402,-0.960943599404054,-0.9002103629803988,1.0171458419891926,1.3000306228120708,-1.3510370580474136,0.45408246765163696,0.0630946672767091,-0.1556648367526242,-0.44658207851603066,-0.06991057608029337
8.471239426292147,-2.6177718280788014,-3.137892499053146,-1.4825662905797605,0.40494324306000407,-3.531941750316042,2.582412671028688,2.212366454472493,-0.7783962700867146,1.7187090191719245,1.2537327822272102,0.7522145456479137,-2.114652142657478,2.203570327661637,-1.2071957772968536,-0.7253375005205924,-0.6577866643455207,-0.7767388974303916,0.5051556060200585,0.6658110718291207
8.155237224269325,-3.7848932952581884,-1.1985625971835143,-1.479056940897065,2.099614010889893,-3.4528029658054984,2.2734588837434493,0.16490210774341812,0.019160955365939175,2.2171149817057283,-1.270655851187974,-0.35939221785299985,-0.5086620516984386,0.18490905995296308,-0.780704430927783,-0.3212554000454591,-0.18341634290609182,0.6283350610049419,0.408516318464549,0.6594144465767267
9.149196736041164,-3.9641843897924525,-0.8086018674905642,-0.7039157105321683,1.2048154035933691,-2.3219933319676684,2.775007186775855,0.09956609102008826,0.25691255983518696,2.991526119835977,-1.3477162841530927,0.15056910920876565,-0.1807475068391744,-0.21540083644529884,-0.9215539369037845,-0.9526448176845058,1.139356812462529,1.0734041411796393,0.8208195197876129,0.6693538128944823
8.529773629164524,-4.311827879962253,2.1049119926724553,-1.4529638000899547,0.9605222778609638,-4.032156622057106,-1.8113880570235896,-0.21497058133051317,0.9955590728597378,2.03854667491456,-1.044753847191065,0.9320289981311236,-1.4561303460456474,1.1028976381335904,0.36619777852680113,-1.6603010738536437,-0.47994246347854974,-0.7132244857858006,0.03291642760091085,-0.48148243347150366
9.199382253656026,-4.202273258653444,2.511329348170542,-0.8096892977845251,-0.07860113778852351,3.272530031675312,-0.6872094832590745,-0.09448695003944962,1.1235705150357016,2.1606587014411915,-0.7609144090058658,1.6923507690275232,0.7455139888865897,-0.07441246323323022,-0.2368516029645576,-1.25750601980792,0.5230932297681491,0.469910936218642,-0.5356192865341726,-0.9479686167042566
9.01100844834605,-1.6273409012626747,-3.79780431921416,0.19628721828537293,0.9996831022807615,-3.034613967608311,2.4512869285034875,0.9231393756462458,0.89316043595855,2.65275146221678,0.41797230887741127,-0.40119888301651296,-2.3402902086004915,0.7157450166628073,-0.6957761578087842,-0.11092193940783857,-0.4275350660869245,-0.25916224435713153,-0.022049792773868093,-0.6615953083495083
8.429095812595087,-0.835514065567651,0.7984810519903525,-0.04599341297898385,-3.957890506825308,-1.6611649615596644,-3.5756391966789085,2.748210404179834,-1.1893824132470021,-4.179587726889455,-1.4557541158428515,-0.12001775925236907,4.703295561529622,-1.4104389489883005,-1.9636000415362922,0.0387813682781808,1.1400213899742153,0.5174285762987065,-2.1123525649829644,-1.3156975851664245
7.102706040455157,-4.109275184877522,0.16399182537951307,0.22524756180020283,-0.9003188881500793,-3.659329643235699,2.288225989338862,0.6513569722242583,0.07512556390992797,-1.08523584951025,-0.49051498824173784,1.3413395476552556,1.0064138573616475,2.3947980980472057,0.014968411315183339,0.2558931016498594,-0.8978799403923523,0.19605659985607468,-1.132673567046134,1.6745116158682498
8.284117706651127,-4.715708093683586,0.16975417670041568,-0.6844847933435563,0.9316255439428935,-4.879043277350897,0.9696282249006845,-0.3928986497296545,0.5013350830618482,1.0045464392154333,-1.7756236865720734,0.7968743044628358,-0.09042673882166935,2.356715690829755,1.1743398696657668,0.977625151714912,-0.35470554794709425,-0.29265107477803026,-0.3268951708111993,1.836780040809611
9.074873114079683,-4.669347106183247,0.5340733472792296,-0.08468279276162155,-0.5082070968862551,3.3785079839193823,1.3547262434790672,-1.458831036174463,0.6675810887107827,1.4075910926276098,-1.4464749532325363,1.0889618152175204,0.47494344117622195,2.5446262935765716,0.6862524840539168,1.0821785999990272,0.8448978461423167,0.353454078613061,-0.9095463614464625,1.224874824842014
9.07547515662504,-4.036344824169894,-0.11168193170318963,-0.21740191834914627,1.0150614057793594,-4.052864304143231,1.5819768978708002,0.656457974194008,0.2549624284654376,2.044920185620938,-1.5734819728790377,0.9364855753006021,-0.11350494161545133,2.51567565604549,0.438109320182561,1.841056030104336,-0.3167142482921351,0.25036725303469637,-0.5437171499429914,1.8069247591897815
9.49000773079917,-4.146556558093134,-1.084632857995952,-1.3898993428103512,2.496915563628006,-3.9554360440670537,1.805399038013579,-0.3600527150605534,0.16259344302629314,2.174510329567558,-1.1851138674860255,-0.31100062678299367,-0.403962371440414,0.38168529832540754,-0.369636291208309,0.26372177429128124,-0.4705495992203096,0.7501032332489002,0.39478861829844153,0.5050652535425719
7.466043537263079,-3.5220832075311197,-0.29209332824577394,-1.6395429668232602,0.14069397382080712,-2.9356097655241777,1.8975277294030892,-1.9887681972615316,1.2741031023090794,2.270853221664822,-2.7954444822680586,2.143164651811936,3.371076730213826,-0.16993057194031436,-1.895909053703906,-1.395975182785613,0.3238207777136295,-1.6193501476760008,1.0889769791850084,-1.625856896620074
7.8884412126088375,-3.405965515364857,-0.16432908273776806,-1.8417977179674703,0.48728774248777906,2.3039740386865364,3.160371981665847,-0.4416740102020271,1.2007130576123792,-2.843863730505428,-1.2415955484817012,1.2617385300651653,2.1509575471306963,1.9984267473216506,-1.6803922576165389,-2.1951560962266496,1.1967785028089695,-1.8331817880375882,1.284106043547825,-2.126139883891112
9.013030674395717,-4.294897688621804,-0.8613358182949287,-1.4316846287711105,2.1615398125708474,3.7966766934485245,1.7588340016353836,-0.4027792444667868,0.1390697681272678,1.3014033131540554,-0.5002244511234012,-0.260853332771983,0.5270160461764335,0.5141683826726501,-0.9395272597853839,0.2884546240133226,-0.4981903996606182,-0.20132467180437025,-1.1760158867299089,-0.6109142099197639
9.55811918187678,-2.9316745629466183,-1.0132200742042154,-2.2365636059986986,2.228286844173995,-3.2141517854198973,1.7766030018162224,0.0032026782871981407,0.5360110283161085,2.6850613794982707,-0.9135912524437767,0.949574648871078,-0.1316578845864093,-0.29382560527950535,-1.069490323075593,-0.8515701103052128,-0.2424601269902915,0.7555617284579383,1.2177739800094003,0.13563821284902422
11.292690442601515,-2.027766312685583,-1.5460018036058358,0.8119784074088191,0.7841291777329178,-2.411047130239296,2.5947390843014952,0.3775694427369962,2.1368020282367715,3.3839730317853585,0.3679850692594177,1.034780266329366,-0.6821314614490036,-1.2141768537499633,-1.3189082919152075,-1.459637539644304,-0.45663839036494736,-0.0520106928016012,-0.36469247573322694,0.9457171523151678
3.694469747279779,-1.9026963249926958,-1.3461684767624829,4.921139491126335,6.785595606802309,1.3676599209095812,-0.21160107765560254,-0.48697738042850225,-2.9074437737661696,2.2131778357278815,1.2285428720282434,-2.0558256821513305,0.1017134667565543,1.9437588830641075,1.1919649187895272,-3.310419426196338,-0.3762483318794245,-0.05239276914483759,-0.7869575815299398,-0.007935842601661802
-0.0727886964786906,-0.16179993148947364,-1.2095960695650225,4.813805707160384,8.616074503280455,0.745296403503369,-1.2047440152536626,0.9349602683554918,0.13724394136898005,-0.6999468735055264,-0.19448205661861007,1.3388180585541916,-0.555328301633271,-0.42970137577685474,2.2644196973167547,-0.6226213093280375,-0.7529447040717501,0.5174539952938173,1.1423438506525647,-0.6229279207943953
-1.0825226890810296,-2.638475688729747,-0.11908526055441798,-3.130013692767365,6.245410476961384,3.440437061708974,1.6729788975141786,0.9794806668743135,-2.068025264828918,-2.1058461725237057,-0.9110812113957588,-0.42510061183027215,-1.425433825328367,1.6584472218932862,2.5350214713173704,-1.2167332799439132,2.8262427483151233,-0.3154804811122165,-0.45572711731967136,0.23743574322248429
2.3342547728222374,-1.3838916652339754,1.018943203986411,-2.9715319991287394,-4.463067773639687,0.8994455883362914,0.15602986951437506,2.6091846098862983,2.2989864584250213,-1.2104421544113457,2.279466496391653,-1.6159439953638544,2.9474457406899566,2.1701605740877805,1.2757217695379541,-1.2367991108667677,1.4548177824598607,1.3535003215118224,-1.6860193235204957,-1.3014445354797668
1.9466528548790312,-0.8090219360830878,2.611864606765733,-2.3738205628273263,-6.7298941221276,-2.1000625389154193,-0.9134805652309297,3.649908443330502,0.4606248661611959,-1.0172383942124994,3.272594734536077,-0.04197089315197222,-1.6540917416715024,3.8327574120068584,0.2908655941644317,2.0675642692550182,2.5449651541293252,2.218893134484196,-0.6936304840997058,-1.656157969642343
3.1548535905629973,-0.9601331681848151,1.133669575603304,-2.425818135048363,-4.566993107743683,1.5931867327098737,0.5805705208025771,3.3445771896944123,2.1754976459372606,-0.4364779948436388,2.1452445335720975,-1.815193186706815,2.772211841414002,2.445322822788478,1.2400599105905483,-1.2506520659539926,1.26108369662913,1.1915469928620759,-1.6206495403128671,-1.4241118365491827
2.825780404818716,-0.4866375489878882,0.8518403059113435,-2.2913703628149555,-4.97872380762038,-2.090430443008276,0.1309885900697593,2.759016448020317,1.5700649407984555,0.23844733224532766,3.4474778221618254,-0.3712372093738443,-2.506498139494242,3.8737834288870876,0.40537511701711104,2.1746350171476765,1.9234513174442323,1.7703354355523824,-0.7910086686617621,-0.8544164358630697
2.8024666164570817,-0.2880087618230218,2.5723040103203276,-1.975525854085222,-6.63276935259173,-2.6811572087977624,-0.5511842882067729,4.42464658164693,0.5111069485273894,-0.21232257412671962,3.2934619733970685,0.1105361431570751,-1.5202813843439684,3.885389356250103,-0.18565672642711478,2.675325180123098,2.752299351222375,2.2197096281410587,-0.417329223343744,-1.4502305204107322
3.5809293372196946,-0.31497741271254387,1.4793939492752943,-1.8064050831970242,-5.557979291720013,1.966820053016518,-0.4362357554375127,2.1117029725840304,2.2944092994016074,1.4999532987836715,1.1299628043044831,1.135747204986728,0.8946987519484202,3.0306306280432045,2.581259756485027,5.851317198247516,-0.19344002770087987,0.712391338738264,-0.31165187048788856,1.4623599618319798
5.980759766678542,-1.9775340740985703,-0.08747344409512592,-0.09086692077917918,0.8294348549988637,-2.5747499932828624,-1.0504931369536872,0.9813168256243321,1.1798356749303434,3.4274869898190516,1.7881056809330285,-1.8757140830963142,-2.531133519612628,2.737071215070378,-0.6184471651028055,-2.2556708281254902,-1.7630661411302189,-0.13981342825806256,1.4638924653717098,-0.5016432943031817
6.11015396800857,-1.8634603879660931,0.2606622630282328,0.09425133212631598,1.082937071478541,2.287405134557966,-1.3110939729758182,1.2525183657339163,1.9006044772829198,2.0377508195456904,2.5010331443762546,-2.2830509594919235,3.085073486318283,1.5731123264943745,-1.127509291470775,1.3760545325624127,-0.8539981637188372,0.454852107391763,0.787902986424736,-0.5513162570813601
3.6912684437180636,-2.9857931265921596,2.270176340076103,-1.9049617633934188,0.09386209412767488,0.8298244540390705,-3.9406458247709395,0.6537740012194313,0.9709074956537938,1.6483707923701534,1.2428932885115318,1.2131588791022518,-0.304117786413615,-3.0596952712866283,2.465185057546083,0.7316645043056187,-0.8611114427600941,1.2746995884047216,0.7721180843950702,-0.10425677623112589
3.371852728628144,-2.852316819791641,-0.03644020936271483,-1.2704344357895854,0.6918385158358561,-0.9845026459522175,-2.290079144696319,-0.9453396759448751,1.8780866452788845,2.2754116294152236,1.969511119253228,-1.3356238663827524,-3.9047136113336194,1.2228496129137874,-0.7198964948897548,-1.6274129216888973,-0.6750312165768684,0.6004814143556083,1.710425732501319,-0.24868910055346255
4.963296416546818,0.18715569638452834,-0.36366772434195704,2.9750631348960868,-0.596673776944075,-0.9555668453259116,-3.288497274973256,-0.29292810717576956,3.7115844479505125,0.9493645452477919,0.14529111196802658,0.5151478305137401,1.2537575208133798,-0.7973072329956902,-3.2215691018998553,2.0291153241937194,-0.5552976138669632,-0.6461060923063177,-2.302603416704782,-2.3292316321754054
5.882917849092114,-0.4753637817011541,-2.725717898308825,-2.041754094589325,-0.19351184419450007,0.05777371858684188,-0.9687741990136267,2.202924115751802,1.951042492763774,1.4607244334470488,-0.672379255087452,-2.362962327887119,2.3377683462613565,1.1758478278631883,-2.1972616792575277,-1.024804064271946,-0.7432835046469413,-0.8446547789886666,2.3970956159054144,-3.2368133441504368
4.280770863045676,0.3376224055409518,-1.7588097771293503,1.3313756763980669,-1.5974317252615295,0.6146003201890449,-1.6235102844377183,1.771136390128113,2.252618525865673,1.593740869190937,1.0348793972183363,-0.9812085867419471,0.30012425594664865,-0.10505750838554656,-4.049214219342166,1.543783979248873,-1.4238162578074243,-0.9519388600377859,-2.604950243877692,-2.377331479242323
3.906806003881331,0.24302089389176995,-2.862820879778295,-1.7082506525796428,-0.964885859889531,-0.21963246719360152,-0.35486996465336207,3.317420127424274,1.3909533606151585,0.6965932298603831,0.10195724933713501,1.4737676589387974,1.7670629475984514,-2.340360513346633,3.4237812276726802,-0.5761780887104809,-2.539263850720826,0.3714023590607487,0.8636924595536558,0.826451253142706
3.6682760914147896,0.35035846462510734,-3.060875776912086,-1.609270956718451,-1.318232080323678,1.2461222771118723,-1.2211881326886838,2.2919606684286364,1.0954474823244187,2.6107757750000284,-0.06622140165097767,-1.6701454502657114,-2.2903039305949475,2.8318707633748366,-2.2945731321939924,-1.3949101618359911,-1.6318061413290132,0.11214535654532165,3.103523269169963,-0.5360808474935114
3.304747533605366,-1.3558826074901722,1.7289969685281068,4.9767125398311745,-6.115735224945471,-2.6550614359390456,-2.969337197256421,0.8757347866519464,3.923945780841544,-1.4914891436621174,4.855116999882,-2.8609871090339913,0.22294996631172526,0.296887495245848,-2.244619530288402,1.0659035342960856,1.693377263260979,2.0633668590587138,5.031929448112212,-1.8598316596159497
5.98016615639806,-1.830195033987304,-3.4827440256334983,-2.969572345933087,1.5116977784936103,-1.6624507644153328,-1.3789646480669755,2.1950066185228865,2.413064052835005,1.8632453082500442,-0.8296783827040929,-2.305107292844851,2.528938352773539,2.091789219269921,-1.897516766233535,-0.3238930540859095,-0.21716422466735844,-0.6188058063147608,1.974011003863466,-1.7766891692359228
4.529245720000419,-0.15593090769013718,5.337427952404749,1.983050007992921,-2.351187905595588,2.402134368823833,-7.320584748200037,0.7561297005696291,0.8995097381045434,2.72270103154697,-1.3608733798129562,0.425584354219663,-0.09889753349475633,0.19357832901151295,-3.9115330041318126,2.1590794865529643,-1.7027056087873227,-0.16337385311653685,-2.1902694406663494,-2.498811773591491
5.984756896138411,-0.614864267085987,-2.8583480281481615,1.80281941754491,0.2658905746247162,-1.0850862115614541,-1.5238079191583767,2.1080901132285574,2.2748933687735637,2.0210901613026646,0.8890798185517301,-0.1451398468603878,0.9333363343353008,0.34388931713970977,-3.755629635522033,2.5158868812129476,-1.4747882994888408,-0.47556028062885836,-2.2529889133434757,-2.35414636486804
4.870596003647353,-2.5862807135380304,-0.0013178203418031942,2.273073269823966,-2.7763946509329784,-2.590199403711221,-3.1297635710766363,0.23292249094301531,3.547862515472558,1.9703551288056247,1.0713518857620086,-0.8366964397129635,1.2866985810088232,-4.636298172686052,1.1266401698985629,1.2780999441175793,-1.6064489451047201,-1.7748463030451491,0.39644315637224664,-0.8750072732742903
4.224652630730023,3.048504527039007,0.49414977407147764,-2.7757136150391286,-2.959797276026168,2.343521928491818,-7.560642536220692,1.4180463875389937,-1.8957217775537938,0.10216446796107093,1.2923217016629565,-0.7329219542688531,2.80513452260742,-0.8194890961825367,-5.876285195282712,1.7954104454459792,3.390325156453431,-3.336372336177077,2.628182785820754,0.6269884008112889
5.053575857327319,1.7235888147681298,3.80551264829516,5.251372634241378,3.7601161057887804,-7.111585558026639,-11.61033837161843,-2.106103643746742,-3.175740458299438,5.026925444782186,4.89843391990172,3.5012616788028623,9.389516263836768,-2.710718678587357,0.6979393605870459,-0.09174368899138174,-11.3918268657771,-0.8503561402914441,-2.4745504188188083,2.1167896676825615
2.9143654544848423,1.1123558401515241,-0.12349320288593052,1.496518579256426,-0.17749810428540425,0.8770640338334497,-2.19454036464016,-0.9247640202302028,1.2022431051673075,1.836897826754155,0.21892879164825776,-0.8417533867134781,2.146310775805296,-0.6704012330434886,-4.226963092726126,0.6124311716740239,-4.436978884645078,2.345421118318125,-1.7760693433988692,-1.9756881905442618
3.6440201630486606,-2.0017349124836867,2.0910207716470186,0.7890620765583027,0.8435656848721359,-0.25906528456387584,-3.132044750679438,-0.830817712720014,0.6938251619295889,2.3964986086927844,-0.7658124548728074,0.259875117973924,-0.29267370711290064,1.0978792619456865,0.8431289586618488,2.7517070742311645,-0.057234963826548496,1.0620970598468558,-1.6573079856205453,-0.5897302317990213
3.230511696903419,-2.319125714277329,1.417107882772855,-1.2016280498045848,-0.7833108000330324,-1.252566048612528,-3.4860421004819235,0.7006714453212664,0.863229707438066,1.8144183963412341,1.813541428210141,-0.9857211676162866,-2.7739207582980483,1.34860530078808,-1.0476177325150926,-1.519613379626494,0.0069695837741247935,0.9128712683891274,1.771073614152254,-0.8750052937812826
6.547066954722645,-0.4502676491113218,-0.5390422790161012,-0.9823873202366958,4.765620516977577,1.1272464832280282,-3.4226528417581186,1.3154154390524326,2.552757231101234,-1.2529684341984817,1.0605751341591922,2.4036712704772842,0.603706321451604,-2.706299853813915,4.063994098117267,0.7019543599723282,-3.7703211118538444,0.42078532032494137,1.0636939213356718,-0.6217010687916656
4.301103608404009,-2.2729244995130413,2.0741850272841633,-0.8544495055899056,-0.6795139097709817,-1.499125468530375,-3.4170356835077427,1.7888172713742758,0.44163165312285385,1.692134835051254,2.1853986054676904,-0.48965747013382893,-2.6991580223324854,1.4641396429742424,-1.0268448940617891,-1.8285408985425138,-0.4914819253969567,0.6854476485249497,1.7898350309857365,-0.5274824727846384
4.155207570782772,-2.458845610689895,-0.0014258356555127971,-0.9043207295109935,0.73323281482924,-1.5294234970931109,-1.9476927416405392,-0.37146938751509356,1.9161664811967736,3.0752364231356664,1.8552500570116726,-1.3774009956846773,-3.5882291752762008,1.5319606207259988,-0.9673742484097447,-1.416063947404872,-0.8342047412189574,0.34903164658686064,1.6401703166914063,-0.26842081544225427
6.011259762637571,-2.071622902037072,-0.14921979481436953,-0.4104597241678827,1.20497959683916,2.68088991500938,-0.7481461022676088,0.6192224122070993,2.2343559753693163,2.2602968584934553,1.3577825782968582,-2.6642582359174027,3.3225295675720004,1.7107702717226925,-0.7178172448735795,-1.9610347902695735,-1.6848629745123542,0.1595589809332453,1.5949147177311396,0.2813530533852943
6.6292827884071315,-2.111259846417558,-0.45319719181898177,-0.5960858828852743,1.3955371222485957,-1.3454220687304845,-2.0351814760071836,-0.6499499618171493,0.9904732308761809,2.5599098704508263,2.0701760768302133,-2.0102280798620695,-2.764809614295517,2.1902403295003965,-0.5991507923772972,-2.173223044602446,-0.6152886351697091,0.4111861900616156,1.1303195620516446,-0.4343809692016119
7.430321187893108,-1.9976809812647582,-0.5988921095006347,-0.5283417579896802,1.5894280340845484,-1.2704598562464107,-2.1564737718935776,-0.858250079696426,0.8254543766880444,2.528426002280166,2.035929502627278,-2.2505759285644436,-2.4272548999317083,2.5006360863073813,-0.3806581582508825,-2.5816382501622934,-0.7335459478383126,0.33629790682083227,0.8555582113019924,-0.586085579066034
6.763576591488279,-3.0633850718607536,-0.07925464361914591,0.48264895295404164,1.5302545375079029,-1.3553204144692597,-5.2991997595537015,-3.6974803637914726,2.3106091650322393,4.515607458364069,0.15671753564909735,-3.1121440956955815,0.3256609625583621,-3.9257385096630073,1.9039614116785524,-0.4047699821021057,-4.5383757009473555,0.2650066013853822,1.5437688893954817,-0.030152963735391558
7.892229897303745,-3.2314878404613427,0.05433949546018496,1.600974195274433,-1.0339919516409959,-1.7644311949982885,-2.2045873087227292,-0.34894164535694416,0.29753684602850794,-1.252040432794242,2.52635495724791,-2.7366013285270285,-1.9996224116743693,1.734472001413525,-0.3423920221205944,-2.53750981871894,-3.9134653631507033,-0.7993973760543162,1.5439303166060188,-1.970613475773281
7.305864900272137,-1.4846080204883307,0.9465241201708496,0.6487936122831978,1.1649807169275423,2.7672789658392096,0.08518473475749178,0.9828463223729602,0.7839054879209685,1.4244791074425014,-1.3579834423235497,-0.9090402235594632,1.2646038103877397,3.131980343166228,-1.9829479109191723,4.789299106616736,0.5451999344977705,-1.0873598502126884,-1.1740605283100447,-1.0129015541670494
7.635573366360224,-3.127323963301781,0.0291336250360488,0.9370306423373516,1.3292075548965543,-1.2204072981811132,-5.251000827915572,-3.689768656704352,1.7547361667720254,5.133079447311673,0.3141655714024649,-3.376613566746519,0.5474255089578828,-4.061468300127172,1.9091611148221466,-0.6185765543047713,-4.892246901676283,0.11967558859432825,1.2875905592819692,-0.3077368605750312
5.478921230681097,-0.13043266161143585,5.309299712748654,1.6187396197385577,-2.334414196418497,2.0446494254505367,-7.238036011750029,0.15202720948084159,1.110783031833143,3.0413266407421053,-1.2775538421335315,0.04000716105028723,-0.13820171417730132,0.45930441918254583,-3.7964389168923915,2.145076825481146,-2.1275173866232673,0.02156974194234107,-2.5035121940257214,-1.9766454087963516
4.284536676040405,-0.24226182193225182,-0.5251652073363094,-0.5573839974314999,0.6458742680306307,-1.7403219099040015,-1.4706925993350244,0.35914152395649085,1.7632881897260648,3.539432531541246,1.5689647251536565,-1.2271585685779531,-2.9262474180643996,1.7583383758615951,-1.3563540749971266,-1.4850101546894108,-1.5110879976813627,0.23301609451356053,1.9544262471206673,-0.8592404323120759
7.002272159322266,-2.0859053386915285,-0.07435809975849489,-0.6133253789048887,1.8026536561067061,2.4510899204722354,-1.2472394411442151,0.589405447196226,1.0040383825908774,0.18084137717655457,0.29852555472353764,0.008136086782537078,1.0337514328027637,-2.6760775105827155,3.97360472192441,0.39643504924564466,-3.3147518325924787,-0.0758208820438998,0.24497378905021205,-0.3346490681402321
6.160046614118064,-1.9028646895861479,2.19856620709088,-1.169989136320912,0.5439250776520064,1.951123460221662,-3.5391357927990494,2.00887517040685,0.7673321820636909,0.2175723728146578,0.7516932907447406,0.7800919492600659,0.6890055482151871,-2.786524190152236,2.688305195375424,0.8759630410096184,-1.1416571910895916,1.3178390992901687,1.2677357842911128,0.0731430458407486
6.336376776258982,-0.966361766886832,3.1504051717775274,1.6612325662186178,0.08564866960803896,2.8944748558254254,-1.990062963628057,2.0365774418925358,0.5943591914536175,1.6536409562170284,-1.303170006495972,-0.5717044312731354,0.41385917190933885,2.4683433675977633,-1.8620477335639962,2.8889187014091418,-1.7096064950871406,1.0352404277136487,-2.8411049643415094,-1.1389358608470401
6.679692207941632,-1.3892329721490981,1.9128205100043734,-0.6929320699808854,0.08256602505340682,2.716075742436961,-3.0308444640493692,2.3191883985817077,0.31698427153543474,0.07409124399835613,0.19571777308745192,-0.25084454456934424,1.7573812825304564,-2.1732517479975844,3.435883573561942,0.4541846454298534,-1.1077601779618955,1.6210068825134634,1.2956071595544345,-0.5167508943876942
6.316142010749821,0.6903832656063642,4.422212939104866,0.48233416574439825,-3.409700209911142,-1.988424425992063,-6.931732167024556,6.14155032414319,-1.9896083408725926,1.0953967595598528,1.1141338715990203,-1.0405701030508716,1.4029704199493147,4.944656306732996,1.3986668393176354,-8.58242032854956,-5.729598305317073,-2.851332539988371,-2.1619418865398456,-1.5577769131680008
7.322110008632234,-0.36230831688162657,4.7829875333640866,-0.41551980531944577,-2.8877608613822776,3.2407997637961636,-8.523061499553522,3.8102094007350225,-1.3917780902189532,-0.39588628979050133,1.068774632677178,-1.5537804875282104,0.2816449192698479,4.152421221747384,1.1185252284397995,-6.830254176394261,-5.33664991003772,2.6664651345049166,-2.0787406855308737,-1.5706122595422585
6.5644851893876535,0.08175090220173353,5.859889574744855,1.0673246670061745,-2.9375422714268757,1.453872907583094,-7.442611688758493,6.668623763282871,-1.043535061401989,-0.35319419959247433,2.1496211600875004,-1.3024167730560459,-0.9212228757771647,4.456543057100155,1.3340996486045151,6.731492189682148,-6.312636836942132,-3.534767399078786,-2.7454655494024744,1.5722808951963179
8.507022460840982,-2.928555378366596,5.045923398092741,-2.6743355537824494,1.7563561255254099,-3.9159822464355094,-12.863426226895188,0.9180606714471011,-3.9044010449258018,2.518947662243742,-4.679287106491376,-1.6357803517619083,6.160345302575676,3.0781982729399213,2.246743199661084,-4.258362339180241,0.28809735427149097,6.102350229703534,3.2325337921067803,-0.0400558613958194
8.07632113980272,-2.524763634544168,5.344329221899737,-2.7431625024100086,2.151324777505594,-4.068881487784246,-10.78398126750789,2.8158790917540593,-5.037987976067663,-0.7500828492641554,-6.025574245435734,1.6396672858252535,-2.83635008244141,-1.2743053526554555,9.304996026386092,0.20316577035866556,3.4552758247285604,-6.513291061324641,2.0554087960480976,3.727061604901216
8.365233684155656,-3.192448171690203,6.494359557253139,-1.269042752085561,1.5704363206587315,-4.78751607994401,-11.104855244020364,4.190216368566701,-4.57175035485109,0.9842659884394807,-3.3095500107619404,-2.7137311236171153,6.582171244839693,1.5744769707674342,4.058745292307253,4.138720604925435,3.1953238588691617,-6.030871392611932,3.822273967959791,-0.69623412197957
6.011259762637571,-2.071622902037072,-0.14921979481436953,-0.4104597241678827,1.20497959683916,2.68088991500938,-0.7481461022676088,0.6192224122070993,2.2343559753693163,2.2602968584934553,1.3577825782968582,-2.6642582359174027,3.3225295675720004,1.7107702717226925,-0.7178172448735795,-1.9610347902695735,-1.6848629745123542,0.1595589809332453,1.5949147177311396,0.2813530533852943
5.901706274951033,-2.004832537222776,0.4122595984257342,0.1470867657659714,0.9138760481057662,2.3690652290180942,-1.1692866959867874,1.2872053337448797,1.6374789443756699,1.8346248816705284,2.457008924291583,-2.5035725382941783,2.837656225123949,1.8446702088254114,-0.7795709819038372,1.8181040439616851,-1.2653342276667074,0.10950559507128399,0.41124348115382414,-0.24390789084211556
5.484386730948452,0.6635591993543712,-1.3723119848015048,1.7115499231558975,-0.20967136453080926,5.270206416906001,1.3220395750895766,-0.10202898733246751,2.371204788395929,-0.6186039741718231,-0.45299689650183295,-2.8304398910186976,7.880603475376896,-7.01116178053487,-2.7711233685390426,0.8605110499362234,-1.1367748692455835,-1.6921088636780497,-1.8111643386159744,-3.538362718322478
4.616152153514275,-3.13821848699265,1.7460756860253475,-4.406688590345176,-2.7750677026804933,7.2447225712942025,0.40304940638887987,-1.8483139143657203,3.5460827082772446,-0.5697094519079093,0.1397598065222196,-0.259761504259304,7.887561773934237,-2.2127736133445848,-0.6235902272379447,5.982865803048098,4.491205336912834,-1.262825213799076,-3.6551867503221307,2.997064049199953
8.500402161898657,-1.425205783817312,2.052946659214478,3.7838132038292356,-2.2912762764248713,-5.726028945202854,0.4727551272177508,-0.41529897681216477,3.169226087114583,1.5332679196747598,-1.0097032552502967,-1.6477261408953114,-7.642629621493532,-5.852924071228809,-1.4339971938000318,0.1616192548784987,-3.288692574109161,-2.5536897144542006,0.20479559251405832,2.1110520994060344
7.207446604621761,-1.59179654881937,0.6334791673436992,4.807779821531799,-2.694497549401024,6.935638899986724,1.8115203970603893,0.08432606982201063,4.003066640874786,2.4037418381918503,-2.6473674425972837,-3.7429997132445805,6.06601726880402,-5.9772906722009305,-2.616249423737818,1.5680826969845887,-4.164485306826209,-4.457811688979167,-1.823232071159515,-3.037828844054475
6.512686409690431,1.8314004337948042,-3.2841893112654263,3.259097189114005,-1.0520341338718517,5.137605185084856,2.5158854376794695,-0.3347795950214886,2.6867877714796524,2.3029656686598337,-2.869148421067176,-5.488280531583985,4.134971762188938,-3.929585440923133,-3.00351726665039,-0.017077476737250574,-2.708946170882309,3.3443492778168613,1.1113163700028548,5.2461416514272825
5.288375577489072,3.377215399090601,2.060738461999901,-4.336724592959283,-1.1993314777225896,5.831824977384333,4.270592943178294,-1.8814473642227907,3.0337954209926177,0.033095449524724874,3.4091946681370278,-1.9398757131854771,9.077948906224389,-5.730330312532155,-3.3439910453307,4.143861949279861,3.1961712954296786,-1.2769126741189238,-3.6453821704164198,1.3135921682030245
4.264854219476877,2.7743817844980634,-0.8097694159346305,3.4294014074007597,-1.0570103082546751,4.379925888623619,2.9641395250759146,-1.3871158833914858,4.593095557738793,1.4930876405433695,-2.985985480540755,-5.21744147856838,4.143206270178317,-4.140796573149844,-3.3193600166202133,1.9529114745894356,-2.178847662171988,3.521087871062463,2.28187168734867,6.1448202908890845
8.225931573988568,1.0722957655825054,1.7431150165363265,-4.411285095619249,-1.7378279640211314,6.155337343891155,1.1023758122877034,-2.7974584125731603,2.6827640151510996,-0.7059826626409792,0.9279451075998124,-1.692553540003485,7.654973289591438,-3.965127214528054,-1.0760989666752674,5.637581296265155,3.7613550907738373,-1.057565050866119,-0.17349083362106615,2.302537468854364
6.916555197673137,0.3758159290202425,-1.0392521331504618,2.6498955897328904,-0.7712384250650223,4.9368371471160915,2.1738114792834087,-0.14343728072587214,2.243808859874549,-0.1108395808624596,-2.3261899801540147,-4.874401478724265,5.141714143840087,-6.09486356524715,-3.243023531702759,0.8550406683739142,-2.534811869103517,3.038562924448971,0.25996680486621426,5.509498775749364
5.310897409351534,-0.020058629067516653,-0.25298543836144133,3.0413778077622333,-1.583786501229008,5.03999312071321,1.786365831580531,-1.1148084640812497,4.227656792078878,1.5918340223772074,-3.328436862062254,-5.084306894145751,4.851038603993162,-6.090612140673452,-3.236358661151752,-0.042405256165094496,-4.0364958239921895,3.737683626354078,0.6276694917965437,5.2575178962551705
6.056299915700947,0.6906078416604289,-3.590024156845576,3.0305043203402753,0.19930481878227002,4.239574923173708,2.277739591553533,-0.08873412414863091,2.191648148352007,1.1819539795293645,-2.1429431792668057,-5.380328989476736,4.765074619655558,-4.771985430061171,-3.700717549070268,0.6817495125938842,-2.138453807876666,3.1658531869563666,0.7309239397744469,5.589795151375549
-0.8944445472709668,-3.821221841397075,5.159126549857867,3.228791160785235,6.243428638572815,-0.35198768514583534,-1.6985824364946622,-2.2279635281349144,0.5472513377981479,3.6063984568456195,2.983683385988864,2.9495483742753246,3.8411687156476235,-0.5678344912310949,-1.1239037335423134,-1.1759621332881653,-1.0037861958445256,-0.3693342520882704,-0.6963631690631393,0.21928908199305508
2.3792754914437007,-1.9157086202702858,0.9894328715925438,4.9373716806673515,3.7939739012922242,1.7138237961986431,1.0586066932589255,-1.7195937668375583,-1.9966056976349447,4.098174207836422,2.739468367642342,0.6854964607565949,1.012385676291737,2.232936625968948,-1.5112508000051506,-0.28534796186231737,0.9347334251299229,-1.5365112734511492,1.12770415660692,0.462297772187684
2.132808084862226,-2.0823777585251766,2.8102217759382704,2.5348055266925833,5.60803176283255,0.20157440277149152,-2.5638516609236053,-3.7214120957185752,-0.27777527664918056,4.7064113404864,1.9407542086918417,1.2907760080321324,0.39024371930619617,0.5936795521539182,-0.8180268838319746,1.05786323389145,-0.3878671399590281,0.8491273844971776,0.722095344779032,-0.3824182646155052
-1.5674658071502665,-4.6197798767309735,5.368464050799711,2.392894689674791,6.8205182924630225,-1.1358154510242255,-2.149188422257673,-2.486969814956714,-0.27788736480844356,2.7882752133292708,2.195117886750147,1.9214963097107685,2.6713518405305194,-1.324979463341619,-1.4066801491747993,0.9666755985106357,-0.8562399473390915,0.5858362701527989,-0.9429935335102478,0.40793675101305027
-1.9658003269246072,-5.47337632190234,5.304706387972523,1.9105208071031796,6.714713919136859,1.6567029308120318,-2.6624828241861467,-3.739099999165259,0.2410827593235176,1.6834626352366036,2.834593117569731,2.826955623364956,-2.8764323265241742,-1.675864720819073,-0.48096235387882486,-2.4132777889961186,-1.2051218387146745,0.6149675882852061,-1.1580498239218924,0.3348462478021672
-3.1341770825922657,-5.571003529580111,5.984562156097207,1.5541937832706445,6.967221355951464,-1.816797324607924,-2.5319419806874683,-3.1608890017797435,1.3143913996762742,-2.9325886676218706,2.278186776967006,3.588229943555037,-2.073697756986855,-2.358711911067637,0.09082737769743726,0.17656867282298117,-1.0018826158799685,0.9594986023318783,-0.4191701247874555,-0.44986514772060876
-3.9065723455916244,-6.1190155659845145,6.1109179991666345,1.2092439799308619,6.7147891632729415,-2.367248302399164,-2.6847531429840066,-3.683644946284386,1.0058642256092436,-1.9168829999529629,2.477450755168091,3.482385660699185,-2.2054235685976473,-2.258497236635707,0.32963905454374937,-0.3242661950649133,-0.9256947576638881,1.0842604430306768,-0.6134530723803122,-0.4497948364108075
1.9369201536905694,-4.034051769221598,3.5768759900401186,-2.160713799018497,-4.607529525787339,0.12334078440402407,-1.2611605305239986,-0.71701312143452,3.4804878444174703,-0.2689249848518884,2.5826874031902354,-0.423481619767762,-3.056319470006895,4.236835907071851,2.0706080578010173,0.1685533435576133,0.4654824454182764,2.19557956254076,-0.5213166510651276,-1.0367333286833915
2.71430241132149,-3.960228842574142,3.0322518167629755,0.7932364789864377,-2.7454879694597225,-2.7406719852315247,-1.992512702923092,-2.6654887620175343,3.5809069833792577,-0.9187162338864201,-1.5209316837673739,1.6658398442643014,0.293714102093276,3.518562035018008,1.3345300858875362,0.07965307935953768,-0.08317782370623167,1.0262120279792897,1.882468551040597,1.5529247643259914
1.4474534784472826,-1.7622363455700034,3.06195530436415,-2.5960241892982685,-2.636081684339836,-0.9223883961647266,0.5018894318596671,-0.9399191846822879,5.795021885075646,-0.3476439176791333,1.5899351697829829,-0.5919749764124265,2.848642964710253,3.1284503276927573,1.294836071844307,3.440428151630529,3.3949678715760254,-3.064584298134222,1.234377330592144,0.8549061886594251
3.154328763280948,-3.18312830512155,4.902288132396828,-3.462618631843979,-3.5012861992574202,-4.359042445222208,-7.913744870335654,1.9838030139141258,-2.529789027135595,0.5302330332826217,-5.0299491178197515,2.472362030912201,-3.5112676869663457,0.8947394411064904,7.559715659993252,5.301118074151685,7.251291851896225,-4.188329765100061,1.0674240590395434,1.9940209479738322
2.9606341301667074,-2.2407429606903824,0.6069685851718662,-1.9896425113928187,-4.661747545964693,-1.2177903836640547,-0.1331060556325091,0.1058704909770316,2.446680380025601,0.40070543208438614,3.3910494689943875,0.01822672118468556,-2.8274950263839864,4.177674955899927,1.3897978921278984,0.09504736223526467,0.44947857766366106,0.6715160908488447,-1.8309666230043207,-2.4973220067361916
3.6633438824722537,-2.335824850058057,2.036674682331725,-2.496125117645563,-2.906788677107541,-0.20387205512319728,-1.929726316691284,-1.8363556918120085,5.261411204246194,0.8297762145194284,1.3848778392341534,1.3676981029259498,-0.9697420453564409,0.3047989532018155,2.3179640366165324,4.266511996927771,-0.08730614771999708,1.3342023795192757,-0.7713071901114685,-0.5232889505401218
3.9280076986478436,-2.5305710536168826,0.4590149137559142,-2.091354510845947,-3.8809543152545563,1.0910655407143475,0.302951052164529,0.2388570315493162,4.589358606206131,2.0421403306722405,0.6166153114584971,-2.583512301225797,1.561847846741239,4.1844739075895685,2.0726562191131537,-0.30294708181417535,0.36102652766736953,-1.1200106911055392,-0.9452297350708447,-0.42302619180802603
0.363137706757015,-1.4973285507615561,0.41885408577547784,-1.705780696648357,-4.622919265617068,-0.1357656421138922,-0.30071984273320485,-0.26628827011227063,3.388547367881787,1.6216673852922807,2.1315914235072566,-0.8034031687095335,-2.561492846893423,4.329155959936947,0.6737342270333798,0.8704370973004765,0.8678026489919686,1.6274710544211677,-0.6163506053058982,-1.7489441239304706
1.7315433562216938,-0.6085917548695126,6.515484616558739,-0.21341721674474234,-11.006122744178455,-2.464911943030155,-5.339807851117207,5.538384106372838,-0.024078447168914136,0.31279637930823756,1.4674643184574436,1.0123474746714771,-0.011057743649585783,3.6201352042285273,-1.7706116498461542,1.1063083022588889,3.01555908976186,3.4864890248979843,-0.6544424360288462,-2.392408064667261
1.9958974456674299,-1.4724842964226217,5.557096506304622,-0.20092814918245883,-9.084412988379473,1.348481267295145,-4.43394304735107,5.627145292948013,1.304405864707735,0.19640540933979078,0.5994290042639512,-1.5577486043677082,0.26679840642431757,3.0081964694333307,-1.0162697522841204,-1.5986434244802814,1.535235104089518,1.3364334107512499,-1.7102009991407332,1.3170490581089043
2.5647734088334615,-3.5667711446830275,4.058384161933795,0.16987258275424777,-6.736761365290814,1.9678883493876151,-0.9469290712498762,1.8223297071103806,2.2094580527473537,-1.4542416011396493,-1.6790909619404306,-0.2144905399509564,-0.2719912968294361,4.154907910309848,-2.3675135757696415,-0.7521752872712175,-3.3089576466504327,0.2810195089140498,-0.19553068112685162,1.62816213508478
3.9717210169512027,-2.604458138103342,0.5419130828502778,-0.6165996971251678,-4.041656031056468,-1.4558631698281623,0.09085413287992605,0.45313665385487734,2.9013688132455306,2.3218015901232794,2.4920261712998104,-1.2783781046444451,-2.054311392168015,5.331356582817482,1.0586370954349633,-0.02161693414665916,0.07672467437935843,0.722008142775984,-1.4557838564239698,-1.841011664361798
4.521869866674729,-0.5539470757005495,-0.4619007381627382,-0.5015728635135872,-1.4232878420944952,-0.5223120275109316,-1.2268892829180498,1.7164807540492832,3.4127365235219647,3.6571261742157075,3.5961720049313834,0.46888788333991954,-2.771840599246912,6.0916379631565665,0.8828246138170506,-0.8614407257350506,0.08323579500990524,2.075421134138033,-0.4064461810909969,-1.8189834470343806
3.697581489981501,-3.5853267318809134,0.4153468806240477,-1.3359829051270533,-3.477588182881261,0.5144799863608367,0.06031391417685916,0.07294098856277474,4.0651600966830905,0.5069349582897996,2.345535776601379,-1.0713249975416164,3.764294093911236,2.3785767491567333,1.0929592348627644,0.17585312183347004,0.6422939703122826,-0.831087574729389,-1.8200524105767757,-0.7255660905929265
2.0912892526784637,-3.2427119670530598,1.2691683800067768,0.1302945111924161,-5.0220281944866425,0.9936071582051089,-0.15752583309389395,0.022199700158985536,3.571839016422015,-0.7347089991233455,-1.2314508919968608,-0.8245518037158928,0.27990326925531617,5.520830151992719,-1.9132043949264874,0.4165353812445087,-2.2231767615568243,-0.73125646622316,0.4587763313049363,1.7169935501165923
1.3723443698697815,-4.183959325565857,1.1490866601983596,-2.0571145758981975,-3.9695433631045285,-0.6107393972855537,0.014281505729510369,-0.09261010382085688,3.7970436777001075,-0.047998130864516264,1.4411836382436782,-2.3483194607386126,2.862280677624683,3.2442809357751936,2.0696644764593204,0.23478658563703966,0.4804296759050687,0.8621166134801507,-1.1834605191346075,-0.8813860036029997
2.262821762557665,-1.4736604380453142,6.461626634313898,0.3173809318452523,-8.944221799734997,2.3515790158207337,-5.921648632261865,1.2932369424835684,1.942613682877071,0.028927491741292943,-1.3924367389100025,-0.2429447658846136,-2.245182222087357,3.2910822741013077,-3.542549293233548,-0.9303230969769636,-3.320238680543056,-0.627457656163518,0.3211274823600276,-0.3972924341466034
1.5270271423305382,-4.23251985610904,3.8356350889957582,0.42207157474244217,-6.991465599092272,0.9183605281022242,-1.8954801658570974,0.5060788536570118,2.1406135289824393,-2.7162715903526125,-1.7285807427556956,-0.18340625745943007,-0.28513870390598206,4.058001741688347,-1.8453764710683864,-0.4973344481813795,-3.133024079639756,0.4153573998058533,-0.15265718078564858,1.450032284858517
2.021087440469035,-2.6735218516182,1.050134431179997,-2.524729636294711,-4.436201204845614,-0.5214538235513106,-0.5909037574384778,-0.4365699137052894,2.989502936361465,0.6600488403491424,2.9673584513517293,-0.32570210238288494,-2.3234963993171145,4.6760356437668635,1.671609636732625,-0.05253923046044039,0.39111046943676775,1.121024384720581,-1.1942944055440932,-1.6689404976220876
3.037193129303041,-3.7905425220956843,3.4223625271741955,-2.0486507296248955,-3.7127216813490116,0.15860506429847687,0.0019069441578148938,1.0094713794681698,4.06815802656235,0.22414297943008743,1.1941189585714764,-1.8965647212187098,3.0610919231845206,2.4119632370205433,1.7387705474384003,-0.30886035641704956,-0.3611053638678303,0.4261976512694737,-1.6673992967192264,-0.6730591097076719
3.8901281409279296,-2.8785092658524705,2.506945492335717,-1.9174383209892523,-3.181247211119848,-0.45461821215429743,-1.5859505303164219,-1.984974025637293,5.065316348996726,0.3423988212730431,0.5957834353088725,0.3465866341672709,-0.329299396830509,1.3132601756068554,2.694975721970932,3.0226436521437714,-0.539526569076646,0.8818956598431499,-1.2048182583698375,-0.1325285553714175
2.8360124457090143,-3.2225570947686704,3.1671677318749376,-1.7795664842432581,-3.346064673669379,-0.7288137701049603,-0.9591230914464429,-1.412431685791205,4.8474863690769405,-0.6311032064897586,-0.46743419215972015,-0.6714463187882065,0.7365537922394194,2.5746753920135905,2.796883769626559,2.1526913731953035,-0.4030204494692652,1.0280068271218477,-0.8476094064970808,0.6068816050253996
3.039914352618797,-3.3492926350819543,2.8192037211929506,-2.3242314449927535,-3.6165578875052176,0.7658461219060346,0.03974928287865834,0.6536115426318424,4.4291244380052035,0.7709225612029073,1.137138046158402,-1.100328247016724,2.006792813304923,2.8277132768474114,2.9202260244305234,-0.493889206170951,0.15247878226459255,-1.0653376778293748,-1.7966253849299354,-0.059943920735096246
3.277341154910543,-2.767841126880006,2.5919115729847326,-4.063000339071547,-3.288045146816471,0.5742069102656198,-1.0718589922819406,-0.12173187515299455,4.982018936096671,0.44456356002208575,1.6390594925724622,-0.5913708461812291,2.2813748883865594,2.9578407252326424,3.2479556035417727,-0.3957131676894772,-0.3208132891735539,-0.8599686636412118,-1.740734150225495,-0.6809536858523801
2.68614253645673,-3.3264632020989184,3.2951750532395443,-1.7533151771013413,-4.368596201610355,-0.6602716172171621,-0.634800100975558,0.3996589604380537,3.271322202077668,0.6924218666837407,2.677633191553849,-0.3570901976385441,-2.728498194068579,4.380039138045622,1.5459088315346312,0.6042948484613738,0.09090180609962228,1.3245040498673606,-1.0362036606524931,-1.2032936466874902
2.7051724475773886,-3.3668957397570622,3.3053358288057044,-1.7453738407319919,-4.3330359734409445,-0.5972652936304953,-0.6749512630134227,0.33561081956685634,3.2958754832203834,0.7344343922666341,2.6243210430901494,-0.38262795327544286,-2.6934955090576755,4.419042254935693,1.5532318718021878,0.5748339493020898,0.09203064689617332,1.3514161875653126,-1.024260740221787,-1.1570259697217544
1.0569465362437211,-2.787159838546779,3.0155286780133457,-3.333151004957953,-4.008148270391785,-0.4926458991268914,-1.1162632865356994,-0.6407359996717741,5.628662256924316,-0.21817407323743887,1.2159601986459538,-0.6719533105885445,2.9938227461456464,2.029116942535466,2.4891162251991448,0.11220342325277244,0.8503340290070769,-2.8444092421945038,-0.17410825722326678,-0.5560110815315654
4.6952816943524205,-3.4821519705438932,-1.6122943192062222,-3.6693337586249197,-1.89086270338814,-3.9194719394690765,2.1234901737241803,1.7041600914029194,4.083459075244685,1.287231620209339,-0.9976601853736659,-2.5259005376880865,3.1030942434969413,3.0406024241517255,0.08527187197728497,-1.196257709653023,-1.1660313404478595,-0.01857894850926789,-0.38494245040680997,0.8066195086366609
3.6037599408813508,-4.620028133076616,2.4569602390859955,2.2728035758550864,-8.036941682220245,4.266779755048729,-0.7085222100465455,-0.9340603304257713,4.475910090318177,-1.0419857388955684,2.738469618560462,-2.9486943369854233,-2.08133573061676,2.9525522258799253,0.8631910699468459,-0.20035551458093603,-0.867527188395077,0.10306994392206942,-0.5944924945663652,-1.6591345406346816
2.7645420033069605,-0.5340455185513323,-1.7465531429432541,1.4395832231857697,-4.865701148028085,-2.2023810229888134,1.1990864760484317,2.5023716981834374,3.8474585371378662,-2.133088732457663,-0.1939019170304348,1.535005337930019,0.5382963688564881,4.867024710930628,-1.4176334593766704,2.342687564609907,0.40100742422993285,-1.2303109757311828,0.47774350511590713,0.5398782089618661
2.3913039332346417,-1.1292176621113885,-1.4868494310791485,-2.661512840869286,-4.559033838324437,2.4831484638241372,1.616123580152055,1.4619855916514828,3.305422304558678,0.9649250833301619,0.41647519785832476,-1.0425977080418585,-2.660253725222899,5.778567848010812,0.24425969719320983,0.5795530998196907,-1.8111683969135814,0.9236691782971688,0.7912061367736581,-0.1466324192366617
2.4801675613474345,-3.312769517727484,2.7707617919438277,2.5648802135121516,-9.065007202260517,-3.4551178792763273,-0.09260443764688864,1.4858295234665406,7.079907515849331,-1.5196148273906205,2.5350367576267914,-2.70940279759444,0.5947701799005245,2.4462578469066156,2.793912780120465,-1.0397839982510804,0.5419152934173324,-0.8807732958000671,0.8689761387838328,0.2984676319473212
3.3460165900139085,-1.3117104741964665,3.378645684078315,-2.1113556548118604,-4.253409435579804,0.2015218995250343,-1.6741075818222328,-3.2854251510283508,4.680503946440755,0.8261882074072922,0.581102112736892,-1.2246835962398588,-3.081884654812392,1.7556935449485782,-0.21431121700690708,2.108514293805236,1.6023912450147042,2.6201328207730095,-2.365893461241348,-2.923070110534736
2.921485131808791,1.5696349817491653,3.218651753370516,-2.6149244102841225,-6.646260161607581,-0.3411360967225409,-6.065825063640287,0.32113094033015777,1.397202224631272,2.0065040693494556,1.0232805657439161,1.5308130043250079,0.15620740278961515,-2.296400098891667,-1.0130630312556037,5.811325258826217,3.57320551086295,3.812023132006365,-1.231560346432656,-0.2271639193303014
1.6081105146769001,-0.957244571294821,0.4577017556830376,-2.710933786750381,-3.1314639733856486,-0.6042273511013164,0.24372239708669763,-1.180842624099495,3.3204459246959916,1.679626510583284,-0.44105561857307396,-0.3754632529680423,-0.10599974942352183,-0.20161506214542574,1.492771685486343,5.054597321278925,0.8734823133472236,2.3730318318270536,-1.0763132404507858,0.5210816338664983
4.41598265711826,-3.2931854725941956,4.317434971797037,2.215774519189485,-2.857702397782817,-2.959160167074696,-5.3677216532152965,2.220184520812804,-2.2620586840425445,0.14758510983150508,2.6852436793062755,1.454020198326524,5.196126789968629,5.031703386994507,3.383712822227146,0.26684689181594046,-7.167406440601629,-3.2495913063237207,1.248415468378656,2.796466398062639
3.1039081163217506,-1.4083095730904467,3.8454080195339007,-0.7183873013660138,-6.282965758045135,0.9412114628872157,-5.076118554468923,1.840242403543591,2.7179163114146925,1.1040397223569787,1.697941730348657,2.254073148798607,0.8194032397575305,-0.20756749408217207,1.8527795867680368,3.5236289598781525,0.8199791804356493,1.9828349504821667,-1.68054777291623,-2.1627822337508067
3.0091173573104126,-0.8638248055873425,5.08312199431492,-0.2987250546093472,-8.325831961649946,-1.526391559442687,-5.128345478301194,3.9183438007306095,1.1463982713533731,0.787313877919999,2.703969161269592,2.0273821323571304,-1.800722076763231,2.908117732859399,-1.5030411720140437,1.0093042238927383,2.5397801281239234,3.1588608222002357,-0.54533942947865,-2.3674897152148677
3.5533054279338536,-4.123730789653155,3.5357779341024145,-0.4938882029857341,-4.407593069126966,-0.03716582258021717,-0.02770329510185665,0.46174933640982857,4.318697242087579,1.2192086723913644,0.04627419561461066,-2.7868586728098177,3.6229409564732262,2.2329658388597027,1.0775233761397842,0.2851896303367032,-0.9043151883546141,0.485022438777559,-1.9770466609366526,-0.30612268605015613
-6.437351638760266,-1.2752936719242993,1.60561349873753,-3.138555565423704,1.877327907265562,2.5751623452422336,1.7820915668752688,1.5997566927054048,-1.6638194530075103,1.244840563242305,0.2868219251743502,-1.3659142662647348,-2.3595833482069435,-0.9609877263770322,0.14895401915012496,1.709976522574964,0.8800529391655645,1.200620913125068,-0.7111639744691778,1.122186405357127
-6.750122270914617,-1.7179962717679031,2.5974203528401167,-2.8353153530335224,0.7402495226469501,-1.7550375663475732,0.5236460313093139,1.3137558636149853,-1.1136784747942836,-0.3297648780717184,1.0426496714663325,1.188347930456682,0.4434130637510586,-0.4939505519088025,0.27958873772709364,3.5253439173103533,1.1775395724274482,-1.024245967402361,-0.7689107627291433,2.760907690833795
-6.619573736071493,-2.8508521518747703,2.789956101346169,4.67929522556136,-0.46014052177667786,2.5427967311625164,0.6663368625753672,1.8399165704903289,-2.2902625676462116,-0.8457904031486434,-2.099230675593885,0.1399135124191252,0.4393958081145033,-1.304907752511168,1.5137064054857627,-2.1149297620115406,-0.4701692937667368,0.9059086520223958,0.24624066305372572,-0.45956597558922097
-0.7477460110587263,-3.652779138381645,8.361912356318118,-6.2453665892368875,0.09014334258996959,-2.6046115860794825,-3.806814850683333,1.5599521174211213,1.0389007577113551,0.09333976912132125,0.9187506544772245,-0.4253742429540145,-0.500758577322981,1.7780823005722648,0.1370016321048162,-4.146213319042872,0.10155111769641234,-0.3443538051897821,-1.3675067466838908,-0.5011682169998091
-0.6799947123932066,-3.922823970807181,2.8458429936967646,-6.184265381268977,1.797602238498035,-0.4838602358948419,0.2887179613835119,1.1853073132376366,-0.1842743566009657,-0.9115850913233483,0.18231674064503034,-0.7447956700191339,-1.4745006188029603,-1.6875150008676612,1.3003620309736532,0.134815922519667,0.04986573977495601,0.8670978206530655,-1.6728794406403282,0.8493547799560022
-0.6598007407514619,-4.8759432682989745,-7.099004603509861,-2.826550431414652,4.636145883956918,-8.020185753919504,4.053178411738871,1.9528023267756525,0.8864248158750407,-1.4456740770523089,0.42449700146751934,0.5635591309456767,2.8860820375621503,-0.8789884488099116,-1.2560583556271294,-0.5604788415878943,-0.09986723219786842,0.8141635613547398,1.4425065342638979,1.3011725554298768
-0.03943390553863596,-1.954371116077522,-3.4520954677667297,-3.265010390757119,-0.24186059993491293,-5.502859148451437,-5.269562186607393,3.278854880398894,-0.7186691248929554,0.5921458266353078,-1.882134734837181,-0.7183921841233258,-1.4498091101882475,0.515747486527896,-3.392815962585413,-0.8712674508973063,0.7989090942881221,0.08864169550458656,0.8475842227635386,-0.410921516786356
1.1425693916978672,-7.114890505817794,-2.5946413928001655,-3.5699577055985063,4.305286209531678,-6.412939869841175,2.636190413008963,2.7454498236951657,1.4021766374169695,-0.1534770316049599,-1.5142103858119826,-1.4155695892375668,0.6028176283828816,-0.7533201170883037,-0.262807555964776,-0.7511493398462219,-0.056494337292854135,0.7669090399596108,-0.048447906577956446,0.16728076660841804
-0.009834791334463133,-1.727020078192882,-3.680135459121498,-3.6803953743193283,0.10236937974248161,-5.38297185114214,-5.539954631464529,3.4940002096221674,-1.1646535103323987,0.30611607433193877,-1.716284419067808,-0.7097228142068122,-1.329895521141225,-0.15832133091112355,-4.241953728644467,0.05990676212780621,1.6981962764114478,-0.423834730581371,1.1904021713523707,-0.16511870001115536
1.1142687908659554,-6.861314022038962,-2.735422250641264,-3.2828048079066563,3.192370426527738,6.102950182785437,3.4290515070429652,2.479353232952865,1.2474731471011258,1.1602473956097616,-1.8927114454122123,-1.917057214459775,-1.2747534758346024,0.7206969657015915,0.9663208443214824,-1.045429131892549,1.2630791636891952,0.8175284333152361,0.7063172835326685,0.18723730012774065
-0.4848972767718599,-4.515027388782621,-6.286676233305264,-2.0833068003760102,3.5300689970895607,-8.221965779827743,3.3762525692687424,2.3884681044078415,0.14752602453870334,-1.3091406328283735,-0.34923516455270476,1.4241608591280077,2.844219255766644,1.141534070802164,-0.8117346861047847,1.9298109417857385,0.9007098585964658,0.882272368412144,1.480965118371559,2.881497482633457
1.0660085273360385,-7.132872393728539,-2.630850419649146,-3.7351666843695295,4.421745021860482,-6.483545512022447,2.4166849780084196,2.572876199929206,1.6021396341838963,0.04902122180161528,-1.7257680834185478,-1.692314577227309,0.4477759255333389,-1.0349314253199213,-0.8677826610911407,0.16905356118301706,1.09874252639894,-0.3085730288804832,0.9438685559867805,0.6718664868378142
-0.14091498219563958,-3.9842541437886516,-7.167519627228028,-1.9892095714604863,2.5702810312355533,-6.412847691131882,5.8109900862712625,3.546154207527561,-0.7414542383904997,0.9566900836772,-1.2934198395413394,1.5367108456193803,0.7887891513772529,0.7863600769064696,1.1396966348789916,1.6586800801788104,-0.24436070759745387,-0.9580393141606955,1.6981572707478532,0.9805123036969593
7.291382747501357,-2.4691241878601264,-1.3610567742133832,0.882028680147015,-3.9747945934362474,2.03949469637176,-0.6988204179656556,-2.035178686500667,0.030102929339103315,-1.171742499925679,-0.2063207691844111,1.1223987875174641,0.5236738419886099,3.8830706698736503,1.4825236408592248,2.3719515568634995,2.7172606014751923,2.1615750125906765,-1.7135353278248173,1.0674866940698688
10.803712681022208,-5.104502229339891,-0.8935183919264429,1.9155346449882105,0.00046570728799677497,-3.0258069996151216,-0.1297360928043475,-1.0060963680449073,3.478229441983749,0.420928627942094,-1.7997911417718173,0.9884750912457196,-0.048823664061412364,0.7172315520305822,2.3864244680325335,0.9853632264604093,0.49117707651081405,-1.6635073712228272,-0.8104392572394741,-1.1316010799031821
1.973115438162811,1.501416625980915,-0.3699764933442171,-7.099551220006006,2.1923890160727617,0.4170087527800401,-0.7146224754050126,-2.2520608446320485,0.9492139821908626,1.3971717237578498,-0.7128811816075922,-2.245895668212603,2.8403310127016477,-0.5760431138312081,0.9498085368058321,-0.6475565802352423,-0.31725579031402384,-1.1856091898219454,-2.648310904749594,-1.3828431672019865
4.277094747323671,2.6154185782929793,-1.2084877681173694,6.305610557081614,0.5089148721554669,-1.4749042717537022,0.9563627540282573,-2.2813861077225353,0.28856999531103095,1.8976427072378743,0.8809095911314058,-2.911005650436921,-1.5490720750159044,-0.4705302797850636,0.6628601652401475,-0.10206360547645199,0.8216995428701759,0.06867504195680174,2.3157405866294485,0.695079860051178
4.478820083586999,2.5507893851362002,-1.6234779130376076,5.399026754039147,-0.7252617828920837,-1.7628259113128233,0.24256369674342437,-2.2221820551243683,0.05111160952218541,-0.7681258996692363,1.1279254868109787,-2.7688829002911777,-1.8348236169641243,-0.30980082132526726,1.5103326683909288,-0.566607850193318,1.4244551949110347,0.36444200467337506,2.384914762099045,0.3584091727171695
5.2986946463236375,0.9594347108920006,-1.1074403302874722,-6.7110561073064945,2.1352594518773103,1.3843383760843841,-1.325405339216285,-2.93309815941253,0.33621530216813755,-0.8358948639650213,-1.060305760212672,-2.589434752351946,2.9909152733407796,-0.7293486245336184,1.660123662958998,-0.7494217545453256,0.5197140690924228,-0.07818487356748771,-2.2960133295051377,-1.6985952505708828
4.081825410488953,3.274412640194629,-3.8470752526575454,2.165819108189693,-2.639753507734193,-1.186679808181255,-1.0779735835537898,-1.7826454286411382,-2.5407533547886803,-0.9554702632602816,-0.20129440318792252,-2.3074514837392686,-2.3158871017502882,-1.55087773956236,0.5193126599249435,-0.8212376728131237,-1.996389974085638,0.8089800071146304,-0.01909664965085242,-0.7535721071678446
4.627137645314435,3.5223291056487183,-5.366487924631557,-5.709098283008752,0.15028007828916068,-1.2154684531611353,-1.3360240139711446,-1.7086931049345244,-2.9852609859192416,-1.1890029997294964,0.10645396658760226,-1.4851071465895045,-4.214407433719163,0.1814486859609219,-0.6486056519173979,-0.5278228094741376,1.3350548942932408,0.9706485061130006,-1.5169864532054682,-1.746579754077203
1.4220401750721536,1.5326573049202334,-0.4320192351606501,-5.4628541350952755,-0.7070355802255182,0.3460858987616377,-0.23895968253489175,0.4734208496017259,-2.343847776370514,-0.8747088858291292,-0.585317207515515,-3.0968017492313407,2.9811008706670252,0.5934013690432107,0.3462393758772293,-1.6812126514853294,0.38000281009528597,-1.2712418817353996,-2.405102589516259,-0.9863210834294796
3.86884778561235,2.258187054381612,-0.47119797329470864,4.185474246861532,-2.195662508924275,0.5083297875308014,1.1832175707552888,0.002466361817365925,-2.091262036655893,1.2829463322377461,-0.061737248228770365,-2.4945537612225253,-2.07501707428657,-1.4725232346588664,-0.3030331821852067,-0.716202421831541,-0.7811504008858579,-0.20193374871502012,1.6611741363108181,-0.4210782594079139
3.6292253117734394,1.331747100159716,-1.2052576604516005,-4.3612755355110355,-2.0046797017281683,0.21018347544042182,0.14411779018163107,1.0475353561845606,-3.451884204844797,1.8227083710074916,-0.2753565933282144,-3.2596404893467437,2.5580105177574732,1.3535551034925857,0.18425877800472243,-2.27375732472741,1.1092507787384247,-0.16135534459720108,-2.045088522732533,-0.7137259333048201
4.989693894400425,0.8483658994425676,-1.2864174659529977,-5.31151535584565,-0.4034825531202753,-0.3191681813976454,-1.651172310834509,-0.8636725977261684,-2.240899416219457,-2.2230645227840613,0.08682531685690986,-1.3242724707282578,-3.8454892963190077,0.009777140096275172,0.5852934441229971,0.26689447408699285,2.26980801623301,1.5249355663191593,-1.2730308121410965,1.235599040801228
6.141982050200337,3.5860934954349735,-3.675430752548447,5.49116195858311,-0.3049027257098926,-1.2083149890213178,0.43358989811268545,-2.2862352054519093,-0.5535486821104136,0.5946422046288022,0.39565442191482114,-2.579779228029623,-1.4930561148408052,-1.6085464117696264,0.14058958774041208,-1.0703698582109809,0.47824818589043083,-0.6856614478461326,2.2432015569282733,-0.505853184541917
5.666814487154204,3.4312136269999858,-8.169558662621775,-8.251437682516455,2.9050769416091695,1.5479885415149752,-1.7704983392241962,-3.5688401368948997,-0.2601486259285545,-0.787911765175114,3.2187704921539257,3.3151732499571747,1.0065486733361289,-1.9497648882669696,0.22875230085591894,-1.0733508554129072,-0.23232148930444196,-2.5500819021880123,-0.8041969965279361,-0.9145224341435078
1.6958977916927815,2.8271504802160248,-5.272755720544125,-6.574081775021637,-0.10085338392858002,-0.1155871301434458,-2.4352546284946675,-0.9099606317879017,-1.3595214779714093,1.0686262941719726,2.315463136203517,2.565377228955122,-1.8290489314990939,-0.3684459400695149,-1.3487033838170674,-0.14059726015395713,0.4142411353844815,-2.4472334769900304,-0.20871276384845072,0.804955223588351
5.034066957205564,2.438193214513854,-6.103240468845604,-6.178270278798838,0.0898324102017788,-0.7263172974707843,-2.7379250450657735,-1.3102982713994629,-1.9545669583648244,-1.0101698200754792,2.345161882910979,2.532789924799162,-2.2352618411213223,-0.4087346275877728,-0.6956859033936176,0.03429763187023083,1.0786943940933529,-1.4672652367002863,-0.20975587822407227,1.483540784486385
2.62988831354077,-0.2856512641128992,-0.2766525003031659,-7.539142180148247,2.0952595907884635,0.11785937850480466,-1.1229788558781186,-1.5419132134746447,0.8227589855381887,0.6892294469128558,1.1482945931113764,0.1759036360860911,2.2029707458830368,-0.7730114080838739,1.426311228285648,-0.9515956045246564,-1.417319501689308,-2.3969364994701725,-1.9665402555211446,-1.007848488057497
4.7109951358953595,-0.23251399510547144,-1.4295655110678749,-6.517770724127381,0.3930275533147902,0.2543795178075884,-0.45502683192788795,-0.49877787976677146,-0.8593577480086732,-2.2562278256087347,0.5905808054147167,0.23109496699052967,-3.2670731416564194,0.21041656571420359,2.288582966153221,0.5197648979055316,-0.14942734359316567,-0.07000722497600997,-0.848748937241584,0.7652940553394991
5.9323206782732,-0.8085344710352633,-1.0289185505127345,-7.163046703850286,2.08303711603803,1.112482788465834,-1.7368033547863526,-2.243912078636261,0.22126156098252625,-1.5286093890890589,0.7788871206106585,-0.20116561139519523,2.3501707384694708,-0.9121339856928997,2.1686319286813345,-1.12043448515447,-0.6371359308654738,-1.3418709846658134,-1.6880111331315801,-1.3731182241992494
2.0371654806641066,-0.41588070453568216,-0.500827287657089,-6.477272961461207,0.38277444498869745,-0.27423881628024366,-1.4835542826526322,-0.27804560562898095,-0.669816706074335,0.7387887353381628,1.2279553373760361,0.5758447753756738,2.772695198879749,-0.47604778687841454,0.3966838380397507,-1.1175059585334428,-0.13072276871164035,-1.9225380816674091,-1.433319209032574,-1.6751680694923938
3.799599972035181,-0.17522674945698147,-0.7070226897017311,-5.439093207502017,-0.4538068446350488,0.5553742660181762,-1.038202973683576,0.39414687171484475,-2.696073807346826,-0.4291087907964447,1.984584749771624,-0.36509609541468935,1.9900561218982307,0.11245602568932084,-0.32551418864979764,-1.3834640615143887,0.34336332616956033,-2.0439039450771697,-1.5158818425382665,-1.6052863029381634
4.269552343841936,-0.5980264495466571,-1.2750617334115033,-4.979896255864432,-1.6546772569466315,0.7093131070338914,-1.0419533155451326,0.8826778710144874,-2.301595643520575,-2.2401123830751324,1.2009153114778648,0.9524607433675434,-3.2529528060614705,0.30707067653449666,1.0583061206694677,0.14466235494877056,1.4570486885408993,0.6423104663800405,-0.052191874739426214,1.6216391416456002
5.664506358412203,-0.9349085517850588,-1.799831233646329,-6.056231355904512,0.5368562367651241,-0.7634738428692429,-2.204904926116913,-1.4131707608347435,-2.2989317499913535,-1.1822208305788522,0.2554455371099663,-0.6504475474127888,-3.6735777221918102,-0.26557170058110957,0.321912156257256,-0.6663582159806811,0.684265152415497,0.9450402475650873,-1.2596146489942264,-2.141644495113369
10.028579270450424,-4.000414049167984,2.293312029798705,3.909101650858008,-0.28072751304421195,-0.8004134121223707,-1.84662539226165,1.0814858966073253,-6.118849242243323,0.10599112694615664,-4.268111592729753,0.7768870902188219,-1.7065344036525767,0.7150887150993289,3.4823139758064787,-1.3733989542899792,3.917265732887783,-3.580564657670772,0.5863914458460072,-0.739986433673978
9.983965299091725,-2.0375419372984123,-0.9138568865834296,0.9831504938581266,-2.9500271153757662,1.7914143434994958,0.8638910616391433,4.7634190597873385,-4.709927051020924,2.403844725796846,-5.553845584178568,0.7591868099279399,-1.8135555385292728,1.010638258705301,1.5743439116887563,-0.651916452933895,3.4306419601839178,-3.934738517947217,0.5177846395613999,-2.2323253452594205
11.041279985737697,-2.5010918577138597,6.09553428805502,-1.5262605220972103,-2.7708489396199267,-4.062371723623036,-10.46671287802426,3.4043570367456324,-8.475185974484672,-3.5185917052154756,-6.382348599320084,4.778282012640725,-5.805370997857934,-1.3710242257111005,3.513039735720792,2.9642637196745865,14.679232960219391,-4.684661243616155,5.143652607370949,4.719233239882552
10.36852119730143,-4.026406360254737,2.1455537929052215,0.6481315841080438,-2.364940961415236,0.22418110361767196,-2.3825118865510015,2.6720614459588066,-6.024762814055983,1.2847661971652335,-3.9914581844091757,1.1009798491931468,-0.8071950560682404,1.1891152519412267,2.444678069583296,-1.7420089932428335,4.310801741126217,-4.153426195289519,0.4702508410626387,-0.30088198027463997
11.250577252917928,-4.264742535456904,0.8228679788796844,1.5859739537406985,-1.5720461409105613,-0.7399387948879501,-0.1847975173908032,2.795190715791513,-5.951990334246569,2.1873217594222343,-3.70460585054299,0.9493874969035888,-1.729938524226359,1.3314921741905295,2.1086853185033325,-1.271904412193365,3.7686208242477823,-5.012703475356751,-0.13644607555939742,-0.6380192023505525
9.74126876417641,-3.0418457543635036,1.0882736550720613,3.96871483670183,-1.4817686247755772,2.2712819818936683,-1.770993838610046,0.37622093652855815,-2.42160102894501,3.4741763623604354,-6.102885070364323,-4.612878998172282,0.18610049050078326,1.8433367644932839,4.849672790235651,2.5542783448644184,4.244396281798275,-4.345482108441147,2.275769159234026,1.3974952505713405
11.368640328988027,-5.569271585478916,2.969490641643408,-2.191480486535231,-1.6490052116035283,-0.4575200299834248,-1.0017666309990245,1.1085842565138204,-4.508757755444553,1.5879447729574188,4.544062862895629,0.46175888451608893,4.344291555215002,-1.065491159841336,5.868308018709621,0.6836976409478736,-4.04239603732298,-3.2840942291426143,-0.05136966988168912,3.0824239793775012
-15.170446153150426,2.4870348294549802,7.788436089504026,-1.820828399620435,2.5513530578078214,-1.5994061380841254,-7.813206799210615,-1.878171495248947,-1.5996117117910957,0.994436071594204,1.6722643271677078,4.050607576319753,2.299420220621421,-3.7330668698999094,-3.3126132702659974,4.584520383566621,6.151444474693076,4.56687667139436,2.461864069275919,1.366970897906385
-12.795565726683382,-0.009808983805990629,3.287108859174908,2.0755904496288804,0.786971139906226,0.7023331912387378,-2.505753486645358,-4.7061225480022815,-2.8012464755025794,1.8234368493942033,1.31328469981041,1.536679527553898,-0.22538376970844376,2.2035380491268057,0.3388068369944699,2.8271212966671984,0.9394159092762493,1.0185699960209014,-2.021759081881582,1.7737918702791848
-10.930526941889466,-1.1722506278872409,3.0583938360943455,3.1270202685648547,3.1094965122801366,-1.1929445267527072,-3.6400088005827738,-4.456909721365664,-3.9627042439052302,-2.708139404242679,-1.4030326604935228,1.108630491200483,-2.2954724801053774,2.227970554275516,-0.3121582739942579,4.078046397337457,-2.3513099423230246,-0.9831524373977496,-0.5255901784618088,-2.319271816820884
-12.992291664239236,-3.3083071300003475,1.8221653419576147,-1.377700122912665,2.9966957663350113,-0.34772463684457366,-2.003916930473461,-4.840445629586924,-3.7891138968382174,1.8454897344186079,-0.738134906230489,-0.5805545012047203,0.5057552665015193,0.47156195333415574,-1.0128514190050055,0.07471619808213714,2.6580444704617348,-1.8233726131585426,1.419821529521279,0.7310482418589968
-10.933592081691248,-0.6755273270201139,-1.240456766335984,5.426581366836841,21.092889452687647,-26.208350928199554,-30.125063581853396,-29.95624994228478,2.745382849377572,4.470833418345713,1.0175157076453414,14.151783839609216,27.87671912153976,-25.014749820986875,-28.76468625909907,-14.14350105178297,6.4453813763999985,-13.164998295800627,17.728592305367485,-21.098066735355808
-11.918091218007302,-0.2152889346995004,0.598458568141434,-0.7710666803340254,6.915348270780206,0.7663354572302146,-1.0686049841571736,0.36367345802198425,-12.500310119975111,-0.5195956511506745,-4.932748623503429,0.3237741397443059,-5.749860684455799,-4.943393508113891,0.8765671444818162,-3.6582732898911186,-5.222316041735748,1.2562345747695114,-1.4240917159851716,0.5561213506258602
-11.396555898874823,-0.77709128963467,1.9042761371611223,0.6044869210431976,4.707129190822811,-2.560698703553169,-1.1221742675516961,-3.7714509091343675,-1.6130915504862005,2.758333182154639,2.4464245887550513,0.8377405467591119,0.9539635627457193,-1.7073245050297132,-1.0005729831467454,0.715612823033988,0.7289671888770183,-0.6520491455619508,-1.327873793143776,0.4323266262964822
-13.321863801278308,0.26603396946775126,7.250695121653478,-2.2444401674894,4.090526379911873,1.3719986356512166,-3.054036115521919,-5.903917192471637,0.9275498916060667,3.3699076283204787,1.236351565542471,0.4072464637064852,-2.149252963852959,-2.2780491635162248,0.4956005571757123,-0.3325623737397123,-0.46876158345590624,0.5665732296267161,-1.3668425816858396,-0.26301294061482305
-6.880381105673029,-0.039069704833689045,-0.9188591461675282,3.8713290383694767,20.080614662121473,-23.24903405179291,-26.116738633948543,-25.565565247481576,-1.9791350140544335,1.848326983101452,0.36216103223785695,10.019662889805279,22.73057181391927,-20.96661355843761,-24.193415637160978,-10.238533838171241,7.36547142220995,-11.65864040651459,14.481366258623638,-15.73709909792079
-13.330525483522763,-1.679384534253448,2.2349789145232544,-0.0655243495525587,3.478195966596326,1.6837818723165363,-1.6412507262928309,-4.5550125745454615,-2.4021715292315866,1.7434864629826385,2.114189609714844,0.058077677333994715,-0.7956640616467203,-1.0608930008589559,0.10199053677192815,0.06196511814082262,1.0724075141735503,-0.4292907932809781,-1.6758718856095025,0.9429086135262408
-11.301166975872448,4.466454675516475,2.3586467110031255,2.6982998525556443,-3.6692657069699055,7.658842784978169,2.095373457742095,-0.8182020903897007,-2.2993854678355325,6.138253347970975,2.0419174617263027,-2.82464157871373,0.7477568404896452,-2.821489944435152,2.490445187545885,4.680924336825416,5.482867744838317,-1.1704622708535892,1.8212388185573853,3.377882400551594
-9.405259408131187,-0.40019664053742177,6.843198509965895,-1.5043069964212037,5.503599727801636,0.36671477332910873,-3.6774741883993465,-6.219361024021394,-0.08805003906017292,-3.0968747128354677,1.6618685667306776,-2.4084687595755017,0.6374242650131555,-0.1631391371480473,-0.5605343775886783,-1.9885246826367569,0.33438643539256274,-0.6579885288464538,-2.9109390014193917,-0.4205983291930252
-8.411321021893581,0.051124562292108544,1.121557346788138,1.4543110801606107,4.656634572156383,2.480488473858911,-1.393414713615985,-3.4652960062675833,-3.71251639344839,2.557134018460113,2.3451407344153705,-0.3515720095859351,-0.8629765306209051,-0.9248662685258924,-0.39460915936464613,0.004151170422770523,1.4723827221470056,0.002337098313672792,-1.755828034766337,1.0827600174892256
7.078492559898076,1.2015423285010571,-1.2813992840416555,2.912082777095082,8.019256165144135,-0.7552632029592876,-1.5333546929322994,-3.129638290928367,-4.852142667666951,2.455407916215131,3.4056486772814685,-0.27458229727797046,0.058502850748451074,0.5545702883174494,-1.937542814803259,0.7839734748825562,2.2445022470312175,2.374405772871208,-0.4405677366088815,0.67636155111166
11.82404759929156,1.2341287553589415,-1.295197976885027,3.5180281410895358,8.657237938044304,-0.9335814510194224,-0.7283566988719362,-2.6954801268535435,-6.3285025132807196,-0.6275383250475199,2.898301849740985,1.5764439694471708,3.2285737028947756,-3.114835929082637,1.0549396237158055,1.5170502671414343,1.5008990014244077,2.087219630728596,-1.183008358887728,-0.5895072127299594
8.526620144567035,1.5095311516528662,-1.4510508124814234,2.967342607717273,8.37645760338727,-0.9570521296966878,-1.7234473673769721,-3.2820831928660468,-5.271202813127255,2.3113452032077726,3.4337175078294253,-0.5769581134928543,-0.21474154035791315,0.6532962262610227,-1.8939225376369104,0.9994218317927537,2.449552944157961,2.585037152590118,-0.638544002438147,1.0299106590392046
6.244053711167871,-0.059288691811464456,-0.7797299838580173,3.0571657088465116,7.5424575702209005,-0.4008924661759117,-0.6165995774527654,-2.882015819772272,-3.906307056572098,-2.0213825778008756,2.2820832756176106,1.8713227464195767,2.2156861948992637,-2.649409840249892,1.0525107545605517,1.295219773647725,0.7757907733030818,1.7863785480508065,0.013438215407069465,0.5660154685497338
5.178820322804448,0.3755773005721641,-0.5525433754363581,-1.7386636404885283,8.337819758980856,-1.1390536022197324,1.3671764714188346,-2.4271259285475923,-3.17799117647795,3.3428969659651,-3.518596297615124,0.6659369545825174,0.6970553020672097,-1.72258191617145,-3.037196109625566,1.0366871841131498,-2.948035389646318,1.6575127969658303,0.4102424428697248,1.9067190732873374
-0.20647760645052587,-0.5950878508355864,2.3730431590314383,3.983662965497516,5.6564030202583,-0.5009150993380763,0.08863688920708057,-3.4540404088629746,0.14344028269101725,3.235086779190751,3.647635947491391,2.1770847737044647,2.633392193430204,1.1763367816272514,-2.7433980331431695,2.3860004529077723,2.7069970324962984,-1.7158739789878803,2.1513960350242773,1.2955152141361017
5.131720038060012,-2.5425980566490844,-0.6113619361523908,3.307222139991473,7.47519336385486,-0.42353220817021586,-0.2825992296287706,-2.4509560585690218,-3.313151672460986,2.594066639147864,3.3780724504367727,0.6953871145016415,0.9887365883815218,1.3751754763768766,-1.583835723209448,-1.163784640192669,1.697342461210655,1.8472150178976725,0.3021586769272453,1.4881216270017907
3.7771020000995374,-3.1740481194293664,0.21818559040274077,3.610991351143254,6.941533311322676,0.36739798170857313,-0.23298849946373879,-1.6369396778926368,-3.108842323772458,-2.495593119553803,2.5478946912198492,2.3249110036343046,1.7017280144123106,-1.8875829928821033,1.2877162190401823,1.289564731957659,-0.3666774570762741,0.5953129649695639,0.5681252680142637,0.8709009381633239
1.8273486944068345,-2.6880909419470895,0.21524433361734896,3.5568166900014617,6.4814894431328485,0.4731691321988216,-0.6622389109056009,-1.7462211320087588,-2.7091557382147062,3.8120981751133263,2.8637591815187653,0.5490479684051012,0.8494209072979844,0.715484871534088,-1.6678575629363344,-0.11056919015107383,1.2230168243364292,1.4843034002177617,1.1421773309624272,-1.066996202034817
0.2748086997490682,-2.9628479415051485,0.5477238748181253,3.503877977526,6.074087093578548,0.6339562905301133,-0.439883408860006,-1.4686297654662297,-2.409064298538664,3.904683336857156,2.9108483111538974,0.9559342970367988,1.3632516795772258,0.3625242395273151,-1.9915217739091937,-0.49388954322139766,1.1456337098022482,1.3252038872951892,1.2449465603260261,-1.2949725012259155
-1.4906045249851199,-1.673320004183509,-5.377986947412257,3.753051566520974,-1.9540342047799864,-7.819133057918311,5.398825033807542,2.7438749192482788,2.3188473722936473,-0.6334863150688634,0.19884056106478276,-0.05341136823254877,1.3799626117253343,-3.523367688030495,-0.897413584440603,1.8281007827656799,-0.5069447080562495,-1.5342795544938168,0.0332670050152295,1.1283272821647152
-1.1278566534731984,-0.8692313484482276,-5.269771873188695,-5.796305993847582,-0.5522926270986539,-7.247148171249516,3.0927068565322546,5.2971130143507565,2.7867628852811226,1.0120956035397601,-0.9973960347204696,0.1094285247228236,1.3954910652186903,-1.4279003065020666,-2.0758907450711934,1.1928694727315574,-0.9369537676177367,-1.6444639439445572,0.47213704722062855,-0.6228729378762892
-2.041336327965779,-2.943900034391248,-4.458774228867466,3.0287242765918485,-2.0960041219567227,-9.900314860074083,3.1813202055937446,2.2004988302082165,2.9400789794509103,-0.48902861157180744,1.315160180585303,-0.8712469110390156,0.858976683544121,-1.3464255093369446,-2.065917018819727,-0.2982880571969879,-0.06996771244317035,0.9514513538409555,0.9841738955404986,1.1052356752251242
-2.7391111557959626,-0.5590538198133835,-4.800565909391671,3.276401003719487,-2.2146939760992472,-11.947979137233851,1.663449312151724,3.239440618254452,0.5039605093473629,-1.9112430832154983,-0.4337017269527115,-1.268046432058247,0.6897518416951236,0.935145056667253,0.05167387087766029,0.19522089783447338,-1.2444300028769053,0.1377236588195352,1.038219650026703,0.8791162925056009
-2.1486232228749516,-1.2000751394136908,-5.781173079038517,-5.591344628053346,0.6906079972372194,-12.399562242982917,-0.40805227369214975,4.9421989748788375,-2.16988228737569,-4.699406219815227,1.268592379372163,-1.1288700883378553,1.2364298051818623,0.43649766641753196,-0.9906015433451842,2.6051014111508692,1.2955875077425936,0.65548016244577,-3.8406375112040982,-0.12021335229206453
-1.5391242552423732,-1.2041099269110775,-4.358802387116691,4.213344274335152,-3.644427096568022,-8.64741805276109,4.12191460837226,2.655624175443822,1.3739517262921965,-0.32780600685228145,-0.4712975510125378,1.1953469947929387,2.137698314460884,0.7680315310910911,-0.44387840970784953,2.90712812632343,-1.693608894636193,-2.8729181536732056,-0.3806804535788857,2.425339089482523
-5.502254060529687,5.986753508069981,-10.53661643844326,-3.1905598244182527,1.844064700871599,5.539179355186586,2.476362635156857,0.14901804057102985,-4.476662066331743,-5.482508967197945,-1.2697732163779443,-3.673761767548666,-2.679400652794043,3.1825711511072505,-1.2660168259963236,4.4185294906345085,0.9594101270766311,0.7288758284961789,2.3271572033952843,1.6224008640853145
-8.452532474675502,-2.1362705960146147,-0.3011275347798283,7.61735983415042,-4.095778724267638,-7.994286127070218,1.8553183701530769,0.8016912820493867,3.9560906228326895,0.26371320033693535,2.625021265816163,-1.6255641257976827,-0.8287950464206848,-2.6995284566162763,-1.8019930919541878,-0.07943151709382112,0.697310856992513,1.0884186407134364,1.9646154173120383,1.9937686307755222
-3.9931736295110145,0.11128927783762704,-2.354625744280324,4.023940987523209,-4.927620375136259,-8.841238779555475,0.8876982133758616,0.8088712859554896,3.798623317540917,1.565872256491863,1.097845534634208,-2.0646259690250357,0.3515531917519352,-3.7410656251897394,-1.2957074487136109,1.2228277738568742,0.845252766017734,-1.5177529708621469,1.303417417812419,2.715875910027504
-8.837664492137018,-1.6753959428285143,-1.1030830550376487,7.707048506565972,-3.9811202534024797,10.850755969224089,0.6668321112901888,-1.413507530078421,-1.3652129365820709,-3.024778106522249,1.6890563854949834,-2.2458521747622497,-0.7045032969295819,0.2661235156769859,0.42646332276321397,1.1259990844497718,0.15927585251051335,1.2475542668246222,3.558499805034575,3.5953546866991366
-5.72191252971292,-0.05319132431464402,-4.783352169122248,1.663165701947606,-0.02557977963187691,-8.191871370078823,2.466552940248946,0.564221791021586,1.6965210095640302,-4.3833459691438685,2.219774023503374,-2.502142007618354,-1.610996111306127,-0.6760650054156663,1.9097957522756732,-2.658766518546999,-0.8855983230243756,4.328680263455709,-0.8126487572645535,0.6986976316053208
-1.829792262298996,-0.7750239455050182,2.785438059997592,-3.147009752448059,2.2364947589660282,1.8392782507493417,-2.0301463644803586,-3.3593156614521744,3.095205285479386,0.8065007164892268,4.073691324932945,1.5344866188891204,-2.716674971771618,-0.3122923828428556,0.2391208364515467,0.7412906936659844,0.3950203461201718,-0.9092213507340506,-0.20934922589502564,-1.8754713952890214
9.865422668930162,-2.255281052986334,0.8373624836235473,-1.06010881572705,-1.747119502804826,4.701610715158592,5.673755904100796,3.7660116483261143,-2.1204358399421395,-0.11718848513285585,-1.0589893503041106,0.5096433977278115,0.24948803621596563,-0.9000261450490306,-0.2982689882364609,-1.5085261167682007,-0.6156012143096004,0.8158056897813786,-1.2687119356621521,-0.2638904717718714
7.026634026692239,-4.665875887565768,1.6865755515003626,0.39872815112337767,-1.550206966036976,1.5276887641061987,1.4360054971131773,-1.6403604488783976,-0.13960209302878757,0.7014958903181898,1.009647127741889,-1.1156133867533875,-0.6145959177692871,-0.8821425613609967,-2.233636244780556,-0.16598724338813134,-0.3344506034238378,-0.8187889886485038,0.6378508759183186,-1.206929423934648
7.402013223919398,-3.876785165247953,0.8511929874000776,0.3840528952238127,-1.3711467104761397,2.5285511709412214,3.825267938684528,0.8977798417508905,-1.6062053914469194,-0.3647333872264451,0.46859575565350164,0.4453165646134373,-1.0615745153750131,-0.8223962857876481,0.14541515499906965,0.10876545689734546,-0.24977621107999645,0.4490938576962729,0.4538041843771567,-0.17264196009834912
8.44420051880786,-3.962581953933048,0.5982356109515943,-0.894615125678457,0.1557956534231023,1.6177192241817362,2.2340107056696232,-0.3725771691177441,-0.6302244439963713,-1.0327641789164073,0.17836371836418982,-0.7713650053636161,-0.07178427645875524,-0.5195284859206586,-1.5393678605563048,0.3379063622748704,1.1018510755857687,-0.37991874987588986,0.39505342683235756,-1.1537535315986072
9.450399746053893,-4.273500624380482,1.0447111313822115,0.23893527738032536,-0.48972824444531404,2.3763630962696958,3.2231547505500435,-0.6458125821202334,-0.7542288034884704,1.2139044882291727,-0.1524819846043283,0.3305179311348642,-0.897707551886512,-1.3030224598376259,-0.2208181489274988,0.5630175049573884,1.3648595906726784,0.09698971014059887,0.9488282668293702,0.15648951726614457
7.859507256249065,-4.139354110902158,1.8093811482470812,1.728844059070601,-2.930364778960148,4.449565006933392,3.944320959356163,2.1088826533847547,-2.706326444579525,-2.712009790996782,1.1086516225458538,-0.021594236722282695,-1.5835548062563964,-1.880358068570081,-2.3271569425488305,-2.194736134882522,-1.5517390001453106,-2.206318249356506,1.2911041173339113,-1.1278253942244914
8.423096794461536,-3.720529496803649,1.07256616634534,1.2937753969057053,-1.8772362533426805,3.921158084243719,5.004125295314086,2.628808985383149,-2.9552088365447284,-1.007764539476033,0.9035592000238621,0.5377038788548592,-1.0144837934888409,-0.8971072958645764,-0.7483587451255342,1.2069164782527761,0.0510262109293614,0.005426781633626109,1.1409912162108533,-0.027130852886683834
8.370335616211882,-3.576134568470663,0.98373378615466,0.8565848103635092,-1.8269509830103023,3.928423545710266,4.462384834693719,2.8758249130290148,-2.60957795113017,0.30692016357772556,1.0048462932620514,-0.09234219381481715,-0.2760118180786676,-0.4140708435400171,-1.6435671750829965,0.2831178842043427,0.32004179236244124,-0.23509852027286354,0.874070138021277,-0.5042900474060728
9.480899588362144,-3.8348518762755983,0.9155238711097091,0.02979103868264199,-0.42942649340432304,3.2297519817375275,3.5553569270284924,1.6656707405280207,-2.174910831051374,-0.3268633005734758,0.6942257377511555,-0.33665797603200165,-0.2630637355443386,-1.0625983504372294,-1.944485465272754,0.6869526922153262,0.8288426514876778,-0.14655706935978324,0.8938345004219536,-0.809657883302828
8.773657691674662,-2.609849277683933,0.45080297827204335,-0.6213806204734662,-1.626886348670385,3.424696823078477,4.464021286098822,2.144053254438572,-1.445759783936928,-0.20239434608142848,-0.9910149956962104,0.4391462054491021,0.33686614204932225,-0.9772822405372901,0.24690384146234046,-1.3239309857889547,-0.43006813826905665,0.5217733123614261,-0.8353388954772252,-0.256793467841706
8.773657691674662,-2.609849277683933,0.45080297827204335,-0.6213806204734662,-1.626886348670385,3.424696823078477,4.464021286098822,2.144053254438572,-1.445759783936928,-0.20239434608142848,-0.9910149956962104,0.4391462054491021,0.33686614204932225,-0.9772822405372901,0.24690384146234046,-1.3239309857889547,-0.43006813826905665,0.5217733123614261,-0.8353388954772252,-0.256793467841706
8.221991746245209,-4.763613101996723,2.0882209370403633,0.9107399047009539,-1.6431416065814959,-2.8136116855766944,2.4429876966919664,0.6260111843687313,-1.5027713257935937,-2.1624778525187067,1.1237758470411863,-0.0856144938980849,0.7732668413602646,-2.9718578448321886,-1.9991327301729913,2.168799456619522,-1.0190800504879096,-0.9282387114351603,1.59741356516678,0.19741831668213694
10.035437950800965,-2.8303973295439655,0.15048770156225416,0.3308502604505617,-0.2622735162162376,2.4119880795802406,3.5287387801015813,0.8300238792902555,-1.0538625979452383,0.44432724883306507,-0.7389807249612828,0.17348284437135347,0.6886405934528353,-1.7748873546609434,-0.32851065513444233,-1.7307998679520955,-1.13949933832373,0.8102741046861053,-0.9687856413900259,-0.6573738589434631
10.42167061431567,-3.936618804997508,1.1513671562294006,0.8449727850057217,-0.6615685371224369,3.3676862945209933,3.9762220878189742,0.638652021876267,-1.6872626822148336,1.0417372808224512,0.34751143754330127,0.6860372742556766,-0.6099820879639595,-1.411289810161223,-1.0121981269192748,1.4382540010015252,1.6902537538101932,-0.2835764999223569,1.5472720829255326,0.6032899916028651
9.255048902993048,-3.123108034319265,0.9937818988876708,1.1217806488119004,-1.5909723227189927,4.45342129593983,4.698077249848618,3.624241585211048,-2.744581888473781,-0.18412247231017376,1.0730314425363217,0.15134999413835287,-0.25718929363470533,-0.6866915189445294,-1.9999291204256129,0.9120067309173014,0.5212310303381706,0.1404516832475251,1.5200473173928835,-0.08485419585799553
9.296169026544376,-3.2596983585524857,1.0552531373009122,1.6109394172249545,-1.7243522676672216,4.481100405874532,5.275137626968478,3.3221335064553115,-3.1422298057818328,-0.4408135121619514,1.0018727123003814,0.6313853092609591,-1.00864516302303,-0.7340779801103039,-1.2537464318429299,1.8811592964381267,0.4178917982556374,-0.396479084154907,1.763333284843218,0.5415834124883452
9.280285722831307,-3.373143625109831,1.1350034347109106,0.915688527809553,-1.2310284628014037,-4.209960759726982,4.611320820657724,3.8768351994313313,-2.452488348830298,-0.33303132620682463,0.4934210377292907,0.27079222838463374,1.0683808466686453,-1.2959087677752816,-1.50028571752981,1.97589566564153,0.15380479217313126,-0.3474068335606205,1.2960564432683015,0.9616081334636609
9.280285722831307,-3.373143625109831,1.1350034347109106,0.915688527809553,-1.2310284628014037,-4.209960759726982,4.611320820657724,3.8768351994313313,-2.452488348830298,-0.33303132620682463,0.4934210377292907,0.27079222838463374,1.0683808466686453,-1.2959087677752816,-1.50028571752981,1.97589566564153,0.15380479217313126,-0.3474068335606205,1.2960564432683015,0.9616081334636609
9.155736297689124,-2.892436467654765,0.9612477565943242,1.0267196941491983,-1.3731114076294841,4.810826098479079,4.863102824039877,4.028151373072687,-3.177166795628761,-0.1700718259621281,0.021162449598067457,0.02945893617270573,-1.0472550065277826,-1.4621381457570466,-2.1976571068778643,-2.257597616227057,0.3087018394574912,-0.6370001106498167,0.9554514786446772,-0.2714896656882158
9.867086415343248,-2.040122041638884,-0.14412779762962127,0.16559544958426967,-0.6995457440827169,3.745638705461478,4.766484945667738,3.2091012877106078,-1.786971299987316,0.10398964536747646,-0.7271382127373605,0.0955578460116059,0.20845453582237922,-0.9267490463478922,-0.07195079550045902,-1.1011772676796996,-0.25448128846885565,0.6229141729898354,-1.6726892635830273,1.456785954414285
9.619093407172175,-3.7302338981993635,1.32310100224811,1.1327708756501798,-1.347761146401739,-3.88450896090439,4.160654581583383,3.288087446790851,-2.190935878938209,-0.39126531788211394,0.24479916741801466,-0.13379888129522916,1.4080720407454597,-0.9303033599557695,-1.322388678223577,1.9447477767121595,0.18814869176475624,-0.07295255765561033,1.6911166983895318,1.4639585219461426
9.171891761587403,-3.224429480541123,0.22609979755287601,0.04401156586799679,-0.4880264775345794,-3.6413768463837926,4.102668182838298,3.5817490548294795,-2.7482704121878987,-1.1776750765449155,1.2240686179636593,0.43910023766237405,1.0248556192723959,-0.8542253676314713,-0.6387024154285473,1.4506032652470011,0.4990403643002753,0.2519711168688266,2.1341499692357955,1.5801537468676279
8.698049845700496,-3.3758369544307403,-1.0602009581773124,2.501979829284942,-1.9402459368974505,3.9580245645921974,5.529777546965553,2.8121656653945797,-3.2564548458824305,-0.05176056438400911,0.3854520594821816,-0.8325663847558105,-1.589130276485625,0.13256542964535845,-1.6241350992543628,1.758534850084182,0.9868633548913414,-0.5141866204796132,1.9906002668528344,0.6310583083630147
8.777273943820568,-3.0923479079166105,1.1293907677821005,2.414287419933943,-3.8760130682067153,4.933797249568553,3.8062186898732113,4.535209967243686,-5.187589194820955,-1.1125733862485303,0.7343077908110964,-0.22996337304583309,-2.899888151918747,0.7204355810657135,-1.0165671133315197,0.888620393976858,1.394898011852735,-0.9637021308858014,2.3958865040868735,0.08378154339662652
8.951038166643066,-3.198488578667136,1.4514749217996472,2.3708353318332755,-3.5062227170362004,4.743211169000567,3.12780786401144,4.682470701826398,-4.115142433332824,-0.5925599759685698,0.5134583896125587,0.3038035175528813,-1.9178563228432814,-0.44331391569225287,-1.7249658012626077,-1.2690709264225104,1.354459911594874,0.3299903245283897,1.850247530322179,-0.3977032008215523
8.233350863193017,-1.2364053766522027,-1.4935960694713852,1.3452525498934262,-2.410070017773963,4.886558246333829,4.525836435986322,2.653900315559434,-3.272766120578719,-2.682928547592103,-1.7458359220271211,0.4120354517705997,-2.1720075414235005,0.8513153977322345,-5.012206213113463,0.9691158168740779,1.6924093622448446,-0.48686551160757624,3.2134162060399674,-0.3223998547117405
9.035367739560805,-0.45774057759716413,-1.537820152640935,-2.107126031552071,-3.175480611657581,5.637123024951058,5.9268254242838285,3.547041239366676,-2.694869440484441,-1.7064563879330434,1.0337947130939205,0.9976342722876982,-3.130075051144515,-1.8924042730072335,-0.0012282428563116232,0.4511270098357777,-3.4801589861323436,-0.43482713189458244,-2.5062444221914766,-0.41025255639897146
9.580627497185112,2.5222663962760636,-1.719923244862778,0.2981215612734909,-2.9843678836704344,5.160133120909064,1.9959546381633175,5.659755590412118,-3.441927718570835,1.4154268219458057,-0.49863872983356516,0.6871596867755236,-1.3860531579049098,0.5674059085720526,-1.4293179288061777,-1.4870698952611074,-2.0624258597288807,0.19973097783291982,1.4293882180672484,-2.567371653934316
10.433887333856651,3.8088919465781568,-0.6152149948399703,-0.4125657565844747,-3.5297771706974865,6.252742586375324,3.5227927526730713,5.50630340149166,-3.5587678800082814,1.6521715304281988,0.4769398302115144,0.09612699532570113,-0.11893834151132146,-0.44280756835370805,-1.6258889295688497,-0.6507690092639804,1.1341935063660495,0.7539187350694793,-0.7962267716611524,0.3695719709859145
-9.739851582097506,-6.407886172812599,3.975267298361543,4.888515263846024,0.6379404782972165,1.2055191021004381,1.004257795677211,-0.6768185436319993,-0.33214490330486623,-2.4633114124220867,-1.6689546531300057,-1.4131378327249964,2.830910204006251,-0.4627874234826562,-0.895582872853019,0.9947111093975581,0.3791768604116189,-0.502651091685622,1.3767154466617963,1.5540501401630213
-6.743030140103521,4.991772071313264,-6.399609232372707,-5.044524489917684,1.429621857466345,-1.6058074367641797,-0.22331136300422216,-2.8191570680585647,0.14309582717722624,-2.733270351531436,1.9732300565471315,1.903464630698771,0.5067834608858084,-1.7292891671156438,-1.6770817891446117,-0.21415773956575646,0.09784424918864738,-0.7247238376108077,1.8082308547743693,-1.0363348901139717
-7.543394070292658,4.6802013921132755,-6.193047887028508,-5.411500616984657,1.4704012542464977,-1.9243046612061772,-0.3102001604675818,-2.446647083949084,0.002716298904529388,-2.6641419572379648,1.8540258727431675,1.7717373591077725,0.7601059470582415,-1.6226807454036658,-1.8721912250324415,-0.32176580744311606,-0.44243392564361883,-0.8453356514526065,1.6481150858052915,-0.5333362652380147
-6.447871989937801,5.010713020051855,-6.558693207498216,-4.805280901706107,0.9576315100393767,-1.105624517253403,0.6289846325491135,-2.005742375820087,-0.6149392207402914,1.442819451014309,2.528299094044164,2.796880371830545,0.21664376292745446,-0.9728647596740736,-1.7788057487994593,-0.4864312711274368,-0.6288132727004203,0.2985506693210651,1.4761120246899628,-1.2690788143101168
-7.391340744750638,4.719168058802692,-6.620374873239372,-5.9100124332550195,1.1755389072603544,-0.7650097907809787,0.439317585494102,-1.0566784384097896,-0.8602062802475786,2.2622655258364697,1.805075198574903,3.1330044813989018,-0.14372702872059373,-0.9078176682868984,-1.904008903194645,-0.9572776931878408,-0.15103026289450494,-1.564395987196832,1.4811819738194636,0.6881184858182835
5.7472936302521465,5.923215961205528,-11.008229363677696,-3.7041613555638015,6.406620641763888,-4.476900092568687,0.8893084942161293,5.628414772630952,2.2029079993523557,-4.425960412985837,-1.863304386512589,1.0072622278068746,0.3747093173215813,-0.023937018185810288,0.38958277707591416,-1.464338657272784,-1.708056484103135,-0.41895892475254665,0.8255273041101467,-1.5420987118067553
7.282510640027709,8.937572070876765,-9.088886192345187,4.259546712079474,9.092280695595274,-4.2027169778066895,-1.796633229892446,6.239781926726319,3.7996136325107366,5.983825856518248,1.3898726750935844,1.462064812382069,-0.1173632169106339,1.008701325523634,-1.3255836055061443,0.7025233895943646,0.39278264688295383,-1.1076432025247658,-0.8356715389170406,-2.308108694605661
5.428156609889502,5.772484628796334,-10.924923130547429,-3.6187142303303874,5.4131090935677655,4.703993341441008,1.4027508136274527,4.76494472749353,2.3641193013673325,4.954935090254775,-2.0610820560669367,0.2153800923750292,0.39749408090215377,0.8332368268093201,-0.7401294748235986,-0.23413916074491214,-1.5620036967563933,-1.0484164280799328,0.7064524667033325,-0.24679829449327573
4.683260994811226,5.5656156071906,-10.925998483884271,-4.3423881133403075,6.726904551052153,-6.145387762292428,-0.039724710302856514,3.215964637923479,3.0740919046896478,4.368232137297076,-1.6547743341323822,1.119604708715014,0.5197933066740466,0.4638944439228031,0.22221665739687146,1.278578804569067,-1.5295469727768471,-0.8616369294241291,0.6512888584458324,0.08718243597450082
4.8668634364725545,5.33214304350834,-11.180422923168733,-4.095652717813557,6.5662684012089105,-5.361970975196122,-1.409647882223157,3.3625434326915675,2.6594867534514854,3.934482864250088,-1.48438491352689,1.5510412773562308,0.9352026805461939,-0.3809336664599843,-1.17175175907038,0.2931753313261356,-0.874611203381803,-0.0992344048697037,1.6618286617237503,0.046249771573691034
3.901342981731797,3.83103071282999,-10.313321231546691,-4.343715757548719,3.743184027128134,4.756608826950833,2.1163156452407033,3.178249551939868,1.5568402461272008,2.4786011406353925,-2.0969851452785635,-0.21221438413030613,-0.19012502716710977,-0.48139494912127423,-0.4311645481154065,0.20806097069585416,-1.217117029127033,-1.836886258813779,-0.26930171295508787,-0.26134653535099717
6.153655486989016,7.5322712544166635,-11.264467478365036,-3.661237048065809,8.775030001088318,-6.444047622211288,-1.0622615409063503,4.650544579477121,4.006281384943721,6.626211243061553,-1.5173278455893973,1.457816949741575,0.4837243131045127,1.6007349161037723,0.1623061393660138,1.6946012036653322,-2.318395972212675,-0.6135458045676335,1.2829618392195254,-0.10921799900057033
5.362257034730682,5.823428053224783,-9.189869552314352,2.68550631713388,3.292469915598947,-2.5116563511133325,1.210288634522225,5.020064958182796,1.4375868473362283,2.1858691933951895,1.651328781582933,-0.5818746934949908,-0.6596738360335654,0.32116416216322574,-0.0748742621161772,-0.23469048285114158,0.5778553592784216,-1.1225672924568322,-1.1828433695053477,-0.25872215346902694
1.5464068469905374,4.178505872660898,-9.320874842246313,-0.3240587029316342,-0.4195303593250568,-3.7634288932494155,1.0579330513874372,3.68191725959474,1.0905869937967463,-0.44555742357971495,0.25533167091221404,1.8358978900511351,0.21762539955538873,-1.1575703372168302,1.7194392071258506,-0.34332294522985807,0.1712300224763137,0.4561324598551231,1.037117340158716,2.202566808324029
-2.6554250963676016,15.93044301047369,-7.4059152322438795,-9.762088219773052,1.485542395776443,-1.767029500229948,3.589940767061875,7.519438386336584,-4.579213581941671,-5.939231357089694,3.1513475134074787,3.2180164862233127,3.1011347637704687,-6.991125971546644,-3.355170894276903,4.682579762909811,2.710869765069229,1.1575038292543263,-2.1933360441128316,0.45912179302237366
12.720554064002354,3.5527902808153167,-5.270329305799244,-6.487146203698392,-3.125781876101944,0.5227201549392325,-3.0339727021001304,3.4095617817264783,0.9550005565236317,1.1697385051509528,-1.3321668667135107,1.2864142879564824,-1.1142108754734532,3.282252790270004,1.2907337786272186,3.3409452316128605,-4.767340380965825,-1.8156187694865786,0.7297375762709502,-3.8134813053492462
15.121773879811904,5.731239948466996,-3.5593782387245723,6.50329656373941,-3.997859414575926,3.4722354308258874,-1.3100770858892132,3.8199776085251735,0.5305368945402407,-0.39882156461272306,1.1099453684219185,-1.9116104399491338,1.7880525025028435,0.508081043934612,-2.115095396025259,0.38234061370998706,0.0009800389193811432,-0.4559611887877286,-0.03440582301020645,-0.38045643386952754
12.049071383495525,2.524509506366252,-0.8731011076555233,8.090479667879226,-3.425685358196128,1.7437211454712023,-2.279431514000572,2.64650718320927,1.620847981518503,-2.57724540041647,2.00078041927378,-1.5195344335697456,3.341945775519732,0.08630098215220439,-0.6789508942087554,1.304784398443026,1.321774723850802,1.28458631832698,0.012312878073867162,0.4810287102484174
11.380581632294547,2.0190147949837365,-2.466278591943895,-7.584574750311417,-1.973768967547112,0.18354366039529463,-2.262177583476552,4.802286074098573,1.8017252033573405,-1.9191238320222739,-1.4480366414000516,-1.6724831779172549,2.6101394926849113,1.1899167456331192,1.6922763522295556,-0.38922332488862715,-4.024095199908604,1.091472340777643,0.7556409240272091,-0.3123517905594091
11.724610841555805,2.6338613050153876,-2.6799013308795456,-8.902027734734542,-2.1577491711601295,1.436630749385195,-2.982689175311292,2.9266551258666915,3.4106909696405565,1.0062470824302001,-0.3525141927071831,-0.10472676091932992,-1.527997519434655,1.8124818923272117,0.19652105625220728,1.813787011940125,-3.148687270526947,-0.844783748963014,0.9470365885601435,-0.92747624530945
12.342209246864861,2.518431697769981,1.1483989752160362,7.953842186321106,-4.880170157400439,2.440374119411978,-3.2468261173373927,3.4028750841463022,1.243855719068669,-1.998309287190036,2.310105778631559,-1.892899778659457,1.9864695342790564,0.019882109845928753,-0.4970999866999582,0.8978210487570661,0.5556491750483138,1.517399351099617,-0.3268170167394716,-0.5059007244838789
11.0536275519263,1.7878018503137214,-2.0315708658902705,-7.636367797882313,-2.766237761204466,1.2582487290018967,-1.880959479910282,4.77470651704053,2.407753996445505,-1.2468156934238666,-0.8970234671858656,-1.0364191722741625,1.8051402986783573,1.512971047318039,0.9899247852944354,-1.5547570044136223,-2.7280085806040226,0.14871430425909415,0.5487508783984668,-2.4319205465509572
11.097422023695346,2.072250029276346,-2.3908043049449113,-7.458610050610267,-3.7918559911655767,-1.7712663735377006,-2.50926768775086,3.827096315216575,2.1494672732649445,-1.5030386130476197,-0.155677879287401,-1.691073899900367,-1.278247355047552,2.056889632809425,0.280181641812729,2.025602042008104,-1.5928275131070537,0.2793228673623896,0.4960194924466421,4.072120198870125
11.325233334321782,2.1397196191705836,-2.7133481223516163,-8.066635932958976,-1.4276856889358327,2.0345969867815725,-1.0241561831001587,5.543954136724892,2.8644921221448776,-0.07034585990622721,-0.8754073700175727,-1.9461471494237819,1.597983490938463,-0.045565254526624244,-0.1379837258434483,-0.5492196612028555,-2.912638227686933,0.1589022125434915,0.843945456034298,-1.9454700249310553
11.51731784999408,3.5253088865216125,1.0230309241928537,-7.082701330745518,-5.065960483904156,1.4066927610191045,-6.639950731978855,7.028969966683174,3.4375136788419143,1.761354741621968,-3.0066714114477375,-2.913508782727715,-1.8601121273148333,1.3569782814449465,-0.9581955528511437,0.2571892791271164,-3.0868663406487733,-0.33098517209617434,0.3530765473501147,0.4494343763523936
12.674388336004913,2.956516949542033,-0.24128036563751265,7.605606693489939,-4.109284456714486,1.835212955833843,-2.167455070366678,3.741488584470504,0.5837041629041045,-2.601614884823414,2.616613394759926,-0.4913012372251635,2.9376256369491722,1.5990967147753288,-0.8375088246586704,0.37961960917590143,1.2010742491670796,0.7378176289101328,0.6781440851533155,0.903189537289438
12.429190106301022,2.988849240471481,0.7785361248831888,10.071262007139234,-2.6943574424984784,1.5746070126145675,-2.0738368324911,3.020070293404252,2.2487738686153813,-2.639082590422853,1.897866198483479,-1.1799434019367514,4.141159604416596,-0.7328959561435221,-1.1273656505352618,0.6386820096604754,2.734457751937967,0.15136982310046143,2.1698936809874545,-0.008024306092846656
11.60026885880702,1.720408217036857,-2.0945624134074086,-7.475416973140126,-2.3225166201242153,1.7474939977143396,-2.2009790605896864,3.62256002546783,3.287845941597667,0.5503616941818099,-1.2437503518983308,-0.7080289572018958,-1.1436499855432185,1.452988842702792,0.5022457881495772,2.281406844030114,-3.0926239742667097,-0.34850923166841596,1.2313213509643943,-0.3924098694247391
11.225461236174116,1.700100521227632,-0.17751790019155872,-8.897041639540316,-1.6948576934958015,1.7042051609412066,-1.7972042135236166,4.209600579226541,4.515136899574123,-0.16399899492796177,-2.6224296285755337,-3.0725744264904784,0.2580936109641877,0.020429154655044586,0.948921461607041,-0.1313695464080894,-3.9143259316890466,0.023543179927441538,0.4700285648900653,-1.9101933944972658
13.281405136415664,2.929460377577553,-0.2536592747137404,7.359250641330721,-3.3681457560171912,0.8068756328701063,-3.104811510829073,3.5968867046771686,-0.2404764945844557,-3.4638230726566994,3.5248015499182603,-1.5348235604140001,3.778267063019503,0.7459194669746698,-1.2462758360892856,1.5537213322318038,2.7883695877299344,1.2912795001147506,-0.5570826451549713,0.03434022936737313
11.574481570455418,1.6770078450440413,-2.0830072291077877,-7.478504445397725,-2.3460078173680325,1.718087491545936,-2.221861962970399,3.5686579704927737,3.297914192877738,0.5744799353777776,-1.2230371420564938,-0.7126311905111158,-1.1683998081277056,1.4416863470060834,0.5386640627546537,2.2345490439006666,-3.0658912783148544,-0.3351103577303195,1.258118935603675,-0.4502782233147995
15.346664493936377,0.6356794135179328,-4.338984305344795,-10.320913298824355,-0.7088341037240201,0.49898486604502684,-2.6273684353663014,4.289936630365254,3.61239785097678,-1.070713668220935,-0.5854021426683647,-1.3678603174517112,1.1726501610270492,-0.0702640027969776,1.049041847040095,0.5158707953912227,-1.5032419843926261,-0.4654850265223617,-0.8293092575738619,1.776363667770515
10.730693373838367,2.158146349769985,-3.0910081634594526,4.460638879945248,-4.324083595837853,1.5148158884818765,-2.727839425230664,2.053044148884357,0.784843231449687,-2.093525159704477,2.075644362135198,-2.6182183398005194,1.986731772641353,1.28685672466455,-0.8794241822989437,2.4604693638568484,0.6995627005371651,-0.3158424819556315,0.2586541570300223,-0.3051281868711011
12.381133677992487,3.382550183016744,-3.299050839208193,-7.863398612626458,-2.986175560896503,1.9530193206598885,-2.763434601174205,2.7931899076057847,3.0672732150904514,0.5373922821785027,-0.052880652276428686,0.6049247932403647,-0.898673916502255,1.747955004894265,0.49315067245896027,1.5257413701688118,-3.789914126465602,-1.451203169190248,0.5278362856902514,-2.2268457281935357
10.902039117649803,0.5776622493328414,-3.341374233643094,-6.927771745881639,-2.2958660797409562,1.6772953721620976,-2.6379305622238842,1.9449687607286974,3.067600302388211,-0.920369346210199,-0.40846693011514745,-2.0282005705140262,1.1536118595113498,0.6921266710786143,1.2169765312289145,-0.8613953337985066,-2.256872737594513,-0.5349153198557003,-0.6123106169300503,1.6497824700503694
13.103333169930535,2.9138922777541634,-4.314268403774155,-8.702081710659032,-2.1895545032209855,2.955356798073816,-2.8272153626574497,2.323040773714867,2.799730350774062,-0.1851509372438194,0.8809630670322988,-0.20501667189662376,0.9247229646620588,0.6491868583337718,0.9171102136954778,0.025164508251848128,-2.4599127522222055,0.4413343736482779,-1.0165822032008134,0.47443457786306076
11.032402201889996,2.1374710329959963,-0.7495787421816561,-8.859436940726653,-2.3178775063957207,-1.6634749506498308,-2.596788177773929,4.1404661618429515,2.9427897299343435,-1.6548375017540409,0.17086969741818286,-1.7555388875550175,-2.2964763485568804,-0.5459498433379764,0.4684083206419536,0.6422306842834283,-2.893031738577071,0.37570947835738644,0.7395189324651835,2.883343913226236
11.0981650558973,1.8881988211137037,-0.4713828117897861,-9.355710031420951,-0.9595192189222459,1.148641151835536,-2.0831010202218154,4.276879966057891,4.185264038988727,-0.596720169569724,-1.6760202597115725,-1.7459712189238688,1.5470979441659827,-0.4961128295066317,0.7670310060558319,0.049735689964412466,-3.824341873281373,0.3779746449546148,0.6916337694541338,-1.6021206407497863
4.039888209927453,0.9104410687880503,-1.2609153579994634,-3.8187235531182213,-2.074817884529425,1.269163414739272,-2.869085092793722,0.39742526945192913,0.8566972547434908,-0.3562601044095792,-0.8870774094343069,0.7364799929029637,-0.9966347961621906,-0.8415079535039711,1.4461665114452822,-0.12193159875308848,-1.8631747659958195,-1.3928653818112169,-0.5952571718540847,2.876770661500959
12.122622798309626,3.800605007217122,-4.054059251982934,-8.736433877797849,-1.8174141656275813,1.8654085177948403,-1.9945225939498696,4.113631658266266,3.4667018329866783,0.8714132540321636,-0.7415362552850415,-1.2419160035253864,0.9115903009984285,0.7795261641515496,0.14072462045880607,-0.2750381125824496,-3.6471991757487032,-1.2595761507242986,0.3421614323863986,-0.35760862819016603
