SMILES,T2_score,SPE_score,flag_T2_ge_empirical_99pct,flag_SPE_ge_empirical_99pct,flag_pca_outlier_empirical,pIC50,flag_reason
Cc1ccc(cc1)c2nnc(S)n2\N=C\C=C/c3ccccc3[N+](=O)[O-],1908.3217474058329,233.44489852939085,True,False,True,5.1356900937109,T2_only
CC[C@H](C)[C@@H]1NC(=O)[C@@H](CSSC[C@H](NC(=O)[C@H](CC(C)C)NC1=O)C(=O)N[C@@H](CCCNC(=N)N)C(=O)N[C@@H](CC(C)C)C(=O)N[C@@H](CC(C)C)C(=O)N[C@@H](CCC(=O)N)C(=O)NCC(=O)NCC(=O)NCC(=O)N[C@@H](CCCNC(=N)N)C(=O)N[C@@H](CCCNC(=N)N)C(=O)N[C@@H](CCCNC(=N)N)C(=O)N[C@@H](CCCNC(=N)N)C(=O)N[C@@H](CCCNC(=N)N)C(=O)N[C@@H](CCCNC(=N)N)C(=O)N[C@@H](CCCNC(=N)N)C(=O)N)NC(=O)[C@@H](N)CCCCN,1394.3284806468994,1453.974704256745,True,True,True,6.12551818230053,T2_and_SPE
CCOP(=O)(OCC)C1(NS(=O)(=O)c2ccccc2)C=C(Br)C(=O)c3ccccc13,870.1681992949343,525.2311133892563,True,False,True,5.06106469179672,T2_only
CCOP(=O)(OCC)C1(NS(=O)(=O)c2ccccc2)C=C(Cl)C(=O)c3ccccc13,776.2305010715075,658.2904329631871,True,True,True,4.90000738654018,T2_and_SPE
CCCCCCCCOC(=O)c1cc(I)c(O)c(I)c1,739.7365450192902,254.97889513145924,True,False,True,4.87942606879415,T2_only
CCCCOC(=O)c1cc(I)c(O)c(I)c1,694.0557617114325,377.7867348928613,True,False,True,4.46092390120722,T2_only
Cc1c(c2ccc(O)cc2)n(Cc3ccc(OCC[N+](C)(C)C)cc3)c4ccc(O)cc14,595.3803444420017,5420.746847790499,True,True,True,7.0,T2_and_SPE
CCCCOC(=O)c1ccc(O)c(I)c1,228.22658886707427,460.3054525363177,True,False,True,5.09799710864927,T2_only
CC[C@H](C)[C@H](NC(=O)[C@H](Cc1cnc[nH]1)NC(=O)[C@@H](N)CCCNC(=N)N)C(=O)N[C@@H](CC(C)C)C(=O)NC(CC)C(=O)N[C@@H](CCCNC(=N)N)C(=O)NC(CC(C)(C)C)C(=O)N[C@@H](CC(C)C)C(=O)N[C@@H](CCC(=O)N)C(=O)N,204.91310727428584,527.3717755211366,True,False,True,6.20760831050175,T2_only
CC[C@H](C)[C@@H]1NC(=O)[C@@H](CSSC[C@H](NC(=O)[C@H](CC(C)C)NC1=O)C(=O)N[C@@H](CCCNC(=N)N)C(=O)NC(CC(C)(C)C)C(=O)N[C@@H](CC(C)C)C(=O)N[C@@H](CCC(=O)N)C(=O)N)NC(=O)[C@@H](N)CCCNC(=N)N,193.88545353211384,519.5986220935795,True,False,True,7.88605664769316,T2_only
CC[C@H](C)[C@@H]1NC(=O)[C@@H](C\C=C/C[C@H](NC(=O)[C@H](CC(C)C)NC1=O)C(=O)N[C@@H](CCCNC(=N)N)C(=O)NC(CC(C)(C)C)C(=O)N[C@@H](CC(C)C)C(=O)N[C@@H](CCC(=O)N)C(=O)N)NC(=O)[C@@H](N)CCCNC(=N)N,192.35123035675994,496.3567915310148,True,False,True,6.95860731484177,T2_only
CC[C@H](C)[C@@H]1NC(=O)[C@@H](C\C=C\C[C@H](NC(=O)[C@H](CC(C)C)NC1=O)C(=O)N[C@@H](CCCNC(=N)N)C(=O)NC(CC(C)(C)C)C(=O)N[C@@H](CC(C)C)C(=O)N[C@@H](CCC(=O)N)C(=O)N)NC(=O)[C@@H](N)CCCNC(=N)N,192.35123035675994,496.3567915310148,True,False,True,6.4089353929735,T2_only
Oc1ccc2C(=C(CCCc2c1F)c3ccc(OC(F)F)cc3F)c4ccc(O[C@H]5CCN(CCCF)C5)cc4,169.60530392591804,241.63186344581277,True,False,True,9.69897000433602,T2_only
OCC1=Nc2cc3CCC(N(CC#C)c4ccc(cc4)C(=O)N[C@@H](CCC(=O)N[C@H](CCC(=O)O)C(=O)O)C(=O)O)c3cc2C(=O)N1,169.47477119730308,488.437407736519,True,False,True,9.0,T2_only
Oc1c(Cl)cc(Cl)c(Cl)c1Cc2c(O)c(Cl)cc(Cl)c2Cl,167.73592469392653,309.15523455020775,True,False,True,5.66523270493382,T2_only
CC(=N)\C(=C(\O)/CSc1oc(nn1)c2ccc(OC(F)F)cc2)\C#N,163.44708564621763,529.0183071949577,True,False,True,4.33184340659711,T2_only
C[C@]12CC[C@H]3[C@@H]([C@H](CCCCCCCCCS(=O)CCCC(F)(F)C(F)(F)F)Cc4cc(O)ccc34)[C@@H]1CC[C@@H]2O,162.89849315147993,5504.209555465798,True,True,True,8.22184874961636,T2_and_SPE
CC[C@H](C)[C@H](NC(=O)C(CC)NC(=O)[C@@H](N)CCCNC(=N)N)C(=O)N[C@@H](CC(C)C)C(=O)NC(CC)C(=O)N[C@@H](CCCNC(=N)N)C(=O)NC(CC(C)(C)C)C(=O)N[C@@H](CC(C)C)C(=O)NCC(=O)N,162.00709714559923,466.82912101064824,True,False,True,6.17392519729917,T2_only
CC[C@H](C)[C@@H]1NC(=O)[C@@H](CSSC[C@H](NC(=O)[C@H](CC(C)C)NC1=O)C(=O)N[C@@H](CCCNC(=N)N)C(=O)N[C@@H](CC(C)C)C(=O)N[C@@H](CC(C)C)C(=O)N[C@@H](CCC(=O)N)C(=O)N)NC(=O)[C@@H](N)CCCCN,160.55833895940938,589.9144063913623,True,True,True,7.45593195564972,T2_and_SPE
CN(C[C@@H]1C[C@@H]1c2ccccc2)c3nc(NCCc4ccc(O)cc4)nc(n3)N5CCNCC5,157.33360688379724,219.2434263062349,True,False,True,6.24795155218056,T2_only
CC1=C(SCCC#N)S\C(=C\2/SC(=C(SCCC#N)S2)C)\S1,141.74539743372557,830.4550321259869,False,True,True,5.29203913465215,SPE_only
Oc1ccc(cc1)[C@H]2Sc3cc(O)ccc3O[C@H]2c4ccc(OCCN5CC6(CCC6)C5)cc4,108.24283770016797,852.1392161923825,False,True,True,9.39794000867204,SPE_only
CCOC(=O)CSC1=NN(C)C(=S)S1,86.97757315923579,692.9088281737806,False,True,True,5.09782027033806,SPE_only
CCC1=NN2C(=NC(=O)\C(=C\c3oc(SCc4occc4)cc3)\C2=N)S1,77.64574340222642,640.3430874626074,False,True,True,4.67752227355247,SPE_only
CC1(C)Cc2c(CO1)sc3c4nnnn4c5nnnn5c23,73.80861834367946,785.3978826836246,False,True,True,5.38589408904197,SPE_only
NC(=O)c1c2CCCCCCc2sc1NC(=O)c3cccs3,56.983980255372074,632.1775374167761,False,True,True,4.58732160395108,SPE_only
Fc1ccc(CNC(=O)C2=CC3=C(N=C4C=CC=CN4C3=O)N(Cc5cccnc5)C2=N)cc1,55.60746353391049,751.9685958863304,False,True,True,5.152559376579,SPE_only
CCCCCCCCOC(=O)c1cc(c(O)c(c1)[N+](=O)[O-])[N+](=O)[O-],43.42330739107213,829.4083283634129,False,True,True,4.21896306137887,SPE_only
[O-][N+](=O)c1ccc(Oc2cccc(\C=N\NC(=O)c3cncc(Br)c3)c2)c(c1)[N+](=O)[O-],37.436350011898284,833.7445663798369,False,True,True,4.55514143049076,SPE_only
[O-][N+](=O)c1cc(ccc1Cl)C(=O)NNC(=O)c2ccc(SCC3CCCO3)c(c2)[N+](=O)[O-],32.81246036875701,863.4299437687126,False,True,True,4.63253020809741,SPE_only
C[C@@H]1CCCCCCCc2cc(OC(=O)C)cc(OC(=O)C)c2C(=O)O1,25.90799908400824,2041.4885349985211,False,True,True,5.07779372256098,SPE_only
Oc1ccc(cc1)[C@H]2Sc3cc(O)ccc3O[C@H]2c4ccc(OCCN5CC6CC7CC(C6)CC5C7)cc4,19.609782339422544,885.3118103473921,False,True,True,9.22184874961636,SPE_only
CC(=O)c1cccc(NC(=O)CN2C(=O)NC3(CCCCCCC3)C2=O)c1,13.772073867270956,613.5249694801805,False,True,True,4.31701468642117,SPE_only
Oc1ccc2C3=C(CCCOc2c1)c4ccc(O)cc4OC3c5ccc(OCCN6CCCCC6)cc5,11.934023231609366,656.859849400613,False,True,True,7.63827216398241,SPE_only
Cc1c(c2ccc(O)cc2)n(Cc3ccc(OCCN4CCCCCCC4)cc3)c5ccc(O)cc15,11.357805591138405,531.5302269245356,False,True,True,7.52287874528034,SPE_only
CCCCC12CCC(=O)C(=C1c3ccc(O)cc3C2)I,149.3159215893863,285.9736382742968,False,False,False,6.90657831483776,not_flagged
Oc1ccc(cc1)[C@H]2Sc3cc(O)ccc3O[C@H]2c4ccc(OCCN5CC6CC6C5)cc4,144.18973433105532,152.99299827362523,False,False,False,9.15490195998574,not_flagged
Oc1ccc2nc(cc(C#C)c2c1)c3cc(F)c(O)c(F)c3,140.90784363805489,93.17599289600315,False,False,False,5.31695296176115,not_flagged
FC(F)Oc1ccc(cc1)c2oc(SCC(=O)NC(=O)NCc3occc3)nn2,138.20064736417092,159.4204652313612,False,False,False,4.93569741116747,not_flagged
CC1=CC2=CC[C@H]3[C@@H]4CC[C@@](O)(C#C)[C@@]4(C)CC[C@@H]3[C@]2(CC1)C=C,138.15841897346252,71.39154405343868,False,False,False,5.73282827159699,not_flagged
Oc1ccc2nc(cc(C#C)c2c1)c3ccc(O)c(F)c3,136.74024418811163,73.67248201498876,False,False,False,5.88306035344924,not_flagged
Oc1ccc2cc(cc(C#C)c2c1)c3ccc(O)c(F)c3,136.28255011862248,63.16430199915469,False,False,False,6.60730304674033,not_flagged
Oc1cc(C#C)c2cc(ccc2c1)c3ccc(O)c(F)c3,136.20278948241076,70.77976838115717,False,False,False,7.13667713987954,not_flagged
C[C@]12CCC3C(CC=C4C[C@@H](O)CC[C@]34C=C)C1CC[C@@]2(O)C#C,135.86530508047147,51.0965133429018,False,False,False,6.83268266525182,not_flagged
C[C@]12CC[C@H]3[C@@H](CC=C4C[C@@H](O)CC[C@]34C=C)[C@@H]1CC[C@@]2(O)C#C,135.86530508047147,51.0965133429018,False,False,False,6.82390874094432,not_flagged
BrC1=C2c3ccc4[nH]ncc4c3C[C@]2(CC5CC5)CCC1=O,132.32481242462322,173.24138616094518,False,False,False,6.63827216398241,not_flagged
Oc1ccc(cc1)c2oc3c(cc(O)cc3n2)C#C,131.72969463455385,117.01536370094475,False,False,False,6.31785492362617,not_flagged
Oc1ccc(cc1)c2cc(C#C)c3cc(O)ccc3n2,130.45308121386944,75.07488149478999,False,False,False,5.82390874094432,not_flagged
BrC1=C2c3ccc4[nH]ncc4c3C[C@]2(CCC5CC5)CCC1=O,128.7492060894258,172.81135647826235,False,False,False,6.64016451766011,not_flagged
C[C@]12Cc3cnoc3C=C1CC[C@@H]4[C@@H]2CC[C@@]5(C)[C@H]4CC[C@@]5(O)C#C,128.69264723278965,146.15829858805773,False,False,False,4.74982405191608,not_flagged
Oc1ccc(cc1)[C@H]2Sc3cc(O)ccc3O[C@H]2c4ccc(OCCN5CC[C@@H]6C[C@H]56)cc4,125.80323052192242,132.51092528079656,False,False,False,9.30102999566398,not_flagged
Oc1ccc(cc1)[C@H]2Sc3cc(O)ccc3O[C@H]2c4ccc(OCCN5CC[C@H]6C[C@@H]56)cc4,125.80323052192242,132.51092528079653,False,False,False,9.22184874961636,not_flagged
NC(=N)N\N=C\C1=C(Cl)c2ccccc2CCC1,124.461507874565,410.68520842103356,False,False,False,4.79588001734407,not_flagged
OC(=O)CCc1cc(Br)c(OCc2cccc(Br)c2)c(Br)c1,119.14983300673836,389.99975156342424,False,False,False,4.53760200210104,not_flagged
C[C@@H]1CC2=C(CCC(=O)C2)[C@H]3CC[C@@]4(C)[C@@H](CC[C@@]4(O)C#C)[C@H]13,118.22021770775953,106.12573039221967,False,False,False,6.36321131096562,not_flagged
C[C@]12CC[C@H]3[C@@H](CCC4=CC(=O)CC[C@H]34)[C@@H]1CC[C@@]2(O)C#C,118.16508886113189,67.775345746462,False,False,False,6.09258863922541,not_flagged
NC(=N)N\N=C\C1=C(Cl)c2ccccc2CC1,117.18458783885436,418.74866308813034,False,False,False,5.25963731050576,not_flagged
CC1(N(CCc2cc(O)ccc12)c3ccc(CC4CC4)cc3)c5ccc(\C=C\C(=O)O)cc5,116.98250931921575,171.63578957795158,False,False,False,8.18708664335714,not_flagged
COc1ccc2[C@H]3CC[C@@]4(C)[C@@H](CC[C@@]4(O)C#C)[C@@H]3CCc2c1,116.420909327264,78.87504320722809,False,False,False,7.74472749489669,not_flagged
C[C@]12CC[C@H]3[C@@H](CCc4cc(O)ccc34)[C@@H]1CC[C@@]2(O)C#C,115.53962764252897,64.54783873451166,False,False,False,8.69897000433602,not_flagged
C[C@]12CCC3C(CC=C4C[C@@H](O)CC[C@]34CC#C)C1CC[C@@H]2O,113.53300341581192,85.68824998231555,False,False,False,5.33320131633383,not_flagged
Cn1ccnc1SCC(=O)Nc2ccc3nc(SCC(=O)NC4CC4)sc3c2,113.1680068954426,261.3828013482282,False,False,False,4.59048836367724,not_flagged
C\C(=C(\Cl)/c1ccccc1)\C=N\NC(=N)N,113.07957936276101,435.77089093336633,False,False,False,4.43179827593301,not_flagged
CC(C)c1ccc(cc1)N2CCc3cc(O)ccc3C2(C(F)F)c4ccc(\C=C\C(=O)O)cc4,111.28158297045279,96.32661508762953,False,False,False,6.95860731484177,not_flagged
CC(C)c1ccc(cc1)N2CCc3cc(O)ccc3[C@@]2(C(F)F)c4ccc(\C=C\C(=O)O)cc4,111.28158297045279,96.32661508762953,False,False,False,7.11350927482752,not_flagged
CC(C)c1ccc(cc1)N2CCc3cc(O)ccc3[C@]2(C(F)F)c4ccc(\C=C\C(=O)O)cc4,111.28158297045279,96.32661508762953,False,False,False,4.42596873227228,not_flagged
Cc1cc(OC(F)(F)F)ccc1C2=C(Oc3ccc(\C=C\C(=O)O)cc3)c4ccc(cc4OC2=O)C(F)F,111.18960334386946,178.14591040559787,False,False,False,7.30102999566398,not_flagged
Oc1cccc(c1)N2CCc3cc(O)ccc3C2c4ccc(cc4)N5CCN(CC6CC6)CC5,111.05858287348929,196.11327233416708,False,False,False,6.91364016932525,not_flagged
C[C@]12CCC3C(CC=C4C[C@@H](O)CC[C@]34C#C)C1CC[C@@H]2O,111.00036767727606,95.41557764954898,False,False,False,6.37161106994969,not_flagged
Oc1ccc(cc1)C2CN(CC3CC3)c4cc(O)ccc4C2,109.25379872795244,162.20787925237062,False,False,False,5.78781239559604,not_flagged
CN1N=C(c2c(c(N)n(C3CCCCC3)c2C1=O)c4nc5ccccc5s4)[N+](=O)[O-],107.05613520082946,509.4467896360024,False,False,False,5.30251434217388,not_flagged
OC(=O)\C=C\c1ccc(Oc2c(sc3cc(O)ccc23)c4ccccc4C(F)F)cc1,106.19245085213451,97.69110628563601,False,False,False,7.2839966563652,not_flagged
CC[C@@]12CCC(=O)C(=C1c3ccc4[nH]ncc4c3C2)C5CC5,103.71599453677635,170.63066031002393,False,False,False,6.32790214206428,not_flagged
CCCCC12CCC(=O)C(=C1c3ccc4[nH]ncc4c3C2)C5CC5,102.95611784169903,179.51977008509724,False,False,False,6.37468754903833,not_flagged
Cc1cc(F)ccc1C2=C(Cc3ccc(\C=C\C(=O)O)cc3)c4ccc(cc4OC2=O)C(F)F,102.49832936115995,100.10359443460915,False,False,False,6.4089353929735,not_flagged
C=CCN1C(=O)C(=CC2=C1N=C3C=CC=CN3C2=O)C#N,102.3602556085884,301.1334035916506,False,False,False,4.34979683667053,not_flagged
CC1(N(CCc2cc(O)ccc12)c3ccc(cc3)C4CC4)c5ccc(\C=C\C(=O)O)cc5,101.1319279897186,180.63130936500642,False,False,False,7.4089353929735,not_flagged
Oc1c(Cl)cc(Cl)cc1Sc2cc(Cl)cc(Cl)c2O,91.62698904709325,161.68554645138246,False,False,False,5.40440678922252,not_flagged
CC1(N(CCc2cc(O)ccc12)c3ccc(F)cc3)c4ccc(\C=C\C(=O)NCC(F)F)cc4,90.57150785768333,119.17926712747786,False,False,False,5.9303319030884,not_flagged
NC(=S)N1NC(=C(\N=N\c2ccc(O)cc2)C1=O)c3ccc(cc3)[N+](=O)[O-],89.95917157475252,437.7005157919954,False,False,False,4.95781722319597,not_flagged
Oc1ccc(cc1F)c2oc3c(C=C)c(Br)c(O)c(Br)c3n2,87.69801169665804,190.18362193640547,False,False,False,6.09528445472132,not_flagged
CN(C)CCOc1ccc(cc1)\C(=C(\CCC(F)F)/c2ccccc2)\c3ccc(O)cc3,86.30458113293939,56.348475110732956,False,False,False,5.76955107862173,not_flagged
NCCNC(=O)\C=C\c1ccc(cc1)C(=C2C3CC4CC(CC2C4)C3)c5ccc(O)cc5,83.04551673630858,259.61955016557266,False,False,False,8.0,not_flagged
Cc1snc2sc(C(=O)c3ccc(Br)cc3)c(N)c12,82.53170258561266,214.55207481272643,False,False,False,4.54939174624062,not_flagged
Nc1c(C#N)c(cc(c2ccccc2)c1C#N)c3occc3,78.94327606896621,200.4540637398906,False,False,False,4.47559725641642,not_flagged
CCCSc1nc(C)c(cc1C#N)c2csc(n2)C(=C3CCCC3)C#N,78.87052695269884,132.78459520228162,False,False,False,5.02952248308969,not_flagged
NCCCNC(=O)\C=C\c1ccc(cc1)C(=C2C3CC4CC(CC2C4)C3)c5ccc(O)cc5,78.75190077200688,259.50002309836907,False,False,False,7.92081875395237,not_flagged
NC(=O)C1(CCN(CC1)c2nc(cs2)c3ccc(Br)cc3)N4CCCCC4,72.93271576079331,317.3091903163179,False,False,False,4.42257989913828,not_flagged
O=C(CSc1nc(ccc1C#N)c2cccnc2)Nc3sc4CCCc4c3C#N,71.6290916418375,138.62908820380378,False,False,False,4.8246717423819,not_flagged
CN1N=C(SCC(=O)Nc2nc(C)cc(C)n2)SC1=S,71.22245429831023,496.9380454683009,False,False,False,5.05715097494662,not_flagged
CSC1=N\C(=C/c2oc(Br)cc2)\C(=O)S1,70.58328765814973,145.4553812825345,False,False,False,4.65538434810389,not_flagged
CCOC(=O)C1=C2N(C(=O)C(S1)c3ccccc3OC)C(=C(N)/C/2=C\c4ccccc4OC)C#N,70.28900997442314,268.43549607810485,False,False,False,5.00883597080835,not_flagged
Cc1ccc(cc1)c2nnc3SCC(=Nn23)c4ccc(Br)cc4,70.23009735864535,217.4461210938269,False,False,False,4.37357822287408,not_flagged
O=C(CCCCCN1C(=S)Nc2ccccc2C1=O)N3CCN(CC3)c4ccccc4C#N,69.12517606740028,127.59417882286539,False,False,False,7.04575749056067,not_flagged
CC1CC(n2nc(cc2N1)C(=O)O)C(F)(F)C(F)(F)F,68.95644641902942,490.1839028708626,False,False,False,4.70062935231933,not_flagged
CC(=CCc1c(O)c(CC(O)C(=C)C)c2OC=C(C(=O)c2c1O)c3ccc(O)c(O)c3)C,68.84405353709685,124.2103644657442,False,False,False,4.74472749489669,not_flagged
FC(F)(F)c1cc(nc2c(cnn12)C(=O)Nc3cnn(c3)C45CC6CC(CC(C6)C4)C5)c7occc7,68.79033385846819,413.5720738521825,False,False,False,5.4389236725246,not_flagged
CC(=CCc1c(O)c(CC(O)C(=C)C)c(O)c2C(=O)C(=COc12)c3ccc(O)c(O)c3)C,68.53978410304114,122.70836413282055,False,False,False,4.53760200210104,not_flagged
C[C@]12CC[C@H]3[C@@H](CC=C4C=C(Cl)CC[C@]34C=C)[C@@H]1CC[C@@H]2O,67.65559727383871,74.08758598624988,False,False,False,5.24108810760203,not_flagged
O=C(CCCCCN1C(=S)Nc2ccccc2C1=O)N3CCN(CC3)c4cccc(c4)C#N,67.55493794804423,121.24904340889739,False,False,False,7.04575749056067,not_flagged
CC(C)CNC(=O)c1c(N)n(\N=C\c2ccccn2)c3nc4ccccc4nc13,67.14592247074107,184.0816101725245,False,False,False,4.79840980778379,not_flagged
CC1=CC2=CC[C@H]3[C@@H]4CC[C@](C)(O)[C@@]4(C)CC[C@@H]3[C@]2(CC1)C=C,66.1302035239023,128.1986179808665,False,False,False,5.3585258894959,not_flagged
Oc1ccc(c(O)c1)c2nn(CC=C)c3c(cccc23)C(F)(F)F,65.57638535914683,103.57583734531502,False,False,False,7.03151705144607,not_flagged
CC(F)c1ccccc1c2sc3cc(O)ccc3c2Oc4ccc(\C=C\C(=O)O)cc4,65.37750125886694,60.642167711893606,False,False,False,7.60205999132796,not_flagged
Oc1ccc(cc1F)c2oc3c(C=C)cc(O)c(Br)c3n2,65.20795905704738,106.41133436718314,False,False,False,5.98464024459079,not_flagged
CCc1cc2C(=O)N(CC=C)C(=Nc2s1)SCC(=O)NC(=O)NCc3occc3,64.11458869209119,188.04786316527864,False,False,False,4.99616263968299,not_flagged
[O-][N+](=O)c1cccc(c1)N2CCN(CC2)C(=O)CCCCCN3C(=S)Nc4ccccc4C3=O,64.04485590214541,352.41664119478446,False,False,False,6.07572071393812,not_flagged
C[C@]1(O)CCC2C3CC=C4C[C@@H](O)CC[C@]4(C=C)C3CC[C@]12C,63.21591645065072,105.662289170008,False,False,False,5.97757162881451,not_flagged
C[C@]1(O)CC[C@H]2[C@@H]3CC=C4C[C@@H](O)CC[C@]4(C=C)[C@H]3CC[C@]12C,63.21591645065072,105.662289170008,False,False,False,5.97881070093006,not_flagged
Oc1ccc(cc1)S(=O)(=O)N(CC=C)c2ccccc2,63.12790218419887,75.99391014241846,False,False,False,6.62893213772826,not_flagged
Oc1ccc(cc1)c2nn3c(cc(nc3c2c4ccc(O)cc4)C(F)(F)F)C(F)(F)F,63.06643966640375,228.7802608644529,False,False,False,5.22184874961636,not_flagged
Oc1cc(C=C)c2oc(nc2c1)c3ccc(O)c(F)c3F,62.95856497406526,89.43290030560698,False,False,False,6.32422165832591,not_flagged
Oc1cc(C=C)c2oc(nc2c1)c3cc(F)c(O)cc3F,62.94814565091766,86.05422041468307,False,False,False,5.39361863488939,not_flagged
Cc1cccc(OCc2nnc(SCC(=O)NC(=O)NCc3occc3)n2CC=C)c1,62.86024509949051,134.3699711053451,False,False,False,4.82910286039691,not_flagged
Cc1c(O)ccc2c1OC(=O)c3c(Br)cc(Br)cc23,62.40901181301821,101.04097480970569,False,False,False,6.22402566887063,not_flagged
Oc1cc(\C=C/F)c2oc(nc2c1)c3ccc(O)c(F)c3,62.170065830014174,101.69330192536884,False,False,False,6.42481215507234,not_flagged
BrC1=CN2NC(=NC2N=C1)c3cc4ccccc4n3Cc5ccccc5,62.01841267611194,239.32744990443868,False,False,False,6.26826622561727,not_flagged
Cc1cc(O)ccc1c2nn(CC=C)c3c(cccc23)C(F)(F)F,61.72537383394712,95.8734081726886,False,False,False,7.22914798835786,not_flagged
COCCNC(=O)c1c(N)n(\N=C\c2cccs2)c3nc4ccccc4nc13,61.27352360831666,198.7477877369172,False,False,False,4.9508513924415,not_flagged
C[C@]12CCC3C(CC=C4C[C@@H](O)CC[C@]34\C=C\Br)C1CC[C@@H]2O,60.66672717666377,281.7745267653937,False,False,False,5.39968067024834,not_flagged
Oc1ccc(cc1)c2nn3c(cc(nc3c2c4ccc(OCCN5CCCCC5)cc4)C(F)(F)F)C(F)(F)F,60.62624464009533,135.58168395977043,False,False,False,7.04575749056067,not_flagged
COc1ccc(OC)c(\C=N\c2oc(c3occc3)c(c4occc4)c2C#N)c1,60.37560441315192,216.9183110342963,False,False,False,4.78844564808966,not_flagged
CC(C)c1c(O)c(O)c(C=O)c2c(O)c(c(C)cc12)c3c(C)cc4c(C(C)C)c(O)c(O)c(C=O)c4c3O,59.78974441434099,457.7988392949973,False,False,False,5.59323166201562,not_flagged
CC(=N)\C(=C(\O)/CSc1oc(COc2ccccc2Cl)nn1)\C#N,59.56557928320524,501.18622469802483,False,False,False,4.42923868358544,not_flagged
CN(C)CCOc1ccc(cc1)c2c(nn3c(cc(nc23)C(F)(F)F)C(F)(F)F)c4ccc(O)cc4,59.037818100733375,146.28184569007936,False,False,False,6.0,not_flagged
Brc1ccc2[nH]c(nc2c1)c3cc4ccccc4[nH]3,58.98326073485084,217.13883199933804,False,False,False,7.09496007192379,not_flagged
Cc1ccc2nc(O)c(cc2c1)C3C(=C(N)Oc4c3ccc5cccnc45)C#N,58.759299279468586,153.88467141622402,False,False,False,4.70928085669247,not_flagged
NCCNc1nc(NCc2ccccc2)c3CN(Cc4ccccc4)CCc3c1C#N,58.50042147867985,124.0976977387397,False,False,False,4.92723851735217,not_flagged
C[C@]12CCC3C(CC=C4C[C@@H](O)CC[C@]34\C=C/F)C1CC[C@@H]2O,57.90261661318097,88.80135058641252,False,False,False,5.36855623098683,not_flagged
C[C@]12CCC3C(CC=C4C[C@@H](O)CC[C@]34\C=C\F)C1CC[C@@H]2O,57.90261661318089,88.80135058641254,False,False,False,5.38038499425719,not_flagged
COc1cc(cc2OCOc12)C3C(=C(N)OC4=C3C(=O)OC(=C4)C)C#N,57.658534550543855,273.31623500753625,False,False,False,4.58183680975872,not_flagged
Oc1cc(C=C)c2oc(nc2c1)c3ccc(O)c(F)c3,57.497665062129514,58.86186213511449,False,False,False,5.91506642506328,not_flagged
Oc1cc(F)c(c(F)c1)c2oc3c(C=C)cc(O)cc3n2,57.41541207628087,107.693196477934,False,False,False,6.60380065290426,not_flagged
CCc1ccc2nc(O)c(cc2c1)C3C(=C(N)Oc4c3ccc5cccnc45)C#N,57.323743052332404,159.468495479475,False,False,False,4.94843114051437,not_flagged
Oc1ccc(cc1F)c2ccc3c(C#N)c(O)cc(C#N)c3c2,56.56688048683014,91.45035495561571,False,False,False,6.05700040663396,not_flagged
Cn1cc(NC(=O)c2cc(NC(=O)CCS(=O)(=O)C)cn2C)cc1C(=O)NCCCC(=O)NCCCCCC[C@@H]3Cc4cc(O)ccc4[C@H]5CC[C@]6(C)[C@@H](O)CC[C@H]6[C@H]35,56.45271929758468,405.72927512979504,False,False,False,8.95467702121334,not_flagged
C[C@H](CF)CN1[C@@H](c2ccc(O)cc2CC1(C)C)c3c(F)cc(\C=C\C(=O)O)cc3F,55.92118039885773,103.32409567465808,False,False,False,8.79588001734407,not_flagged
C[C@]1(O)CC[C@]2(C=C)[C@H]3CC[C@]4(C)[C@@H](O)CC[C@H]4[C@@H]3CC=C2C1,55.60932713598999,55.74161023373581,False,False,False,5.27572413039921,not_flagged
OCCNC(=O)\C=C\c1ccc(cc1)C(=C2C3CC4CC(CC2C4)C3)c5ccc(O)cc5,54.72530956615304,283.902804965135,False,False,False,8.2518119729938,not_flagged
CCC1=CC2=CC[C@H]3[C@@H]4CC[C@H](O)[C@@]4(C)CC[C@@H]3[C@]2(CC1)C=C,54.43482381798909,56.69291629923974,False,False,False,5.50723961097316,not_flagged
Oc1cc(CC=C)c2oc(nc2c1)c3ccc(O)c(F)c3,54.35485718185339,58.96533669262119,False,False,False,5.95860731484177,not_flagged
CC1=CC2=CC[C@H]3[C@@H]4CC[C@H](O)[C@@]4(C)CC[C@@H]3[C@]2(CC1)C=C,54.251924088533,53.57379772160584,False,False,False,5.84163750790475,not_flagged
C[C@]12CC[C@H]3[C@@H](CCC4=CC(=C)CC[C@]34C)[C@@H]1CC[C@@H]2O,54.13110056565091,69.00047377784074,False,False,False,6.19382002601611,not_flagged
C[C@]12CC[C@H]3[C@@H]([C@H](Sc4ccc(Br)cc4)C(O)c5cc(O)ccc35)[C@@H]1CC[C@@H]2O,53.73542093180096,159.46498447244198,False,False,False,6.40120949323688,not_flagged
C[C@H](CF)CN1[C@H](C)Cc2cc(O)ccc2[C@H]1c3c(F)cc(\C=C\C(=O)O)cc3F,53.63218611656042,105.3466341629785,False,False,False,9.431798275933,not_flagged
Oc1ccc2cc(cc(C=C)c2c1)c3ccc(O)c(F)c3,53.534317967152276,54.05652400622219,False,False,False,6.59516628338006,not_flagged
CC(=C)c1cc(O)cc2N=CN(C(=O)c12)c3ccc(O)cc3,53.50853183314371,106.34981628724172,False,False,False,4.35686328895656,not_flagged
CC(C)[C@]1(O)CC[C@@]2(C)[C@H](O)CCC(=C)[C@@H]2[C@H]1O,53.47043295145683,159.3246791418775,False,False,False,2.55284196865778,not_flagged
Cn1c(SCC2=CC(=O)N3C=C(Br)C=CC3=N2)nnc1C4COc5ccccc5O4,53.46978201634296,175.49361523063678,False,False,False,4.59920617169586,not_flagged
Cc1cc(O)c(C)c2c1c3ccc(O)c(C)c3OC2(C)CC=C,53.39895401056561,89.74059096410946,False,False,False,6.80410034759077,not_flagged
CCOC(=O)C1(Cc2ccc(cc2C1)[C@]3(O)CC[C@H]4[C@@H]5CCc6cc(O)ccc6[C@H]5CC[C@]34C)C#N,53.36753309473502,148.03399954061513,False,False,False,7.32303218570524,not_flagged
CC1CCc2c(C1)sc(NC(=O)c3oc(Cn4cc(cn4)[N+](=O)[O-])cc3)c2C#N,53.301337350165454,344.387375726554,False,False,False,5.07856637309888,not_flagged
Oc1cc(C=C)c2cc(ccc2c1)c3ccc(O)c(F)c3,53.24130539966232,53.70897384514255,False,False,False,6.27818938478745,not_flagged
OCCCCCNC(=O)\C=C\c1ccc(cc1)C(=C2C3CC4CC(CC2C4)C3)c5ccc(O)cc5,53.08332291223237,263.5277205446659,False,False,False,8.0,not_flagged
Oc1ccc(c(F)c1)c2oc3c(C=C)cc(O)cc3n2,53.080837654440856,86.18367294758988,False,False,False,6.64397414280688,not_flagged
ClC1=CCC2C(C1)C(=O)N(CCCCCCN3C(=O)C4CC=C(Cl)CC4C3=O)C2=O,53.07823583005361,262.6844003179712,False,False,False,4.60727386031865,not_flagged
CCn1c2ccccc2c3cc(NC(=O)CSc4nnc(c5ccc(OC)cc5)n4N)ccc13,53.01798964675015,265.4415399963947,False,False,False,4.91256644090434,not_flagged
Cc1nn(c(Cl)c1\C=N\Nc2ccc(cc2[N+](=O)[O-])S(=O)(=O)Nc3ccccc3C(=O)O)c4ccccc4,52.93588183530444,478.6327861109522,False,False,False,5.16523288913073,not_flagged
C[C@]12CCC3C(CC=C4C[C@@H](O)CC[C@]34CC=C)C1CC[C@@H]2O,52.88034931831517,39.33923108179167,False,False,False,5.75995022788735,not_flagged
CC1=CC=CN2C(=O)C3=C(N=C12)N(C(=O)C(=C3)C#N)c4ccc(C)cc4,52.7249817457455,181.88277261330998,False,False,False,4.51048672484976,not_flagged
Oc1ccc2nc(cc(C=C)c2c1)c3ccc(O)c(F)c3,52.70936011080452,60.568262113900786,False,False,False,6.4145392704915,not_flagged
COc1ccccc1[C@H](c2cccc3ccccc23)[C@@](C)(C#N)C(=O)N4CCC(CC4)c5cccc(c5)C(F)(F)F,52.584897834508254,118.57914327767745,False,False,False,5.61439372640169,not_flagged
FC(F)(F)c1ccc(cc1)N2CCN(CC2)C(=O)CCCCCN3C(=S)Nc4ccccc4C3=O,52.55192348403631,126.8868362629517,False,False,False,4.36825192560343,not_flagged
COc1ccc(Cn2c(N)c(C(=O)NCc3occc3)c4nc5ccccc5nc24)cc1,52.23951868917631,161.7761295162561,False,False,False,4.76196117701313,not_flagged
Cc1cc(C=C)c2c(c1)C(=O)Oc3c(C)c(O)ccc23,52.20433177490965,67.60999475983756,False,False,False,5.0,not_flagged
NC1=C(C#N)C(C2=C(O1)\C(=C/c3cocc3)\CCC2)c4cocc4,52.19251264691701,213.16823233844795,False,False,False,4.99854667930364,not_flagged
C[C@]12CCC3C(CC=C4C[C@@H](O)CC[C@]34C=C)C1CC[C@@H]2O,52.18790315663163,40.41028039566802,False,False,False,5.65052820078561,not_flagged
C[C@]12CC[C@H]3[C@@H](CC=C4C[C@@H](O)CC[C@]34C=C)[C@@H]1CC[C@@H]2O,52.18790315663163,40.41028039566802,False,False,False,5.64975198166584,not_flagged
Clc1cccc(c1)N2CCN(CC2)C(=O)CCCCCN3C(=S)Nc4ccccc4C3=O,52.149982401706055,115.86285381646876,False,False,False,6.45593195564972,not_flagged
O=C(CCCCCN1C(=S)Nc2ccccc2C1=O)N3CCN(CC3)c4ncccn4,51.36215640585496,123.71026786917224,False,False,False,6.92081875395237,not_flagged
Cc1onc(c1)C(=O)OCC(=O)c2ccc(Br)s2,51.03899441977802,174.32560850857595,False,False,False,4.44123768585093,not_flagged
C[C@]1(O)CC[C@H]2[C@@H]3CC[C@H]4Cc5n[nH]cc5C[C@]4(C)[C@H]3CC[C@]12C,50.936310718913134,259.07855225105413,False,False,False,6.94692155651658,not_flagged
Oc1ccc(c(F)c1)c2oc3c(CC=C)cc(O)cc3n2,50.86163530135772,81.48446828690092,False,False,False,7.0087739243075,not_flagged
OCCCCNC(=O)\C=C\c1ccc(cc1)C(=C2C3CC4CC(CC2C4)C3)c5ccc(O)cc5,50.76090573575229,275.24167225232645,False,False,False,8.36653154442041,not_flagged
OCCCNC(=O)\C=C\c1ccc(cc1)C(=C2C3CC4CC(CC2C4)C3)c5ccc(O)cc5,50.45877925198166,276.93904425262696,False,False,False,7.30102999566398,not_flagged
CCc1nnc2SCC(=Nn12)c3oc(cc3)c4cc(Cl)ccc4Cl,50.261391814207585,105.99115452416072,False,False,False,4.35672058234574,not_flagged
C[C@]12CC[C@H]3[C@@H]([C@H](CCCCCCCCCCC(=O)Nc4ccccc4N)Cc5cc(O)ccc35)[C@@H]1CC[C@@H]2O,50.03767018259257,154.90991376454207,False,False,False,6.67778070526608,not_flagged
C[C@]12CCC3C(CC=C4C[C@@H](O)CC[C@]34\C=C\Cl)C1CC[C@@H]2O,49.76371336573636,121.0048740889101,False,False,False,5.2518119729938,not_flagged
C[C@]12CCC3C(CC=C4C[C@@H](O)CC[C@]34\C=C/Cl)C1CC[C@@H]2O,49.76371336573636,121.0048740889101,False,False,False,5.17457388223218,not_flagged
Brc1ccc(cc1)C2NC(=O)c3c4CCCc4sc3N2,49.71011664399079,245.69955879673194,False,False,False,4.71199616869067,not_flagged
CC\C(=C(/c1ccc(O)cc1)\c2ccc(OCCNCCCCCCCCCCF)cc2)\c3ccccc3,49.644143819254964,72.6309053539766,False,False,False,8.46852108295774,not_flagged
O=C(CCCCCN1C(=S)Nc2ccccc2C1=O)N3CCC(CC3)N(Cc4ccccc4)c5ccccc5,49.47217960603038,121.46820572895068,False,False,False,6.92081875395237,not_flagged
Clc1ccc(cc1)N2CCN(CC2)C(=O)CCCN3C(=S)Nc4ccccc4C3=O,49.439576078035614,106.2701852949856,False,False,False,4.70311552446145,not_flagged
Clc1cccc(c1)N2CCN(CC2)C(=O)CCCN3C(=S)Nc4ccccc4C3=O,49.41086546506264,103.57710026482394,False,False,False,5.24162260345562,not_flagged
Oc1ccc(cc1)c2oc3c(C=C)cc(O)cc3n2,49.409314749141075,60.90857215732013,False,False,False,6.34969247686806,not_flagged
Cc1cc(CC=C)c2c(c1)C(=O)Oc3c(C)c(O)ccc23,49.406830301564675,65.08655450894352,False,False,False,5.0,not_flagged
Oc1ccc(cc1)C2=C(C3OC2CC3S(=O)(=O)Oc4ccc(Br)cc4)c5ccc(\C=C\c6cc(O)cc(O)c6)cc5,49.3424240804913,56.29074201163928,False,False,False,7.21467016498923,not_flagged
Cc1cc(O)ccc1c2oc3c(C=C)cc(O)cc3n2,49.27971236151324,57.75924124084556,False,False,False,5.95233580539844,not_flagged
Cc1ccc2[nH]c(nc2c1)\C(=C/c3ccc(N4CCCCC4)c(c3)[N+](=O)[O-])\C#N,49.25170802954215,416.62220926454285,False,False,False,5.37323888912829,not_flagged
CCCc1nnc2SCC(=Nn12)c3oc(cc3)c4cc(Cl)ccc4Cl,49.202994062675806,112.9644572861097,False,False,False,4.87327586223383,not_flagged
CC(C)(C)OC(=O)[C@@H](CCC(=O)N1CCN(CC1)c2ccc(cc2)C#N)N3C(=S)Nc4ccccc4C3=O,49.02909287245793,187.23774670468347,False,False,False,7.09691001300806,not_flagged
Brc1ccc(cc1)c2nnc(c3cccnc3)c4conc24,49.00796858424597,147.25467759640136,False,False,False,5.17906329361928,not_flagged
Cc1c(O)ccc2c1OC(=O)c3cc(C=C)ccc23,48.98499603706814,66.5580989412912,False,False,False,5.33818731446274,not_flagged
Oc1ccc(cc1)c2cc(C=C)c3cc(O)ccc3n2,48.46063592559812,51.38964975468391,False,False,False,6.29756946355447,not_flagged
COc1cc(OC)cc(\C=C\c2ccc(cc2)C3=C(C4CC(C3O4)S(=O)(=O)Oc5ccc(Br)cc5)c6ccc(O)cc6)c1,48.043977584795776,77.82072123117268,False,False,False,5.0329202658555,not_flagged
COc1ccc(cc1)c2oc(SC\C(=C(\C#N)/C(=N)C)\O)nn2,47.321155971131134,520.3445922056264,False,False,False,4.52235935025974,not_flagged
Nc1cc(O)cc2N=CN(C(=O)c12)c3ccc(O)cc3,46.88212369744909,119.86701144077392,False,False,False,4.80908030108743,not_flagged
CCCCNC(=O)\C=C\c1ccc(cc1)C(=C2C3CC4CC(CC2C4)C3)c5ccc(O)cc5,46.86153968224145,256.8050834140777,False,False,False,8.04095860767891,not_flagged
O=C(CCCCCN1C(=S)Nc2ccccc2C1=O)N3CCN(CC3)c4ccncc4,46.84135236424677,117.93024422959806,False,False,False,7.52287874528034,not_flagged
Oc1ccc(cc1)c2oc3c(CC=C)cc(O)cc3n2,46.67096310013477,57.63586068938115,False,False,False,6.13846558914096,not_flagged
CC#C[C@@]1(O)CC[C@]2(CC=C)[C@H](CCc3cc(O)ccc23)C1,46.525622593900124,382.8076287212111,False,False,False,7.03151705144607,not_flagged
Clc1cc2nc([nH]c2cc1Cl)c3cc4ccccc4n3Cc5ccccc5,46.51025414427846,79.41600852786132,False,False,False,7.11503480179927,not_flagged
CCC1(C)NC(=O)N(CC(=O)Nc2sc3CCCc3c2C(=O)N)C1=O,46.33943411870563,337.3615162946183,False,False,False,4.7390466018959,not_flagged
Brc1ccc2[nH]c(nc2c1)c3cc4ccccc4n3Cc5ccccc5,46.14182281267487,159.07579147107177,False,False,False,7.13306318226836,not_flagged
Oc1ccc(cc1)[C@H]2Sc3cc(O)ccc3O[C@H]2c4ccc(OCCN5CC[C@@H](F)C5)cc4,45.972306724330785,37.56522700866796,False,False,False,9.30102999566398,not_flagged
O=C(CCCN1C(=S)Nc2ccccc2C1=O)N3CCN(Cc4cccc5ccccc45)CC3,45.81990272397,122.21743741908652,False,False,False,6.76955107862173,not_flagged
Cc1oc2cc(ccc2n1)C3=C(c4ccc(O[C@H]5CCN(CCCF)C5)cc4)c6ccc(O)cc6CCC3,45.758957617337366,100.06406799871979,False,False,False,9.52287874528034,not_flagged
O\C(=C(/C#N)\c1nc2ccccc2[nH]1)\Nc3ccc(Cl)cc3,45.32889429857928,101.48383140190144,False,False,False,4.56769435635878,not_flagged
O=C(CCCN1C(=S)Nc2ccccc2C1=O)N3CCN(CC3)c4cccc5ccccc45,45.27877785629372,122.19424351332594,False,False,False,7.15490195998574,not_flagged
C[C@H](CF)CN1[C@H](c2ccc(\C=C\C(=O)O)cc2)c3ccc(O)cc3CC1(C)C,45.17378366341699,57.91237050914039,False,False,False,8.88605664769316,not_flagged
C[C@]12CC[C@H]3[C@@H](CC[C@H]4[C@H]5CCC[C@@]34CC[C@@H]5O)[C@@H]1CC[C@@H]2O,44.92633839553469,185.5561342291635,False,False,False,5.30189945437661,not_flagged
CN(C)CCOc1ccc(cc1)\C(=C(\CCCF)/c2ccccc2)\c3ccc(O)cc3,44.85841654284495,53.9591260941082,False,False,False,7.69897000433602,not_flagged
Cc1ccc2c(C(Nc3ccc(Cl)cc3)c4ccccc4Cl)c(C)[nH]c2c1,44.80390912271607,113.40532331850025,False,False,False,4.58169870868025,not_flagged
Cc1c(O)ccc2c1CCc3cc(O)cc(C=C)c23,44.65858961085318,89.65385797561504,False,False,False,6.61978875828839,not_flagged
CCCC[C@@]12CCC(=O)C(=C1c3ccc4[nH]nc(F)c4c3C2)C(F)(F)F,44.38125059105784,78.96681653339252,False,False,False,7.30803489723264,not_flagged
CC[C@@]12CCC(=O)C(=C1c3ccc4[nH]nc(F)c4c3C2)C(F)(F)F,44.08275691042031,81.62609209676576,False,False,False,7.29328221766324,not_flagged
CC(C)CNc1cc(NCC(C)C)nc(NCC(C)C)n1,43.78129046912338,141.0929829953248,False,False,False,5.61978875828839,not_flagged
NC(=O)c1c2CCCc2sc1NC(=O)c3oc4ccccc4c3,43.77398087949319,160.00534164154317,False,False,False,4.6292730540647,not_flagged
CCCCOC(=O)c1cc(Br)c(O)c(Br)c1,43.61254138312088,146.69741962123368,False,False,False,4.40450377817443,not_flagged
OC1CCC(CC1)C2=C(c3ccc(O[C@H]4CCN(CCCF)C4)cc3)c5ccc(O)cc5CCC2,43.597334839235884,83.96697074910084,False,False,False,9.69897000433602,not_flagged
OC1(CCN(CC1)C(=O)CCCCCN2C(=S)Nc3ccccc3C2=O)c4ccc(Cl)cc4,43.535562994909746,137.0143197216155,False,False,False,7.09691001300806,not_flagged
CCCCCCCCCCCCCCCCCCNCCOc1ccc(cc1)\C(=C(\CC)/c2ccccc2)\c3ccc(O)cc3,43.521756773861995,114.95641086363801,False,False,False,4.0,not_flagged
Cc1ccc(cc1)S(=O)(=O)N2Cc3ccc(cc3C2)[C@]4(O)CC[C@H]5[C@@H]6CCc7cc(O)ccc7[C@H]6CC[C@]45C,43.49684035060042,135.6286392104201,False,False,False,6.46700370613424,not_flagged
Oc1ccc(cc1)C2=C(C3OC2CC3S(=O)(=O)Oc4cccc(Br)c4)c5ccc(\C=C\c6cc(O)cc(O)c6)cc5,43.4046974471872,52.69374231102926,False,False,False,5.61618463401957,not_flagged
CN1CCC(=CC1)C2=C(c3ccc(O[C@H]4CCN(CCCF)C4)cc3)c5ccc(O)cc5CCC2,43.28867799466855,106.23175142944433,False,False,False,7.42021640338319,not_flagged
CCN=C1C=CC(=CC(=C1O)C(=O)\C=C\c2ccccc2Cl)Br,43.17428427104589,181.3874511377477,False,False,False,5.50768530563614,not_flagged
COc1ccc(cc1F)C2=C(c3ccc(O[C@H]4CCN(CCCF)C4)cc3)c5ccc(O)cc5CCC2,42.937415559623496,68.94248174018972,False,False,False,9.52287874528034,not_flagged
CN(CCCc1ccc(Cl)cc1)c2nc(NCCc3ccc(O)cc3)nc(n2)N4CCN(Cc5csc(C)n5)CC4,42.829786297032825,217.00623725656484,False,False,False,6.82390874094432,not_flagged
COc1ccc(\C=C(\C(=O)N(C)CCCCCCCCCCCCn2c(c(C)c3cc(O)ccc23)c4ccc(O)cc4)/c5cc(OC)c(OC)c(OC)c5)cc1O,42.76196961882727,205.29836720673433,False,False,False,6.24108810760203,not_flagged
C[C@H](CF)CN1[C@H](C)Cc2cc(O)ccc2[C@H]1c3ccc(\C=C\C(=O)O)cc3,42.73126564430778,56.251613671675074,False,False,False,9.39794000867204,not_flagged
CC1(N(CCc2cc(O)ccc12)c3ccc(cc3)C4CCC4)c5ccc(\C=C\C(=O)O)cc5,42.62005714834251,232.26020779454927,False,False,False,7.27572413039921,not_flagged
CN(\N=C\c1cccnc1)C2=C(Cl)C(=O)N(N=C2)c3ccc(F)c(Cl)c3,42.512024664405075,175.87953522060863,False,False,False,4.74793304940716,not_flagged
Oc1ccc(cc1)[C@H]2Sc3cc(O)ccc3O[C@H]2c4ccc(OCCN5CCC(F)CC5)cc4,42.28926068019385,42.128044381160535,False,False,False,8.60205999132796,not_flagged
COc1ccc(cc1OC)c2nc(C(=O)N)c3nc(O)n(c4cccc(Cl)c4)c3n2,42.161206005234305,189.03795378342994,False,False,False,5.20328763025923,not_flagged
COc1cc(\C=C\2/SC(=O)NC2=O)ccc1Oc3ccc(cc3C(F)(F)F)C#N,42.11212990912709,133.77070795893215,False,False,False,5.65757731917779,not_flagged
Oc1ccc2c(Oc3ccc(OCCN4CCCCC4)cc3)c(sc2c1)c5ccc(NC(=O)CCl)cc5,42.01232462777275,86.13150321172188,False,False,False,6.1765257708297,not_flagged
Oc1ccc(cc1)C2=C(C3OC2CC3S(=O)(=O)Oc4ccc(Cl)cc4)c5ccc(\C=C\c6cc(O)cc(O)c6)cc5,41.90415417381365,46.93254348422599,False,False,False,7.20760831050175,not_flagged
C(CN1CCC1)Oc2ccc(cc2)C3=C(CCOc4ccccc34)c5ccccc5,41.79377990245602,238.89056930296144,False,False,False,8.05700040663396,not_flagged
COc1ccc(C2=C(c3ccc(O[C@H]4CCN(CCCF)C4)cc3)c5ccc(O)cc5CCC2)c(C)c1,41.6297189704314,73.9504162773341,False,False,False,9.69897000433602,not_flagged
O=C(CCCCCN1C(=S)Nc2ccccc2C1=O)N3CCC(CC3)Nc4ccccc4,41.55600698586697,127.15863054477583,False,False,False,6.74472749489669,not_flagged
COc1ccc2cc3c(N)nn(C(=O)Cc4ccc(Cl)cc4)c3nc2c1,41.492172206263064,189.35453499863,False,False,False,4.60584086598378,not_flagged
Oc1cccc(c1)C2=C(c3ccc(O[C@H]4CCN(CCCF)C4)cc3)c5ccc(O)cc5CCC2,41.42123608305425,74.49813891637221,False,False,False,9.15490195998574,not_flagged
Oc1ccc(cc1)C2=C(C3OC2CC3S(=O)(=O)Oc4cccc(Cl)c4)c5ccc(\C=C\c6cc(O)cc(O)c6)cc5,41.413170416075246,44.084372476816526,False,False,False,6.03058408764602,not_flagged
Clc1ccc(cc1)N2CCN(CC2)C(=O)CCCN3C(=S)Nc4cc5OCOc5cc4C3=O,41.41053588457424,122.95769540918624,False,False,False,4.89936310035941,not_flagged
Brc1cnc2[nH]c(nc2c1)c3cc4ccccc4n3Cc5ccccc5,41.41014508397513,125.537525436491,False,False,False,6.52225670221405,not_flagged
Oc1ccc(cc1)C2=C(C3OC2CC3S(=O)(=O)Oc4cccc(c4)C(F)(F)F)c5ccc(\C=C\c6cc(O)cc(O)c6)cc5,41.27879012921264,77.26597939067358,False,False,False,7.14266750356873,not_flagged
OCCN(CCO)C(=O)\C=C\c1ccc(cc1)C(=C2C3CC4CC(CC2C4)C3)c5ccc(O)cc5,41.212478844327656,348.89830320723127,False,False,False,8.67778070526608,not_flagged
Oc1ccc(cc1)c2sc3cc(O)ccc3c2C(=O)c4ccc(cc4)N5CCN(CC5)C(=O)c6ccccc6[N+](=O)[O-],41.09410191668973,341.78252856603945,False,False,False,8.44611697335613,not_flagged
OC(=O)\C=C\c1ccc(cc1)C(=C2C3CC4CC(CC2C4)C3)c5ccc(O)cc5,40.919285013683705,293.05038624039196,False,False,False,6.30102999566398,not_flagged
CC(=O)OC1CC(C)(C)N(OC(=O)c2ccc(N)cc2)C(C)(C)C1,40.75724669024853,252.44594282993774,False,False,False,4.57926602634855,not_flagged
CC[C@@]12CCC(=O)C(=C1c3ccc4[nH]nnc4c3C2)C(F)(F)F,40.50836168326748,57.31078640805703,False,False,False,5.77520804350732,not_flagged
C[C@@H](N1C(=O)O[C@@](Cc2ccccc2)(C1=O)c3nc4cc(ccc4[nH]3)c5cc[nH]n5)c6ccc(F)cc6,40.46426091081171,144.33054294797347,False,False,False,5.20065945054642,not_flagged
CCCCCCCCCCCCCCCCCCNCCOc1ccc(cc1)C(=O)c2c(sc3cc(O)ccc23)c4ccc(O)cc4,40.26261435620907,147.83899282560378,False,False,False,8.74472749489669,not_flagged
COc1cc2NC(=S)N(CCCC(=O)N3CCN(CC3)c4cccc(Cl)c4)C(=O)c2cc1OC,40.11055322197179,106.6057493069703,False,False,False,5.62708799702989,not_flagged
CCCC[C@@]12CCC(=O)C(=C1c3ccc4[nH]nnc4c3C2)C(F)(F)F,40.10332375025563,57.357573185465526,False,False,False,6.04769199033787,not_flagged
OC(=O)CCCCCCC(=O)Nc1ccc(cc1)C2=C(C3CC(C2O3)S(=O)(=O)Oc4ccccc4C(F)(F)F)c5ccc(O)cc5,40.058134160123544,120.50413644594403,False,False,False,6.19382002601611,not_flagged
COC(=O)c1ccc2C(=O)N(CCCC(=O)N3CCN(CC3)c4cccc(Cl)c4)C(=S)Nc2c1,40.01500561053199,92.99470604579093,False,False,False,4.72699872793626,not_flagged
O=C(CSc1n[nH]c(n1)c2ccc(cc2)S(=O)(=O)N3CCCCC3)Nc4nccs4,39.92315362374108,124.2473521642344,False,False,False,4.32621417303019,not_flagged
Oc1cccc(c1)N2CCN(CC2)C(=O)CCCN3C(=S)Nc4ccccc4C3=O,39.82690937644626,119.40399153715619,False,False,False,5.79048498545737,not_flagged
C[C@]12CC[C@H]3[C@@H](CC=C4[C@H]5CC[C@@]34CC[C@H]5O)[C@@H]1CC[C@@H]2O,39.80688673542763,268.79202699983944,False,False,False,5.08964244272712,not_flagged
C[C@]12CC[C@H]3[C@@H](CC=C4[C@H]5CC[C@@]34CC[C@@H]5O)[C@@H]1CC[C@@H]2O,39.80688673542763,268.79202699983944,False,False,False,6.49894073778225,not_flagged
COc1c(Br)c(O)c(Br)c2nc(oc12)c3ccc(O)c(F)c3,39.79366880246753,231.07662020312608,False,False,False,6.25258819211358,not_flagged
OC(=O)CCCCCCC(=O)Nc1ccc(cc1)C2=C(C3CC(C2O3)S(=O)(=O)Oc4ccc(Br)cc4)c5ccc(O)cc5,39.721624836475534,110.3566769862733,False,False,False,5.76955107862173,not_flagged
Cc1cc(O)c2C(=O)c3c(O[C@@H]4O[C@H](CO)[C@@H](O)[C@H](O)[C@H]4O)cc(O)cc3C(=O)c2c1,39.713269386774904,315.42939884493114,False,False,False,4.69897000433602,not_flagged
Oc1ccc(\C=C\C(=O)c2ccc(Br)cc2)cc1,39.70193880958143,140.65182319257667,False,False,False,5.33161408331,not_flagged
Oc1ccc(cc1)C2=C(C3OC2CC3S(=O)(=O)Oc4ccccc4Cl)c5ccc(\C=C\c6cc(O)cc(O)c6)cc5,39.40697110374221,42.96676684599851,False,False,False,6.77989191195995,not_flagged
Oc1ccc(cc1)[C@H]2Sc3cc(O)ccc3O[C@H]2c4ccc(OCCN5CC6CCC6C5)cc4,39.36550517488303,387.3437816689767,False,False,False,9.09691001300806,not_flagged
CCCCCCCCCCCCCCCCNCCOc1ccc(cc1C)C(CCC)(CCC)c2ccc(O)c(C)c2,39.33889517756428,132.83386189168414,False,False,False,7.69897000433602,not_flagged
CN(C)CC(=O)N1c2ccccc2CCc3ccc(NC(=O)c4ccc(N)cc4)cc13,39.305773904704715,175.31817158940896,False,False,False,4.80746488301482,not_flagged
Oc1ccc(cc1)c2sc3cc(O)ccc3c2Oc4ccc(\C=C\c5nnn[nH]5)cc4,38.946269735333594,142.81623286891383,False,False,False,6.65955588515988,not_flagged
CC(=O)S[C@@H]1CC2=CC(=O)CC[C@]2(C)[C@H]3CC[C@@]4(C)[C@@H](CC[C@@]45CCC(=O)O5)[C@H]13,38.8293636940479,191.42644795930937,False,False,False,5.24397278702656,not_flagged
Oc1ccccc1N2CCN(CC2)C(=O)CCCN3C(=S)Nc4ccccc4C3=O,38.748334725143096,116.4750773758071,False,False,False,7.15490195998574,not_flagged
Oc1ccc(cc1)c2sc3cc(O)ccc3c2C(=O)c4ccc(cc4)N5CCN(CC5)C(=O)c6ccc(cc6)[N+](=O)[O-],38.64729321647527,317.8248713814166,False,False,False,8.66756154008439,not_flagged
Oc1ccc(cc1)C2=C(c3ccc(OCCN4CCC4)cc3)c5ccccc5OCC2,38.55395549667612,201.04667699470514,False,False,False,8.72124639904717,not_flagged
CCc1cc(O)cc2N=CN(C(=S)c12)c3ccc(O)cc3,38.42318077795511,205.02448029501778,False,False,False,5.6458915608526,not_flagged
Oc1ccc(cc1)C2=C(C3OC2CC3S(=O)(=O)Oc4ccc(\C=C\c5cc(O)cc(O)c5)cc4)c6ccc(O)cc6,38.39594881284448,54.54943140243097,False,False,False,7.72124639904717,not_flagged
CCCc1cc(n2ccnc2)n3c4ccccc4nc3c1C#N,38.297902326970565,148.6244869710466,False,False,False,4.52579699813894,not_flagged
Clc1ccc(COc2ccc(cc2)c3oc(NCc4cccnc4)c(n3)C#N)cc1,38.207906788388556,83.5118783134624,False,False,False,4.4270110148084,not_flagged
CN(C)CCNC(=O)\C=C\c1ccc(cc1)C(=C2C3CC4CC(CC2C4)C3)c5ccc(O)cc5,38.20704211805054,291.0597937766634,False,False,False,8.53760200210104,not_flagged
CCN(Cc1ccc(cc1)C(=O)N2CCc3ccc(OS(=O)(=O)N)cc3C2)Cc4ccccn4,38.094606865205726,216.83766118205682,False,False,False,5.50863830616573,not_flagged
C[C@@H](N1C(=O)O[C@@](Cc2ccccc2)(C1=O)c3nc4cc(ccc4[nH]3)C(F)(F)F)c5ccc(F)cc5,38.06974596661093,134.7373485427861,False,False,False,5.52287874528034,not_flagged
COc1ccc2C(=C(CCOc2c1)c3ccc(O)cc3)c4ccc(OCCN5CCC5)cc4,38.02951773511828,204.81999669002266,False,False,False,8.17392519729917,not_flagged
O=C(CCCN1C(=S)Nc2ccccc2C1=O)N3CCC(CC3)c4ccccc4,37.95435630076538,108.3933487881659,False,False,False,7.30102999566398,not_flagged
Oc1ccc(nc1)N2C=Nc3cc(O)cc(O)c3C2=S,37.94893974181922,115.89466383166726,False,False,False,4.55957898660944,not_flagged
CCn1c(SCC(=O)Nc2ccc3c(oc4ccccc34)c2)nnc1c5ccc(N)cc5,37.937815365115206,145.2080018860223,False,False,False,4.93100754543335,not_flagged
CC[C@@]12CCC(=O)C(=C1c3ccc4[nH]ncc4c3C2=O)C(F)(F)F,37.87873866826169,100.91231055713905,False,False,False,7.23657200643706,not_flagged
OC(=O)CCCCCCC(=O)Nc1ccc(cc1)C2=C(C3CC(C2O3)S(=O)(=O)Oc4ccc(cc4)C(F)(F)F)c5ccc(O)cc5,37.806470960457766,112.27210031205735,False,False,False,6.10237290870956,not_flagged
Cc1cc(O)cc2N=CN(C(=S)c12)c3ccc(O)cc3,37.786834219883694,213.31960105347235,False,False,False,5.75621808390621,not_flagged
Oc1cccc(c1)[C@H]2Sc3cc(O)ccc3S[C@H]2c4ccc(OCCN5CCCCC5)c(Br)c4,37.716858169102075,58.27684489649836,False,False,False,8.39794000867204,not_flagged
Clc1ccc2c(c3ccccc3)c4cc5ccccc5cc4nc2c1,37.681958544563464,146.5718233170626,False,False,False,5.78146449478347,not_flagged
Oc1ccc(cc1)[C@H]2Sc3cc(O)ccc3S[C@H]2c4ccc(OCCN5CCCCC5)c(Br)c4,37.66766926083254,54.44094628003349,False,False,False,8.30102999566398,not_flagged
Oc1ccc(cc1)C2=C(C3OC2CC3S(=O)(=O)Oc4cccc(\C=C\c5cc(O)cc(O)c5)c4)c6ccc(O)cc6,37.60791930659987,58.566829961309544,False,False,False,5.85078088734462,not_flagged
Cc1oc(cc1)C2CC(=O)N3CN(CSC3=C2C#N)c4cccc(C)c4,37.59753824912744,129.51283385324683,False,False,False,5.44991113292255,not_flagged
Oc1ccc(cc1)c2sc3cc(O)ccc3c2C(=O)c4ccc(cc4)N5CCN(CC5)c6ccc(cc6)[N+](=O)[O-],37.565649793708566,316.05653868669714,False,False,False,9.36653154442041,not_flagged
C[C@]12CC[C@H]3[C@@H](CC=C4[C@H]5CC=C[C@@]34CC[C@@H]5O)[C@@H]1CC[C@@H]2O,37.55872787338558,92.06973201590756,False,False,False,5.64975198166584,not_flagged
Oc1cc(O)c2C(=O)c3oc4c(cc(O)cc4c3Oc2c1)C#N,37.51564037844658,102.41831773001846,False,False,False,5.80966830182971,not_flagged
CC1(C)CC(=O)C2=C(C1)OC3=C(C2c4cc5ccccc5n4Cc6ccccc6)C(=O)CCC3(C)C,37.50576720936439,178.9244257416588,False,False,False,3.23122134917816,not_flagged
CCCCCCCCCCCCCCCCNCCOc1ccc(cc1)\C(=C(\CC)/c2ccccc2)\c3ccc(O)cc3,37.42071989188981,89.58745421492603,False,False,False,8.31875876262441,not_flagged
Oc1ccc(OS(=O)(=O)C2CC3OC2C(=C3c4ccc(O)cc4)c5ccc(\C=C\c6cc(O)cc(O)c6)cc5)cc1,37.39536074810124,58.200649530657856,False,False,False,7.26760624017703,not_flagged
FC(F)(F)c1cccc2c(c3ccccc3)c4cc5ccccc5cc4nc12,37.390259319987386,158.4420516277936,False,False,False,5.57675412606319,not_flagged
CC(=O)C1(Cc2ccc(cc2C1)[C@]3(O)CC[C@H]4[C@@H]5CCc6cc(O)ccc6[C@H]5CC[C@]34C)C(=O)C,37.38815844011915,144.90150784340122,False,False,False,6.61400071586103,not_flagged
C[C@@]12CCC(=O)C(=C1c3ccc4[nH]ncc4c3C2)C(F)(F)F,37.36984101642923,57.076221854861956,False,False,False,5.83032556594119,not_flagged
Oc1ccc(cc1)C2=C(C3OC2CC3S(=O)(=O)Oc4cccc5ccccc45)c6ccc(\C=C\c7cc(O)cc(O)c7)cc6,37.32064102667428,62.49065572610144,False,False,False,7.30980391997149,not_flagged
Oc1ccc(cc1)c2oc3c(CBr)cc(O)cc3n2,37.29951735328585,166.2614573180963,False,False,False,5.52651302993543,not_flagged
Clc1c2ccccc2cc3c(c4ccccc4)c5ccccc5nc13,37.260008232498656,139.8679428792719,False,False,False,5.77443228656053,not_flagged
NC(=O)c1ccccc1OCC2CC(=NO2)c3ccccc3,37.20468368945016,164.50000595085714,False,False,False,4.52385845973953,not_flagged
FC(F)(F)c1ccc2cc3nc4ccccc4c(c5ccccc5)c3cc2c1,37.18006153140794,137.80820250865304,False,False,False,5.45469288353418,not_flagged
CN(CCO)C(=O)\C=C\c1ccc(cc1)C(=C2C3CC4CC(CC2C4)C3)c5ccc(O)cc5,37.17330572287801,328.4264022725888,False,False,False,8.26760624017703,not_flagged
CCCC[C@@]12CCC(=O)C(=C1c3ccc4[nH]ncc4c3C2=O)C(F)(F)F,37.14228670002512,102.32513294240651,False,False,False,7.39794000867204,not_flagged
Clc1ccc(s1)S(=O)(=O)NCc2csc(n2)c3cccnc3,37.10351673019332,99.1916952291577,False,False,False,4.86549139909975,not_flagged
Oc1ccc(cc1)c2oc3c(\C=C/Br)cc(O)cc3n2,36.96934196550805,147.56029966503309,False,False,False,5.33236029394359,not_flagged
Oc1ccc(cc1)[C@H]2Sc3cc(O)ccc3S[C@H]2c4ccc(OCCN5CCCC5)c(Br)c4,36.86188115867985,52.95098827850303,False,False,False,8.39794000867204,not_flagged
CC(=O)c1c(C)[nH]c(C(=O)COc2ccc(cc2)C#N)c1C,36.63843859885287,95.04696252631412,False,False,False,4.46802945895586,not_flagged
CC(C)CCc1cc(NCC(C)C)nc(n1)N(C)CC(C)C,36.63556697776766,136.28577306559515,False,False,False,5.01322826573375,not_flagged
CN(CCCc1ccc(Cl)cc1)c2nc(NCCc3ccc(O)cc3)nc(n2)N4CCN(CCO)CC4,36.46367032690975,198.27015443666812,False,False,False,7.52287874528034,not_flagged
Clc1ccc(s1)S(=O)(=O)NCCc2csc(n2)c3cccnc3,36.434521725697465,98.75338210136876,False,False,False,4.71622854027023,not_flagged
Oc1ccc(cc1)C2=C(C3OC2CC3S(=O)(=O)Oc4cccc(O)c4)c5ccc(\C=C\c6cc(O)cc(O)c6)cc5,36.40009526212275,64.29202178474799,False,False,False,5.22040350874218,not_flagged
N#CC(=C(c1ccc(OCCN2CCOCC2)cc1)c3ccc(OCCN4CCOCC4)cc3)c5ccccc5,36.376546153443975,137.0985418736169,False,False,False,6.2572748686953,not_flagged
O\N=C\c1c(Cl)cc(cc1Cl)c2ccc(O)c(F)c2,36.364970049574346,101.43755429254813,False,False,False,6.56863623584101,not_flagged
CC[C@@]12CCC(=O)C(=C1c3ccc4[nH]ncc4c3C2)C(F)(F)F,36.364261545581364,51.89011994963586,False,False,False,6.44369749923271,not_flagged
CCC12CCC(=O)C(=C1c3ccc4[nH]nc(Br)c4c3C2)C,36.32423742350665,36.04480652644816,False,False,False,5.23062267392386,not_flagged
CCCC[C@@]12CCC(=O)C(=C1c3ccc4[nH]ncc4c3C2)C(F)(F)F,36.27991812218512,53.358142334760856,False,False,False,6.75448733218585,not_flagged
CC1(C)CC(=O)C2=C(C1)OC3=C(C2c4cc5ccccc5n4Cc6ccccc6)C(=O)CC(C)(C)C3,36.097068266139786,209.16702713942811,False,False,False,4.21623930425608,not_flagged
COC(=O)c1cnn2c(cc(nc12)c3occc3)C(F)(F)F,36.05417068608711,80.77490031155594,False,False,False,4.37256675104935,not_flagged
Oc1ccc(cc1F)c2ccc3c(Br)c(O)cc(C#N)c3c2,35.90239177449233,77.94406657727377,False,False,False,6.93554201077308,not_flagged
Oc1ccc(cc1)N2C=Nc3cc(O)cc(O)c3C2=S,35.85255759804389,122.19076421181356,False,False,False,5.57905459407803,not_flagged
COc1ccc(NC(=O)c2occc2)cc1N,35.82702601546858,135.39075631164283,False,False,False,4.44253815476181,not_flagged
NC(=O)\C=C\c1ccc(Oc2c(sc3cc(O)ccc23)c4ccc(O)cc4)cc1,35.52990689623413,124.6105909438063,False,False,False,7.39794000867204,not_flagged
O=C(CSc1ncccn1)Nc2oc(c3ccccc3)c(c4ccccc4)c2C#N,35.528340920071614,76.62599173296547,False,False,False,5.01858915983411,not_flagged
CC1(N(CCc2cc(O)ccc12)c3ccc(F)cc3)c4ccc(\C=C\c5nn[nH]n5)cc4,35.483979908614074,163.29152016430282,False,False,False,5.98716277529483,not_flagged
COc1cccc(OS(=O)(=O)C2CC3OC2C(=C3c4ccc(O)cc4)c5ccc(\C=C\c6cc(O)cc(O)c6)cc5)c1,35.422095742353385,50.14429110536524,False,False,False,7.31875876262441,not_flagged
CC(C)CCc1cc(NCC(C)C)nc(NCC(C)C)n1,35.31392435326348,106.7462002500893,False,False,False,5.50863830616573,not_flagged
Oc1ccc(cc1)N2C(=S)Nc3cc(O)cc(O)c3C2=O,35.210187860086165,129.70022637069306,False,False,False,4.95424685240586,not_flagged
COc1ccc2[nH]c3nc(SCc4oc(nn4)c5ccc(C)cc5)nnc3c2c1,35.17153281128351,119.24534695676616,False,False,False,5.1649381839164,not_flagged
CCOC(=O)C1(Cc2ccc(cc2C1)[C@]3(O)CC[C@H]4[C@@H]5CCc6cc(O)ccc6[C@H]5CC[C@]34C)C(=O)OCC,35.0970897964685,180.39384426159677,False,False,False,6.3079995901734,not_flagged
CCCCCCCCCCCCCCCCNCCOc1ccc(cc1)C(=O)c2c(sc3cc(O)ccc23)c4ccc(O)cc4,35.03227270544212,122.65127240928443,False,False,False,7.95860731484177,not_flagged
O=C1NC(=O)C2=C(N1)OC3=C(C2c4cc5ccccc5n4Cc6ccccc6)C(=O)NC(=O)N3,34.863539294148346,459.96994415344204,False,False,False,4.21410097161562,not_flagged
CCCCOC(=O)c1c(F)c(F)c(O)c(F)c1F,34.8322371835167,435.8558670859919,False,False,False,4.53165266958784,not_flagged
CN(CCCc1ccc(Cl)cc1)c2nc(NCCc3ccc(O)cc3)nc(n2)N4CCNCC4,34.83025074493532,161.90006382431562,False,False,False,6.95860731484177,not_flagged
CCCN(c1ccccc1C(F)(F)F)S(=O)(=O)c2ccc(O)cc2,34.68317868475085,70.89273434280538,False,False,False,7.26760624017703,not_flagged
Oc1ccc2c(Oc3ccc(OCCN4CCCCC4)cc3)c(sc2c1)c5ccc(NCCCl)cc5,34.65965973932438,111.50327106869707,False,False,False,7.44855000202713,not_flagged
CCCN(c1ccccc1Br)S(=O)(=O)c2ccc(O)c(c2)C(F)(F)F,34.47255061019031,177.00325517086696,False,False,False,7.22184874961636,not_flagged
CCOC(=O)C1(Cc2ccc(cc2C1)[C@]3(O)CC[C@H]4[C@@H]5CCc6cc(O)ccc6[C@H]5CC[C@]34C)C(=O)C,34.375461653371325,151.6934852489624,False,False,False,6.61000157739267,not_flagged
ONC(=O)CCCCCCC(=O)Nc1ccc(cc1)C2=C(C3CC(C2O3)S(=O)(=O)Oc4ccc5ccccc5c4)c6ccc(O)cc6,34.10090486944124,144.8425135064445,False,False,False,6.79588001734407,not_flagged
Cc1cc(ccc1O)N2C=Nc3cc(O)cc(O)c3C2=S,34.03567499114382,131.17052931217748,False,False,False,5.54454603122137,not_flagged
CC(OC(=O)COc1ccc(Cl)cc1C)C(=O)N(C)C,33.78631593241292,98.67239710151196,False,False,False,4.43211049327627,not_flagged
Oc1ccc(cc1)C2=C(C3OC2CC3S(=O)(=O)Oc4ccccc4)c5ccc(\C=C\c6cc(O)cc(O)c6)cc5,33.76257836392321,42.936796283644945,False,False,False,6.36855623098683,not_flagged
Oc1ccc(c(O)c1)c2nn(c3cc(Cl)ccc3Cl)c4cc(O)ccc24,33.66256654524097,44.54731189430046,False,False,False,7.82390874094432,not_flagged
OC(=O)\C=C\c1ccc(Oc2c(sc3cc(O)ccc23)c4ccc(F)cc4C(F)(F)F)cc1,33.64636707041614,84.94654004460597,False,False,False,7.92081875395237,not_flagged
CCCN(c1c(Cl)cccc1Cl)S(=O)(=O)c2ccc(O)c(C)c2,33.5719368710821,62.138877438152164,False,False,False,7.79588001734407,not_flagged
Cn1c(SCC(=O)Nc2sccc2C#N)nnc1c3ccccc3,33.48636996842111,93.9932805505118,False,False,False,4.76683782277114,not_flagged
Oc1ccc(c(O)c1)c2nn(CC(F)(F)F)c3cc(O)ccc23,33.47993167054565,139.18943654148995,False,False,False,6.78251605578609,not_flagged
Cc1occc1c2nnc3sc(nn23)c4cc(oc4C)c5ccc(Cl)cc5,33.4371073762079,160.1614420461387,False,False,False,5.55760176679497,not_flagged
CN(C)CCOc1ccc(cc1)\C(=C(\CCCl)/c2ccccc2)\c3ccc(O)cc3,33.37495775908323,73.52827356719717,False,False,False,8.39794000867204,not_flagged
Cc1ccccc1OS(=O)(=O)C2CC3OC2C(=C3c4ccc(O)cc4)c5ccc(\C=C\c6cc(O)cc(O)c6)cc5,33.33465751135536,46.90547439325786,False,False,False,8.0,not_flagged
CN(C)CCOc1ccc(cc1)C(=C(C#N)c2ccccc2)c3ccccc3,33.33079686924791,56.589114805376234,False,False,False,7.06550154875643,not_flagged
O=S(=O)(\N=C(\Sc1ccccc1)/c2ccccc2)c3ccccc3,33.284824152247126,156.70261519125825,False,False,False,4.99129765332127,not_flagged
FC(F)(F)c1cc(nc2c(Br)c(nn12)C(=O)NCc3occc3)c4cccs4,33.2795722011822,421.7131095227215,False,False,False,4.43303166134329,not_flagged
Oc1ccc2C(N(CCc2c1)C(=O)C(F)(F)F)c3ccc(Br)cc3,33.24674716955221,110.5444628929848,False,False,False,6.78251605578609,not_flagged
Clc1ccc(cc1)c2nc(NC(=O)CSc3nnnn3c4ccccc4)ns2,33.226336528510735,172.52454343591327,False,False,False,4.68236887776863,not_flagged
COc1cc(OC)cc(\C=C\c2cccc(OS(=O)(=O)C3CC4OC3C(=C4c5ccc(O)cc5)c6ccc(O)cc6)c2)c1,33.15820238380345,72.74327944103814,False,False,False,6.13194363817696,not_flagged
Cc1cccc(OS(=O)(=O)C2CC3OC2C(=C3c4ccc(O)cc4)c5ccc(\C=C\c6cc(O)cc(O)c6)cc5)c1,33.10229139271919,47.98911450180515,False,False,False,6.02365002099673,not_flagged
Cc1c(O)ccc2c1OC(=O)c3c(C)c(N)ccc23,33.01628907517337,104.12223727445999,False,False,False,4.84466396253494,not_flagged
Oc1ccc2c(Oc3ccc(OCCN4CCCCC4)cc3)c(sc2c1)c5ccc(Br)cc5,32.945599817381236,146.7537991267913,False,False,False,7.56863623584101,not_flagged
Oc1cc(O)c2C(=S)N(C=Nc2c1)c3ccc(O)c(F)c3,32.93650164359091,138.94297221738847,False,False,False,5.51144928349956,not_flagged
C[C@@H](N1C(=O)O[C@](Cc2ccc(F)cc2)(C(=O)NCc3ccc(Cl)c(Cl)c3)C1=O)c4ccc(F)cc4,32.932131041840044,125.21380973468925,False,False,False,5.13667713987954,not_flagged
CCOc1ccc(Nc2oc(nc2C#N)c3ccccc3Cl)cc1,32.90553717258167,73.63605039301495,False,False,False,5.02042567765862,not_flagged
CC(C)CNc1cc(NCc2ccccc2)nc(NCC(C)C)n1,32.864699285364196,92.75766186165544,False,False,False,5.02227639471115,not_flagged
OC1=C(C(=O)Nc2ccccc2[N+](=O)[O-])c3nc4ccccc4n3CC1,32.83755380528994,373.1897533111098,False,False,False,4.73077434552155,not_flagged
Cc1ccc(OS(=O)(=O)C2CC3OC2C(=C3c4ccc(O)cc4)c5ccc(\C=C\c6cc(O)cc(O)c6)cc5)cc1,32.81407386471455,49.505460002458264,False,False,False,8.69897000433602,not_flagged
Cc1oc(\C=C\2/Sc3nc(nn3C2=O)c4occc4)cc1,32.800141877136326,123.8584368786455,False,False,False,4.85758644184401,not_flagged
Oc1ccc2c(c1)sc3c4ccccc4n(Cc5ccc(OCCN6CCCCCC6)cc5)c23,32.77216541085766,166.89870801371433,False,False,False,7.74472749489669,not_flagged
O=S(=O)(NCc1csc(n1)c2cccnc2)c3cccs3,32.69061161800545,89.90717537171619,False,False,False,4.74363444946183,not_flagged
Oc1ccc(c(F)c1)c2oc3c(\C=C/Br)cc(O)cc3n2,32.684037672948804,173.3112838399173,False,False,False,6.70774392864352,not_flagged
Cc1c(O)c(Cl)c(C)c2c3ccc(O)c(Cl)c3OC(=O)c12,32.59424864914704,52.119737352893296,False,False,False,6.22402566887063,not_flagged
Cc1cc(Cl)cc(C)c1C(=O)c2sc3cc(O)ccc3c2Oc4ccc(\C=C\C(=O)O)cc4,32.49820008990367,36.206844681322956,False,False,False,8.61978875828839,not_flagged
COc1cc(OC)cc(\C=C\c2ccc(OS(=O)(=O)C3CC4OC3C(=C4c5ccc(O)cc5)c6ccc(O)cc6)cc2)c1,32.46338344904547,72.75510852925423,False,False,False,8.15490195998574,not_flagged
COc1cc(OC)cc(\C=C\c2ccc(OS(=O)(=O)[C@H]3C[C@H]4O[C@@H]3C(=C4c5ccc(O)cc5)c6ccc(O)cc6)cc2)c1,32.46338344904546,72.75510852925423,False,False,False,7.56863623584101,not_flagged
Cc1cccc2cc(C(N(CC3CCCO3)Cc4occc4)c5nnnn5C(C)(C)C)c(O)nc12,32.427762576176896,176.79518885808744,False,False,False,4.87563599797108,not_flagged
O=C(Cc1ccc(s1)S(=O)(=O)N2CCOCC2)Nc3nc4CCCCc4s3,32.37973560914193,104.63540530470189,False,False,False,5.3286623603728,not_flagged
CCOC(=O)c1c(C)c(C)sc1Nc2nc(C)c(s2)C(=O)NC,32.35142303059468,259.2597048122574,False,False,False,4.37359023318917,not_flagged
CN(C)CCOc1ccc(cc1)\C(=C(\CCCCl)/c2ccccc2)\c3ccc(O)cc3,32.30436450683418,79.66093766300295,False,False,False,7.0,not_flagged
Oc1ccc(cc1)[C@@H]2N(C(=O)C2(c3ccccc3)c4ccccc4)c5ccc(O)cc5,32.27022089979085,261.4801887511825,False,False,False,7.39794000867204,not_flagged
c1ccc(cc1)c2c3ccccc3nc4cc5ccccc5cc24,32.20456313200261,144.52894009264693,False,False,False,6.03857890593355,not_flagged
Oc1ccc(CCNc2nc(SCCCc3ccc(Cl)cc3)nc(n2)N4CCNCC4)cc1,32.177454772867755,122.1503521635851,False,False,False,7.09691001300806,not_flagged
CC#C[C@]1(O)CC[C@H]2[C@@H]3CCC4=CC(=O)CCC4=C3[C@H](C[C@]12C)c5ccc(cc5)N(C)C,32.112859326734934,418.3643314290398,False,False,False,5.30102999566398,not_flagged
Cc1cc(F)ccc1C2=C(Cc3ccc(\C=C\C(=O)O)cc3)c4ccc(N)cc4OC2=O,32.11225137201943,115.95611464564521,False,False,False,5.86012091359876,not_flagged
Oc1ccc2cc(cc(C#N)c2c1)c3cc(F)c(O)cc3F,32.10764683407059,86.4949782383103,False,False,False,6.73048705578208,not_flagged
Oc1ccc(cc1)C2=C(C3OC2CC3S(=O)(=O)Oc4ccccc4)c5ccc(\C=C\c6ccccc6)cc5,31.970729270560998,59.40560557457027,False,False,False,5.98716277529483,not_flagged
N#C\C(=C(/c1ccccc1)\c2ccc(OCCN3CCOCC3)cc2)\c4ccccc4,31.849056395258938,72.23797202545768,False,False,False,6.64975198166584,not_flagged
N#C\C(=C(\c1ccccc1)/c2ccc(OCCN3CCOCC3)cc2)\c4ccccc4,31.849056395258938,72.23797202545768,False,False,False,7.01322826573375,not_flagged
CCCCCCCCCCCCCCNCCOc1ccc(cc1)\C(=C(\CC)/c2ccccc2)\c3ccc(O)cc3,31.84832615351499,69.68497807868879,False,False,False,7.95860731484177,not_flagged
Oc1ccc2c(c1)sc3c4cc(O)ccc4n(Cc5ccc(OCCN6CCCCCC6)cc5)c23,31.800154321600072,176.7483123065054,False,False,False,8.47625353318844,not_flagged
Cc1ccc(C(=O)CSC2=C(C#N)C(CC(=O)N2)c3occc3)c(C)c1,31.772197557939865,89.73694397263202,False,False,False,4.57610513610905,not_flagged
Oc1ccc2C3=C(CCOc2c1)c4ccc(O)cc4O[C@@H]3c5ccc(OCCN6CCCCCC6)cc5,31.74420110685121,57.812773422049226,False,False,False,8.65757731917779,not_flagged
Oc1ccc2C3=C(CCOc2c1)c4ccc(O)cc4O[C@H]3c5ccc(OCCN6CCCCCC6)cc5,31.74420110685121,57.812773422049226,False,False,False,8.61978875828839,not_flagged
Oc1ccc(cc1)c2cc(C#N)c3c(Br)c(O)ccc3c2,31.66853151319634,65.4561580255587,False,False,False,6.88272870434424,not_flagged
CCc1ccccc1OS(=O)(=O)C2CC3OC2C(=C3c4ccc(O)cc4)c5ccc(\C=C\c6cc(OC)cc(OC)c6)cc5,31.644203855181637,73.13726815005998,False,False,False,8.52287874528034,not_flagged
Oc1ccc(cc1F)c2ccc3c(Cl)c(O)cc(C#N)c3c2,31.581659942432832,41.70087054322845,False,False,False,7.25963731050576,not_flagged
Oc1ccc(cc1)[C@H]2CC(=O)N2c3ccc(O)cc3,31.447039123111544,193.6946456788943,False,False,False,4.88605664769316,not_flagged
CC[C@]1(O)CC[C@H]2[C@@H]3CCC4=CCCC[C@@H]4[C@H]3CC[C@]12C,31.402617045447844,131.36686463212246,False,False,False,5.95039438740503,not_flagged
COC(=O)C1=C(N)Oc2cc(O)ccc2C1c3ccc(OCc4ccccc4F)cc3,31.39147015558046,164.5534763003034,False,False,False,7.27572413039921,not_flagged
CCCCn1c(NC(=O)CC)c(C#N)c2nc3ccccc3nc12,31.390578453678575,121.77691863522303,False,False,False,4.63145856480961,not_flagged
C[C@@H](N1C(=O)O[C@@](Cc2ccccc2)(C1=O)c3nc4cc(NS(=O)(=O)C)ccc4[nH]3)c5ccc(F)cc5,31.34741189505079,97.37468812491277,False,False,False,4.76955107862173,not_flagged
Oc1ccc2c(c1)sc3c4ccccc4n(Cc5ccc(OCCN6CCCC6)cc5)c23,31.287229028411833,155.56685353601998,False,False,False,7.5654310959658,not_flagged
OC(=O)CCCCCCC(=O)Nc1ccc(cc1)C2=C(C3CC(C2O3)S(=O)(=O)Oc4ccccc4O)c5ccc(O)cc5,31.243125923118928,111.07100945679505,False,False,False,6.85387196432176,not_flagged
Cc1cc(C)c(c(C)c1)S(=O)(=O)\N=C\2/C=CC(=O)C(=C2)Cl,31.227348090400067,142.51030045041782,False,False,False,4.98780583832918,not_flagged
Oc1ccc(cc1F)c2cc(C#N)c3c(Cl)c(O)ccc3c2,31.216998785098657,43.50359575161882,False,False,False,6.52432881167557,not_flagged
C[C@@H](COc1ccc(cc1)C2Oc3ccc(O)cc3C(=C2c4cccc(O)c4)C)N5CCC5,31.212782797883822,211.0300365288256,False,False,False,9.04575749056067,not_flagged
C[C@]12CC[C@H]3[C@@H]([C@H](CCCCCCCCCCC(=O)NO)Cc4cc(O)ccc34)[C@@H]1CC[C@@H]2O,31.179868436171482,139.26086619042275,False,False,False,6.29242982390206,not_flagged
Oc1ccc(cc1)C2=C(C3OC2CC3S(=O)(=O)Oc4ccc(\C=C\c5ccccc5)cc4)c6ccc(O)cc6,31.15430966712031,62.082875581674436,False,False,False,6.82681373158773,not_flagged
COc1ccc2C3=C(CCOc2c1)c4ccc(OC)cc4O[C@@H]3c5ccc(OCCN6CCCCC6)cc5,31.1432515586899,84.63001692121729,False,False,False,7.19382002601611,not_flagged
Oc1ccc(cc1)C2=C(C3OC2CC3S(=O)(=O)Oc4ccc(F)cc4)c5ccc(\C=C\c6cc(O)cc(O)c6)cc5,31.113007306911932,62.03543185596377,False,False,False,8.30102999566398,not_flagged
COc1ccc(cc1)[C@H]2[C@H](C(O)c3ccc(O)cc3)C(=O)N2c4cc(OC)c(OC)c(OC)c4,31.09014208925641,263.61815833286767,False,False,False,8.09691001300806,not_flagged
CCCCOC(=O)c1cc(Cl)c(O)c(Cl)c1,31.05696222669575,49.59087224020884,False,False,False,4.2572748686953,not_flagged
NC(=O)c1cc(O)cc2nc(oc12)c3ccc(O)cc3,30.858075925848514,177.92458827072562,False,False,False,5.01682492796219,not_flagged
CCc1cc(NCC(C)C)nc(NCC(C)C)n1,30.825664715556826,78.47016631162194,False,False,False,5.13667713987954,not_flagged
O=C(Cc1coc2cc3CCCc3cc12)OCC4=CC(=O)N5C(=N4)Sc6ccccc56,30.81204118569368,148.28340715879307,False,False,False,5.31628401497667,not_flagged
CC(C)CCc1cc(NCC(C)C)nc(OCC(C)C)n1,30.761277892230673,104.87326609711909,False,False,False,5.16115090926274,not_flagged
OC(=O)CCCCCCC(=O)Nc1ccc(OS(=O)(=O)C2CC3OC2C(=C3c4ccc(O)cc4)c5ccc(O)cc5)cc1,30.750817030123354,102.3295426940729,False,False,False,7.30102999566398,not_flagged
Oc1ccc(cc1)c2c(C#N)c3cc(O)ccc3n2Cc4ccc(OCCN5CCCCCC5)cc4,30.672500393673683,99.53556594043334,False,False,False,7.63827216398241,not_flagged
Oc1ccc2C(N(CCc2c1)C(=O)C(F)(F)F)c3cccs3,30.58848396391195,107.74453583275913,False,False,False,6.4145392704915,not_flagged
OC(=O)\C=C\c1ccc(CC2=C(C(=O)Oc3cc(F)ccc23)c4ccc(OC(F)(F)F)cc4)cc1,30.5766994975982,70.53530455226634,False,False,False,5.23657200643706,not_flagged
Oc1ccc2cc(cc(C#N)c2c1)c3cc(F)c(O)c(F)c3,30.534692574420077,64.62792732271379,False,False,False,6.26121944151563,not_flagged
Oc1ccc(cc1)c2[nH]c(nc2c3ccccc3)C(F)(F)F,30.527948459912608,145.84260313411426,False,False,False,6.39469495385889,not_flagged
Oc1ccc2c(c1)sc3c4cc(O)ccc4n(Cc5ccc(OCCN6CCCC6)cc5)c23,30.419903522963875,165.0408806863948,False,False,False,8.22184874961636,not_flagged
CC(C)CN(C1CCS(=O)(=O)C1)C(=O)COC(=O)c2cc3CCCc3s2,30.404978742358647,148.1886917582512,False,False,False,5.53053292553511,not_flagged
COC(=O)CCCCCCC(=O)Nc1ccc(OS(=O)(=O)C2CC3OC2C(=C3c4ccc(O)cc4)c5ccc(O)cc5)cc1,30.396943853976936,77.08894271452039,False,False,False,4.96657624451305,not_flagged
Oc1cc(Br)c2oc(nc2c1)c3ccc(O)c(c3)C(F)(F)F,30.39252525811972,161.03763182207803,False,False,False,5.7281583934635,not_flagged
Cc1cccc2[nH]c(nc12)c3cc4ccccc4[nH]3,30.379339015249,121.49013329782065,False,False,False,6.7174005426154,not_flagged
CCCCCCCCCCCCCCNCCOc1ccc(cc1)C(=O)c2c(sc3cc(O)ccc23)c4ccc(O)cc4,30.331838874663887,102.77316176573794,False,False,False,7.55284196865778,not_flagged
Oc1ccc2C3=C(CCOc2c1)c4ccc(F)cc4O[C@@H]3c5ccc(OCCN6CCCCCC6)cc5,30.325049389858417,82.3946729572869,False,False,False,8.48148606012211,not_flagged
Oc1ccc2C3=C(CCOc2c1)c4ccc(F)cc4O[C@H]3c5ccc(OCCN6CCCCCC6)cc5,30.325049389858417,82.3946729572869,False,False,False,8.30102999566398,not_flagged
CC1=C(C(Oc2ccc(O)cc12)c3ccc(OCCN4CCC4)cc3)c5cccc(O)c5,30.279115169500276,212.71089984851628,False,False,False,9.52287874528034,not_flagged
Nc1ccc(cc1)c2sc3cc(O)ccc3c2Oc4ccc(OCCN5CCCCC5)cc4,30.24297103090239,108.85327552590556,False,False,False,7.71444269099223,not_flagged
Oc1cc(C#N)c2oc(nc2c1)c3ccc(O)c(F)c3,30.24292582547145,57.040267539423965,False,False,False,5.84314809892999,not_flagged
C[C@H](NC(=O)Cc1c([nH]c2ccccc12)c3ccccc3)c4c(C)c5cc(O)ccc5n4Cc6ccc(OCCN7CC[C@H](C)C7)cc6,30.205829590125102,126.52327150784845,False,False,False,8.39794000867204,not_flagged
Oc1ccc(cc1)c2c(C#N)c3cc(O)ccc3n2Cc4ccc(OCCN5CCCCC5)cc4,30.187494930498456,68.02633943882655,False,False,False,7.95860731484177,not_flagged
Oc1cc(C#N)c2oc(cc2c1)c3ccc(O)c(F)c3,30.10005550726356,50.302518456080094,False,False,False,7.63827216398241,not_flagged
O=C(c1ccccc1)c2ccc3[nH]c(nc3c2)c4cc5ccccc5[nH]4,30.049601776297514,108.52500690689007,False,False,False,7.32901239698997,not_flagged
COC(=O)C1=C(N)Oc2cc(O)ccc2C1c3ccc(OCc4ccc(C)cc4)cc3,30.02167957864939,157.80667327532757,False,False,False,7.2518119729938,not_flagged
CC(C)CNc1cc(\C=C\c2ccccc2)nc(NCC(C)C)n1,29.98924361162632,93.78169800948787,False,False,False,5.16115090926274,not_flagged
C[C@@H](N1C(=O)O[C@@](Cc2ccccc2)(C1=O)c3nc4cc(ccc4[nH]3)c5conc5C)c6ccc(F)cc6,29.973004764969875,87.57884647565601,False,False,False,5.30980391997149,not_flagged
Cc1c(c2ccc(O)cc2)n(CCCCn3c(c(C)c4cc(O)ccc34)c5ccc(O)cc5)c6ccc(O)cc16,29.971417558451552,103.39992479860219,False,False,False,6.36051351073141,not_flagged
Cc1ccc(cc1)C(=O)N\N=C\c2ccc(s2)[N+](=O)[O-],29.905083609507,362.36447300727815,False,False,False,4.67484304449807,not_flagged
Oc1cc(CC#N)c2oc(cc2c1)c3ccc(O)c(F)c3,29.89629138111556,56.4667209553066,False,False,False,5.97633608180221,not_flagged
O=C(CSc1n[nH]c(n1)c2occc2)Nc3sc4CCCCc4c3C(=O)Nc5ccccc5,29.85661149199498,139.66233224199317,False,False,False,4.39776903887726,not_flagged
CCCC12CCC(=O)C(=C1c3ccc4[nH]ncc4c3C2)Br,29.836722647710875,43.62445708845634,False,False,False,6.17848647159523,not_flagged
Oc1ccc(cc1F)c2cc(C#N)c3c(F)c(O)ccc3c2,29.820681259299572,64.48109037756751,False,False,False,6.50584540598156,not_flagged
N1C(=Nc2cccc3cccc1c23)c4cc5ccccc5[nH]4,29.78731827071443,199.32391731375722,False,False,False,6.69505731759754,not_flagged
CCCC12CCC(=O)C(=C1c3ccc4[nH]nnc4c3C2)Br,29.71900699405172,50.412293081640634,False,False,False,5.48135447566969,not_flagged
Oc1ccc2C3=C([C@H](Oc2c1)c4ccc(OCCN5CCCCCC5)cc4)c6ccccc6OCC3,29.718865418075577,74.24973709322624,False,False,False,7.07058107428571,not_flagged
Oc1ccc2C3=C([C@@H](Oc2c1)c4ccc(OCCN5CCCCCC5)cc4)c6ccccc6OCC3,29.718865418075577,74.24973709322624,False,False,False,8.39794000867204,not_flagged
Oc1ccc2C3=C(CCOc2c1)c4ccccc4O[C@@H]3c5ccc(OCCN6CCCCCC6)cc5,29.68630903224577,74.06352631915622,False,False,False,7.95860731484177,not_flagged
Oc1ccc2C3=C(CCOc2c1)c4ccccc4O[C@H]3c5ccc(OCCN6CCCCCC6)cc5,29.68630903224576,74.06352631915622,False,False,False,8.34678748622466,not_flagged
Oc1ccc2c(OC(=O)c3c(Cl)c(O)c(F)cc23)c1Cl,29.631687776832056,86.23090670106168,False,False,False,4.93554201077308,not_flagged
Oc1ccc2c(c1)sc3c4ccccc4n(Cc5ccc(OCCN6CCOCC6)cc5)c23,29.626130935845353,163.58007454584697,False,False,False,6.89962945488244,not_flagged
CC12CCC(=O)C(=C1c3ccc4[nH]ncc4c3C2)Br,29.582455228757045,30.99202695540881,False,False,False,5.70114692359029,not_flagged
Oc1ccc(cc1)c2cc(C#N)c3c(Cl)c(O)ccc3c2,29.502188157824946,25.666463140630867,False,False,False,6.96257350205938,not_flagged
CCC12CCC(=O)C(=C1c3ccc4[nH]nc(F)c4c3C2)Br,29.492314906064085,68.66595976992457,False,False,False,6.70553377383841,not_flagged
Oc1ccc(cc1)c2ccc3c(Cl)c(O)cc(C#N)c3c2,29.45296235259194,25.5640474602635,False,False,False,7.0087739243075,not_flagged
CS(=O)(=O)c1ccc2nc(NC(=O)CCC(=O)c3cccs3)sc2c1,29.427273629599657,112.20261718467097,False,False,False,5.14828496475211,not_flagged
O=Cc1ccc2OC3=C(C(=O)N4CCCSC4=N3)C(=O)c2c1,29.421993305590966,183.87195431076307,False,False,False,4.74956462686628,not_flagged
NC(=O)C1CCN(CCOc2ccc(cc2)[C@@H]3Oc4ccc(O)cc4S[C@@H]3c5ccc(O)cc5)CC1,29.399703314587676,117.99239177546139,False,False,False,8.65757731917779,not_flagged
CCCCCCCCCCCCNCCOc1ccc(cc1C)C(CCC)(CCC)c2ccc(O)c(C)c2,29.399487220786117,87.70915476283157,False,False,False,8.30980391997149,not_flagged
CCCCC12CCC(=O)C(=C1c3ccc(O)cc3C2)C#N,29.302179919474586,45.86657359880131,False,False,False,5.78251605578609,not_flagged
Cc1c(c2ccc(O)cc2)n(Cc3ccc(OCCN4CC5(C)CC4C(C)(C)C5)cc3)c6ccc(O)cc16,29.181647044753614,231.5003897311672,False,False,False,6.82390874094432,not_flagged
CN(C)CCOc1ccc(cc1)\C(=C(\CCCC#N)/c2ccccc2)\c3ccc(O)cc3,29.13478345803432,33.1776194601116,False,False,False,7.60205999132796,not_flagged
CCCCC12CCC(=O)C(=C1c3ccc4[nH]ncc4c3C2)Br,29.11487324153623,31.815469161765705,False,False,False,5.85078088734462,not_flagged
CCOC(=O)Nc1on[n+](c1)N2CCOCC2,29.113172788039762,216.84765606701856,False,False,False,4.60776149568119,not_flagged
CC[C@@]12CCC(=O)C(=C1c3ccc4[nH]nc(F)c4c3C2)Cl,29.095761824979554,55.837446319665034,False,False,False,7.08618614761628,not_flagged
Oc1ccc2c(c1)sc3c4ccccc4n(Cc5ccc(OCCN6CCCCC6)cc5)c23,29.08801451050316,154.9971534350476,False,False,False,7.4089353929735,not_flagged
Brc1oc(cc1)c2nc3cc(ccc3[nH]2)N4C(=O)c5ccccc5C4=O,29.081350228065215,87.6212056931871,False,False,False,5.04787330735224,not_flagged
Cc1c(O)c(Cl)cc2c3ccc(O)c(Cl)c3OC(=O)c12,29.07689593426637,49.458527422658065,False,False,False,6.28066871301627,not_flagged
CC[C@@]12CCC(=O)C(=C1c3ccc4[nH]ncc4c3C2)Br,29.07453448602977,29.672177416163414,False,False,False,6.60380065290426,not_flagged
CCC12CCC(=O)C(=C1c3ccc4[nH]nnc4c3C2)Br,28.981036230465723,36.6431671281707,False,False,False,5.28650945690606,not_flagged
CCCCC12CCC(=O)C(=C1c3ccc4[nH]nnc4c3C2)Br,28.97586867634612,38.74311914541471,False,False,False,6.85078088734462,not_flagged
CCCC[C@@]12CCC(=O)C(=C1c3ccc4[nH]nnc4c3C2)Br,28.97586867634612,38.74311914541471,False,False,False,5.71987710369769,not_flagged
CN(C)CCOc1ccc(cc1)\C(=C(\CCC#N)/c2ccccc2)\c3ccc(O)cc3,28.961105880087928,33.360443508821916,False,False,False,6.69897000433602,not_flagged
CC(C)CCC[C@@H](C)CCC[C@@H](C)CCC[C@@H]1Cc2cc(O)ccc2[C@H]3CC[C@]4(C)[C@@H](O)CC[C@H]4[C@H]13,28.930032582387053,150.81274033943123,False,False,False,6.71444269099223,not_flagged
CC\C(=C(\c1ccc(\C=C\C(=O)O)cc1)/c2ccc3[nH]ncc3c2)\c4ccc(F)cc4Cl,28.929659012812483,66.37965693676243,False,False,False,8.21467016498923,not_flagged
Oc1ccc(cc1)c2oc3c(CC#N)cc(O)c(Cl)c3c2,28.89055590199974,48.81483243042681,False,False,False,6.20411998265593,not_flagged
OC(=O)CCCCCCC(=O)Nc1ccc(cc1)C2=C(C3CC(C2O3)S(=O)(=O)Oc4cccc5ccccc45)c6ccc(O)cc6,28.884672247750423,108.13095738176469,False,False,False,6.88605664769316,not_flagged
Oc1ccc2c(c1)sc3c4cc(O)ccc4n(Cc5ccc(OCCN6CCOCC6)cc5)c23,28.838732969197675,173.55094110191348,False,False,False,8.0,not_flagged
CC(C)CNc1nc(NCc2ccccc2)cc(\C=C\c3ccccc3)n1,28.816161566659446,84.99970193137588,False,False,False,5.0087739243075,not_flagged
CC(C)CNc1cc(\C=C\c2ccccc2)nc(NCc3ccccc3)n1,28.808912462458395,84.04465111975995,False,False,False,4.92081875395237,not_flagged
Oc1ccc(cc1)c2oc3c(CC#N)cc(O)c(Br)c3c2,28.780101447893248,82.35901872368697,False,False,False,6.67985371388895,not_flagged
OC(=O)CCCCCCC(=O)Nc1ccc(cc1)C2=C(C3CC(C2O3)S(=O)(=O)Oc4ccc5ccccc5c4)c6ccc(O)cc6,28.763432686090848,109.14208097818785,False,False,False,6.03621217265444,not_flagged
Oc1ccc2cc(cc(C#N)c2c1)c3c(F)cc(O)cc3F,28.700977946996126,98.35934322399564,False,False,False,7.34678748622466,not_flagged
Oc1ccc2C3=C(C#N)C(=O)CCC3(Cc2c1)c4ccccc4,28.700770987396407,55.134514819165084,False,False,False,6.05551732784983,not_flagged
CCC12CCC(=O)C(=C1c3ccc4[nH]nc(Cl)c4c3C2)C,28.698417201872303,25.66434202137291,False,False,False,5.61618463401957,not_flagged
CCCCc1cc(NCCC)nc(NCCC)n1,28.639976449811897,82.59547337107372,False,False,False,4.88605664769316,not_flagged
CN(C)S(=O)(=O)N(CC(=O)N(Cc1ccccc1)Cc2ccccc2)c3ccccc3,28.575517236065338,161.79126820382697,False,False,False,4.60361337109283,not_flagged
C[C@H](NC(=O)Cc1c([nH]c2ccccc12)c3ccccc3)c4c(C)c5cc(O)ccc5n4Cc6ccc(OCCN7CCCCC7)cc6,28.50575831775065,105.10702183961666,False,False,False,8.69897000433602,not_flagged
CCOc1ccc2C(=C(C(=O)Oc2c1)c3ccc(OC(F)(F)F)cc3C)Oc4ccc(\C=C\C(=O)O)cc4,28.487655966987894,95.94879474762698,False,False,False,7.30102999566398,not_flagged
Oc1ccc(cc1)[C@H]2[C@@H](C(=O)N2c3ccc(O)cc3)c4ccccc4,28.41635558804922,210.31868143891415,False,False,False,6.63827216398241,not_flagged
CCC(CC)(c1ccc(N)c(C)c1)c2ccc(O)c(C)c2,28.35710773998373,110.47440191630858,False,False,False,7.0087739243075,not_flagged
COc1cc(cc(OC)c1OC)[C@H]2[C@@H](N(C2=O)c3ccc(O)cc3)c4ccc(O)cc4,28.351925347393937,240.1841734667343,False,False,False,5.83268266525182,not_flagged
COc1ccc(cc1OC)C2CC(=NN2S(=O)(=O)C)c3c(O)nc4ccc(Cl)cc4c3c5ccccc5,28.3248521903734,127.63875149687601,False,False,False,4.90520929512123,not_flagged
CC(C)c1ccc(cc1)N2CCc3cc(O)ccc3C2(c4ccc(\C=C\C(=O)O)cc4)C(F)(F)F,28.287044596072967,166.69160005698473,False,False,False,6.85698519974591,not_flagged
CC(C)c1ccc(cc1)N2CCc3cc(O)ccc3[C@]2(c4ccc(\C=C\C(=O)O)cc4)C(F)(F)F,28.287044596072967,166.69160005698473,False,False,False,6.90308998699194,not_flagged
CC(C)c1ccc(cc1)N2CCc3cc(O)ccc3[C@@]2(c4ccc(\C=C\C(=O)O)cc4)C(F)(F)F,28.287044596072963,166.69160005698473,False,False,False,5.94385773794095,not_flagged
OC(=O)CCOc1ccc(cc1)[C@H]2Oc3cc(O)ccc3C4=C2c5ccc(O)cc5OCC4,28.20250732515314,74.6078875880092,False,False,False,6.92081875395237,not_flagged
OC(=O)CCOc1ccc(cc1)[C@@H]2Oc3cc(O)ccc3C4=C2c5ccc(O)cc5OCC4,28.20250732515314,74.6078875880092,False,False,False,6.23657200643706,not_flagged
Oc1ccc2c(c1)sc3c4cc(O)ccc4n(Cc5ccc(OCCN6CCCCC6)cc5)c23,28.184769699331184,163.8618373426149,False,False,False,8.54668165995296,not_flagged
OC(=O)\C=C\c1ccc(Oc2c(sc3cc(O)ccc23)c4ccc(cc4)C(F)(F)F)cc1,28.1693946880174,47.62583672547618,False,False,False,6.02641037657274,not_flagged
CC1CN(CCOc2ccc(cc2)C3Oc4ccc(O)cc4C(=C3c5cccc(O)c5)C)C1,28.091463825851505,212.65386333610383,False,False,False,9.52287874528034,not_flagged
OC(=O)\C=C\c1ccc(Oc2c(sc3cc(O)ccc23)c4ccccc4C(F)(F)F)cc1,28.090863602182488,70.0395304563401,False,False,False,7.63827216398241,not_flagged
CC(C)(C)CN(c1ccccc1)S(=O)(=O)c2ccc(O)cc2,28.090650788219616,116.270435802685,False,False,False,5.86296254521049,not_flagged
Oc1ccc(c(F)c1)c2oc3c(cc(O)cc3n2)C#N,28.067828177880372,83.13070894241955,False,False,False,6.86012091359876,not_flagged
COc1ccc(OS(=O)(=O)C2CC3OC2C(=C3c4ccc(O)cc4)c5ccc(NC(=O)CCCCCCC(=O)O)cc5)cc1,28.067033900320748,91.62997299721302,False,False,False,3.93704216591549,not_flagged
Oc1ccc(cc1)[C@H]2[C@@H](C(=O)N2c3ccc(O)cc3)c4ccc(O)cc4,28.04753152734085,220.47313502259863,False,False,False,5.85387196432176,not_flagged
CCN(CC)CCOc1ccc(Cn2c3ccccc3c4sc5cc(O)ccc5c24)cc1,28.010952045189516,164.18951188303652,False,False,False,7.24108810760203,not_flagged
Oc1ccc(cc1)[C@H]2[C@@H](C(=O)N2c3ccc(O)cc3)c4ccc5ccccc5c4,28.008280215472727,221.54877879449293,False,False,False,6.82390874094432,not_flagged
Cc1cc2c(cc1Br)C(=O)Oc3c(C)c(O)ccc23,27.98201097277386,46.68099720205069,False,False,False,5.16430942850757,not_flagged
OCCCOc1ccc(cc1)C2Oc3cc(O)ccc3C4=C2c5ccc(O)cc5OCC4,27.93736483757687,31.731947445816342,False,False,False,6.48678239993206,not_flagged
COc1ccc(OC)c(c1)N2C(=O)[C@H]3ON=C([C@H]3C2=O)c4ccccc4Cl,27.804131119665406,131.8224850060111,False,False,False,5.00944405224017,not_flagged
CCC[C@]12CC[C@H](O)CC1=CCC3C4CC[C@H](O)[C@@]4(C)CCC23,27.80197264785457,77.35472614406613,False,False,False,5.28777133038046,not_flagged
OCCn1nc(c2ccc(O)cc2)c3cccc(c13)C(F)(F)F,27.76701480752499,106.79477235248376,False,False,False,7.01772876696043,not_flagged
CCN(CC)CCOc1ccc(Cn2c3ccc(O)cc3c4sc5cc(O)ccc5c24)cc1,27.753613130734884,171.76459655274073,False,False,False,7.50584540598156,not_flagged
Oc1ccc(cc1)[C@H]2[C@H](Oc3ccccc3)C(=O)N2c4ccc(O)cc4,27.672612119249965,211.82805506071543,False,False,False,6.85387196432176,not_flagged
CC\C=C/[C@]12CC[C@H](O)CC1=CCC3C4CC[C@H](O)[C@@]4(C)CCC23,27.6595411049191,81.29345031397989,False,False,False,5.51684079028302,not_flagged
C[C@]12CC[C@H]3[C@@H](CC=C4C[C@@H](O)CC[C@]34C)[C@@H]1CC[C@@H]2O,27.64368983552233,73.82257945346062,False,False,False,6.67778070526608,not_flagged
CCn1nnc(NC(=O)CSc2ccc(Cl)cc2)n1,27.59464975164976,148.81411206380346,False,False,False,5.03299663718775,not_flagged
CC1CC(=O)C2=C(C1)OC3=C(C2c4cc5ccccc5n4Cc6ccccc6)C(=O)CCC3(C)C,27.58272213356108,107.1578402040724,False,False,False,3.44880626256421,not_flagged
Oc1ccc(c(O)c1)c2n[nH]c3cc(O)ccc23,27.546629417453257,61.21857658312104,False,False,False,7.31875876262441,not_flagged
O=C(CSc1nnc(SCC(=O)c2occc2)s1)c3occc3,27.51033975172242,139.43059115687333,False,False,False,4.67303691378129,not_flagged
Oc1ccc2C(=O)N(C(=O)c2c1)c3ccc(O)cc3[N+](=O)[O-],27.472437854315253,393.0709299089877,False,False,False,7.67778070526608,not_flagged
C[C@@H](COc1ccc(cc1)C2Oc3ccc(O)cc3C(=C2c4cccc(c4)C#N)C)N5CC[C@@H](C)C5,27.439993793355395,52.94969664014462,False,False,False,9.15490195998574,not_flagged
CC1(N(CCc2cc(O)ccc12)c3ccc(F)cc3)c4ccc(\C=C\C(=O)NCCC(F)(F)F)cc4,27.420870815167383,117.83830997315181,False,False,False,7.33724216831843,not_flagged
CC[C@]12CC[C@H](O)CC1=CCC3C4CC[C@H](O)[C@@]4(C)CCC23,27.369460429721016,76.52409881048202,False,False,False,5.63283051146532,not_flagged
CC[C@]12CC[C@H](O)CC1=CC[C@H]3[C@@H]4CC[C@H](O)[C@@]4(C)CC[C@H]23,27.369460429721016,76.52409881048202,False,False,False,5.63264407897398,not_flagged
CN(C)CCOc1ccc(Cn2c3ccccc3c4sc5cc(O)ccc5c24)cc1,27.368359050146317,166.25808625217635,False,False,False,7.28903688100472,not_flagged
Brc1cnc2cc(nn2c1)C(=O)N3CCN(CC3)C(=O)c4occc4,27.339086410353413,158.40980434297987,False,False,False,4.74690950641093,not_flagged
OC(=O)CCCCCCC(=O)Nc1ccc(cc1)C2=C(C3CC(C2O3)S(=O)(=O)Oc4ccccc4)c5ccc(O)cc5,27.332156958002063,89.56984078790157,False,False,False,5.91721462968355,not_flagged
Oc1ccc(cc1)c2cc(Cl)c3c(Cl)c(O)ccc3c2,27.325779369742808,22.63719420556845,False,False,False,7.36653154442041,not_flagged
COc1cc(cc(OC)c1OC)[C@H]2[C@@H](C(=O)N2c3ccc(O)cc3)c4ccc(O)cc4,27.320563562662507,240.96300763860438,False,False,False,4.74472749489669,not_flagged
Oc1ccc2cc(cc(C#N)c2c1)c3ccc(O)c(F)c3,27.212280894265156,46.512956274168516,False,False,False,6.67778070526608,not_flagged
CN(C)CCOc1ccc(Cn2c3ccc(O)cc3c4sc5cc(O)ccc5c24)cc1,27.170752120719218,175.0997680291681,False,False,False,7.74472749489669,not_flagged
COc1ccc2nc3oc(cc3cc2c1)C(=O)N4CCN(CC4)c5cccc(c5)C(F)(F)F,27.136725512542604,87.69551537306855,False,False,False,4.81120365181192,not_flagged
Cc1cc(O)c(Cl)c2C(=O)Oc3c(Cl)c(O)ccc3c12,27.109321883066418,53.979342893328464,False,False,False,5.59842715432355,not_flagged
COc1ccc(cc1)N2C(=Nc3sc4CN(C)CCc4c3C2=O)SCC(=O)Nc5nccs5,26.948742766994783,168.11136015720265,False,False,False,5.07184748226717,not_flagged
CCC\C(=N\Nc1ccc(Cl)cc1)\c2cnnc(n2)c3ccccc3,26.945008614636496,139.07988859783936,False,False,False,5.41421451710934,not_flagged
C\C=C\[C@]12CC[C@H](O)CC1=CCC3C4CC[C@H](O)[C@@]4(C)CCC23,26.920719618634674,77.08302930701255,False,False,False,5.93404701968613,not_flagged
C\C=C/[C@]12CC[C@H](O)CC1=CCC3C4CC[C@H](O)[C@@]4(C)CCC23,26.920719618634674,77.08302930701255,False,False,False,5.70863114954842,not_flagged
C\C=C/[C@]12CC[C@H](O)CC1=CC[C@H]3[C@@H]4CC[C@H](O)[C@@]4(C)CC[C@H]23,26.920719618634674,77.08302930701255,False,False,False,5.70863114954842,not_flagged
Oc1cc(C#N)c2cc(ccc2c1)c3ccc(O)c(F)c3,26.860256157742825,46.314737846097934,False,False,False,7.01772876696043,not_flagged
COc1c(C)c(Br)c2C(=O)Oc3c(C)c(O)ccc3c2c1C,26.81940147126826,90.10286792815512,False,False,False,6.64781748188864,not_flagged
CCCCCCCCCCCCNCCOc1ccc(cc1)\C(=C(\CC)/c2ccccc2)\c3ccc(O)cc3,26.81258509425713,55.03448509462031,False,False,False,7.85387196432176,not_flagged
Oc1ccc(cc1)c2sc3cc(O)ccc3c2Oc4ccc(\C=C\C(=O)NCCC(F)(F)F)cc4,26.782197095353546,125.34219707151466,False,False,False,8.0,not_flagged
CC1=CC2=CC[C@H]3[C@@H]4CC[C@H](O)[C@@]4(C)CC[C@@H]3[C@@]2(C)CC1,26.758350195185802,99.84726475022508,False,False,False,6.95860731484177,not_flagged
Cc1c(O)cc(C#N)c2cc(ccc12)c3ccc(O)c(F)c3,26.757265663919416,50.6540270294454,False,False,False,6.39147396642281,not_flagged
C[C@@H](COc1ccc(cc1)C2Oc3ccc(O)cc3C(=C2c4ccc(cc4)C#N)C)N5CC[C@@H](C)C5,26.721312355813204,53.72122025587451,False,False,False,8.82390874094432,not_flagged
CC1CC(=O)C2=C(C1)OC3=C(C2c4cc5ccccc5n4Cc6ccccc6)C(=O)CC(C)(C)C3,26.694561656220404,120.97447080162591,False,False,False,4.57446577950174,not_flagged
CC[C@@]12CCC(=O)C(=C1c3ccc4[nH]ncc4c3C2)Cl,26.687125616074667,28.511026975726185,False,False,False,6.32790214206428,not_flagged
Oc1cccc2c(OC(=O)c3ccc(Br)cc3)cccc12,26.664211645904803,102.8936290419695,False,False,False,5.72353819582676,not_flagged
Oc1ccc(c(c1)C#N)c2noc3cc(O)ccc23,26.590494624409512,32.40654030008045,False,False,False,6.57839607313017,not_flagged
Cn1cc(nn1)[C@]2(O)CC[C@H]3[C@@H]4CCc5cc(O)ccc5[C@H]4CC[C@]23C,26.576750647633652,113.63899510333626,False,False,False,6.39794000867204,not_flagged
Oc1ccc(cc1)c2sc3cc(O)ccc3c2C(=O)c4ccc(cc4)N5CCN(CC5)c6ccc(Cl)cc6,26.537766970453717,68.00409208988876,False,False,False,9.65757731917779,not_flagged
C[C@]12CCC3C(CC=C4C[C@@H](O)CC[C@]34CO)C1CC[C@@H]2O,26.504841302148748,81.16899781310372,False,False,False,5.19900813873983,not_flagged
OC(=O)\C=C\c1ccc(CC2=C(C(=O)Oc3ccccc23)c4ccc(OC(F)(F)F)cc4)cc1,26.419115093859023,65.63338582375755,False,False,False,6.44369749923271,not_flagged
Cn1nnnc1\C=C\c2ccc(Oc3c(sc4cc(O)ccc34)c5ccc(O)cc5)cc2,26.38647872961826,95.2352012272382,False,False,False,9.0,not_flagged
Oc1ccc(c(CC#N)c1)c2noc3cc(O)ccc23,26.372235965965206,37.22740447416892,False,False,False,6.1444808443322,not_flagged
Cn1nnc(\C=C\c2ccc(Oc3c(sc4cc(O)ccc34)c5ccc(O)cc5)cc2)n1,26.352937950097726,99.70384759472918,False,False,False,8.52287874528034,not_flagged
Oc1ccc(cc1)c2sc3cc(O)ccc3c2Oc4ccc(\C=C\c5c[nH]cn5)cc4,26.241565989812116,103.46286646990103,False,False,False,7.27572413039921,not_flagged
Cc1ccccc1OS(=O)(=O)C2CC3OC2C(=C3c4ccc(O)cc4)c5ccc(NC(=O)CCCCCCC(=O)O)cc5,26.19822793130944,86.26836800789857,False,False,False,6.33724216831843,not_flagged
COc1ccc2C(=C(C(=O)Oc2c1)c3ccc(OC(F)(F)F)cc3)Cc4ccc(\C=C\C(=O)O)cc4,26.192147440552667,69.48788209965454,False,False,False,5.95860731484177,not_flagged
Cc1nc2cc(nn2c(O)c1Cl)c3ccsc3n4c(C)ccc4C,26.183368451923563,85.22164733760673,False,False,False,4.56118608454367,not_flagged
CCCCCCCCCCCCNCCOc1ccc(cc1)C(=O)c2c(sc3cc(O)ccc23)c4ccc(O)cc4,26.170866059790384,87.94980724044873,False,False,False,8.22914798835786,not_flagged
Oc1ccc(c(Cl)c1)c2ccc3c(Cl)c(O)ccc3c2,26.161693883432537,22.335939737704326,False,False,False,7.44369749923271,not_flagged
CCOC(=O)C1=C(C)S\C(=C/N(C)C)\C1=O,26.13967124428661,184.66853930514606,False,False,False,4.39471650746975,not_flagged
CCCC(CCC)(c1ccc(O)c(C)c1)c2ccc(OCCN)c(C)c2,26.1353214133196,110.7228334504019,False,False,False,7.10790539730952,not_flagged
O=C(COC(=O)CCC(=O)c1cccs1)NCc2occc2,26.12646214952562,109.35430265245144,False,False,False,4.92331915025674,not_flagged
Cc1cc(OC(F)(F)F)ccc1C2=C(Oc3ccc(\C=C\C(=O)O)cc3)c4ccccc4OC2=O,26.110380641993437,72.33944008841152,False,False,False,7.82390874094432,not_flagged
CC[C@@]12CCC(=O)C(=C1c3ccc4[nH]ncc4c3C2=O)Cl,26.077147209746936,57.5587778399,False,False,False,6.85698519974591,not_flagged
Cc1onc(c1C(=O)OCC(=O)NCc2occc2)c3c(F)cccc3Cl,26.017749579016126,88.145628798682,False,False,False,4.41318177057485,not_flagged
COC(=O)COc1ccc(cc1)C2Oc3cc(O)ccc3C4=C2c5ccc(O)cc5OCC4,26.000851188240222,56.28620807784564,False,False,False,8.31875876262441,not_flagged
Cc1nc2sccn2c1c3nc(cs3)c4oc5ccccc5c4,25.996057930262594,130.982462846479,False,False,False,4.9714901547074,not_flagged
CCCCC12CCC(=O)C(=C1c3ccc(O)cc3C2)C(F)(F)F,25.972662834890663,78.84396349529176,False,False,False,6.89279003035213,not_flagged
C[C@@H]1Cc2c([nH]c3ccccc23)[C@H](N1CC(C)(C)F)c4c(F)cc(\C=C\C(=O)O)cc4F,25.9265841443218,155.69420716583187,False,False,False,9.86012091359876,not_flagged
Oc1ccc2nc(cc(C#N)c2c1)c3ccc(O)c(F)c3,25.88320010781459,61.21643107633076,False,False,False,5.98005331832116,not_flagged
COc1ccc2C3=C(N(C(=O)c2c1)c4ccc(OCCN5CCN(C)CC5)cc4)c6ccc(OC)cc6C3=O,25.877629476833366,119.58120397293169,False,False,False,4.63264407897398,not_flagged
COc1ccc2[nH]c3C4=Nc5ccccc5C(=O)N4CCc3c2c1,25.873841051667743,161.82055994929658,False,False,False,4.76488104338268,not_flagged
Oc1ccc2C3=C(CCOc2c1)c4ccc(O)cc4O[C@@H]3c5ccc(OCCN6CCOCC6)cc5,25.84404998307648,31.237848324513646,False,False,False,8.79588001734407,not_flagged
Oc1ccc2C3=C(CCOc2c1)c4ccc(O)cc4O[C@H]3c5ccc(OCCN6CCOCC6)cc5,25.84404998307648,31.237848324513642,False,False,False,8.0,not_flagged
Cc1ccc(OS(=O)(=O)C2CC3OC2C(=C3c4ccc(O)cc4)c5ccc(NC(=O)CCCCCCC(=O)O)cc5)cc1,25.831567678930053,87.9077816253504,False,False,False,5.96657624451305,not_flagged
Cc1c([nH]c2CC(CC(=O)c12)c3occc3)C(=O)OCC4CCCO4,25.784355544256332,86.31563169426107,False,False,False,4.49306305266635,not_flagged
Oc1ccc(cc1)c2oc3c(cc(O)cc3n2)C#N,25.76626259416817,36.04594454943391,False,False,False,6.38615817812393,not_flagged
Cc1cc(OC(F)(F)F)ccc1C2=C(Oc3ccc(\C=C\C(=O)O)cc3)c4ccc(O)cc4OC2=O,25.714992257208205,74.97051058730176,False,False,False,9.30102999566398,not_flagged
COc1cc(O)c(C#N)c2cc(oc12)c3ccc(O)cc3,25.695240261516883,35.512064555726155,False,False,False,5.78251605578609,not_flagged
Oc1ccc(cc1)c2sc3cc(O)ccc3c2C(=O)c4ccc(cc4)N5CCN(CC5)C(=O)c6ccc(Cl)cc6,25.68317532188373,67.04080761832842,False,False,False,9.10790539730952,not_flagged
Cc1ccnc(NS(=O)(=O)c2ccc(NC(=O)Cc3cccs3)cc2)n1,25.5923220293621,77.907913265025,False,False,False,4.91336117135942,not_flagged
Oc1cccc2c(OC(=O)c3ccc(Cl)cc3Cl)cccc12,25.50067797967308,53.131827640509854,False,False,False,5.92081875395237,not_flagged
CCC12CCC(=O)C(=C1c3ccc4[nH]ncc4c3C2=O)Br,25.480441251540096,91.8105506444236,False,False,False,6.45345733652187,not_flagged
C[C@@H](N1C(=O)O[C@@](Cc2ccccc2)(C1=O)c3nc4cc(ccc4[nH]3)c5cccnc5)c6ccc(F)cc6,25.476861355632057,101.68988232648479,False,False,False,5.10237290870956,not_flagged
Fc1ccccc1c2oc3ccc(NC(=O)c4cncc(Br)c4)cc3n2,25.433241123149653,85.4813416817403,False,False,False,4.8094576500544,not_flagged
Oc1ccc(cc1)c2cc(C#N)c3cc(O)ccc3c2,25.40215714515957,24.551833991466946,False,False,False,6.97881070093006,not_flagged
Oc1ccc(c(F)c1)c2cc(C#N)c3cc(O)ccc3c2,25.392518721533452,82.34903996556639,False,False,False,7.58502665202918,not_flagged
O=C(NCc1occc1)c2cc3CSCc3s2,25.383731770763504,102.63309184815839,False,False,False,5.02625348661083,not_flagged
CN(CCCc1ccc(F)cc1)c2nc(NCCc3ccc(O)cc3)nc(n2)N4CCNCC4,25.34989065478823,176.59153010367316,False,False,False,6.61978875828839,not_flagged
COc1ccc2C3=C(N(C(=O)c2c1)c4ccc(OCCCN5CCN(C)CC5)cc4)c6ccc(OC)cc6C3=O,25.278116015666676,121.4022640927733,False,False,False,4.45345733652187,not_flagged
Oc1ccc(cc1)N2C(=O)Nc3cc(O)cc(O)c3C2=O,25.249410418420023,149.37848133159915,False,False,False,4.15318678603921,not_flagged
CCCCCCCCCCNCCOc1ccc(cc1C)C(CCC)(CCC)c2ccc(O)c(C)c2,25.218302079223918,73.16454791066587,False,False,False,7.34678748622466,not_flagged
Clc1ccc(Nc2nc(cs2)c3ccncc3)cc1,25.18380572125559,70.67877823770225,False,False,False,4.74028693342951,not_flagged
Fc1cccc(c1)C(=O)N2CCN(CC2)C(=O)c3cc4ncc(Br)cn4n3,25.141983217761293,146.03261267878776,False,False,False,4.47673516487617,not_flagged
C[C@@H](N1C(=O)O[C@@](Cc2ccccc2)(C1=O)c3nc4cc(Cl)ccc4[nH]3)c5ccc(F)cc5,25.130639362082327,91.68669048059249,False,False,False,5.48148606012211,not_flagged
Oc1ccc(cc1)c2oc3c(cc(O)cc3c2)C#N,25.10318650195248,33.98072716619483,False,False,False,7.33724216831843,not_flagged
CC1CC2=C(S1)C(=O)N(CCc3ccccc3)C(=N2)SCC(=O)Nc4nnc(C)s4,25.101369722481962,159.6817374435209,False,False,False,4.75587435189118,not_flagged
OCCOc1ccc(cc1)C2Oc3cc(O)ccc3C4=C2c5ccc(O)cc5OCC4,25.077605541052996,51.93365999647778,False,False,False,6.50863830616573,not_flagged
Oc1ccc(cc1)c2sc3cc(O)ccc3c2C(=O)c4ccc(cc4)N5CCN(CC5)C(=O)c6cccc(Cl)c6,25.072152187646353,66.22020924346758,False,False,False,9.33724216831843,not_flagged
Oc1ccc(cc1)c2ccc3cc(O)cc(C#N)c3c2,24.951417796244932,24.78809592345806,False,False,False,7.07572071393812,not_flagged
Oc1ccc(cc1)c2oc3c(CC#N)cc(O)cc3c2,24.946925687166644,41.924939364717815,False,False,False,5.93854752091281,not_flagged
Oc1ccc(cc1Cl)c2ccc3c(Cl)c(O)ccc3c2,24.932075831923967,29.17255112011475,False,False,False,6.44855000202712,not_flagged
CC(C)CCc1cc(NCc2ccccc2)nc(NCC(C)C)n1,24.931964883093745,58.04294239338388,False,False,False,5.23657200643706,not_flagged
CO\C=C/[C@]12CC[C@H](O)CC1=CCC3C4CC[C@H](O)[C@@]4(C)CCC23,24.924482279254917,87.83591974824046,False,False,False,5.47508485246013,not_flagged
CC(C)CCc1cc(NCC(C)C)nc(NCc2ccccc2)n1,24.919811237059616,59.23044071246885,False,False,False,5.74472749489669,not_flagged
CCN(c1ccccc1Br)S(=O)(=O)c2ccc(O)cc2,24.912296027159986,65.0450444765093,False,False,False,7.04575749056067,not_flagged
CC1(N(CCc2cc(O)ccc12)c3ccc(cc3)C(F)(F)F)c4ccc(\C=C\C(=O)O)cc4,24.8757991716266,33.30426794195718,False,False,False,6.92445303860747,not_flagged
Oc1ccc2C(N(CCc2c1)C(=O)C(F)(F)F)c3ccc(OCCN4CCCC4)cc3,24.773859271154837,102.60700061185112,False,False,False,7.54211810326601,not_flagged
CC(C)n1nc(c2ccc(O)cc2)c3cccc(c13)C(F)(F)F,24.67826573648902,65.64821585724353,False,False,False,8.52287874528034,not_flagged
Oc1ccc(cc1)c2nn(Cc3ccccc3)c4c(cccc24)C(F)(F)F,24.63663980205919,58.88853897092444,False,False,False,6.70774392864352,not_flagged
Cc1nnc(NC(=O)Cc2cccs2)s1,24.620312162731672,77.0945731284005,False,False,False,4.72027443927624,not_flagged
COc1ccc(OCCC(=O)OCC(=O)NCc2occc2)cc1,24.613406682233332,90.42335845401806,False,False,False,4.47734323592094,not_flagged
CC(C)n1nc(c2ccc(O)cc2C)c3cccc(c13)C(F)(F)F,24.590421398550593,72.0425388397262,False,False,False,7.69897000433602,not_flagged
Cc1ccc(cc1)S(=O)(=O)Cc2oc(cc2)C(=O)N3CCC4(CC3)OCCO4,24.566421568166817,98.36489808370504,False,False,False,4.36647387798186,not_flagged
Oc1ccc(cc1)c2ccc3c(C#N)c(O)ccc3c2,24.55910049661465,23.891375673591106,False,False,False,5.85325198636936,not_flagged
CC(C)CNc1cc(CCc2ccccc2)nc(NCC(C)C)n1,24.55345440410278,57.00774411811258,False,False,False,5.67778070526608,not_flagged
CCCCN(O)C(=O)c1cccc(NC(=O)CCCCCS[C@@H]2Cc3cc(O)ccc3[C@H]4CC[C@]5(C)[C@@H](O)CC[C@H]5[C@H]24)c1,24.538032604527285,122.45287847338068,False,False,False,7.30102999566398,not_flagged
CC1Cc2ccccc2N1C(=O)CSc3nnc(NC(=O)Cc4cccs4)s3,24.5286800568176,88.21300145306517,False,False,False,4.46845083512027,not_flagged
Cc1c(c2ccc(OC(F)(F)F)cc2)n(Cc3ccc(OCCN4CCCCC4)cc3)c5ccc(O)cc15,24.506667292537394,79.69789970761128,False,False,False,7.30102999566398,not_flagged
CC(C)N(CCOc1ccc(cc1)[C@H]2Oc3cc(O)ccc3C4=C2c5ccc(O)cc5OCC4)C(C)C,24.50275609990301,65.68869495353253,False,False,False,8.26760624017703,not_flagged
CC(C)N(CCOc1ccc(cc1)[C@@H]2Oc3cc(O)ccc3C4=C2c5ccc(O)cc5OCC4)C(C)C,24.50275609990301,65.68869495353253,False,False,False,8.2518119729938,not_flagged
CC1=Nc2ccccc2C(=O)N1\N=C\c3c(O)ccc4oc5CCCCc5c34,24.461360629787276,161.63732182516748,False,False,False,4.53512893585102,not_flagged
CCCN(c1ccccc1Br)S(=O)(=O)c2ccc(O)c(C)c2,24.44999147960149,62.101401436872834,False,False,False,7.39794000867204,not_flagged
CC1(C)CCC(=O)C2=C1OC3=C(C2c4cc5ccccc5n4Cc6ccccc6)C(=O)CCC3,24.405648975773914,108.20964719342301,False,False,False,4.25963731050576,not_flagged
Oc1ccc(cc1)c2cc(C#N)c3cc(O)ccc3n2,24.385982199140983,34.73961883527848,False,False,False,6.34198860334289,not_flagged
Oc1ccc(cc1)C2=C([C@H]3O[C@@H]2C[C@@H]3S(=O)(=O)Oc4ccccc4)c5ccc(O)cc5,24.341812989308142,47.86118815974001,False,False,False,7.85387196432176,not_flagged
Oc1ccc(cc1)C2=C([C@H]3O[C@H]2C[C@@H]3S(=O)(=O)Oc4ccccc4)c5ccc(O)cc5,24.341812989308142,47.86118815974,False,False,False,7.88605664769316,not_flagged
CC(C)CN1[C@H](C)Cc2c([nH]c3ccccc23)[C@H]1c4c(F)cc(\C=C\C(=O)O)cc4F,24.300785361207907,151.4408043005198,False,False,False,9.3799681048737,not_flagged
CC1=C2c3ccc4[nH]ncc4c3CC2(Cc5ccc6ccccc6c5)CCC1=O,24.300109696669452,35.62024771059209,False,False,False,5.25963731050576,not_flagged
CC(C)CNc1nc(CCc2ccccc2)cc(n1)N(C)CC(C)C,24.274616275808462,65.93072583819449,False,False,False,5.25963731050576,not_flagged
CCCC[C@@]12CCC(=O)C(=C1c3ccc4[nH]nnc4c3C2)c5cccs5,24.274580245756315,47.34592013153193,False,False,False,7.46852108295774,not_flagged
CC\C(=C(/c1ccccc1)\c2ccc(OCCN(C)Cc3ccc(NC(=O)CCCCCCC(=O)NO)cc3)cc2)\c4ccccc4,24.272909196662784,129.17562126690333,False,False,False,6.89619627904404,not_flagged
Oc1ccc(cc1)c2sc3cc(O)ccc3c2C(=O)c4ccc(cc4)N5CCN(CC5)C(=O)c6ccccc6Cl,24.2695143705429,65.50978675546527,False,False,False,8.76447155309245,not_flagged
Oc1ccc2C(N(CCc2c1)C(=O)C(F)(F)F)c3ccccc3,24.24193305099189,92.36138557247504,False,False,False,6.62893213772826,not_flagged
CC1C[C@H](C)C2(CC[C@H]3[C@@H]4CCc5cc(O)ccc5[C@H]4CC[C@]23C)O1,24.231661476286735,139.443828672459,False,False,False,6.31515463835559,not_flagged
CC(C)(C)c1ccccc1c2sc3cc(O)ccc3c2Oc4ccc(\C=C\C(=O)O)cc4,24.16537268914796,89.38543597619403,False,False,False,7.44369749923271,not_flagged
CC(C)(C)c1ccc(cc1)N2CCc3cc(O)ccc3C2(C)c4ccc(\C=C\C(=O)O)cc4,24.027167917720437,83.48341513160639,False,False,False,6.51999305704285,not_flagged
CCCN(c1ccccc1Br)S(=O)(=O)c2ccc(O)cc2,24.019444263804992,67.64470245650352,False,False,False,7.58502665202918,not_flagged
COc1ccc2C3=C([C@@H](Oc2c1)c4ccc(OCCN5CCCCC5)cc4)c6ccc(O)cc6OCC3,23.971767287943255,32.38415315166526,False,False,False,8.20065945054642,not_flagged
COc1ccc2C3=C([C@H](Oc2c1)c4ccc(OCCN5CCCCC5)cc4)c6ccc(O)cc6OCC3,23.971767287943255,32.38415315166526,False,False,False,8.04575749056067,not_flagged
CCCC[C@@]12CCC(=O)C(=C1c3ccc4[nH]nc(F)c4c3C2)CC,23.969975665598593,56.24382075516735,False,False,False,7.63827216398241,not_flagged
COc1ccccc1C(=O)Nc2nc(c(NC(=O)C)s2)c3cccs3,23.96538677807765,103.53655499576482,False,False,False,4.72083447185916,not_flagged
CC(F)(F)c1cc(F)ccc1c2sc3cc(O)ccc3c2Oc4ccc(\C=C\C(=O)O)cc4,23.94115402302722,74.88761341603151,False,False,False,8.22184874961636,not_flagged
COc1ccccc1\C=C\2/Sc3nc(nn3C2=O)c4occc4,23.91394888694863,103.5971000290899,False,False,False,4.75681357203525,not_flagged
COCCOC(=O)c1[nH]c2CC(CC(=O)c2c1C)c3occc3,23.907627079774517,82.68694092971543,False,False,False,4.70969019995492,not_flagged
CC1(N(CCc2cc(O)ccc12)c3ccc(F)cc3)c4ccc(\C=C\c5cnc[nH]5)cc4,23.905888029228922,93.07145081086648,False,False,False,7.25963731050576,not_flagged
CC(C)CCc1cc(NCc2cccc3ccccc23)nc(NCC(C)C)n1,23.874995933967686,73.64807881581953,False,False,False,5.17392519729917,not_flagged
CC1(C)CC(=O)C2=C(C1)OC3=C(C2c4cc5ccccc5n4Cc6ccccc6)C(=O)CCC3,23.84318464386051,119.34760751919163,False,False,False,4.73494621149599,not_flagged
CCc1c(O)ccc2c1OC(=O)c3cc(Br)ccc23,23.828031819375962,56.38095142452363,False,False,False,5.26280735729526,not_flagged
CC(C)CCc1cc(NCC(C)C)nc(NCc2cccc3ccccc23)n1,23.81936061801785,74.57812155126733,False,False,False,5.38721614328026,not_flagged
COc1ccc2C3=C(CCOc2c1)c4ccc(O)cc4O[C@H]3c5ccc(OCCN6CCCCC6)cc5,23.807056893224228,33.75607464334982,False,False,False,8.3767507096021,not_flagged
COc1ccc2C3=C(CCOc2c1)c4ccc(O)cc4O[C@@H]3c5ccc(OCCN6CCCCC6)cc5,23.80705689322422,33.75607464334983,False,False,False,8.23657200643706,not_flagged
COC(=O)C(C)N1C(=O)S\C(=C\c2ccc(O)c(Cl)c2)\C1=O,23.803212195814158,130.3731237057022,False,False,False,5.6345120151091,not_flagged
COc1ccc2C3=C(N(C(=O)c2c1)c4ccc(OCCN5CCCC5)cc4)c6ccc(OC)cc6C3=O,23.7480042873587,96.44166191669191,False,False,False,4.75202673363819,not_flagged
C[C@H](CCc1ccc(O)cc1)NC(=O)Cc2c([nH]c3c(OCCCCCN4CCCCC4)cccc23)c5ccccc5,23.739757670122923,59.795806426217645,False,False,False,7.88605664769316,not_flagged
Clc1ccc2cc3cc(oc3nc2c1)C(=O)NCc4occc4,23.667432120944195,72.31782027258598,False,False,False,4.7519308068645,not_flagged
OC(=O)\C=C\c1ccc(CC2=C(C(=O)Oc3cc(O)ccc23)c4ccc(OC(F)(F)F)cc4)cc1,23.65824492137366,75.56025495443065,False,False,False,8.79588001734407,not_flagged
CC(C)CNc1nc(CCc2cccc3ccccc23)cc(n1)N(C)CC(C)C,23.578689386738336,82.64461927167574,False,False,False,5.35654732351381,not_flagged
CCCCCCCCCc1ccc(O)cc1,23.56612577948749,59.34908732908494,False,False,False,6.42365864979421,not_flagged
O=C(COC(=O)CCOc1ccccc1)NCc2occc2,23.546162735579824,87.18230863476421,False,False,False,4.77949311975971,not_flagged
CC(C)CNc1cc(CCc2cccc3ccccc23)nc(NCC(C)C)n1,23.53809609169068,72.69747513093108,False,False,False,5.67778070526608,not_flagged
Oc1ccc2C3=C(CCOc2c1)c4ccc(O)cc4O[C@@H]3c5ccc(OCCCN6CCCCC6)cc5,23.531921978291145,23.88247379075766,False,False,False,7.65757731917779,not_flagged
Oc1ccc2C3=C(CCOc2c1)c4ccc(O)cc4O[C@H]3c5ccc(OCCCN6CCCCC6)cc5,23.531921978291145,23.88247379075766,False,False,False,7.25963731050576,not_flagged
O=C(NCc1occc1)C2=Cc3ccccc3C(=O)O2,23.526315280884866,75.4843551644138,False,False,False,4.52031832445487,not_flagged
Oc1ccc(cc1)C2CN(Cc3cc(O)ccc23)C(=O)C(F)(F)F,23.50314019447082,120.84185840123877,False,False,False,6.911155437273,not_flagged
Oc1ccc2C3=C(CCOc2c1)c4ccc(O)cc4O[C@H]3c5ccc(OCCN6CCSCC6)cc5,23.483711932929644,34.235993065869614,False,False,False,6.95467702121334,not_flagged
Oc1ccc2C3=C(CCOc2c1)c4ccc(O)cc4O[C@@H]3c5ccc(OCCN6CCSCC6)cc5,23.483711932929637,34.23599306586961,False,False,False,8.92081875395237,not_flagged
Oc1ccc(nc1)N2C=Nc3cc(O)cc(O)c3C2=O,23.478496005856677,81.71706990735316,False,False,False,4.0088537000083,not_flagged
OC(=O)\C=C\c1ccc(CC2=C(C(=O)Oc3cc(O)ccc23)c4cccc(OC(F)(F)F)c4)cc1,23.437621430639858,75.71511280990619,False,False,False,8.22914798835786,not_flagged
CCCCN(O)C(=O)CCCCCCCCCC[C@@H]1Cc2cc(O)ccc2[C@H]3CC[C@]4(C)[C@@H](O)CC[C@H]4[C@H]13,23.40975357717968,125.51671745717647,False,False,False,5.59345981956604,not_flagged
COc1ccc2C3=C(N(C(=O)c2c1)c4ccc(OCCCN5CCCC5)cc4)c6ccc(OC)cc6C3=O,23.404538786093102,103.43974656749603,False,False,False,4.39469495385889,not_flagged
Cc1ccc(NS(=O)(=O)c2cccc(c2)C(=O)OCC(=O)NCc3occc3)cc1,23.38803119546463,96.92586354713968,False,False,False,4.51418335141008,not_flagged
Cc1cc2C(=C(C(=O)Oc2cc1O)c3ccc(OC(F)(F)F)cc3)Cc4ccc(\C=C\C(=O)O)cc4,23.376898497139393,69.87322912857778,False,False,False,8.0,not_flagged
CCOC(=O)c1c(COC)n(C)c2C(=O)C(=O)c3ccc(Br)cc3c12,23.367628764444547,99.27378898195008,False,False,False,5.0520396600903,not_flagged
O=C1CCC2=C1C(C3=C(CCC3=O)O2)c4cc5ccccc5n4Cc6ccccc6,23.363761220636174,131.61215281861212,False,False,False,4.29081487044975,not_flagged
Cc1cc(OC(F)(F)F)ccc1C2=C(Cc3ccc(\C=C\C(=O)O)cc3)c4ccc(O)cc4OC2=O,23.354343013296422,72.47111127966744,False,False,False,9.0,not_flagged
c1ccc(cc1)c2[nH]c3ccccc3c2c4ccccc4,23.33737585477501,98.97756950969689,False,False,False,5.15801519540989,not_flagged
Cc1c(O)ccc2C(=C(C(=O)Oc12)c3ccc(OC(F)(F)F)cc3)Cc4ccc(\C=C\C(=O)O)cc4,23.31399366069667,69.17970851647765,False,False,False,6.55284196865778,not_flagged
CC1(N(CCc2cc(O)ccc12)c3ccc(CC(F)(F)F)cc3)c4ccc(\C=C\C(=O)O)cc4,23.279614207887413,52.169381192134544,False,False,False,7.56863623584101,not_flagged
O=C1CCC2(Cc3ccccc3)Cc4c(ccc5[nH]ncc45)C2=C1c6ccc(OCCN7CCCCC7)cc6,23.279504334939414,59.229429077631636,False,False,False,6.20760831050175,not_flagged
C[C@H](CCc1ccc(O)cc1)NC(=O)Cc2c([nH]c3ccc(OCCCCCN4CCCCC4)cc23)c5ccccc5,23.278202815069747,67.29073098349068,False,False,False,8.18045606445813,not_flagged
Oc1cc(O)c2C(=O)c3oc4c(Br)cc(O)cc4c3Oc2c1,23.264416272439988,135.47272771828926,False,False,False,5.89962945488244,not_flagged
Oc1ccc2C3=C(CCOc2c1)c4ccc(O)cc4O[C@@H]3c5ccc(OCCCN6C(=O)CCC6=O)cc5,23.259684420789927,49.403025654907154,False,False,False,8.58004425151024,not_flagged
Oc1ccc2C3=C(CCOc2c1)c4ccc(O)cc4O[C@H]3c5ccc(OCCCN6C(=O)CCC6=O)cc5,23.259684420789927,49.403025654907154,False,False,False,7.38753403604686,not_flagged
C(c1ccccc1)n2c(cc3ccccc23)c4nc5ccccc5[nH]4,23.22848229279997,90.85602709458115,False,False,False,6.58643202872671,not_flagged
O=C1Oc2ccccc2N1CCn3c4ccccc4c5nc6ccccc6nc35,23.20384262804866,111.06741430642194,False,False,False,4.74611486666982,not_flagged
CCCN(c1c(C)cccc1Cl)S(=O)(=O)c2ccc(O)c(C)c2,23.202806776002536,52.534844183189605,False,False,False,7.58502665202918,not_flagged
CCCCC12CCC(=O)C(=C1c3ccc4[nH]nnc4c3C2)CCC,23.195418555734676,30.75897212703204,False,False,False,5.90343756162586,not_flagged
Oc1ccc(cc1)[C@H]2N(CCc3cc(O)ccc23)C(=O)C(F)(F)F,23.168872980618897,116.91731360120414,False,False,False,7.27083521030723,not_flagged
CCCC12CCC(=O)C(=C1c3ccc4[nH]nnc4c3C2)CC,23.146893625233076,40.538260617853034,False,False,False,6.21324857785444,not_flagged
Cc1cc(Br)c2c(c1)C(=O)Oc3c(C)c(O)ccc23,23.13065910743414,39.40602401139698,False,False,False,5.50584540598156,not_flagged
CCCC12CCC(=O)C(=C1c3ccc4[nH]nnc4c3C2)C,23.11338271812144,38.80220971075259,False,False,False,5.20950372303289,not_flagged
Oc1ccc2C3=C(CCOc2c1)c4ccc(O)cc4O[C@H]3c5ccc(OCCN6CCCCC6)cc5,23.04547342551196,21.521464501577057,False,False,False,8.46852108295774,not_flagged
Oc1ccc2C3=C(CCOc2c1)c4ccc(O)cc4O[C@@H]3c5ccc(OCCN6CCCCC6)cc5,23.045473425511954,21.52146450157706,False,False,False,8.95860731484177,not_flagged
Oc1ccc2C3=C(CCOc2c1)c4ccc(O)cc4OC3c5ccc(OCCN6CCCCC6)cc5,23.045473425511947,21.52146450157706,False,False,False,7.88605664769316,not_flagged
Cc1c(c2ccc(cc2)C(F)(F)F)n(Cc3ccc(OCCN4CCCCC4)cc3)c5ccc(O)cc15,23.035115674719282,55.7552067763256,False,False,False,6.76955107862173,not_flagged
COc1ccc(cc1)C2C=C(Nc3nc(NC(=O)C)nn23)c4ccc(Cl)cc4,23.01909799595955,118.49527788094817,False,False,False,4.65986376825642,not_flagged
COc1ccc2C3=C(N(C(=O)c2c1)c4ccc(OCCCN5CCCCC5)cc4)c6ccc(OC)cc6C3=O,22.992587204646465,110.29008930709415,False,False,False,4.41680122603138,not_flagged
CCCC[C@@]12CCC(=O)C(=C1c3ccc4[nH]nnc4c3C2)CC,22.980650832638187,27.36668910166423,False,False,False,6.65757731917779,not_flagged
CCCC[C@]12CCC(=O)C(=C1c3ccc4[nH]nnc4c3C2)CC,22.980650832638187,27.36668910166423,False,False,False,5.32303218570524,not_flagged
Oc1ccc(cc1)c2noc(c2c3ccccc3)C(F)(F)F,22.959522742353332,86.40391642036529,False,False,False,8.07058107428571,not_flagged
CCCC1=C2c3ccc4[nH]nnc4c3CC2(CCC)CCC1=O,22.954930671489855,27.239347520970306,False,False,False,6.46344155742847,not_flagged
O=C(COC(=O)c1cccc(c1)S(=O)(=O)N2CCc3ccccc3C2)NCc4occc4,22.925327030062522,108.80333491095223,False,False,False,4.60273436596132,not_flagged
Cc1cccc(C)c1C(=O)c2sc3cc(O)ccc3c2Oc4ccc(\C=C\C(=O)O)cc4,22.912779327657837,29.442408158292572,False,False,False,8.3767507096021,not_flagged
CCCC1=C2c3ccc4[nH]nnc4c3CC2(CC)CCC1=O,22.888821936785117,24.664431310750498,False,False,False,6.45345733652187,not_flagged
Oc1ccc(cc1)C(=C(CC(F)(F)F)c2ccccc2)c3ccc(O)cc3,22.884939335165754,137.45901842704683,False,False,False,8.04575749056067,not_flagged
Cc1c(\C=N\O)c2ccccc2n1c3ccc(O)c(F)c3,22.843064327258148,120.14125438413066,False,False,False,6.52578373592374,not_flagged
COC(=O)c1oc(CSc2nc(C)nc3sc(C)c(C)c23)cc1,22.826717368744823,87.70169660038081,False,False,False,4.31072915440875,not_flagged
CCC12CCC(=O)C(=C1c3ccc4[nH]nnc4c3C2)C,22.826583548976796,25.44952975091156,False,False,False,5.72124639904717,not_flagged
CCCCC1=C2c3ccc4[nH]nnc4c3CC2(CC)CCC1=O,22.82653364933787,27.4792491380636,False,False,False,5.94807608395389,not_flagged
O=C(Nc1cccc(c1)C(=O)Nc2cccc(c2)c3cnc4ccccc4n3)c5occc5,22.799745665150514,92.33321640647495,False,False,False,4.88167474812818,not_flagged
CCCCN(C)C(=O)CCCCCCCCCCS[C@@H]1[C@H](O)c2cc(O)ccc2[C@H]3CC[C@]4(C)[C@@H](O)CC[C@H]4[C@H]13,22.796629252889495,132.55573578967577,False,False,False,7.49485002168009,not_flagged
Cc1cc(Cl)ccc1C2=C(Cc3ccc(\C=C\C(=O)O)cc3)c4ccc(O)cc4OC2=O,22.793311526584148,41.307336570909754,False,False,False,8.82390874094432,not_flagged
OC(=O)\C=C\c1ccc(cc1)C2N(CCc3cc(O)ccc23)c4ccc(OC(F)(F)F)cc4,22.76455097207338,57.40264728376574,False,False,False,7.45593195564972,not_flagged
CCCCC12CCC(=O)C(=C1c3ccc4[nH]nnc4c3C2)C,22.75916956631171,24.58311303612252,False,False,False,5.2231535913047,not_flagged
CC(C)CCc1cc(NCc2ccccc2)nc(NCc3ccccc3)n1,22.750581778291476,57.49157466113156,False,False,False,5.08092190762393,not_flagged
Oc1ccc2C3=C(CCOc2c1)c4ccc(O)cc4O[C@@H]3c5cccc(OCCN6CCCCC6)c5,22.66891490326309,25.83245138864018,False,False,False,6.82390874094432,not_flagged
Oc1ccc2C3=C(CCOc2c1)c4ccc(O)cc4O[C@H]3c5cccc(OCCN6CCCCC6)c5,22.668914903263087,25.832451388640177,False,False,False,6.72124639904717,not_flagged
Cc1ccccc1Nc2nnc(SCC(=O)NC(=O)NCc3occc3)s2,22.66872116042267,96.10523298118879,False,False,False,4.76232835483134,not_flagged
CCC1=C2c3ccc4[nH]nnc4c3C[C@]2(CC)CCC1=O,22.659955780583747,25.23918302545094,False,False,False,6.1890957193313,not_flagged
CCC1=C2c3ccc4[nH]nnc4c3CC2(CC)CCC1=O,22.659955780583747,25.23918302545094,False,False,False,5.87876854485038,not_flagged
CS(=O)(=O)N(CC(=O)NCc1occc1)c2ccc3OCOc3c2,22.65134037317432,101.36142431841897,False,False,False,4.39664914291357,not_flagged
O=C1CCC2(Cc3ccccc3)Cc4c(ccc5[nH]ncc45)C2=C1,22.620417622335587,39.55317018420125,False,False,False,5.4089353929735,not_flagged
Cc1ccc(C(=O)c2sc3cc(O)ccc3c2Oc4ccc(\C=C\C(=O)O)cc4)c(C)c1,22.594273064239808,29.568192800053154,False,False,False,8.34678748622466,not_flagged
CCCN(CCC)S(=O)(=O)c1ccc(NC(=O)Cc2cccs2)cc1,22.56851072065775,54.7414863462421,False,False,False,4.77837323158492,not_flagged
Oc1cc(O)c2C(=O)N(C=Nc2c1)c3ccc(O)c(F)c3,22.566267605617615,108.13599565214939,False,False,False,4.3548234418212,not_flagged
Oc1ccc(cc1)S(=O)(=O)N(c2ccccc2)c3ccccc3,22.56439979788921,56.51018508839424,False,False,False,6.38721614328026,not_flagged
C\C=C\COC(=O)c1[nH]c2CC(CC(=O)c2c1C)c3occc3,22.561676340452134,97.60732239002928,False,False,False,4.60771943050859,not_flagged
CCCCCCCCCCNCCOc1ccc(cc1)C(=O)c2c(sc3cc(O)ccc23)c4ccc(O)cc4,22.55655693323225,77.94475811635839,False,False,False,7.39794000867204,not_flagged
CN(C)CCOc1ccc(cc1)[C@H]2Oc3cc(O)ccc3C4=C2c5ccc(O)cc5OCC4,22.547673357337935,34.20893492384012,False,False,False,8.48148606012211,not_flagged
CN(C)CCOc1ccc(cc1)[C@@H]2Oc3cc(O)ccc3C4=C2c5ccc(O)cc5OCC4,22.54767335733792,34.20893492384012,False,False,False,7.95860731484177,not_flagged
COc1ccc(OC)c(NC(=O)c2cc([nH]n2)c3ccc(C)cc3O)c1,22.547130849436826,133.35474028678186,False,False,False,4.65525198639263,not_flagged
Cc1cc(C)c2nc([nH]c2c1)c3cc4ccccc4n3Cc5ccccc5,22.541184687409988,80.20685219254574,False,False,False,7.47977856411804,not_flagged
Oc1ccc2c(c3ccccc3)c4cc5ccccc5cc4nc2c1,22.525915374229747,89.07641798995235,False,False,False,6.53165266958784,not_flagged
Oc1ccc2C3=C(CCOc2c1)c4ccc(O)cc4O[C@@H]3c5ccc(OCCN6C(=O)CCC6=O)cc5,22.51623994392123,49.13419216220899,False,False,False,8.31875876262441,not_flagged
Oc1ccc2C3=C(CCOc2c1)c4ccc(O)cc4O[C@H]3c5ccc(OCCN6C(=O)CCC6=O)cc5,22.51623994392123,49.13419216220899,False,False,False,8.20760831050175,not_flagged
CNCCCCCCCCCCCCn1c(c(C)c2cc(O)ccc12)c3ccc(O)cc3,22.503341257339667,71.01991769258817,False,False,False,6.42021640338319,not_flagged
CCCCN(C)C(=O)CCCCCCCCCCS[C@@H]1Cc2cc(O)ccc2[C@H]3CC[C@]4(C)[C@@H](O)CC[C@H]4[C@H]13,22.495137479460915,124.38514939187372,False,False,False,8.04575749056067,not_flagged
CNc1nnc(s1)C2=Cc3cc(Cl)ccc3OC2=O,22.474613412216023,89.95021020260151,False,False,False,4.95633009106842,not_flagged
CCCCCCCCc1ccc(O)cc1,22.462596438725974,54.71529265058894,False,False,False,4.55792806339697,not_flagged
OCCN1CCc2c([nH]c3ccccc23)C1c4ccc(Cl)cc4,22.441581084425007,86.35389592203592,False,False,False,5.92999909619765,not_flagged
O=C(Nc1ccc(cc1)n2nncc2c3occc3)C4=Cc5ccccc5OC4=O,22.4096904208915,79.25368239364238,False,False,False,4.39168817134633,not_flagged
CC(C)CNc1cc(CCc2ccccc2)nc(NCc3ccccc3)n1,22.400645318935094,54.58608828597258,False,False,False,5.34678748622466,not_flagged
CC(C)CNc1nc(CCc2ccccc2)cc(NCc3ccccc3)n1,22.379075577383478,53.882785903748896,False,False,False,5.72124639904717,not_flagged
Oc1cccc2c(c3ccccc3)c4cc5ccccc5cc4nc12,22.355690695535674,81.34186787018689,False,False,False,5.96537154337468,not_flagged
Oc1ccc(cc1)C2=COc3cc(O)cc(O)c3C2=S,22.325556929070668,176.76639112719428,False,False,False,4.25272028744559,not_flagged
Cc1cc(c2nn3c(nnc3s2)c4ccccc4)c5ccccc5n1,22.316516427426293,150.96770983810092,False,False,False,4.6664985176495,not_flagged
CCCCCCCCCCNCCOc1ccc(cc1)\C(=C(\CC)/c2ccccc2)\c3ccc(O)cc3,22.315362051152096,45.452145606496586,False,False,False,8.44369749923271,not_flagged
Oc1ccc2cc3nc4ccccc4c(c5ccccc5)c3cc2c1,22.3070769249366,79.46236027038354,False,False,False,6.77211329538633,not_flagged
Oc1ccc(N2C=Nc3cc(O)cc(O)c3C2=O)c(F)c1,22.300125207974506,103.86469322874879,False,False,False,5.12580819532093,not_flagged
CCCN(c1ccccc1Cl)S(=O)(=O)c2ccc(O)cc2,22.275479813976368,53.01416821044552,False,False,False,7.3767507096021,not_flagged
Cc1cccc(N2CCN(CC2)c3nc4ccccc4n5cnnc35)c1C,22.27358543800142,145.7956162722224,False,False,False,4.41132131181919,not_flagged
Oc1cc(O)c2C(=O)N(C=Nc2c1)c3ccc(O)nc3,22.258073645675818,78.76579900482356,False,False,False,4.17483362774345,not_flagged
Cc1cc(F)cc(C)c1C(=O)c2sc3cc(O)ccc3c2Oc4ccc(\C=C\C(=O)O)cc4,22.25459617203002,46.09096630334618,False,False,False,8.50863830616573,not_flagged
CCCN(c1ccccc1Cl)S(=O)(=O)c2ccc(O)c(C)c2,22.250510020549697,48.704377702688305,False,False,False,7.29242982390206,not_flagged
CC1(C)Oc2cc(O)cc(O)c2N=C1c3ccc(O)c(Br)c3,22.242942242824704,131.99162689907158,False,False,False,5.22184874961636,not_flagged
Cc1cccc2[nH]c(nc12)c3cc4ccccc4n3Cc5ccccc5,22.219294801353143,82.42588731671921,False,False,False,6.41187401639687,not_flagged
CC\C(=C(/c1ccc(O)cc1)\c2ccc(OCCNCCCCCCCCCCO)cc2)\c3ccccc3,22.200778516885997,50.12075125305817,False,False,False,6.67778070526608,not_flagged
C[C@@H]1Cc2c([nH]c3ccc(O)cc23)[C@H](N1CCO)c4ccc(Cl)cc4,22.126798781784174,71.69151602464902,False,False,False,7.36001575195841,not_flagged
COC[C@@]1(CC[C@H]2[C@@H]3CCC4=CC(=O)CCC4=C3[C@H](C[C@]12C)c5ccc(\C=N\O)cc5)OC,22.117539383207536,195.54858395507722,False,False,False,5.72124639904717,not_flagged
CN1CCN(CCOc2ccc(cc2)[C@H]3Oc4cc(O)ccc4C5=C3c6ccc(O)cc6OCC5)CC1,22.10926792597725,47.849138558158685,False,False,False,8.06048074738138,not_flagged
CN1CCN(CCOc2ccc(cc2)[C@@H]3Oc4cc(O)ccc4C5=C3c6ccc(O)cc6OCC5)CC1,22.109267925977246,47.84913855815869,False,False,False,6.50584540598156,not_flagged
CCCN(c1c(C)cccc1Cl)S(=O)(=O)c2ccc(O)cc2,22.10172275297141,51.636409962906114,False,False,False,7.61978875828839,not_flagged
COc1cc(NC(=O)COc2ccc(cc2)n3cnnn3)c(OC)cc1Cl,22.10031260957659,141.44466796837236,False,False,False,5.08048103479045,not_flagged
COc1cc(NC(=O)c2cccs2)c(cc1OC)C(=O)OCC(=O)NCc3occc3,22.09463478316124,129.48836981990723,False,False,False,4.83054776528276,not_flagged
CCCCN(C)C(=O)CCCCCCCCCCS[C@H]1[C@@H]2[C@H](CC[C@]3(C)[C@@H](O)CC[C@@H]23)c4ccc(O)cc4C1=O,22.092781076883423,133.16210653564514,False,False,False,7.48148606012211,not_flagged
Oc1cc(Br)c2oc(cc2c1)c3ccc(O)c(F)c3,22.000781634412476,65.54164462934004,False,False,False,7.92081875395237,not_flagged
Oc1ccc2C3=C(CCOc2c1)c4ccccc4O[C@@H]3c5ccc(OCCN6CCCCC6)cc5,21.96036880725385,27.8304360678094,False,False,False,8.23657200643706,not_flagged
Oc1ccc2C3=C(CCOc2c1)c4ccccc4O[C@H]3c5ccc(OCCN6CCCCC6)cc5,21.960368807253843,27.8304360678094,False,False,False,8.3767507096021,not_flagged
CCC12CCC(=O)C(=C1c3ccc4[nH]ncc4c3C2=O)C,21.934922381771425,52.02463512226586,False,False,False,6.20481541031758,not_flagged
O\N=C\c1cn(c2ccc(O)cc2)c3ccccc13,21.910153794122238,66.86613041788522,False,False,False,5.72010501998836,not_flagged
CCCCCCCCOC(=O)c1cc(O)c(O)c(O)c1,21.890868219322886,140.15256720662248,False,False,False,5.0584885673656,not_flagged
Cc1ccc(cc1)C(=O)C2=C(O)C(=O)N(C2c3ccc(Br)cc3)c4ccc(O)cc4,21.882722346417943,116.17042182283936,False,False,False,5.21253952548158,not_flagged
CCOC(=O)C1=C(O)\C(=C/c2oc(CNC(=O)C(=O)Nc3ccc(C)c(C)c3)cc2)\N=C1C,21.845194464230104,150.882096997874,False,False,False,4.39242274813291,not_flagged
Oc1ccc2C3=C([C@@H](Oc2c1)c4ccc(OCCN5CCCCC5)cc4)c6ccccc6OCC3,21.83614961842085,28.942404635590776,False,False,False,8.20065945054642,not_flagged
Oc1ccc2C3=C([C@H](Oc2c1)c4ccc(OCCN5CCCCC5)cc4)c6ccccc6OCC3,21.83614961842085,28.942404635590776,False,False,False,7.0,not_flagged
CC\C(=C(/c1ccccc1)\c2ccc(OCCN(C)Cc3ccc(cc3)c4cn(CCCCCC(=O)NO)nn4)cc2)\c5ccccc5,21.810999022235446,177.8607803812826,False,False,False,6.60554831917378,not_flagged
CC1CC(=O)C2=C(C1)OC3=C(C2c4cc5ccccc5n4Cc6ccccc6)C(=O)CC(C)C3,21.79913461891502,114.97756687551612,False,False,False,3.31668273807812,not_flagged
CCOC(=O)C1=C(O)\C(=C/c2oc(CNC(=O)C(=O)Nc3ccccc3)cc2)\N=C1C,21.786519023565305,141.366537826347,False,False,False,5.2419113230389,not_flagged
CC1=C2c3ccc4[nH]nnc4c3CC2(Cc5ccccc5)CCC1=O,21.74671667012582,30.89215318515612,False,False,False,5.92081875395237,not_flagged
Oc1ccc2C3=C(CCOc2c1)c4ccc(O)cc4O[C@@H]3c5ccc(OCCN6CCCC6)cc5,21.7287793584586,30.357269391302417,False,False,False,8.92081875395237,not_flagged
Oc1ccc2C3=C(CCOc2c1)c4ccc(O)cc4O[C@H]3c5ccc(OCCN6CCCC6)cc5,21.7287793584586,30.357269391302417,False,False,False,8.60205999132796,not_flagged
CCCCC12CCC(=O)C(=C1c3ccc4[nH]nnc4c3C2)c5occc5,21.69659866937934,53.81326015944404,False,False,False,5.95116991347165,not_flagged
Oc1cc(O)c2C(=O)N(C=Nc2c1)c3ccc(O)c(Cl)c3,21.688746290154192,69.28602621076986,False,False,False,4.25951888270466,not_flagged
CCN(CC)CCOc1ccc(cc1)N2C(=O)c3cc(OC)ccc3C4=C2c5ccc(OC)cc5C4=O,21.63422587587374,101.25932738518514,False,False,False,4.7281583934635,not_flagged
COc1cc(O)c(\C=C/C(C)(C)O)c(O)c1C(=O)\C=C\c2ccc(O)cc2,21.627589881566664,144.94013510456875,False,False,False,4.09691001300806,not_flagged
OC(=O)\C=C\c1ccc(CC2=C(C(=O)Oc3cc(O)ccc23)c4ccc(Cl)cc4)cc1,21.61859958581696,45.436603453693564,False,False,False,8.431798275933,not_flagged
CCC12CCC(=O)C(=C1c3ccc4[nH]nnc4c3C2)c5ccc(O)cc5,21.59658324358097,53.920171823103274,False,False,False,7.09151498112135,not_flagged
C[C@@H](N1C(=O)O[C@@](Cc2ccccc2)(C1=O)c3nc4cc(ccc4[nH]3)N5CCOCC5)c6ccc(F)cc6,21.58884180704501,85.3623031949517,False,False,False,5.21467016498923,not_flagged
CCCC[C@@]12CCC(=O)C(=C1c3ccc4[nH]ncc4c3C2)CC,21.554521318450973,22.96178470676595,False,False,False,7.03151705144607,not_flagged
CCCNC(=O)c1ccc(s1)c2nc3ccccc3s2,21.52929373650036,63.501122847657676,False,False,False,4.51863850471161,not_flagged
C[C@H](CCc1ccc(O)cc1)NC(=O)Cc2c(c3ccccc3)n(Cc4ccc(OCCCCN5CCCCC5)cc4)c6ccccc26,21.510558221851714,71.06708518916102,False,False,False,8.30980391997149,not_flagged
Oc1ccc2c(CCN(c3ccccc3Cl)S2(=O)=O)c1,21.485754180370556,53.16713802199931,False,False,False,6.04963514562388,not_flagged
CC\C=C\c1cc2c(cc1Br)C(=O)Oc3c(C)c(O)ccc23,21.474187519732457,64.41226980391002,False,False,False,5.96257350205938,not_flagged
COC(=O)C1=C(O)\C(=C/c2oc(CNC(=O)C(=O)Nc3ccc(C)c(C)c3)cc2)\N=C1C,21.44211235239174,149.47682079813603,False,False,False,4.70769141763853,not_flagged
CCCC12CCC(=O)C(=C1c3ccc4[nH]ncc4c3C2)C,21.440420523295458,34.40808046363244,False,False,False,6.01055018233331,not_flagged
CC1=C2c3ccc4[nH]ncc4c3CC2(C)CCC1=O,21.431394134191223,24.79267849659675,False,False,False,5.35556141053216,not_flagged
Oc1ccc(cc1)S(=O)(=O)N(Cc2ccccc2)c3ccccc3,21.42045062998573,52.65754469502727,False,False,False,6.30102999566398,not_flagged
C[C@@H]1Cc2cc(O)ccc2[C@H](N1c3ccc(OC(F)(F)F)cc3)c4ccc(\C=C\C(=O)O)cc4,21.398038896766664,54.139195414464055,False,False,False,8.21467016498923,not_flagged
COc1ccccc1NC(=O)c2ccccc2NC(=O)c3cc(Cl)ccc3NC(=O)c4occc4,21.382830295872438,157.30544054615297,False,False,False,4.90268055349511,not_flagged
COc1cccc2OC(c3ccccc3)c4c(Br)c(NS(=O)(=O)C)ccc4c12,21.333203055778206,160.82240268552124,False,False,False,5.64187471472335,not_flagged
C[C@]12CC[C@H]3[C@@H](CCc4cc(O)ccc34)[C@@H]1CC[C@@]2(O)c5ccc6COCc6c5,21.317892915693694,113.83516059048483,False,False,False,7.12901118623942,not_flagged
O=C(Cc1cn2ccsc2n1)OCc3nc4ccccc4s3,21.293736646824854,124.12767757900536,False,False,False,5.15644271271841,not_flagged
C[C@@H]1Cc2c([nH]c3ccccc23)[C@H](N1CCO)c4ccc(Cl)cc4,21.26494830083777,83.32969055450747,False,False,False,7.07001940948449,not_flagged
Oc1ccc(N2C=Nc3cc(O)cc(O)c3C2=O)c(Cl)c1,21.253917537955477,73.40716049895745,False,False,False,5.20432849405398,not_flagged
O=C(CSC1=Nc2scc(c3occc3)c2C(=O)N1c4ccccc4)NCC5CCCO5,21.245619046442933,134.55683687997214,False,False,False,4.52099856208925,not_flagged
OC(=O)\C=C\c1ccc(CC2=C(C(=O)Oc3cc(O)ccc23)c4ccc(cc4)C(F)(F)F)cc1,21.219142273730334,63.863270636031324,False,False,False,8.33724216831843,not_flagged
COCCCNC(=O)c1ccc2C(=O)N(Cc3ccc4OCOc4c3)C(=S)Nc2c1,21.209343750972444,145.69758853882297,False,False,False,4.37669694313743,not_flagged
CCCCC12CCC(=O)C(=C1c3ccc4[nH]ncc4c3C2)C,21.19580228488845,20.273492061787767,False,False,False,5.97881070093006,not_flagged
Oc1cc(Br)c2oc(nc2c1)c3ccc(O)c(F)c3,21.1723553959152,73.5428874454026,False,False,False,6.58502665202918,not_flagged
Oc1ccc(cc1F)c2oc3cc(Br)c(O)cc3n2,21.168571423073995,69.8882097291446,False,False,False,5.91721462968355,not_flagged
Cc1ccccc1C(=O)c2sc3cc(O)ccc3c2Oc4ccc(\C=C\C(=O)O)cc4,21.11598506627953,29.037577524393495,False,False,False,7.77728352885242,not_flagged
C[C@H](CCc1ccc(O)cc1)NC(=O)Cc2c([nH]c3c(OCCCCN4CCCCC4)cccc23)c5ccccc5,21.114274989335318,56.80732353395236,False,False,False,7.63827216398241,not_flagged
CC[C@@]12CCC(=O)C(=C1c3ccc4[nH]ncc4c3C2)C,21.085731112942426,20.3373128905037,False,False,False,5.86646109162978,not_flagged
OC(=O)CCN1CCc2c([nH]c3ccccc23)C1c4ccc(Cl)cc4,21.0836581019044,113.7294819242162,False,False,False,5.43000026779606,not_flagged
Oc1ccc(CCC(=O)c2c(O)cc(O)cc2O)cc1,21.07846830247452,153.14893297078555,False,False,False,6.52287874528034,not_flagged
COc1ccc(C)cc1n2nnnc2SCC(=O)NC(=O)NCc3occc3,21.069846365274056,151.20979608137588,False,False,False,5.02329108533107,not_flagged
CCC1=C2c3ccc4[nH]ncc4c3CC2(CC)CCC1=O,21.062652574792907,20.045768600541134,False,False,False,6.65169513695184,not_flagged
C[C@]12CC[C@H]3[C@@H]([C@@H](Cc4cc(O)ccc34)Sc5ccc(\C=C\C(=O)O)cc5)[C@@H]1CC[C@@H]2O,21.039807477945786,81.08602163379152,False,False,False,7.33724216831843,not_flagged
CCCCCCCCNCCOc1ccc(cc1C)C(CCC)(CCC)c2ccc(O)c(C)c2,21.018954228514556,63.40808532060185,False,False,False,8.61978875828839,not_flagged
C[C@@H](CN1[C@H](C)Cc2c([nH]c3ccccc23)[C@H]1c4ccc(Cl)cc4)C(=O)O,20.974743832302245,106.4715770551303,False,False,False,7.51999305704285,not_flagged
CC[C@@]12CCC(=O)C(=C1c3ccc4[nH]ncc4c3C2)c5ccccc5,20.96475158543962,20.557538275103806,False,False,False,7.33724216831843,not_flagged
C[C@H](CCc1ccc(O)cc1)NC(=O)Cc2c([nH]c3cc(OCCCCN4CCCCC4)ccc23)c5ccccc5,20.9122854702707,62.0072852203594,False,False,False,7.99567862621736,not_flagged
CC1=C2c3ccc4[nH]nnc4c3CC2(Cc5ccc(F)cc5)CCC1=O,20.902564780530245,47.06612079358827,False,False,False,6.46852108295774,not_flagged
Oc1ccc(cc1)C2CN(Cc3cc(O)ccc23)S(=O)(=O)c4cccc5ccccc45,20.787619651008008,80.48238208630863,False,False,False,7.55284196865778,not_flagged
CC1=C2c3ccc4[nH]ncc4c3CC2(Cc5ccccc5)CCC1=O,20.771301217768166,22.244897004945674,False,False,False,6.79588001734407,not_flagged
CCCCN(C)C(=O)CCCCCCCCCC[C@@H]1Cc2cc(O)ccc2[C@H]3CC[C@]4(C)[C@@H](O)CC[C@H]4[C@H]13,20.752695422196766,107.8326458174798,False,False,False,6.46852108295774,not_flagged
COc1ccc2C3=C(N(C(=O)c2c1)c4ccc(OCCN(C)C)cc4)c5ccc(OC)cc5C3=O,20.749553400029477,102.51484215576713,False,False,False,4.61261017366127,not_flagged
O=C(Cc1cccs1)Nc2nnc(COc3ccccc3)s2,20.743089745922866,86.84823727678769,False,False,False,4.4288713911395,not_flagged
CCC(CC)(c1cc(C)c(O)c(C)c1)c2cc(C)c(O)c(C)c2,20.725861149628802,78.49161382337627,False,False,False,7.13076828026902,not_flagged
COc1cccc(c1)c2nnc(NC(=O)Cc3cccs3)s2,20.658561126491612,76.30511114438967,False,False,False,4.71946169218663,not_flagged
CN(C)CCOc1ccc(cc1)[C@@H]2Oc3ccccc3C4=C2c5ccc(O)cc5OCC4,20.64251134357639,40.92036334037914,False,False,False,7.88605664769316,not_flagged
CN(C)CCOc1ccc(cc1)[C@H]2Oc3ccccc3C4=C2c5ccc(O)cc5OCC4,20.64251134357639,40.92036334037914,False,False,False,7.79588001734407,not_flagged
COc1ccc(cc1)N2Cc3cccc(C(=O)N4CCN(CC4)C(=O)c5occc5)c3C2=O,20.600991374973493,97.79678762057148,False,False,False,5.00898624870819,not_flagged
COc1ccc(cc1)c2oc(nn2)C3=Cc4c(OC3=O)ccc5ccccc45,20.58851288340752,73.23621617182968,False,False,False,4.69811875336692,not_flagged
Cc1nn(c2ccccc2)c3sc(cc13)C(=O)OCN4C(=O)c5ccccc5C4=O,20.580439177600503,118.59937558257674,False,False,False,5.01085287001103,not_flagged
CN1CCN(CCOc2ccc(cc2)N3C(=O)c4cc(O)ccc4C5=C3c6ccc(O)cc6C5=O)CC1,20.57217151320697,133.22999716287,False,False,False,4.97469413473523,not_flagged
OC(=O)\C=C\c1ccc(Oc2c(sc3cc(O)ccc23)c4ccc(O)cc4)cn1,20.541910807129447,43.981702727925494,False,False,False,5.11069829749369,not_flagged
COc1cc(Oc2c(sc3cc(O)ccc23)c4ccc(O)cc4)ccc1\C=C\C(=O)O,20.494716189874218,42.58897564482017,False,False,False,5.29929628285498,not_flagged
Cc1onc(NC(=O)CSc2cn(CCNC(=O)c3ccc(Cl)cc3)c4ccccc24)c1,20.453026159399446,96.8487762351016,False,False,False,4.60434185229877,not_flagged
Cc1cc(ccc1O)c2sc3cc(O)ccc3c2Oc4ccc(\C=C\C(=O)O)cc4,20.417241921670943,27.292656973951654,False,False,False,6.48545224733971,not_flagged
Oc1ccc2nc(cc(Br)c2c1)c3cc(F)c(O)c(F)c3,20.377585385516355,106.55911499893003,False,False,False,6.10623823794206,not_flagged
CN(C)CCOc1ccc(cc1)[C@@H]2Oc3cc(O)ccc3C4=C2c5ccccc5OCC4,20.369198669510958,42.78771715174761,False,False,False,7.95467702121334,not_flagged
CN(C)CCOc1ccc(cc1)[C@H]2Oc3cc(O)ccc3C4=C2c5ccccc5OCC4,20.369198669510958,42.7877171517476,False,False,False,6.74472749489669,not_flagged
C[C@@H]1Cc2c([nH]c3ccccc23)[C@H](N1CCC(=O)O)c4ccc(Cl)cc4,20.366500467822583,108.59328909641792,False,False,False,6.10999838681536,not_flagged
CCCC[C@@]12CCC(=O)C(=C1c3ccc4[nH]ncc4c3C2)C(=O)OC,20.3647333250504,38.95153652810793,False,False,False,5.68193666503724,not_flagged
Cc1cc(F)ccc1C(=O)c2sc3cc(O)ccc3c2Oc4ccc(\C=C\C(=O)O)cc4,20.35177161946043,43.320669305614075,False,False,False,8.05551732784983,not_flagged
O=C(COC(=O)c1ccccc1Oc2ccccc2)NCc3occc3,20.320758146376804,71.43186980052494,False,False,False,4.74679530864056,not_flagged
CC(F)(F)c1ccccc1c2sc3cc(O)ccc3c2Oc4ccc(\C=C\C(=O)O)cc4,20.31778641010406,66.99948935185722,False,False,False,7.95860731484177,not_flagged
COc1ccc2C3=C(N(C(=O)c2c1)c4ccc(OCCCN(C)C)cc4)c5ccc(OC)cc5C3=O,20.297352870643376,105.34750043968465,False,False,False,4.40450377817443,not_flagged
Oc1ccc(cc1)c2cc(Br)c3cc(O)ccc3n2,20.283796823354564,33.28272844203292,False,False,False,6.67366413907125,not_flagged
Cc1cc(\C=C\C(=O)O)ccc1Oc2c(sc3cc(O)ccc23)c4ccc(O)cc4,20.28345840986196,28.021015612954862,False,False,False,5.98716277529483,not_flagged
C[C@H](CCc1ccc(O)cc1)NC(=O)Cc2c(c3ccccc3)n(Cc4ccc(OCCCN5CCCCC5)cc4)c6ccccc26,20.264284809799484,70.68482534957492,False,False,False,8.10790539730952,not_flagged
CCOC(=O)c1[nH]c2CC(CC(=O)c2c1C)c3occc3,20.26027366732218,69.47828906643892,False,False,False,4.51859635941899,not_flagged
CCCCCCCCCC(=O)Oc1ccc(cc1)\C(=C(\C)/c2ccccc2)\c3ccc(OCCN4CCCCC4)cc3,20.23501008262543,80.51083812988198,False,False,False,7.09151498112135,not_flagged
CCN(CC)CCOc1ccc(cc1)[C@@H]2Oc3ccccc3C4=C2c5ccc(O)cc5OCC4,20.221835357189804,40.59053333948974,False,False,False,8.04575749056067,not_flagged
CCN(CC)CCOc1ccc(cc1)[C@H]2Oc3ccccc3C4=C2c5ccc(O)cc5OCC4,20.2218353571898,40.59053333948974,False,False,False,8.30102999566398,not_flagged
Oc1ccc2c3C(=O)c4c(O)cc(O)cc4Oc3oc2c1,20.2087441070425,91.58312350918283,False,False,False,7.55284196865778,not_flagged
CCOC(=O)C1CCCN(C1)C(=O)c2cc3ncc(Br)cn3n2,20.20526900757236,131.16129297153057,False,False,False,4.68442783539546,not_flagged
CCC1Oc2cc(O)cc(O)c2N=C1c3ccc(O)c(Br)c3,20.180699955935985,104.39410449262917,False,False,False,5.27572413039921,not_flagged
O=Cc1cn(nc1C2=Cc3c(OC2=O)ccc4ccccc34)c5ccccc5,20.165183134478312,113.5984363325106,False,False,False,4.70727000864908,not_flagged
Cc1cc(C)nc(n1)N2CCN(CC2)c3ccc(cc3)C(=O)c4c(sc5cc(O)ccc45)c6ccc(O)cc6,20.162118623421257,91.11944164022594,False,False,False,8.67366413907125,not_flagged
COC(=O)c1ccc2C(=O)N(CC3CCCO3)C(=Nc2c1)SCC(=O)Nc4ccccc4Cl,20.14504939422925,116.14292837494268,False,False,False,4.67891300015487,not_flagged
Cc1sc2ncnc(SCC(=O)NC(=O)NCc3occc3)c2c1C,20.134136383512953,99.8863245764617,False,False,False,4.93909299337807,not_flagged
CC1=C2c3ccc4[nH]ncc4c3CC2(Cc5ccccc5F)CCC1=O,20.12952805700691,59.202125925001035,False,False,False,5.46852108295774,not_flagged
Cc1cc(Oc2c(sc3cc(O)ccc23)c4ccc(O)cc4)ccc1\C=C\C(=O)O,20.129290868399153,27.92336858641776,False,False,False,5.89619627904404,not_flagged
CC(C)c1ccccc1c2sc3cc(O)ccc3c2Oc4ccc(\C=C\C(=O)O)cc4,20.116587361668728,33.520508396418485,False,False,False,8.22184874961636,not_flagged
CCOC(=O)c1c(C)oc2c3ccccc3c(O)c(\C=N\C4CCS(=O)(=O)C4)c12,20.11464437840367,152.01684849482234,False,False,False,4.79556798031009,not_flagged
CC(=CCc1c(O)c2C(=O)C(=COc2c3CC(Oc13)C(C)(C)O)c4ccc(O)c(O)c4)C,20.112279471699807,111.31216490306595,False,False,False,4.88605664769316,not_flagged
CCN(c1ccc(O)cc1)S(=O)(=O)c2ccc(O)cc2,20.096553518494314,66.22913297475137,False,False,False,6.5654310959658,not_flagged
C[C@H](CCc1ccc(O)cc1)NC(=O)Cc2c([nH]c3c(OCCCN4CCCCC4)cccc23)c5ccccc5,20.064757730417366,56.369379560782484,False,False,False,7.16115090926274,not_flagged
Fc1ccc(cc1)c2nnc(c3ccccc23)n4nnc5ccccc45,20.060463449198583,132.14718022478053,False,False,False,4.58028342701928,not_flagged
C[C@H](CCc1ccc(O)cc1)NC(=O)Cc2c([nH]c3ccc(OCCCCN4CCCCC4)cc23)c5ccccc5,20.04902299937926,61.969723165652226,False,False,False,7.50863830616573,not_flagged
COc1cc(O)c(Br)c2cc(oc12)c3ccc(O)c(F)c3,20.04391854805658,95.65583262197937,False,False,False,6.47495519296315,not_flagged
OC1=C(\C=N\c2cc(Cl)ccc2O)C(=O)CC(C1)c3occc3,20.02345535829899,98.82619878650678,False,False,False,4.35846045279168,not_flagged
CC1CC(=O)C2=C(C1)OC3=C(C2c4cc5ccccc5n4Cc6ccccc6)C(=O)CCC3,20.0147040262823,107.88637609681354,False,False,False,4.78120200188826,not_flagged
Cc1c(\C=N\O)c2ccccc2n1c3ccc(O)cc3,20.00606675444954,64.51789971583734,False,False,False,6.56863623584101,not_flagged
COc1cc(O)c(Br)c2nc(oc12)c3ccc(O)c(F)c3,19.995003954838563,119.4432398113908,False,False,False,5.57381417475549,not_flagged
CCOCCCNC(=O)c1cnc2ccc(cc2c1O)S(=O)(=O)Nc3cccc(OC)c3,19.97834767101558,119.18504131493562,False,False,False,4.45354383389407,not_flagged
Cc1c(c2ccc(Cl)cc2)n(Cc3ccc(OCCN4CCCCC4)cc3)c5ccc(O)cc15,19.959631190829622,30.67270104809044,False,False,False,6.95860731484177,not_flagged
O=C(Nc1ccc2oc(nc2c1)c3ccc4ccccc4c3)c5cccs5,19.925180375338375,55.70849421436308,False,False,False,4.55695961615859,not_flagged
C[C@]12CC[C@H]3[C@@H](CCc4cc(O)c(Cl)cc34)[C@@H]1CCCC2=O,19.909954304720326,67.46477510550895,False,False,False,6.11350927482752,not_flagged
Clc1cc2C(=O)c3ccccc3C(=O)c2cc1NC(=O)COC(=O)CC4CCCC4,19.871932480253477,93.16139762674968,False,False,False,4.65260284501831,not_flagged
Oc1ccc(cc1)c2sc3cc(O)ccc3c2C(=O)c4ccc(cc4)N5CCN(CC5)C(=O)c6ccccc6O,19.86108101616006,70.04859891629289,False,False,False,8.51570016065321,not_flagged
C[C@H](CCc1ccc(O)cc1)NC(=O)Cc2c([nH]c3ccc(OCCCN4CCCCC4)cc23)c5ccccc5,19.857209102554854,61.611730272842,False,False,False,7.39794000867204,not_flagged
CCN(c1ccccc1)S(=O)(=O)c2ccc(O)cc2,19.829177042921398,46.67399761474505,False,False,False,6.39361863488939,not_flagged
OC(=O)\C=C\c1ccc(Oc2c(sc3cc(O)ccc23)c4ccc(O)cc4)cc1,19.828409004921216,31.154540805987807,False,False,False,6.12609840213554,not_flagged
COc1ccc(Cl)cc1NC(=O)c2ocnc2C,19.793242592339013,59.05341541989479,False,False,False,4.60293293137304,not_flagged
CCN(CC)CCOc1ccc(cc1)[C@H]2Oc3cc(F)ccc3C4=C2c5ccc(O)cc5OCC4,19.773047768006588,60.27903916779006,False,False,False,8.30102999566398,not_flagged
CCN(CC)CCOc1ccc(cc1)[C@@H]2Oc3cc(F)ccc3C4=C2c5ccc(O)cc5OCC4,19.773047768006588,60.27903916779006,False,False,False,8.15490195998574,not_flagged
CCCCOC(=O)c1cc(O)c(O)c(O)c1,19.767138985809368,128.39568242439583,False,False,False,5.04720755695591,not_flagged
CC#Cc1cc(cc2ccc(O)cc12)c3ccc(O)c(F)c3,19.764564920500664,339.9305338915367,False,False,False,6.46470587995723,not_flagged
Cn1cnc(\C=C\c2ccc(Oc3c(sc4cc(O)ccc34)c5ccc(O)cc5)cc2)c1,19.755611910834297,65.18148005458767,False,False,False,6.90308998699194,not_flagged
OC(=O)c1cc(nc2ccc(Br)cc12)c3occc3,19.749744323487533,81.5041749114161,False,False,False,4.3220298881035,not_flagged
C[C@H](CCc1ccc(O)cc1)NC(=O)Cc2c([nH]c3cc(OCCCN4CCCCC4)ccc23)c5ccccc5,19.72917465407378,64.19017405135875,False,False,False,7.88605664769316,not_flagged
COc1cc2C(=O)Oc3c(C)c(O)ccc3c2cc1Br,19.693754498242537,41.23595146315904,False,False,False,5.0,not_flagged
CC(CCc1ccccc1)NC(=O)Cc2c([nH]c3ccccc23)c4ccccc4,19.689950526115812,62.613382056061475,False,False,False,7.95860731484177,not_flagged
Cn1nnnc1\C=C\c2ccc(cc2)C3(C)N(CCc4cc(O)ccc34)c5ccc(F)cc5,19.680808442846335,121.1137334984571,False,False,False,5.85108900689064,not_flagged
CCCCCCCCCC(=O)Oc1ccc(cc1)\C(=C(\C)/c2ccccc2)\c3ccc(OCCN(C)C)cc3,19.674318782685702,70.50142942516847,False,False,False,7.49620931694282,not_flagged
CC1=C2c3ccc4[nH]ncc4c3CC2(Cc5cccc(F)c5)CCC1=O,19.66308342239052,48.42833926395765,False,False,False,6.35654732351381,not_flagged
Oc1ccc(\C=N\c2ccc(cc2)N3CCOCC3)c(O)c1,19.644719446770306,70.4561782366096,False,False,False,4.51733804364467,not_flagged
Cc1ccccc1c2sc3cc(O)ccc3c2Oc4ccc(\C=C\C(=O)O)cc4,19.60564327285604,26.259630133553543,False,False,False,7.05060999335509,not_flagged
CC#Cc1cc(O)cc2ccc(cc12)c3ccc(O)c(F)c3,19.548772110670303,337.2666290326289,False,False,False,6.74472749489669,not_flagged
CC(C)CN1[C@H](C)Cc2c([nH]c3ccccc23)[C@H]1c4ccc(\C=C\C(=O)O)cc4,19.546132429410978,96.87913800061128,False,False,False,8.68006156001969,not_flagged
CC1=C2c3ccc4[nH]ncc4c3CC2(Cc5ccc(F)cc5)CCC1=O,19.546128193720502,38.73464077209471,False,False,False,7.08618614761628,not_flagged
Oc1ccc2c3Oc4cc(O)cc(O)c4C(=O)c3oc2c1,19.528595098234966,74.96871911700674,False,False,False,7.16749108729376,not_flagged
CCCCCCCCNCCOc1ccc(cc1)C(=O)c2c(sc3cc(O)ccc23)c4ccc(O)cc4,19.50146167968335,72.52966323319498,False,False,False,7.30980391997149,not_flagged
CC[C@@]12CC[C@@](O)(C[C@H]1CCc3cc(O)ccc23)C#CC,19.478093823431877,348.02622362953065,False,False,False,7.05060999335509,not_flagged
CC1CC2=C(S1)C(=O)N(CCc3ccccc3)C(=N2)SCC(=O)Nc4cc(C)on4,19.47647129431306,164.09468698629735,False,False,False,4.47420056548306,not_flagged
CC(C)N(c1ccccc1)S(=O)(=O)c2ccc(O)cc2,19.455804150069373,49.026659027454684,False,False,False,6.05998184499234,not_flagged
C[C@@H]1Cc2c([nH]c3ccccc23)[C@H](N1CC(C)(C)F)c4ccc(\C=C\C(=O)O)cc4,19.419986496801986,97.41714421549248,False,False,False,9.07001940948449,not_flagged
COc1ccc2c(c1)C(=O)Oc3cc4oc(C)c(C)c4cc23,19.402334474823515,63.2670185790103,False,False,False,5.16088600749357,not_flagged
CCCCCCCCCC(=O)Oc1ccc(cc1)\C(=C(\C)/c2ccccc2)\c3ccc(OCCN4CCCC4)cc3,19.38641233951406,78.58835772120955,False,False,False,7.31515463835559,not_flagged
CC(C)CN1[C@@H](c2ccc(O)cc2CC1(C)C)c3c(F)cc(\C=C\C(=O)O)cc3F,19.38431034840231,126.46122411495259,False,False,False,8.79588001734407,not_flagged
C[C@@H]1Cc2cc(O)ccc2[C@H](N1CC(C)(C)F)c3c(F)cc(\C=C\C(=O)O)cc3F,19.376728080468393,133.7557050573899,False,False,False,9.60205999132796,not_flagged
COCc1ccccc1c2sc3cc(O)ccc3c2Oc4ccc(\C=C\C(=O)O)cc4,19.366683529922387,31.9050773334192,False,False,False,6.9100948885606,not_flagged
Cn1nnc(\C=C\c2ccc(cc2)C3(C)N(CCc4cc(O)ccc34)c5ccc(F)cc5)n1,19.35178445361755,117.69098846295827,False,False,False,6.94692155651658,not_flagged
CCCN(c1c(C)cccc1C)S(=O)(=O)c2ccc(O)c(C)c2,19.304457737590948,56.54048916410374,False,False,False,7.85387196432176,not_flagged
CCCN(c1ccccc1)S(=O)(=O)c2ccc(O)cc2,19.27713782856931,48.87842815417389,False,False,False,6.5185573714977,not_flagged
Cc1ccccc1C(=O)N2CCN(CC2)c3ccc(cc3)C(=O)c4c(sc5cc(O)ccc45)c6ccc(O)cc6,19.247265027412794,63.32438285697481,False,False,False,8.40450377817443,not_flagged
Oc1ccc(cc1)N2C=Nc3cc(O)cc(O)c3C2=O,19.219570380848157,67.28516150805477,False,False,False,4.95479441396494,not_flagged
Oc1ccc2C(=C(Cc3ccccc3)C(=O)Oc2c1)C(F)(F)F,19.201453724078288,129.85780473158115,False,False,False,6.0,not_flagged
Oc1ccc2oc3C(=O)c4c(O)cc(O)cc4Oc3c2c1,19.170151654293626,80.94408417698298,False,False,False,5.53003079050004,not_flagged
OC(=O)\C=C\c1ccc(Oc2c(sc3cc(O)ccc23)c4ccccc4)cc1,19.15274720866568,30.348368957958535,False,False,False,5.63714069704132,not_flagged
CC(C)OC(=O)C1=CN(CC(C)(C)c2c1[nH]c3ccccc23)C(=O)c4ccc(F)c(F)c4,19.150641506016413,164.88571775456174,False,False,False,5.0,not_flagged
Cc1ccc(cc1)C(=O)N2CCN(CC2)c3ccc(cc3)C(=O)c4c(sc5cc(O)ccc45)c6ccc(O)cc6,19.14715237038421,62.44796385918203,False,False,False,8.56224943717961,not_flagged
CC(C)(F)CN1[C@H](c2ccc(\C=C\C(=O)O)cc2)c3ccc(O)cc3CC1(C)C,19.102378930564786,122.91313692522942,False,False,False,8.18708664335714,not_flagged
COc1cc2cc(C(N3CCc4ccccc34)c5nnnn5C6CCCC6)c(O)nc2cc1OC,19.10014580606417,169.38632674042498,False,False,False,4.65906911365129,not_flagged
Cc1cccc(c1)C(=O)N2CCN(CC2)c3ccc(cc3)C(=O)c4c(sc5cc(O)ccc45)c6ccc(O)cc6,19.08842089018173,62.99889011555628,False,False,False,9.56863623584101,not_flagged
O\N=C\c1cc(O)ccc1c2noc3cc(O)ccc23,19.06623112894262,73.4945407165274,False,False,False,5.62160209905186,not_flagged
CCc1ccccc1c2sc3cc(O)ccc3c2Oc4ccc(\C=C\C(=O)O)cc4,19.065457600543397,30.43865892402149,False,False,False,7.44369749923271,not_flagged
Oc1ccc2c(C(=O)c3ccc(OCCN4CCCCC4)cc3)c(sc2c1)c5ccc(Cl)cc5,19.048045002324802,51.745186237662594,False,False,False,10.3372421683184,not_flagged
O=C(Oc1ccc2C(=CC(=O)Oc2c1)c3ccccc3)c4occc4,19.040597362137902,70.76235827072021,False,False,False,5.6345120151091,not_flagged
Cc1ncccc1c2sc3cc(O)ccc3c2Oc4ccc(\C=C\C(=O)O)cc4,19.02626944596827,33.64078951196474,False,False,False,6.17457388223218,not_flagged
CCCCN(c1ccccc1)S(=O)(=O)c2ccc(O)cc2,18.975675535992583,52.351023680271425,False,False,False,6.49894073778225,not_flagged
Oc1ccc(c(O)c1)c2nn(c3cccc(Cl)c3)c4cc(O)ccc24,18.961847798002147,42.23768962298382,False,False,False,7.30102999566398,not_flagged
Oc1ccc(cc1)c2sc3cc(O)ccc3c2C(=O)c4ccc(cc4)N5CCN(CC5)C(=O)c6ccccc6,18.938292605055835,57.059009346526274,False,False,False,9.06550154875643,not_flagged
CCCC12CCC(=O)C(=C1c3ccc(O)cc3C2)Br,18.93277688414949,67.40976353349927,False,False,False,7.10237290870956,not_flagged
CC12CCC(=O)C(=C1c3ccc(O)cc3C2)Br,18.928210185250684,58.11988579599511,False,False,False,6.05403929642243,not_flagged
CCn1c(SCC(=O)c2oc(CNC(=O)C)cc2)nnc1c3cccs3,18.92683751524355,105.85562199126996,False,False,False,4.3696347818133,not_flagged
C[C@@H](CO)CN1[C@H](C)Cc2c([nH]c3ccccc23)[C@H]1c4ccc(\C=C\C(=O)O)cc4,18.861276896786073,93.52048383896575,False,False,False,7.33998877871067,not_flagged
C[C@H](CO)CN1[C@H](C)Cc2c([nH]c3ccccc23)[C@H]1c4ccc(\C=C\C(=O)O)cc4,18.861276896786073,93.52048383896575,False,False,False,7.3300326300915,not_flagged
CN(C)c1ccccc1c2sc3cc(O)ccc3c2Oc4ccc(\C=C\C(=O)O)cc4,18.815648836945563,35.83743123788338,False,False,False,6.90657831483776,not_flagged
CC1CCN(CC1)S(=O)(=O)c2ccc(NC(=O)Cc3cccs3)cc2,18.802304695528232,69.63712999559456,False,False,False,5.02258096477287,not_flagged
Oc1ccc2nc(cc(Br)c2c1)c3ccc(O)c(F)c3,18.79471333120244,66.42562781280635,False,False,False,6.54821356447571,not_flagged
CC\C(=C(/c1ccccc1)\c2ccc(\C=C\C(=O)O)cc2)\c3ccccc3,18.781936666753808,49.41401157250142,False,False,False,7.4089353929735,not_flagged
C[C@H](CCc1ccc(O)cc1)NC(=O)Cc2c(c3ccccc3)n(Cc4ccc(OCCN5CCCCC5)cc4)c6ccccc26,18.774243916008622,68.43297086854534,False,False,False,7.69897000433602,not_flagged
CC1Oc2cc(O)cc(C)c2N=C1c3ccc(O)c(Br)c3,18.763698642440144,91.31001139698772,False,False,False,6.49485002168009,not_flagged
C[C@H](CCc1ccc(O)cc1)NC(=O)Cc2c([nH]c3cc(OCCCN4CCCC4)ccc23)c5ccccc5,18.759919589152236,71.6549073077503,False,False,False,8.04095860767891,not_flagged
CCN(CC)CCOc1ccc(cc1)\C(=C(\Cl)/c2ccccc2)\c3ccccc3,18.724509717486583,75.3255207559489,False,False,False,8.34065436425382,not_flagged
Oc1ccc(cc1)c2sc3cc(O)ccc3c2C(=O)c4ccc(cc4)N5CCN(CC5)C(=O)c6cccc(O)c6,18.71601491665582,71.20650643669258,False,False,False,8.85698519974591,not_flagged
CC(=O)c1c(COC(=O)c2occc2)nc3ccccc3[n+]1[O-],18.670057951433417,456.5251475962168,False,False,False,4.53406333016282,not_flagged
CCN(c1ccccc1)S(=O)(=O)c2ccc(O)c(C)c2,18.653120958429316,42.74121771658167,False,False,False,6.48412615628832,not_flagged
OC(=O)\C=C\c1ccc2c(C(=O)c3ccc(OCCN4CCCCC4)cc3)c(sc2c1)c5ccc(O)cc5,18.651371754315637,66.090951573172,False,False,False,7.08618614761628,not_flagged
C[C@H](O)c1ccccc1c2sc3cc(O)ccc3c2Oc4ccc(\C=C\C(=O)O)cc4,18.643159035807486,47.12695338118891,False,False,False,6.74714696902011,not_flagged
COC(=O)c1oc2ccc(Br)cc2c1NC(=O)CCCN3C(=O)c4ccccc4C3=O,18.60460455098721,112.27443167571343,False,False,False,4.37395747799675,not_flagged
C[C@H](CCc1ccc(O)cc1)NC(=O)Cc2c([nH]c3cccc(OCCN4CCCCC4)c23)c5ccccc5,18.59324327941472,58.65280118100703,False,False,False,5.94538694544311,not_flagged
C[C@@H]1Cc2c([nH]c3ccccc23)[C@H](N1CCO)c4ccc(\C=C\C(=O)O)cc4,18.568298675142994,96.01503195241547,False,False,False,5.8799989255316,not_flagged
Cc1c(O)cc(O)c2C(=O)N(C=Nc12)c3ccc(O)cc3,18.545643401389,66.24153195355551,False,False,False,4.81539373331286,not_flagged
C[C@H](CCc1ccc(O)cc1)NC(=O)Cc2c([nH]c3cc(OCCN4CCCCC4)ccc23)c5ccccc5,18.538037163151067,59.10684780336571,False,False,False,8.09691001300806,not_flagged
CCCC[C@]12CCC(=O)C(=C1c3ccc(O)cc3C2)Br,18.514779160098914,52.58907852428344,False,False,False,5.39544996742874,not_flagged
CCCC[C@@]12CCC(=O)C(=C1c3ccc(O)cc3C2)Br,18.514779160098914,52.58907852428344,False,False,False,6.88941028970075,not_flagged
CCCCC12CCC(=O)C(=C1c3ccc(O)cc3C2)Br,18.514779160098914,52.58907852428344,False,False,False,6.85078088734462,not_flagged
Oc1ccc(cc1)c2sc3cc(O)ccc3c2C(=O)c4ccc(cc4)N5CCN(Cc6ccccc6)CC5,18.511005886711278,61.56461307355247,False,False,False,9.01322826573375,not_flagged
CCCN(c1c(C)cccc1CC)S(=O)(=O)c2ccc(O)c(C)c2,18.490741287958645,59.23429439335111,False,False,False,8.15490195998574,not_flagged
Oc1ccc(cc1)c2ccc3c(Br)c(O)ccc3c2,18.487986887225482,34.28595703345668,False,False,False,6.57511836336893,not_flagged
O=C(Nc1nc(cs1)c2nc3ccccc3s2)C4COc5ccccc5O4,18.464830023250396,121.44399441584825,False,False,False,4.60047649079234,not_flagged
COc1ccc(cc1)c2sc3cc(O)ccc3c2Oc4ccc(\C=C\C(=O)O)cc4,18.456056602508394,31.61435421580379,False,False,False,6.1890957193313,not_flagged
Oc1ccc(cc1)c2nn(C3CCCC3)c4c(Cl)cccc24,18.385996422237906,70.59298559896247,False,False,False,7.74472749489669,not_flagged
O=C(Cc1cccs1)Nc2ccccn2,18.38422734961978,58.56280619432958,False,False,False,4.87197314332322,not_flagged
Oc1ccc2C3=C(C(=O)CCC3(Cc4ccc(Cl)cc4)Cc2c1)c5ccc(OCCN6CCCCC6)cc5,18.37558237457689,76.92555316995504,False,False,False,5.95860731484177,not_flagged
CC[C@@]12CC[C@@](O)(C[C@H]1CCc3cc(OCc4ccncc4)ccc23)C#CC,18.371479472329973,369.12855362409516,False,False,False,6.17392519729917,not_flagged
CCCCCCCCNCCOc1ccc(cc1)\C(=C(\CC)/c2ccccc2)\c3ccc(O)cc3,18.369444765279166,40.74519680622925,False,False,False,7.27572413039921,not_flagged
Cc1onc(C)c1COc2ccc(cc2)C(=O)OCC(=O)N3c4ccccc4NC(=O)C3(C)C,18.3680541033875,100.19464500431602,False,False,False,5.05868041484764,not_flagged
Cc1cc(O)ccc1N2C=Nc3cc(O)cc(O)c3C2=O,18.34411170051486,65.23467223955151,False,False,False,5.35832762677531,not_flagged
CCC1Oc2cc(O)cc(C)c2N=C1c3ccc(O)c(Br)c3,18.310917108758723,88.44270282194623,False,False,False,6.74472749489669,not_flagged
CCN(c1ccccc1)S(=O)(=O)c2cc(ccc2C)C(=O)O,18.298647489989605,75.64995645134077,False,False,False,4.88415526543205,not_flagged
CCC12CCC(=O)C(=C1c3ccc(O)cc3C2)Br,18.29219965423111,53.99188976561423,False,False,False,6.49620931694282,not_flagged
COC[C@H](C)CN1[C@@H](c2ccc(O)cc2CC1(C)C)c3c(F)cc(\C=C\C(=O)O)cc3F,18.27521801682477,119.7113091753356,False,False,False,8.00436480540245,not_flagged
CCCCCCNCCOc1ccc(cc1C)C(CCC)(CCC)c2ccc(O)c(C)c2,18.262857502605282,57.34996613196257,False,False,False,7.10790539730952,not_flagged
Cc1ccc(NC(=O)CN2C(=O)S\C(=C\c3oc(cc3)c4cc(ccc4C)C(=O)O)\C2=O)cc1C,18.189399650048646,146.50854723296163,False,False,False,4.74032299679253,not_flagged
C[C@H](CCc1ccc(O)cc1)NC(=O)Cc2c([nH]c3c(OCCN4CCCCC4)cccc23)c5ccccc5,18.152607013049977,55.048981966370846,False,False,False,6.35654732351381,not_flagged
Cc1c([nH]c2CC(CC(=O)c12)c3occc3)C(=O)OCc4ccccc4,18.128204366907948,72.46653626220252,False,False,False,4.63908070389418,not_flagged
O=S(=O)(N1CCCCCC1)c2cccc(c2)c3cn4cccnc4n3,18.125725021215892,147.6195210149888,False,False,False,4.65169377369776,not_flagged
COc1cc(\C=C\2/Sc3nc(nn3C2=O)c4ccncc4)ccc1OC(=O)C,18.11985774981442,142.21199721255365,False,False,False,4.49951707397422,not_flagged
CN(C)CCOc1ccc(cc1)C23CC4CC(CC(C4)(C2)c5ccc(O)cc5)C3,18.115171446596268,405.9824273768415,False,False,False,5.97469413473523,not_flagged
Cc1cc(ccc1O)N2C=Nc3cc(O)cc(O)c3C2=O,18.113431224501557,64.51963897088385,False,False,False,4.46059767530769,not_flagged
Cc1cc(F)ccc1c2sc3cc(O)ccc3c2Oc4ccc(\C=C\C(=O)O)cc4,18.09325264197914,37.79879267198161,False,False,False,7.10790539730952,not_flagged
CCCCOC(=O)c1ccc(O)c(Br)c1,18.092623766833803,64.85717851598659,False,False,False,5.08565684288056,not_flagged
Cc1ccc(cc1)S(=O)(=O)Cc2oc(cc2)C(=O)NCc3ccc4OCOc4c3,18.079545916483667,91.21552807630533,False,False,False,4.42602965358432,not_flagged
Oc1cc(c2occc2)c3oc(nc3c1)c4ccc(O)c(F)c4,18.061236477967313,76.13964918733298,False,False,False,5.70333480973847,not_flagged
CCc1cccc2c(c[nH]c12)C(=O)Cn3nnc(n3)c4ccc(OC)c(OC)c4,18.05124494641958,134.25134136450018,False,False,False,4.9875470639767,not_flagged
Cc1ccc(Nc2nnc(SCC(=O)NCc3occc3)s2)cc1,18.044686089399036,66.67028212781987,False,False,False,4.5411194670599,not_flagged
CCCN(c1ccccc1C)S(=O)(=O)c2ccc(O)c(C)c2,18.000178403847496,47.27600546404962,False,False,False,6.96257350205938,not_flagged
CCCN(c1ccccc1c2ccccc2)S(=O)(=O)c3ccc(O)c(C)c3,17.960262226194736,46.87652606678618,False,False,False,6.59687947882418,not_flagged
CCCCCC(O)[C@@H]1C2CC3=C(COC(=C3)\C=C\C)C(=O)[C@]2(C)OC1=O,17.95689933746205,148.38486447258003,False,False,False,4.79588001734407,not_flagged
Oc1ccc(cc1)C2CN(Cc3cc(O)ccc23)S(=O)(=O)c4ccccc4,17.95438985319698,65.24378535581769,False,False,False,6.92081875395237,not_flagged
Oc1ccc(cc1)c2sc3cc(O)ccc3c2C(=O)c4ccc(cc4)N5CCN(CC5)C(=O)c6ccncc6,17.93944231707233,73.319181602432,False,False,False,7.83983170704149,not_flagged
CCCN(c1c(CC)cccc1CC)S(=O)(=O)c2ccc(O)c(C)c2,17.843717991530212,64.38829211962866,False,False,False,8.30102999566398,not_flagged
OC(=O)\C=C\c1ccc(CC2=C(C(=O)Oc3cc(O)ccc23)c4ccc(F)cc4Cl)cc1,17.825488489741126,45.9317828809958,False,False,False,8.65757731917779,not_flagged
CCCN(c1ccccc1F)S(=O)(=O)c2ccc(O)cc2,17.814026719327266,89.89560081489002,False,False,False,7.13076828026902,not_flagged
Cc1csc2nc(CCNS(=O)(=O)c3ccc4OCCOc4c3)cn12,17.78103850736625,119.90803179487483,False,False,False,4.76800569930525,not_flagged
C[C@H](CCc1ccc(O)cc1)NC(=O)Cc2c([nH]c3ccc(OCCN4CCCCC4)cc23)c5ccccc5,17.7659481737562,60.71099304951548,False,False,False,6.42250820016277,not_flagged
CSc1ccc(cc1)S(=O)(=O)Nc2cccc(F)c2,17.75790568506885,131.47691973065486,False,False,False,4.62549214012227,not_flagged
Oc1ccc(cc1)n2c(nc3ccccc23)c4ccccc4Cl,17.75600105094655,41.08926215817445,False,False,False,5.7619538968712,not_flagged
OC(=O)\C=C\c1ccc(Oc2c(sc3cc(O)ccc23)c4ccc(F)cc4)cc1,17.745739384786074,39.11078714974741,False,False,False,5.73921333134502,not_flagged
Oc1ccc(cc1F)c2oc3cc(Cl)c(O)cc3n2,17.70802679497228,57.10260165794037,False,False,False,5.74160219590449,not_flagged
CCN(c1ccccc1OC)S(=O)(=O)c2ccc(O)cc2,17.699860554719702,56.63537580946829,False,False,False,6.08092190762393,not_flagged
Oc1ccc(cc1)c2sc3cc(O)ccc3c2C(=O)c4ccc(cc4)N5CCN(CC5)C6CCCC6,17.67184300772707,70.32831021599301,False,False,False,8.96657624451305,not_flagged
Oc1ccc(cc1)S(=O)(=O)N(C2CCCCC2)c3ccccc3,17.66117663156976,67.5900365020459,False,False,False,6.06248210798265,not_flagged
C(Oc1ccccc1)c2nnc3sc(nn23)C4COc5ccccc5O4,17.62757378413603,165.2709432071271,False,False,False,5.02000390461512,not_flagged
C[C@H](CCc1ccc(O)cc1)NC(=O)Cc2c([nH]c3cc(OCCN4CCCC4)ccc23)c5ccccc5,17.620109335471305,66.76570719343763,False,False,False,7.65757731917779,not_flagged
OCc1cc(O)cc2N=CN(C(=O)c12)c3ccc(O)cc3,17.604391501077966,105.2018220137181,False,False,False,6.91721462968355,not_flagged
Oc1ccc2cc(ccc2c1Cl)c3cc(F)c(O)cc3F,17.540705843843064,91.2296419106994,False,False,False,6.92811799269387,not_flagged
CCCCCCCCOc1ccc(cc1C)C(CCC)(CCC)c2ccc(O)c(C)c2,17.539266454468574,63.43081964735122,False,False,False,6.39794000867204,not_flagged
CC(C)(C)Cc1c(O)cc(O)c2C(=O)C[C@H](Oc12)c3ccc(O)cc3,17.52638306336301,134.42273808452987,False,False,False,6.66554624884907,not_flagged
CN(c1ccccc1C(=O)O)S(=O)(=O)c2ccc3NC(=O)c4cccc2c34,17.48495160397166,162.50931979183787,False,False,False,4.72849248742571,not_flagged
CN(c1ccc(\C=C\C(=O)O)cc1)c2c(sc3cc(O)ccc23)c4ccc(O)cc4,17.462608789179775,45.20139005275731,False,False,False,5.46852108295774,not_flagged
CCN(c1cccc(OC)c1)S(=O)(=O)c2ccc(O)cc2,17.436655188137415,52.82216530845531,False,False,False,5.70487291474781,not_flagged
Oc1ccc2cc(ccc2c1Cl)c3cc(F)c(O)c(F)c3,17.41283691515216,70.55482226975366,False,False,False,6.28483264215154,not_flagged
Oc1cccc(c1)N2C=Nc3cc(O)cc(O)c3C2=O,17.412124978418014,86.59337787518481,False,False,False,4.35838709608849,not_flagged
Oc1ccc(cc1)c2nn(Cc3ccccc3)c4c(Cl)cccc24,17.313865231820614,38.6982189475224,False,False,False,6.97881070093006,not_flagged
Cc1cc(O)ccc1c2c(Cl)c3cc(O)ccc3n2Cc4ccc(OCCN5CCCCC5)cc4,17.29522599221064,28.402217053081035,False,False,False,7.88605664769316,not_flagged
O\N=C\c1ccc(cc1F)c2ccc(O)cc2,17.221750365382416,165.85477631711655,False,False,False,6.09963287134353,not_flagged
COc1ccc(cc1)c2c(C)c3cc(OC)ccc3n2Cc4ccc(OCCN5CCCCCC5)cc4,17.192107043943725,84.0449610730935,False,False,False,6.2839966563652,not_flagged
Cc1ccc(cc1C)n2nnnc2SCC(=O)Nc3cccc(NC(=O)c4occc4)c3,17.189887345671394,146.96312398269203,False,False,False,4.82629725752537,not_flagged
OCCNC(=O)\C=C\c1ccc(Oc2c(sc3cc(O)ccc23)c4ccc(O)cc4)cc1,17.183794306270364,101.65417796880132,False,False,False,7.25963731050576,not_flagged
Cc1ccccc1NC(=O)CSc2nnc(c3occc3)c(n2)c4occc4,17.16991254704229,97.06919707302174,False,False,False,4.82733286333074,not_flagged
CCCn1nc(c2ccc(O)cc2)c3cccc(Cl)c13,17.152456891902883,46.692182085036805,False,False,False,7.2839966563652,not_flagged
CCCc1c(O)cc2N=CN(C(=O)c2c1O)c3ccc(O)cc3,17.14630164985779,73.21157985995177,False,False,False,4.97269117296445,not_flagged
Cc1cc(F)ccc1C2=C(Oc3ccc(\C=C\C(=O)O)cc3)c4ccc(O)c(F)c4OC2=O,17.117271679463514,76.15389709800965,False,False,False,8.49485002168009,not_flagged
CCCCCCCCCCCc1c(O)cc(O)c2C(=O)C[C@H](Oc12)c3ccc(O)cc3,17.0726212484551,107.76937485481609,False,False,False,5.99267904707725,not_flagged
C\C(=C/c1ccc(Oc2c(sc3cc(O)ccc23)c4ccc(O)cc4)cc1)\C(=O)O,17.062453827107777,37.174138356838206,False,False,False,6.05256627811295,not_flagged
CC(C)CN1[C@H](c2ccc(\C=C\C(=O)O)cc2)c3ccc(O)cc3CC1(C)C,17.027727189899714,45.813022258344944,False,False,False,8.15490195998574,not_flagged
CC(C)CN1[C@@H](c2ccc(\C=C\C(=O)O)cc2)c3ccc(O)cc3CC1(C)C,17.027727189899714,45.813022258344944,False,False,False,6.01772876696043,not_flagged
CCCCn1nc(c2ccc(O)cc2)c3cccc(Cl)c13,17.02243628045344,50.42089108418057,False,False,False,7.60205999132796,not_flagged
CC1=C2c3ccc(O)cc3CC2(Cc4ccc(Cl)cc4)CCC1=O,17.01479410765182,54.7807423889955,False,False,False,5.16749108729376,not_flagged
Oc1ccc(cc1)c2nn(C3CCCCC3)c4c(Cl)cccc24,17.00535149015515,69.37955908634976,False,False,False,7.43179827593301,not_flagged
Oc1ccc(cc1)c2c(Cl)c3cc(O)ccc3n2Cc4ccc(OCCN5CCCCCC5)cc4,16.99516305433277,59.42280664687279,False,False,False,7.53760200210104,not_flagged
COC(=O)c1cc2ccsc2n1CC(=O)Nc3ccc(cc3)N(C)C,16.991867802887583,101.19631399820062,False,False,False,4.32550977471733,not_flagged
Cc1cc(F)ccc1C2=C(Oc3ccc(\C=C\C(=O)O)cc3)c4cc(F)c(O)cc4OC2=O,16.977533738555866,74.15421841736317,False,False,False,8.13076828026902,not_flagged
CC(C)Oc1ccc(cc1)c2c(C)c3cc(O)ccc3n2Cc4ccc(OC5C=CC=C5)cc4,16.974322687294716,122.52716495552843,False,False,False,7.09691001300806,not_flagged
CC(C)N(CCOc1ccc(Cn2c(c(C)c3cc(O)ccc23)c4ccc(O)cc4)cc1)C(C)C,16.911194678508938,48.26630008823719,False,False,False,7.0,not_flagged
Cc1oc(cc1)c2cc(C(=O)NCc3occc3)c4ccccc4n2,16.90787205328139,60.002366765545446,False,False,False,5.16466081024311,not_flagged
CC(C)C1=Nc2cc(O)cc(O)c2C(=O)N1c3ccc(O)cc3,16.89305108271904,80.17120543994493,False,False,False,4.15243350985741,not_flagged
O=C(N1CCc2ccccc2C1)c3cc(on3)c4occc4,16.89224678386174,77.34702393063928,False,False,False,4.48796366068057,not_flagged
CCOC(=O)C1=C(Nc2ccc(C)cc2)S\C(=C/c3cn(CC(=O)NCC4CCCO4)c5ccccc35)\C1=O,16.884238287266008,153.4064537657897,False,False,False,5.11924755611537,not_flagged
CCCCOC(=O)c1ccc(O)cc1,16.882009336801282,48.604805719324155,False,False,False,5.84771165561694,not_flagged
CCCCCCCCOC(=O)c1cc(C)c(O)c(C)c1,16.866698347664798,47.67523081618418,False,False,False,4.79048498545737,not_flagged
C[C@H](CCc1ccc(O)cc1)NC(=O)Cc2c([nH]c3ccccc23)c4ccccc4,16.86429968465386,66.74137444383277,False,False,False,9.0,not_flagged
C[C@@H](CCc1ccc(O)cc1)NC(=O)Cc2c([nH]c3ccccc23)c4ccccc4,16.864299684653858,66.74137444383278,False,False,False,7.43179827593301,not_flagged
CC(CCc1ccc(O)cc1)NC(=O)Cc2c([nH]c3ccccc23)c4ccccc4,16.864299684653858,66.74137444383278,False,False,False,9.0,not_flagged
Oc1ccc(cc1)c2c(Cl)c3cc(O)ccc3n2Cc4ccc(OCCN5CCCC5)cc4,16.846005488105163,39.8558869470235,False,False,False,8.39794000867204,not_flagged
Cc1sc2ncnc(NCc3occc3)c2c1C,16.827058284051187,66.9688675794387,False,False,False,4.45246613030073,not_flagged
O\N=C\c1ccc(c2ccc(O)cc2)c3sccc13,16.822126111475775,69.57558197560334,False,False,False,7.43179827593301,not_flagged
O\N=C\c1ccc(c2ccc(O)cc2)c3ccsc13,16.790969748659062,66.88325332850349,False,False,False,7.69897000433602,not_flagged
CN(C)C(=O)\C=C\c1ccc(S[C@@H]2Cc3cc(O)ccc3[C@H]4CC[C@]5(C)[C@@H](O)CC[C@H]5[C@H]24)cc1,16.789310193422285,73.60974383022653,False,False,False,7.0268721464003,not_flagged
COC(=O)Cc1ccc(OCc2oc(nc2C)c3cccc(OC)c3)cc1,16.753181019506425,59.93880056496839,False,False,False,5.76955107862173,not_flagged
Oc1ccc(cc1)[C@H]2[C@H](Oc3ccc(O)cc3S2(=O)=O)c4ccc(OCCN5CCCCC5)cc4,16.73975362492435,83.55239967530896,False,False,False,5.96257350205938,not_flagged
COc1cc2CC[C@@H]3[C@H](CC[C@]4(C)[C@H](CC[C@@H]34)OC(=O)C)c2cc1C=O,16.678345099870377,78.77086223412633,False,False,False,4.18770003287361,not_flagged
Oc1ccc(cc1)c2oc3c(Br)cc(O)cc3c2,16.646783607794973,45.01483883876887,False,False,False,8.82390874094432,not_flagged
CC(C)CN1[C@H](C)Cc2cc(O)ccc2[C@@]1(C)c3ccc(\C=C\C(=O)O)cc3,16.639426598302656,38.20539755346657,False,False,False,8.25963731050576,not_flagged
COC(=O)c1cccc(OCc2oc(nc2C)c3ccccc3OC)c1,16.62172502586213,67.19976732726218,False,False,False,5.2839966563652,not_flagged
Cc1ccc(cc1)S(=O)(=O)Cc2oc(cc2)C(=O)O,16.61285349355243,151.04813828149403,False,False,False,4.74182215360085,not_flagged
COC(=O)c1ccc(OCc2oc(nc2C)c3cccc(OC)c3)cc1,16.607255453238647,62.39324715835031,False,False,False,5.32790214206428,not_flagged
Oc1ccc(cc1F)c2cc(F)c3c(Cl)c(O)ccc3c2,16.569974444872276,99.3981315342337,False,False,False,6.90308998699194,not_flagged
Oc1ccc(cc1)c2c([nH]c3ccccc23)c4ccccc4,16.5204210502962,56.48619031999537,False,False,False,7.61978875828839,not_flagged
COC(=O)Cc1ccc(OCc2oc(nc2C)c3ccccc3OC)cc1,16.4790929601465,65.44147696409331,False,False,False,5.38721614328026,not_flagged
OCCn1nc(c2ccc(O)cc2)c3cccc(Cl)c13,16.45399993630346,56.6638029412839,False,False,False,6.38721614328026,not_flagged
Oc1c(\C=N\c2cccc3cccnc23)sc4ccccc14,16.443926073820588,101.60390832243164,False,False,False,5.28814386287795,not_flagged
CCC1=Nc2cc(O)cc(O)c2C(=O)N1c3ccc(O)cc3,16.437930751897934,75.74653327318117,False,False,False,4.71137076533501,not_flagged
Oc1ccc(cc1)[C@@H]2Sc3cc(O)cc(Cl)c3O[C@@H]2c4ccc(OCCN5CCCCC5)cc4,16.400240101844826,22.839127776006755,False,False,False,8.27572413039921,not_flagged
Cc1[nH]c2ccc(cc2c1C)c3oc(SCC(=O)c4ccccc4F)nn3,16.397709132922998,101.15561377341751,False,False,False,4.58473877681157,not_flagged
Oc1cc(O)c2C(=O)c3sc4ccccc4c3Oc2c1,16.38493722531748,97.74846489003855,False,False,False,5.4350973274708,not_flagged
CC\C(=C/c1ccc(Oc2c(sc3cc(O)ccc23)c4ccc(O)cc4)cc1)\C(=O)O,16.35743532943586,36.00482725721844,False,False,False,6.66554624884907,not_flagged
Oc1ccc(cc1)[C@@H]2Sc3c(F)c(O)ccc3O[C@@H]2c4ccc(OCCN5CCCCC5)cc4,16.338298490931813,64.42920642451702,False,False,False,9.09691001300806,not_flagged
Oc1ccc(cc1)[C@H]2Sc3c(F)c(O)ccc3O[C@H]2c4ccc(OCCN5CCCCC5)cc4,16.3382984909318,64.42920642451702,False,False,False,9.0,not_flagged
Oc1ccc(cc1)c2c(Cl)c3cc(O)ccc3n2Cc4ccc(OCCN5CCCCC5)cc4,16.33363109638274,33.80854321447837,False,False,False,7.61978875828839,not_flagged
O=C(CN1C(=O)N(Cc2occc2)C(=O)c3c4CCCCCc4sc13)Nc5ccccc5,16.27755168551612,146.01586597165527,False,False,False,5.14041022314325,not_flagged
Oc1ccc2C(=C(C(=O)Oc2c1)c3ccc(Cl)cc3)Cc4ccccc4,16.265772057239246,50.17949255970331,False,False,False,6.92081875395237,not_flagged
Oc1ccc(cc1)[C@@H]2Sc3c(Cl)c(O)ccc3O[C@@H]2c4ccc(OCCN5CCCCC5)cc4,16.260124024017657,19.346471847511268,False,False,False,8.61978875828839,not_flagged
CCN(CC)CCCOc1ccc(cc1)N2C(=O)c3cc(OC)ccc3C4=C2c5ccc(OC)cc5C4=O,16.224239509106383,77.26194405427164,False,False,False,4.40011692792631,not_flagged
Oc1ccc(cc1)c2[nH]c3ccccc3c2c4ccccc4,16.222977994010645,56.12426717172768,False,False,False,5.08039897621589,not_flagged
COC(=O)c1ccc2C(=O)N(CCCCCC(=O)NCc3ccc4OCOc4c3)C(=O)Nc2c1,16.212811530857707,111.22314895274106,False,False,False,4.82979521612664,not_flagged
Oc1ccc(cc1)c2sc3cc(O)ccc3c2C(=O)c4ccc(cc4)N5CCN(CC5)C(=O)c6occc6,16.194842089398026,88.39718119087873,False,False,False,8.57675412606319,not_flagged
C[C@H](CCc1ccc(O)cc1)NC(=O)Cc2c(c3ccccc3)n(C(=O)c4ccc(OCCN5CCCCC5)cc4)c6ccccc26,16.18021236252583,72.80053702737837,False,False,False,6.75696195131371,not_flagged
COC(=O)c1cc(O)cc2N=CN(C(=O)c12)c3ccc(O)cc3,16.17546893182485,97.11126475300938,False,False,False,4.08978126831235,not_flagged
COc1cccc2sc(Nc3oc(nn3)c4ccc(F)cc4)nc12,16.130862200795157,100.66962212354974,False,False,False,4.60267643190417,not_flagged
Oc1ccc(cc1)N2C=Nc3cc(O)ccc3C2=O,16.122443173197567,64.3827684937889,False,False,False,4.27051123082044,not_flagged
CCCCCCNCCOc1ccc(cc1)C(=O)c2c(sc3cc(O)ccc23)c4ccc(O)cc4,16.068917043493478,62.86648915455588,False,False,False,7.21467016498923,not_flagged
CCOc1ccc(NC2=NC(=O)S/C/2=C\c3ccc(OC)cc3)cc1,16.067006068398054,113.0289415152917,False,False,False,4.72594588558301,not_flagged
Oc1ccc(cc1)[C@@H]2Sc3c(Cl)cc(O)cc3O[C@@H]2c4ccc(OCCN5CCCCC5)cc4,16.00671897206505,25.896232798747587,False,False,False,9.29242982390206,not_flagged
CC1=Nc2cc(O)cc(O)c2C(=O)N1c3ccc(O)cc3,15.995763126608958,76.41242142199992,False,False,False,4.47823447412292,not_flagged
Cn1cccc1c2nc3ccccc3n2c4ccc(O)cc4,15.981354497107887,91.50571411532643,False,False,False,5.53165266958784,not_flagged
COC(=O)c1oc(CSc2nc(O)c3cnn(c4ccc(C)c(C)c4)c3n2)cc1,15.976173754519452,92.04346147393024,False,False,False,4.41466280817923,not_flagged
CC(C)N1CCN(CC1)c2ccc(cc2)C(=O)c3c(sc4cc(O)ccc34)c5ccc(O)cc5,15.925003833959506,64.7795473402996,False,False,False,9.55284196865778,not_flagged
COC[C@H](C)CN1[C@H](C)Cc2cc(O)ccc2[C@H]1c3c(F)cc(\C=C\C(=O)O)cc3F,15.916363060546903,116.7157386007294,False,False,False,8.92081875395237,not_flagged
Cc1oc(\C=C\c2ccc(cc2)C3(C)N(CCc4cc(O)ccc34)c5ccc(F)cc5)nn1,15.907281411175378,92.20137670963881,False,False,False,6.94692155651658,not_flagged
Cn1cnc(\C=C\c2ccc(cc2)C3(C)N(CCc4cc(O)ccc34)c5ccc(F)cc5)c1,15.905209872173302,80.12899979730068,False,False,False,5.59108197915322,not_flagged
CCCC1=Nc2cc(O)cc(O)c2C(=O)N1c3ccc(O)cc3,15.885272776645484,79.86466007874023,False,False,False,5.27043027369803,not_flagged
Cc1ccccc1S(=O)(=O)Oc2cccc3c(O)cccc23,15.878969447315368,71.10762650033595,False,False,False,6.59345981956604,not_flagged
Oc1ccc2c(noc2c1)c3ccc4c(Br)c(O)ccc4c3,15.853706378167756,46.169631170332735,False,False,False,6.44369749923271,not_flagged
Cn1cncc1\C=C\c2ccc(cc2)C3(C)N(CCc4cc(O)ccc34)c5ccc(F)cc5,15.847887870131014,82.72601789465132,False,False,False,7.24412514432751,not_flagged
COc1ccc2C3=C(N(C(=O)c2c1)c4ccc(OCCN5CCCCC5)cc4)c6ccc(OC)cc6C3=O,15.847711977493134,66.0064210964808,False,False,False,4.60380065290426,not_flagged
Oc1ccc(c(O)c1)c2nn(c3cc(F)ccc3F)c4cc(O)ccc24,15.839539594153395,83.53257321529824,False,False,False,7.50863830616573,not_flagged
Cc1c(O)ccc2c3ccc(O)c(Br)c3OC(=O)c12,15.827595610783193,105.37715905442388,False,False,False,5.71669877129645,not_flagged
CCCc1oc(\C=C\c2ccc(cc2)C3(C)N(CCc4cc(O)ccc34)c5ccc(F)cc5)nn1,15.81890147082698,98.38192089992597,False,False,False,7.2518119729938,not_flagged
COc1cc(O)c2C(=O)c3c(Oc2c1)oc4cc(O)ccc34,15.809123696519856,85.725719403279,False,False,False,5.56415563401556,not_flagged
Fc1ccc(cc1)C2=C(c3ccc(OCCN4CCCC4)cc3)c5ccc(F)cc5OCC2,15.768144949318481,81.42622371680496,False,False,False,6.89962945488244,not_flagged
COc1cc(O)c2c(C=O)c(oc2c1)c3ccc(O)cc3O,15.76805709255492,97.0606041866858,False,False,False,7.36653154442041,not_flagged
CC(C)c1ccccc1N2CCc3cc(O)ccc3C2(C)c4ccc(\C=C\C(=O)O)cc4,15.754925977770814,30.14522918569565,False,False,False,5.0,not_flagged
Oc1ccc(cc1)[C@@H]2Sc3cc(O)c(Cl)cc3O[C@@H]2c4ccc(OCCN5CCCCC5)cc4,15.745149561846258,18.962438907836173,False,False,False,8.26760624017703,not_flagged
Oc1cc(F)c(c(F)c1)c2ccc3c(Cl)c(O)ccc3c2,15.720888621503892,93.6560120660659,False,False,False,7.45593195564972,not_flagged
CNC(=O)\C=C\c1ccc(Oc2c(sc3cc(O)ccc23)c4ccc(O)cc4)cc1,15.713497868971224,56.654000138915194,False,False,False,7.27572413039921,not_flagged
CN1C(=O)CSc2ccc(NC(=O)N3CCC(CC3)N4CCCCC4)cc12,15.674326020955304,95.51297146143287,False,False,False,4.92773245148766,not_flagged
Cc1c(c2ccc(O)c(F)c2)n(Cc3ccc(OCCN4CCCCC4)cc3)c5ccc(O)cc15,15.655915032960452,57.290700465179995,False,False,False,8.25963731050576,not_flagged
Oc1ccc2C(N(CCc2c1)S(=O)(=O)c3cccc4ccccc34)c5ccc(OCCN6CCCC6)cc5,15.640437624839256,88.73039582592337,False,False,False,8.2518119729938,not_flagged
CC1CCc2ccccc2N1S(=O)(=O)c3ccc(O)cc3,15.619876524331088,54.98680582230674,False,False,False,6.31966448658544,not_flagged
O\N=C\c1ccc(c2ccc(O)c(F)c2)c3ccccc13,15.617994245081169,99.75451783363175,False,False,False,6.82973828460504,not_flagged
Cc1c(O)ccc2c3ccc(O)c(F)c3OC(=O)c12,15.60398704743398,73.1517449656215,False,False,False,5.80134291304558,not_flagged
Cc1c(O)ccc2c1OC(=O)c3c(C)c(NS(=O)(=O)C)ccc23,15.600854767558042,101.80355484741938,False,False,False,5.3707943428977,not_flagged
CCN(c1ccccc1)S(=O)(=O)c2ccc3ncc(C(=O)NCCOC)c(O)c3c2,15.590447630965423,97.72064478481228,False,False,False,4.55449729962728,not_flagged
CCCN1CCN(CC1)c2ccc(cc2)C(=O)c3c(sc4cc(O)ccc34)c5ccc(O)cc5,15.578941511077208,53.36465359465207,False,False,False,8.84466396253494,not_flagged
CCCCCCOc1ccc(cc1C)C(CCC)(CCC)c2ccc(O)c(C)c2,15.57802472391143,54.76571507007788,False,False,False,6.77469071827414,not_flagged
Cc1c(c2ccc(O)c(F)c2)n(Cc3ccc(OCCN4CCCCCC4)cc3)c5ccc(O)cc15,15.57757403116875,86.1940376548325,False,False,False,7.88605664769316,not_flagged
CCCCC1=Nc2cc(O)cc(O)c2C(=O)N1c3ccc(O)cc3,15.566328190653614,84.5652875876963,False,False,False,6.74957999769111,not_flagged
COc1ccccc1N2CCN(CC2)C(=O)c3cc4CCCc4s3,15.558510235815655,89.87930370449102,False,False,False,5.28445290514375,not_flagged
O\N=C\c1ccc(c2ccc(O)cc2)c3ccoc13,15.521262064777765,72.21678057504923,False,False,False,6.80966830182971,not_flagged
Oc1ccc2Oc3c(oc4ccc(O)cc34)C(=O)c2c1,15.503369728854535,78.17896040209729,False,False,False,6.74472749489669,not_flagged
CCCCC12CCC(=O)C(=C1c3ccc(O)cc3C2)Cl,15.478831436683542,45.8068819033725,False,False,False,6.94309514866353,not_flagged
COc1ccc(cc1)c2c(C)c3cc(OC)ccc3n2Cc4ccc(OCCN5CCCCC5)cc4,15.473986941566642,67.62873819263382,False,False,False,6.22184874961636,not_flagged
Cc1c(O)ccc2c1OC(C)(C)c3c(C)c(O)ccc23,15.431280805943267,66.4380670137978,False,False,False,6.32975414692588,not_flagged
CCCC(CCC)(c1ccc(O)c(C)c1)c2ccc(OCCN(C)C)c(C)c2,15.416553288867842,46.56407182126256,False,False,False,6.87289520163519,not_flagged
COc1c(C)cc2C(=O)Oc3c(C)c(O)ccc3c2c1C,15.405574849219741,49.000929812108204,False,False,False,5.38090666937326,not_flagged
Oc1ccc(cc1)c2ccc3c(Br)c(O)ccc3n2,15.392258312582292,38.125200708612596,False,False,False,5.94309514866353,not_flagged
Cc1ccc(cc1)S(=O)(=O)Oc2cccc3c(O)cccc23,15.37638794212528,72.6673899755105,False,False,False,5.54211810326601,not_flagged
Oc1ccc2C(N(CCc2c1)S(=O)(=O)c3ccc4ccccc4c3)c5ccc(OCCN6CCCC6)cc5,15.326582568725122,87.2390262750608,False,False,False,6.95078197732982,not_flagged
CC(C)c1cccc(c1)N2CCc3cc(O)ccc3C2(C)c4ccc(\C=C\C(=O)O)cc4,15.31713036492414,30.086959038570875,False,False,False,6.33161408331,not_flagged
CCOc1ccc2C(=C(CCCc2c1)c3ccccc3)c4ccc(OCCN(C)C)cc4,15.29382592850709,64.49792476867013,False,False,False,8.52287874528034,not_flagged
CC(C)c1ccc(cc1)N2CCc3cc(O)ccc3C2(C)c4ccc(\C=C\C(=O)O)cc4,15.271934846363274,29.018075717351415,False,False,False,7.52287874528034,not_flagged
CC(C)c1ccc(cc1)N2CCc3cc(O)ccc3[C@@]2(C)c4ccc(\C=C\C(=O)O)cc4,15.271934846363271,29.01807571735142,False,False,False,7.46852108295774,not_flagged
CC(C)c1ccc(cc1)N2CCc3cc(O)ccc3[C@]2(C)c4ccc(\C=C\C(=O)O)cc4,15.271934846363271,29.01807571735142,False,False,False,7.56863623584101,not_flagged
Oc1ccc2c(noc2c1)c3cc(Cl)c(O)cc3O,15.264961182483496,43.57884093338802,False,False,False,7.48148606012211,not_flagged
COc1ccc(NC2=NC(=O)S/C/2=C\c3ccc(cc3)N(C)C)cc1,15.256171275616124,121.19323126801102,False,False,False,4.47716260152248,not_flagged
Oc1ccc2C=C(C(=O)NCc3occc3)C(=O)Oc2c1,15.235644345859255,88.0527350251215,False,False,False,4.84470830535413,not_flagged
CC(=O)Nc1ccc(cc1)\N=C\c2nc(oc2O)c3ccc(C)cc3,15.221342671840246,95.17733034972687,False,False,False,5.08644150308821,not_flagged
C\C(=C/C(=O)O)\c1ccc(Oc2c(sc3cc(O)ccc23)c4ccc(O)cc4)cc1,15.220620773878105,55.509938080855704,False,False,False,6.5003129173816,not_flagged
CCCN1N=C(C(=O)OCC(=O)c2ccc3OCC(=O)Nc3c2)c4ccccc4C1=O,15.213248961016966,174.70587729448246,False,False,False,4.42114094829303,not_flagged
Oc1ccc2C3=C(Br)C(=O)CCC3(Cc2c1)c4ccccc4,15.205135014880714,74.73030757147126,False,False,False,6.94692155651658,not_flagged
COc1cc(O)c2C(=O)N(C=Nc2c1)c3ccc(O)cc3,15.198199857941672,76.24511710199108,False,False,False,4.58576223451328,not_flagged
CCOc1cccc2C=C(C(=O)Oc12)c3nnc(NCc4occc4)s3,15.17796680347683,96.40266667271084,False,False,False,4.57207738147755,not_flagged
O=C(Nc1ccc2c(c1)nc3CSCCn23)c4occc4,15.132716406389381,91.57724737755802,False,False,False,4.83844065083876,not_flagged
Oc1ccc(cc1)c2oc3c(Br)cc(O)cc3n2,15.132180847029437,43.944379934770026,False,False,False,6.80966830182971,not_flagged
Cc1cc(O)c2C(=O)c3c(O)cc(O)cc3C(=O)c2c1,15.125785005205389,107.87762505674979,False,False,False,5.56863623584101,not_flagged
CCCCOC(=O)c1cc(C)c(O)c(C)c1,15.105468932320614,35.67983448840436,False,False,False,4.48811663902113,not_flagged
Oc1ccc2oc(nc2c1)c3ccc(O)c(F)c3,15.104881095383298,58.41248509563097,False,False,False,5.80410034759077,not_flagged
Oc1ccc(cc1)N2C(=O)c3ccc(Br)cc3C2=O,15.058795802378762,82.84009817241973,False,False,False,5.09799710864927,not_flagged
Oc1ccc2c(noc2c1)c3cc(Br)c(O)cc3O,15.058128761053782,74.34305362429731,False,False,False,7.52287874528034,not_flagged
O\N=C\c1ccc(c2ccc(O)cc2)c3occc13,15.023693890123877,66.33288791277067,False,False,False,5.87614835903291,not_flagged
CC(C)c1ccc(cn1)N2CCc3cc(O)ccc3C2(C)c4ccc(\C=C\C(=O)O)cc4,15.00372542267962,43.93934883160284,False,False,False,5.93629144060858,not_flagged
CC1(N(CCc2cc(O)ccc12)c3ccc(Cl)cc3)c4ccc(OCCN5CCCCC5)cc4,14.999962408537012,43.798239888450894,False,False,False,7.45593195564972,not_flagged
Cc1cc(ccc1O)C(C)(C)c2ccc(O)c(C)c2,14.995752059361923,55.83608359727562,False,False,False,5.92081875395237,not_flagged
CCCCCCNCCOc1ccc(cc1)\C(=C(\CC)/c2ccccc2)\c3ccc(O)cc3,14.985900047163236,40.72720212455562,False,False,False,6.82102305270683,not_flagged
CC1Oc2cc(O)cc(O)c2N=C1c3ccc(O)cc3,14.96990345589508,79.21672363112536,False,False,False,5.55284196865778,not_flagged
CC\C(=C(/c1ccc(O)cc1)\c2ccc(\C=C\C(=O)O)cc2)\c3ccccc3,14.95967779034858,39.53103355246291,False,False,False,9.82390874094432,not_flagged
Cc1cc(O)ccc1c2oc3c(Br)cc(O)cc3n2,14.950528567908735,45.83796345752956,False,False,False,7.35654732351381,not_flagged
CCOC(=O)COc1ccc(cc1)c2ccc(OCCN(C)C)c(Cc3ccc(cc3)c4ccccc4)c2,14.936428053061338,83.6751769032566,False,False,False,5.50863830616573,not_flagged
Fc1ccc2C(=C(CCOc2c1)c3ccccc3)c4ccc(OCCN5CCCC5)cc4,14.92260940821885,75.55342170968144,False,False,False,7.79048498545737,not_flagged
CC\C(=C(/c1ccccc1)\c2ccc(\C=C\C(=O)O)cc2)\c3ccc(O)cc3,14.882453993420858,40.061702935253194,False,False,False,6.65757731917779,not_flagged
CC(C)Cc1ccc(cc1)N2CCc3cc(O)ccc3C2(C)c4ccc(\C=C\C(=O)O)cc4,14.877619319452727,33.45679671410442,False,False,False,7.95860731484177,not_flagged
Cc1ccccc1S(=O)(=O)Oc2ccc3ccc(O)cc3c2,14.825229875999232,71.66457429189062,False,False,False,5.05700040663396,not_flagged
CC(C)(C)c1cc(ccc1O)c2oc3cc(O)ccc3n2,14.824146598677713,86.94386840798444,False,False,False,5.30102999566398,not_flagged
Cc1cc(F)ccc1C2=C(Cc3ccc(\C=C\C(=O)O)cc3)c4c(F)cc(O)cc4OC2=O,14.823344169963425,64.42871917558203,False,False,False,8.88605664769316,not_flagged
CC1(N(CCc2cc(O)ccc12)c3cccc(Cl)c3)c4ccc(OCCN5CCCCC5)cc4,14.79436747795806,43.03249516353229,False,False,False,7.30980391997149,not_flagged
Oc1ccc(c(F)c1)c2oc3c(Br)cc(O)cc3n2,14.79233175147983,109.60068632510743,False,False,False,7.32790214206428,not_flagged
Oc1ccc(cc1)[C@@H]2Sc3cc(Cl)c(O)cc3O[C@@H]2c4ccc(OCCN5CCCCC5)cc4,14.776375084146736,27.215450503226695,False,False,False,7.63638802010786,not_flagged
CCC1Oc2cc(O)cc(O)c2N=C1c3ccc(O)cc3,14.769674291673114,77.56493696932819,False,False,False,5.92081875395237,not_flagged
Oc1ccc2c(noc2c1)c3ccc(O)c(Br)c3,14.756231947179309,39.67925288434389,False,False,False,6.73754891026957,not_flagged
Oc1ccc2nc(oc2c1)c3cccc4c(Br)c(O)ccc34,14.736374482723093,56.105735989542644,False,False,False,6.42829116819131,not_flagged
Oc1cc(O)c2C(=O)N(C=Nc2c1)c3ccccc3,14.710596634237852,72.24723345500719,False,False,False,4.1215471456025,not_flagged
CN(CC(=O)NC(=O)NCc1occc1)Cc2nc(O)c3ccccc3n2,14.697010696631436,115.03527910805028,False,False,False,4.86198734945631,not_flagged
COc1ccc2[C@H](N(CC(C)C)[C@H](C)Cc2c1)c3ccc(\C=C\C(=O)O)cc3,14.687804663937653,49.50146932466291,False,False,False,6.79588001734407,not_flagged
CC1CCN(Cc2c(O)c(Cl)cc3C(=CC(=O)Oc23)C)CC1,14.650259023184072,64.65715649390889,False,False,False,4.62473959843782,not_flagged
CC(C)Cc1ccc(N2CCc3cc(O)ccc3C2(C)c4ccc(\C=C\C(=O)O)cc4)c(F)c1,14.602126922149392,46.71824384993502,False,False,False,8.15490195998574,not_flagged
Oc1ccc(cc1)C2=Nc3c(O)cc(O)cc3OC2,14.596351177817176,77.60574211099396,False,False,False,4.48148606012211,not_flagged
Oc1ccc(cc1)c2cc(Cl)c3cc(O)ccc3c2,14.568736488339356,20.880166763115103,False,False,False,7.52287874528034,not_flagged
Oc1ccc2cc(cc(F)c2c1)c3ccc(O)c(F)c3,14.560607058036293,103.19020445960251,False,False,False,7.67778070526608,not_flagged
Cc1c(c2ccc(O)cc2)n(Cc3ccc(OCCN4CC5CCC4C5)cc3)c6ccc(O)cc16,14.526644889232413,71.93244520774255,False,False,False,9.0,not_flagged
Oc1ccc(cc1)[C@H]2Sc3cc(O)ccc3S[C@H]2c4ccc(OCCN5CCCCC5)cc4,14.520478314579794,58.55909395139665,False,False,False,7.67778070526608,not_flagged
Cc1cc(F)ccc1C2=C(Nc3ccc(\C=C\C(=O)O)cc3)c4ccc(O)cc4OC2=O,14.518438538274914,53.36720774498617,False,False,False,7.60205999132796,not_flagged
CC(C)c1ccc(N2CCc3cc(O)ccc3C2(C)c4ccc(\C=C\C(=O)O)cc4)c(F)c1,14.497313870587325,44.93687087072131,False,False,False,6.58169870868026,not_flagged
OC[C@]12CC[C@H]([C@H](C1)C=CC2)c3ccc(O)cc3,14.494238194538418,87.67608007884202,False,False,False,6.25963731050576,not_flagged
Oc1ccc(cc1)[C@H]2Sc3cc(O)ccc3O[C@H]2c4ccc(OCCN5CCS(=O)(=O)CC5)cc4,14.493157653716535,61.56732139116717,False,False,False,8.69897000433602,not_flagged
Oc1ccc2nc(cc(Cl)c2c1)c3ccc(O)c(F)c3,14.491698551928017,60.04364485551036,False,False,False,6.60906489289662,not_flagged
CCC(C)c1ccc(cc1)N2CCc3cc(O)ccc3C2(C)c4ccc(\C=C\C(=O)O)cc4,14.476042269633412,34.25005712416932,False,False,False,6.95078197732982,not_flagged
CC1(N(CCc2cc(O)ccc12)c3ccc(F)cc3)c4ccc(\C=C\c5oc(CO)nn5)cc4,14.444296824020597,109.18959701716791,False,False,False,7.36653154442041,not_flagged
CCCCN(CCCC)CCOc1ccc(Cn2c(c(C)c3cc(O)ccc23)c4ccc(O)cc4)cc1,14.409350403436369,35.82933864908942,False,False,False,6.69897000433602,not_flagged
Oc1ccc(cc1)c2[nH]c3ccccc3c2c4ccc(O)cc4,14.406698299193707,59.84505811041741,False,False,False,7.02319166266193,not_flagged
Oc1ccc(cc1)[C@H]2Sc3cc(O)ccc3O[C@H]2c4ccc(OCCN5C[C@H]6CCC[C@H]6C5)cc4,14.36581263923097,44.931081055295756,False,False,False,9.52287874528034,not_flagged
Cc1cc(O)c(C)c2C(=O)Oc3c(C)c(O)ccc3c12,14.354544816988541,49.15436752070335,False,False,False,6.14508697769215,not_flagged
CCc1cc(O)cc2N=CN(C(=O)c12)c3ccc(O)cc3,14.352938206983254,64.01594558593399,False,False,False,4.87811201489632,not_flagged
CCc1ccc2nc(NC(=O)c3ccc4c(O)nc(CN5CCOCC5)nc4c3)sc2c1,14.346948139787514,102.08467554696301,False,False,False,5.08461705141423,not_flagged
Oc1cc(Cc2ccccc2)c3CC(C(=O)Oc3c1)c4ccc(Cl)cc4,14.344864779303645,55.69036971738303,False,False,False,6.92081875395237,not_flagged
Oc1ccc2CC3(Cc2c1)C(=Cc4ccccc34)c5ccccc5,14.342002101594176,85.83107554944469,False,False,False,7.23657200643706,not_flagged
C[C@@H](COc1ccc(cc1)C(=O)c2c(sc3cc(O)ccc23)c4ccc(O)cc4)N5CCCC5,14.328412601051411,48.05913395806816,False,False,False,9.69897000433602,not_flagged
C[C@H](COc1ccc(cc1)C(=O)c2c(sc3cc(O)ccc23)c4ccc(O)cc4)N5CCCC5,14.328412601051411,48.05913395806816,False,False,False,9.69897000433602,not_flagged
OC(=O)CCc1ccc(Oc2c(sc3cc(O)ccc23)c4ccc(O)cc4)cc1,14.327847158188852,57.14044494516025,False,False,False,6.34008379993015,not_flagged
OC(=O)\C=C\c1ccc(CC2=C(C(=O)Oc3cc(O)ccc23)c4ccc(F)cc4F)cc1,14.32529153315668,75.53754063988671,False,False,False,8.52287874528034,not_flagged
Oc1ccc2Oc3c(oc4cc(O)ccc34)C(=O)c2c1,14.324129044570963,64.66329452798917,False,False,False,5.82390874094432,not_flagged
Oc1ccc(cc1)c2ccc3c(c(O)ccc3c2)[N+](=O)[O-],14.316263312017972,351.09476863856355,False,False,False,6.14935376481693,not_flagged
Oc1ccc(cc1)[C@@H]2Sc3cc(O)c(F)cc3O[C@@H]2c4ccc(OCCN5CCCCC5)cc4,14.308338767913593,48.46928754077096,False,False,False,7.86966623150499,not_flagged
Oc1cccc(c1)[C@H]2Sc3cc(O)ccc3S[C@H]2c4ccc(OCCN5CCCCC5)cc4,14.293883683786259,67.22897059146435,False,False,False,7.82390874094432,not_flagged
Cc1ccc2nc(O)c(cc2c1)c3nc4ccccn4c3NCc5occc5,14.287769958023162,64.15686578915847,False,False,False,4.59010642123507,not_flagged
CCOC(=O)COc1ccc(cc1CC2CCCCC2)c3ccc(OCCN(C)C)cc3,14.286604600460286,72.55396408027926,False,False,False,4.89619627904404,not_flagged
Oc1ccc2C(N(CCc2c1)S(=O)(=O)c3ccccc3)c4ccc(OCCN5CCCC5)cc4,14.27841579189077,64.8838459761692,False,False,False,8.2839966563652,not_flagged
Cc1cc(O)c(C)c2OC(=O)c3c(C)c(O)ccc3c12,14.273170498811636,49.67551884935697,False,False,False,6.10513034325475,not_flagged
CS(=O)(=O)c1ccc(cc1)c2sc3cc(O)ccc3c2Oc4ccc(OCCN5CCCCC5)cc4,14.273054778646591,77.81746566256942,False,False,False,7.56863623584101,not_flagged
Oc1ccc2O[C@H]([C@H](Sc2c1)c3cccs3)c4ccc(OCCN5CCCCC5)cc4,14.267749522389911,30.480652927458515,False,False,False,8.05551732784983,not_flagged
CCCCn1nc(c2ccc(O)cc2O)c3ccc(O)cc13,14.243213741451502,47.413530058397036,False,False,False,6.95078197732982,not_flagged
CCCn1nc(c2ccc(O)cc2O)c3ccc(O)cc13,14.234894878116236,45.66573884099823,False,False,False,7.20760831050175,not_flagged
O\N=C\c1ccc(c2ccc(O)cc2)c3ccccc13,14.225798266932905,51.86354775786745,False,False,False,7.02227639471115,not_flagged
CCOc1cc(N2CCOCC2)c(OCC)cc1NC(=O)c3cc(nc4ccccc34)c5occc5,14.210927370280537,89.68305565763333,False,False,False,4.8320650474416,not_flagged
Oc1ccc(cc1)[C@H]2Sc3cc(O)ccc3S[C@H]2c4ccc(OCCN5CCCC5)cc4,14.206107760466557,55.50557255328741,False,False,False,7.74472749489669,not_flagged
Oc1ccc(cc1F)c2ccc3c(Cl)c(O)ccc3c2,14.200460045660671,45.95264835996089,False,False,False,6.84466396253494,not_flagged
C[C@@H](COc1ccc(cc1)C2Oc3ccc(O)cc3C(=C2c4cccc(c4)S(=O)(=O)C)C)N5CC[C@@H](C)C5,14.189497252349401,76.24075285842217,False,False,False,8.85387196432176,not_flagged
CCSc1nnc(NC(=O)C2Cc3ccccc3CN2C(=O)c4occc4)s1,14.17818729032561,90.94540468519355,False,False,False,5.1268032508159,not_flagged
Cc1cc(O)cc2N=CN(C(=O)c12)c3ccc(O)cc3,14.119429831470192,65.06580984661792,False,False,False,5.01614828100853,not_flagged
CCn1nc(c2ccc(O)cc2O)c3ccc(O)cc13,14.099898529811801,45.843967304817426,False,False,False,6.51570016065321,not_flagged
Cc1ccc(cc1)c2csc(NC(=O)c3oncc3)n2,14.0889682256605,53.67611875630959,False,False,False,5.14331218530747,not_flagged
Oc1ccc2c(C=C(c3ccccc3)C24Cc5ccccc5C4)c1,14.079326031107083,87.48033167310763,False,False,False,7.61978875828839,not_flagged
COc1ccc(CN2C(=O)Nc3cc(ccc3C2=O)C(=O)NCc4ccc5OCOc5c4)cc1,14.043588170568164,110.00583152036418,False,False,False,4.72401917320842,not_flagged
Cc1ccccc1CSCC(=O)NC(=O)NCc2occc2,14.043532507295845,96.03546863929934,False,False,False,5.03309270609331,not_flagged
CC(C)CN1CCc2cc(O)ccc2[C@]1(C)c3ccc(\C=C\C(=O)O)cc3,14.024543594274858,34.92258785973338,False,False,False,6.22914798835786,not_flagged
CC(C)CN1CCc2cc(O)ccc2[C@@]1(C)c3ccc(\C=C\C(=O)O)cc3,14.024543594274858,34.92258785973338,False,False,False,7.95860731484177,not_flagged
Oc1ccc2C(=C(C(=O)Oc2c1)c3ccc(O)c(F)c3)c4ccc(O)c(F)c4,14.024136937320767,109.66164775648795,False,False,False,6.65955588515988,not_flagged
Oc1ccc2O[C@H]([C@H](Sc2c1)C3CCCCCC3)c4ccc(OCCN5CCCCC5)cc4,14.023320204152766,67.13935410426042,False,False,False,8.1249387366083,not_flagged
CCCC(=O)Oc1ccc(cc1)\C(=C(\C)/c2ccccc2)\c3ccc(OCCN(C)C)cc3,14.02229660932985,56.22628399396314,False,False,False,7.46218090492673,not_flagged
C[C@@H]1CCN(CCOc2ccc(cc2)C(=O)c3c(sc4cc(O)ccc34)c5ccc(O)cc5)C1,13.974525779469884,60.42574745238771,False,False,False,9.22184874961636,not_flagged
C[C@H]1CCN(CCOc2ccc(cc2)C(=O)c3c(sc4cc(O)ccc34)c5ccc(O)cc5)C1,13.974525779469884,60.42574745238771,False,False,False,9.22184874961636,not_flagged
Oc1ccc(cc1)[C@H]2Sc3cc(O)ccc3O[C@H]2c4ccc(OCCN5CC6CC5CO6)cc4,13.946571613754037,36.724397801562986,False,False,False,9.15490195998574,not_flagged
COc1cc(O)cc2cc(oc12)c3ccc(O)c(F)c3,13.915863299313218,50.23731017287872,False,False,False,6.00436480540245,not_flagged
Oc1ccc(c(Cl)c1)c2ccc3cc(O)ccc3c2,13.90916626411298,19.6511744415309,False,False,False,8.0,not_flagged
Cc1c(c2ccccc2)n(Cc3ccc(OCCN4CCCCC4)cc3)c5ccccc15,13.867416968066639,77.45383653056723,False,False,False,6.34678748622466,not_flagged
COc1ccc(cc1)C2=C(Oc3ccc(OCCN4CCCCC4)cc3)c5ccc(OC)cc5OC2=O,13.865820208375359,104.5271565418892,False,False,False,5.02594909720712,not_flagged
CCCCCCCCCc1c(O)cc(O)c2C(=O)C[C@H](Oc12)c3ccc(O)cc3,13.858291946775116,87.7379450020151,False,False,False,6.36051351073141,not_flagged
Oc1ccc2O[C@H]([C@@H](CC3CCCCC3)Sc2c1)c4ccc(OCCN5CCCCC5)cc4,13.847367563537926,47.338870488920236,False,False,False,8.4089353929735,not_flagged
Oc1ccc(cc1)[C@H]2Sc3cc(O)ccc3O[C@H]2c4ccc(OCCN5CCSCC5)cc4,13.839861211636233,32.164085209053994,False,False,False,8.82390874094432,not_flagged
CC1(N(CCc2cc(O)ccc12)c3ccc(Cl)cc3)c4ccc(OCCN5CCCC5)cc4,13.839022243986669,50.460114504526715,False,False,False,7.56863623584101,not_flagged
CCN1C(=O)c2ccccc2N=C1SCC(=O)Nc3ccc(NC(=O)c4occc4)c(OC)c3,13.836549516997202,141.4371738594765,False,False,False,4.4458976978771,not_flagged
Cn1nc(c2ccc(O)cc2O)c3ccc(O)cc13,13.836445216825108,46.92861102524461,False,False,False,6.20620961530918,not_flagged
CCCCOc1ccc(cc1C)C(CCC)(CCC)c2ccc(O)c(C)c2,13.82992389479606,43.08508983021157,False,False,False,7.06048074738138,not_flagged
Cc1c(c2ccc(O)cc2)n(Cc3ccc(OCCN4CCCC(C)(C)C4)cc3)c5ccc(O)cc15,13.816139352605699,102.95969941761349,False,False,False,6.82390874094432,not_flagged
Oc1ccc(cc1)N2C=Nc3cc(O)cc(c4ccccc4)c3C2=O,13.815717035989818,76.47899635508527,False,False,False,3.9933457329571,not_flagged
CC(=O)c1cccc(NC(=O)Cc2cccs2)c1,13.81440042925164,66.84846722958676,False,False,False,4.73179189747043,not_flagged
Oc1ccc(cc1)[C@H]2Sc3cc(O)ccc3O[C@H]2c4ccc(OCCN5CCC(F)(F)CC5)cc4,13.79611886246228,47.92164601242601,False,False,False,7.79588001734407,not_flagged
CC(C)CN1[C@H](C)Cc2ccccc2[C@H]1c3ccc(\C=C\C(=O)O)cc3,13.792517533692832,55.86318144455058,False,False,False,7.08618614761628,not_flagged
CN1C(=O)c2cc(C(=O)Nc3ccc4OCOc4c3)n(C)c2c5ccccc15,13.788841137454234,102.87016298375787,False,False,False,4.64658236917103,not_flagged
Oc1ccc(cc1)[C@H]2Sc3cc(O)ccc3O[C@H]2c4ccc(OCCN5C6CCC5CC6)cc4,13.768848991429548,36.63678120188706,False,False,False,9.04575749056067,not_flagged
Oc1ccc2cc(ccc2c1)c3cc(F)c(O)cc3F,13.718961849819188,97.33877747803871,False,False,False,7.56863623584101,not_flagged
CC1Oc2c(C)c(O)ccc2c3c(C)cc(O)c(C)c13,13.700589515983983,70.73394987777252,False,False,False,6.6252516539899,not_flagged
COc1cc(NC(=O)CSC2=Nc3ccccc3C(=O)N2C)ccc1NC(=O)c4occc4,13.67217528153184,146.53836315912542,False,False,False,4.48756630245776,not_flagged
Cc1occc1C(=O)NCc2cccc(CNC(=O)c3ccoc3C)c2,13.660746900377347,95.40330147319932,False,False,False,4.70597556793945,not_flagged
Cc1c(O)ccc2c1OC(=O)c3c(O)c(O)ccc23,13.633023095183912,61.77490409357793,False,False,False,5.89279003035213,not_flagged
CCc1c(O)ccc2c3ccc(O)c(F)c3OC(=O)c12,13.612259085316543,76.97599612753535,False,False,False,6.64206515299955,not_flagged
Oc1ccc(cc1)c2oc3c(cc(O)cc3n2)c4occc4,13.556245915842467,52.282189314215785,False,False,False,6.09205147838773,not_flagged
CC(C)Oc1ccc(cc1)c2c(C)c3cc(O)ccc3n2Cc4ccc(OCCN5CCCCCC5)cc4,13.523804856767496,50.33013687303512,False,False,False,7.09691001300806,not_flagged
COc1ccc2[C@H]3CC[C@]4(C)[C@H](CC[C@H]4[C@@H]3CCc2c1)OC(=O)C,13.520192747631665,61.17655031284987,False,False,False,4.18770003287361,not_flagged
C[C@@H](COc1ccc(cc1)C2Oc3ccc(O)cc3C(=C2c4ccc(cc4)S(=O)(=O)C)C)N5CC[C@@H](C)C5,13.495524089895062,76.64159636252022,False,False,False,8.24412514432751,not_flagged
Oc1ccc2O[C@H]([C@@H](CC3CCCC3)Sc2c1)c4ccc(OCCN5CCCCC5)cc4,13.486290639576962,41.17382876537061,False,False,False,8.52287874528034,not_flagged
Oc1ccc(cc1)C2=C(Br)c3c(O)cc(O)cc3C2=O,13.47281393338599,161.87308476394986,False,False,False,6.14874165128092,not_flagged
COCCCCCC[C@@H]1C[C@H]2[C@@H]3CC[C@H](O)C3CC[C@@H]2c4ccc(O)cc14,13.471113174162744,95.38937269040053,False,False,False,7.15490195998574,not_flagged
O=C(Nc1ccc2nn(nc2c1)c3ccccc3)c4ccc5OCOc5c4,13.423908279593903,86.6351224530243,False,False,False,5.20067048038761,not_flagged
CC1(N(CCc2cc(O)ccc12)c3cccc(Cl)c3)c4ccc(OCCN5CCCC5)cc4,13.417355907685515,50.6281454007856,False,False,False,7.18045606445813,not_flagged
Oc1ccc(cc1)c2sc3cc(O)ccc3c2C(=O)c4ccc(OCCN5CCCCC5)cc4,13.399974841730536,40.22888282757812,False,False,False,8.74472749489669,not_flagged
CC\C(=C(/c1ccccc1)\c2ccc(OCCN(C)C)cc2)\c3ccccc3,13.368898832589325,68.68492082344603,False,False,False,6.30102999566398,not_flagged
Oc1ccc(cc1)C(=Cc2ccccc2)c3ccc(O)cc3,13.361719814087511,36.954010737389325,False,False,False,6.82390874094432,not_flagged
COc1ccc2C(=C(C(=O)Oc2c1)c3ccc(F)cc3)Oc4ccc(OCCN(C)C)cc4,13.324136804505722,87.37895123686236,False,False,False,5.04769199033787,not_flagged
Oc1ccc2O[C@H]([C@H](Sc2c1)C3CCCCC3)c4ccc(OCCN5CCCCC5)cc4,13.320911512062862,42.18320092854387,False,False,False,8.58502665202918,not_flagged
Oc1ccc(cc1)[C@H]2Sc3cc(O)ccc3O[C@H]2c4ccc(OCCN5C6CCCC5CCC6)cc4,13.319407697240306,45.51302302690604,False,False,False,9.22184874961636,not_flagged
Oc1ccc2oc(nc2c1)c3ccc(O)c(Cl)c3,13.311267613957602,32.87461211925444,False,False,False,5.27736607746619,not_flagged
CC(C)c1ccc(cc1F)N2CCc3cc(O)ccc3C2(C)c4ccc(\C=C\C(=O)O)cc4,13.29486228670442,42.77130101508201,False,False,False,6.96657624451305,not_flagged
Oc1ccc2cc(ccc2c1)c3ccc(O)c(Cl)c3,13.293842337076565,19.67346836912677,False,False,False,6.97061622231479,not_flagged
Cc1cc(F)ccc1C2=C(Oc3ccc(\C=C\C(=O)O)cc3)c4ccc(O)cc4OC2=O,13.26829155659366,44.13105207650811,False,False,False,9.39794000867204,not_flagged
Cc1nocc1c2nc3ccccc3n2c4ccc(O)cc4,13.25325195131108,45.94693350016219,False,False,False,5.93554201077308,not_flagged
CCCCC(CCCC)(c1ccc(O)c(CC)c1)c2ccc(O)c(CC)c2,13.251450235147717,49.162142026664895,False,False,False,5.53760200210104,not_flagged
Oc1ccc(c(Cl)c1)c2oc3ccc(O)cc3n2,13.251252923031377,35.264472389816845,False,False,False,6.85698519974591,not_flagged
Oc1ccc(c(O)c1)c2oc3cc(O)ccc3n2,13.24177856271724,48.40131664213402,False,False,False,7.08618614761628,not_flagged
CCC1=N[C@@H]([C@@H](N1)c2ccc(O)cc2)c3ccc(OCCN4CCCCC4)cc3,13.236744554224128,87.829498961578,False,False,False,7.42021640338319,not_flagged
O=C(Nc1cccc(c1)c2cn3cccnc3n2)c4ccc5OCOc5c4,13.235466042367126,87.21252151886475,False,False,False,5.1756001326518,not_flagged
Oc1ccc2C(N(CCc2c1)c3ccccc3)c4ccc(cc4)N5CCN6CCCCC6C5,13.233739554561144,70.50430809585409,False,False,False,7.20065945054642,not_flagged
Oc1ccc(cc1)[C@H]2Sc3cc(O)ccc3O[C@H]2c4ccc(OCCN5CC6CCC5CC6)cc4,13.22372088922993,89.46838125961928,False,False,False,8.88605664769316,not_flagged
Oc1ccc(cc1)c2oc3c(Cl)cc(O)cc3c2,13.209993992755837,36.5427969788756,False,False,False,8.16749108729376,not_flagged
Oc1ccc2nc(oc2c1)c3ccc(O)c(F)c3,13.195438113244492,64.02355449468169,False,False,False,5.07417242537526,not_flagged
Oc1ccc(cc1)c2oc3cc(Cl)c(O)cc3n2,13.186549963098484,35.14254454936942,False,False,False,6.33348201944512,not_flagged
C[C@@H](COc1ccc(cc1)[C@@H]2Oc3ccc(O)c(F)c3[C@@H](C)[C@@H]2c4ccc(O)cc4)N5CC[C@@H](C)C5,13.180275260333369,75.57445463609855,False,False,False,9.04575749056067,not_flagged
C[C@@H](COc1ccc(cc1)[C@@H]2Oc3ccc(O)c(F)c3[C@@H](C)[C@@H]2c4ccc(O)cc4)N5CC[C@H](C)C5,13.180275260333367,75.57445463609855,False,False,False,8.60205999132796,not_flagged
COc1cc(F)ccc1C2=C(Cc3ccc(\C=C\C(=O)O)cc3)c4ccc(O)cc4OC2=O,13.171694501552048,45.61329049219476,False,False,False,7.95860731484177,not_flagged
Cc1ccc(OCc2ccoc2C(=O)O)cc1C,13.150932403876197,75.07953933223175,False,False,False,4.59448613658729,not_flagged
Cc1c(c2ccc(O)cc2)n(CCCCCCN3CCCC3)c4ccc(O)cc14,13.15045432947424,54.70940617726145,False,False,False,7.60205999132796,not_flagged
Oc1ccc2O[C@H]([C@H](Sc2c1)C3CCCC3)c4ccc(OCCN5CCCCC5)cc4,13.130728771941243,32.96255258630468,False,False,False,8.60205999132796,not_flagged
O=C(Nc1ccc(cc1)N2CCCC2)C(c3ccccc3)c4ccccc4,13.1133424407394,67.93396100570641,False,False,False,5.1492239246649,not_flagged
Oc1ccc(cc1)c2oc3c(C=O)cc(O)cc3n2,13.11321313688174,74.66790670180959,False,False,False,5.57872520878965,not_flagged
CCCC(CCC)(c1ccc(O)c(C)c1)c2ccc(OCC)c(C)c2,13.07414587629608,40.719400286535034,False,False,False,7.39794000867204,not_flagged
Oc1ccc(cc1)[C@H]2Sc3cc(O)ccc3O[C@H]2c4ccc(OCCN5CCC6(CC5)OCCO6)cc4,13.069484213601061,55.24475833543612,False,False,False,8.69897000433602,not_flagged
Oc1ccc(cc1)c2ccc3ccccc3c2,13.063697888249859,27.372585266739527,False,False,False,6.19517932127884,not_flagged
Oc1ccc(cc1)[C@H]2Sc3cc(O)ccc3O[C@H]2c4ccc(OCCN5C6CCCC5CC6)cc4,13.025639643497996,216.99545251997205,False,False,False,9.22184874961636,not_flagged
C[C@@H](COc1ccc(cc1)[C@@H]2Oc3ccc(O)c(F)c3[C@@H](C)[C@@H]2c4ccc(O)cc4)N5CCC[C@H]5C,13.007906136541967,72.24720527577995,False,False,False,9.15490195998574,not_flagged
Oc1ccc2C3=Nc4ccc(O)cc4OC3Cc2c1,12.996809185637202,105.61514218143495,False,False,False,5.2518119729938,not_flagged
CCOc1ccc(NC(=O)c2oc3nc4cc(OC)ccc4cc3c2)cc1,12.979073426292075,64.09806508608128,False,False,False,4.32540135160228,not_flagged
Cc1cc(F)ccc1C2=C(Oc3ccc(\C=C\C(=O)O)cc3)c4ccccc4OC2=O,12.971430238526613,49.60379337234477,False,False,False,7.14266750356873,not_flagged
Oc1ccc2cc(ccc2c1)c3ccccc3,12.970174387352962,25.010776746277063,False,False,False,5.87127771566157,not_flagged
CC(C)(C)[C@H]1Sc2cc(O)ccc2O[C@H]1c3ccc(OCCN4CCCCC4)cc3,12.964425203744629,110.27787502259083,False,False,False,7.95860731484177,not_flagged
Oc1ccc2ccc(cc2c1)c3ccccc3,12.953492858968138,25.42856915532485,False,False,False,5.4678828837512,not_flagged
CN(C)CCOc1ccc(cc1)\C(=C(\C)/c2ccccc2)\c3ccc(OC(=O)C)cc3,12.948153761524415,53.75683363090236,False,False,False,7.65757731917779,not_flagged
CN(C)CCOc1ccc(cc1)\C(=C(\CCCN=[N+]=[N-])/c2ccccc2)\c3ccc(O)cc3,12.937311938800178,92.52230149178183,False,False,False,7.88605664769316,not_flagged
COc1ccc2C(=C(C(=O)Oc2c1)c3ccc(F)cc3)Oc4ccc(OCCN5CCCCC5)cc4,12.926470099776168,85.12915665524952,False,False,False,5.16304326294045,not_flagged
COc1cc(O)c(Cl)c2cc(oc12)c3ccc(O)cc3,12.907212895895242,38.67870638890678,False,False,False,6.94309514866353,not_flagged
Cc1cc(O)cc2cc(oc12)c3ccc(O)c(F)c3,12.899956429077472,58.73552327417586,False,False,False,6.96257350205938,not_flagged
CC(C)CC(=O)Nc1ccc(cc1)C(=O)COc2ccc(cc2)c3ocnn3,12.893136630049534,57.65234329938289,False,False,False,4.65251269121475,not_flagged
CC\C(=C(/c1ccccc1)\c2ccc(O)cc2)\c3ccccc3,12.88498941337789,41.174585403788626,False,False,False,8.15490195998574,not_flagged
Oc1ccc(cc1)c2ccc3c(Cl)c(O)ccc3c2,12.876244159665722,20.54724215926477,False,False,False,7.04095860767891,not_flagged
Oc1ccc(c(O)c1)c2nn(C3CCCCC3)c4cc(O)ccc24,12.868764001579631,63.7937410585735,False,False,False,6.35359627377693,not_flagged
CC(C)CN1CCc2cc(O)c(C)cc2[C@H]1c3ccc(\C=C\C(=O)O)cc3,12.860162479824,40.94462026205194,False,False,False,7.36653154442041,not_flagged
CC1=C2c3ccc(O)cc3C[C@@]24CCC[C@H](C4)C1=O,12.856924661961713,86.36846919105263,False,False,False,6.3829996588791,not_flagged
Cc1cc(F)ccc1C2=C(c3ccc(\C=C\C(=O)O)cc3)c4ccc(O)cc4OC2=O,12.841395347557498,41.974655133413535,False,False,False,8.23657200643706,not_flagged
Oc1ccc(cc1)c2oc3cc(O)c(Cl)cc3n2,12.829979795635,34.461604383490325,False,False,False,5.55830486435928,not_flagged
CCOC(=O)COc1ccc(cc1Cc2ccc3ccccc3c2)c4ccc(OCCN(C)C)cc4,12.820709144907722,84.43706713112024,False,False,False,5.49485002168009,not_flagged
CC(C)CN1CCc2c(C)c(O)ccc2[C@H]1c3ccc(\C=C\C(=O)O)cc3,12.799097026136673,39.66225996822085,False,False,False,6.76955107862173,not_flagged
CCc1ccc(NC(=O)c2noc3CCCc23)cc1,12.796444019949542,75.56236625654402,False,False,False,5.10023474509524,not_flagged
COc1ccc(CNC(=O)c2cc(on2)c3cccs3)cc1,12.788481280339306,51.83398615638308,False,False,False,4.55705608184781,not_flagged
Oc1ccc2C3=Nc4ccc(O)cc4OC3CCc2c1,12.785994207696053,105.29922448449366,False,False,False,5.22184874961636,not_flagged
Cc1ccc(cc1)S(=O)(=O)N2CCc3cc(O)ccc3C2c4ccc(OCCN5CCCC5)cc4,12.76732985798683,65.80480635784433,False,False,False,7.60554831917378,not_flagged
Oc1ccc2cc(ccc2c1)c3cc(F)c(O)c(F)c3,12.76639267222254,74.64094413436891,False,False,False,7.03621217265444,not_flagged
Cc1cccc(c1)C2=C(Cc3ccc(\C=C\C(=O)O)cc3)c4ccc(O)cc4OC2=O,12.75725139112591,40.26272643213021,False,False,False,7.76955107862173,not_flagged
Oc1ccc2nc(oc2c1)c3ccc(O)c(Cl)c3,12.751883438028752,32.852356525813846,False,False,False,5.30102999566398,not_flagged
OC(=O)\C=C\c1ccc(CC2=C(C(=O)Oc3cc(O)ccc23)c4ccccc4)cc1,12.746232650311603,44.77189531044477,False,False,False,8.09151498112135,not_flagged
Oc1ccc(cc1)[C@H]2Sc3cc(O)ccc3O[C@H]2c4ccc(OCCN5C[C@H]6CCCC[C@H]6C5)cc4,12.744725448025315,21.260505133926273,False,False,False,9.0,not_flagged
CCCC(CCC)(c1ccc(O)c(C)c1)c2cc(C)c(O)c(O)c2,12.7444935794322,55.49879967857166,False,False,False,6.56703070912559,not_flagged
CC1=C2c3ccc(O)cc3C[C@@]24CC[C@H](C4)C1=O,12.74204954690964,255.31123258228965,False,False,False,6.1007268126824,not_flagged
CC(=CCc1c(O)c(O)cc([C@H]2CCc3ccc(O)cc3O2)c1CC=C(C)C)C,12.736079908836873,106.36364833535117,False,False,False,3.82073553566097,not_flagged
COc1cc(O)c(Br)c2cc(oc12)c3ccc(O)cc3,12.731488916412568,63.293723362577076,False,False,False,7.67778070526608,not_flagged
COc1ccc2c(c1)C(=O)Oc3cc(OCC(=O)N4CCC(C)CC4)ccc23,12.725876602438968,59.150523112066,False,False,False,4.93256087551421,not_flagged
Oc1ccc2nc(oc2c1)c3ccc(O)c(O)c3,12.701712496488636,40.75804446984786,False,False,False,5.61798295742513,not_flagged
CC(C)CN1[C@H](C)Cc2cc(O)ccc2[C@H]1c3ccc(\C=C\C(=O)O)cc3,12.693535849424672,40.78364515332162,False,False,False,8.88605664769316,not_flagged
Cc1ccc(cc1)N2CCc3cc(O)ccc3C2(C)c4ccc(\C=C\C(=O)O)cc4,12.685342008884282,34.27498475261512,False,False,False,6.68402965454308,not_flagged
Oc1ccc(c(F)c1)c2ccc3c(Cl)c(O)ccc3c2,12.677080812995063,76.56582122320515,False,False,False,7.23657200643706,not_flagged
Oc1ccc2O[C@H]([C@H](Sc2c1)c3occc3)c4ccc(OCCN5CCCCC5)cc4,12.671827378377566,38.90505074920666,False,False,False,7.45593195564972,not_flagged
CN(C1=C(C(=O)Oc2cc(O)ccc12)c3ccc(F)cc3C)c4ccc(\C=C\C(=O)O)cc4,12.660018222485942,43.88888927538187,False,False,False,8.00436480540245,not_flagged
COc1ccc(cc1)C2=C(Cc3ccc(\C=C\C(=O)O)cc3)c4ccc(O)cc4OC2=O,12.646779956749112,38.20945592641751,False,False,False,8.42021640338319,not_flagged
Cc1ccc(cc1C)n2nnnc2SCC(=O)Nc3ccc4C(=O)OCc4c3,12.629724818089272,147.49326787820985,False,False,False,4.56721279841171,not_flagged
Cc1cccc2c(C)cc(SCC(=O)NC(=O)NCc3occc3)nc12,12.627409326930776,98.39516839780637,False,False,False,4.49430925471006,not_flagged
CCCCC(CCCC)(c1ccc(O)c(C)c1)c2ccc(O)c(C)c2,12.599954616869827,40.45047184136642,False,False,False,7.85387196432176,not_flagged
CCCN(CCC)CCOc1ccc(Cn2c(c(C)c3cc(O)ccc23)c4ccc(O)cc4)cc1,12.597896244717644,26.321879249642034,False,False,False,7.09691001300806,not_flagged
Cc1c(c2ccc(F)cc2)n(Cc3ccc(OCCN4CCCCCC4)cc3)c5ccc(O)cc15,12.579759597279645,62.128776656929546,False,False,False,7.0,not_flagged
Cc1c(O)c(C)c2OC=C(C(=O)c2c1O)c3ccc(O)cc3,12.569864977982249,65.08195114593647,False,False,False,4.99139982823808,not_flagged
Oc1ccc(c(O)c1)c2oc3ccc(O)cc3n2,12.569723198623137,42.896288736125996,False,False,False,6.72124639904717,not_flagged
Cc1cc(F)ccc1C2=C(Cc3ccc(\C=C\C(=O)O)cc3)c4ccc(O)cc4OC2=O,12.565822004663055,41.98209428981578,False,False,False,8.4089353929735,not_flagged
Cc1cc(O)ccc1c2ccc3c(Cl)c(O)ccc3c2,12.559894178167538,23.396063383948885,False,False,False,7.39794000867204,not_flagged
Oc1ccc2c(noc2c1)c3ccc(O)c(Cl)c3,12.546531655222324,32.098635960850416,False,False,False,6.56383735295924,not_flagged
CCCC(=O)Oc1ccc(cc1)\C(=C(\C)/c2ccccc2)\c3ccc(OCCN4CCCCC4)cc3,12.54457257839133,55.08698762905078,False,False,False,7.47755576649368,not_flagged
Oc1ccc(cc1)c2oc3c(C=O)cc(O)cc3c2,12.530079227612388,68.18079211477226,False,False,False,6.58004425151024,not_flagged
Oc1ccc(cc1)C2=C(Br)c3ccc(O)cc3C2=O,12.52991826783197,103.1679647035773,False,False,False,6.53760200210104,not_flagged
CC(C)Oc1ccc(cc1)c2c(C)c3cc(O)ccc3n2Cc4ccc(OCCN5CCCCC5)cc4,12.52209801357902,25.854672244437374,False,False,False,7.0,not_flagged
Oc1ccc(cc1)C2=C(c3ccc(OCCN4CCCCC4)cc3)c5ccc(F)cc5OCC2,12.480741194123567,45.051849534859855,False,False,False,8.18708664335714,not_flagged
Oc1ccc2c(noc2c1)c3ccc(O)c(F)c3,12.477868290278746,64.90837340192658,False,False,False,6.79317412396815,not_flagged
Oc1ccc(c(O)c1)c2noc3cc(O)ccc23,12.46516283771701,36.294986547638885,False,False,False,7.61978875828839,not_flagged
Oc1ccc(cc1)c2cc(Cl)c3cc(O)ccc3n2,12.4646292405517,26.295659724117158,False,False,False,6.67162039656126,not_flagged
COc1cc(ccc1O)C(=O)CCc2cc3[C@H]4CC[C@]5(C)[C@@H](O)CC[C@H]5[C@@H]4CCc3cc2OC,12.456691356438402,64.95666063045837,False,False,False,4.18770003287361,not_flagged
CCN1CCc2nc(NC(=O)Cc3ccc4OCCOc4c3)sc2C1,12.434673495901173,69.65104053484174,False,False,False,4.54094482461076,not_flagged
Oc1ccc2C(=O)c3oc4cc(O)ccc4c3Oc2c1,12.400321491239303,65.50690664192545,False,False,False,6.25570701687732,not_flagged
Oc1ccc(c(O)c1)c2nn(c3cccc(F)c3)c4cc(O)ccc24,12.369519826649945,67.49173117605545,False,False,False,7.4089353929735,not_flagged
COc1cccc2C=C(C(=O)Oc12)c3cn4ccc(C)cc4n3,12.3666478814055,75.92523545119064,False,False,False,5.10505676838404,not_flagged
C[C@]12CC[C@H]3[C@@H](CCc4cc(O)ccc34)[C@@H]1C[C@@H](O)[C@@H]2O,12.364405214157307,68.45517704221908,False,False,False,8.77185639240226,not_flagged
Oc1ccc2ccc(OC(=O)c3ccccc3Cl)cc2c1,12.363867686365364,45.108523137836166,False,False,False,6.0,not_flagged
CN(C)CCOc1ccc(cc1)\C(=C(\CCN=[N+]=[N-])/c2ccccc2)\c3ccc(O)cc3,12.354988948612336,91.2221148143953,False,False,False,9.0,not_flagged
CCC1Oc2c(C)c(O)ccc2c3c(C)cc(O)c(C)c13,12.350498888086241,62.98992131457909,False,False,False,6.88941028970075,not_flagged
Oc1ccc(cc1)N2C(=O)c3ccc(O)cc3N=C2c4ccc(O)cc4,12.346762713646804,100.89858038802112,False,False,False,4.31450010090594,not_flagged
Oc1ccc(cc1)C2=Cc3cc(O)ccc3C24C(=O)c5ccccc5C4=O,12.32012413030504,106.9064035144466,False,False,False,7.04095860767891,not_flagged
Oc1ccc2c(OC(=O)c3c2oc4cc(O)ccc34)c1,12.319187058794085,63.28523000890667,False,False,False,7.95860731484177,not_flagged
OC(=O)\C=C\c1ccc(CC2=C(C(=O)Oc3cc(O)ccc23)c4ccc(F)cc4)cc1,12.298400717884075,45.995539567056596,False,False,False,8.04575749056067,not_flagged
CS(=O)(=O)N1CC(Cc2ccc(O)cc12)c3ccc(O)cc3,12.288820207920073,76.53933628583317,False,False,False,4.49349496759513,not_flagged
Oc1ccc2C(=O)c3cc(O)ccc3C(=O)c2c1,12.283606483379753,83.17612543827309,False,False,False,5.95860731484177,not_flagged
COc1cc(ccc1O)C2Oc3c(OC)cc(\C=C\CO)cc3C2CO,12.229579682311375,108.67993422883842,False,False,False,7.20823919598709,not_flagged
Oc1ccc(\C=C\C(=O)OCCc2ccccc2)cc1O,12.21107287693046,96.75604360081971,False,False,False,5.10171372141088,not_flagged
Cc1ccc(cc1)n2nc(c3ccc(O)cc3O)c4ccc(O)cc24,12.204613798920802,44.21163768224075,False,False,False,7.39794000867204,not_flagged
Oc1ccc2C3=C(N(C(=O)c2c1)c4ccc(OCCN5CCOCC5)cc4)c6ccc(O)cc6C3=O,12.194280823173207,86.12030243750071,False,False,False,4.70333480973847,not_flagged
COc1cccc(c1)C2=C(Cc3ccc(\C=C\C(=O)O)cc3)c4ccc(O)cc4OC2=O,12.182985965351218,38.51847021907649,False,False,False,7.38721614328026,not_flagged
CC1(N(CCc2cc(O)ccc12)c3ccccc3)c4ccc(\C=C\C(=O)O)cc4,12.169751555407965,39.396988129129255,False,False,False,6.43651891460559,not_flagged
CCCC(=O)Oc1ccc(cc1)\C(=C(\C)/c2ccccc2)\c3ccc(OCCN4CCCC4)cc3,12.162074973995178,57.42267466753108,False,False,False,7.56703070912559,not_flagged
C[C@]12CC[C@H]3[C@@H](CCc4cc(O)ccc34)[C@@H]1CC[C@@H]2O,12.16070996882647,45.229949219048,False,False,False,8.88605664769316,not_flagged
Cc1c(c2ccc(O)cc2)n(Cc3ccc(OCCN4CCCCC4)cc3)c5ccc(F)cc15,12.160385905916163,41.415430115294136,False,False,False,6.69897000433602,not_flagged
Oc1ccc(N2C(=O)c3ccc(O)cc3C2=O)c(F)c1,12.147838000961595,114.52354498285337,False,False,False,7.27572413039921,not_flagged
Oc1ccc(cc1)n2c(nc3ccccc23)c4ccccc4,12.139490631980511,44.67584380352554,False,False,False,5.74472749489669,not_flagged
OCCC1CCN(CCOc2ccc(cc2)[C@@H]3Oc4ccc(O)cc4S[C@@H]3c5ccc(O)cc5)CC1,12.127473636570011,25.411622230724582,False,False,False,8.13667713987954,not_flagged
Oc1cccc(c1)C2=Cc3cc(O)ccc3C24C(=O)c5ccccc5C4=O,12.123148807380712,134.84249882510778,False,False,False,6.43651891460559,not_flagged
Cc1c(c2ccc(F)cc2)n(Cc3ccc(OCCN4CCCCC4)cc3)c5ccc(O)cc15,12.121000475099297,36.83376099610173,False,False,False,7.39794000867204,not_flagged
CCCc1ccc(cc1)S(=O)(=O)N2CCc3cc(O)ccc3C2c4ccc(OCCN5CCCC5)cc4,12.112061610272523,78.89203611448242,False,False,False,7.53165266958784,not_flagged
CCC[C@@H]1CC[C@@H]2C[C@]13Cc4cc(O)ccc4C3=C(C)C2=O,12.09285887569715,68.18114585294971,False,False,False,7.07572071393812,not_flagged
CCC[C@H]1CC[C@@H]2C[C@]13Cc4cc(O)ccc4C3=C(C)C2=O,12.092858875697146,68.18114585294971,False,False,False,6.21824462534753,not_flagged
CCCC(CCC)(c1ccc(OCCN(C)C)c(C)c1)c2ccc(O)c(O)c2,12.09166349400884,51.4494518070676,False,False,False,6.64781748188864,not_flagged
Cc1c(c2ccc3OCOc3c2)n(Cc4ccc(OCCN5CCCCC5)cc4)c6ccc(O)cc16,12.085381037990386,50.32222567277075,False,False,False,7.15490195998574,not_flagged
Oc1ccc(cc1)c2cc(F)c3c(Cl)c(O)ccc3c2,12.085319829855651,84.07098836659681,False,False,False,7.39794000867204,not_flagged
CC[C@@H]1CC[C@@H]2C[C@]13Cc4cc(O)ccc4C3=C(C)C2=O,12.080871828026428,87.27052473137098,False,False,False,6.83564714421556,not_flagged
CC[C@H]1CC[C@@H]2C[C@]13Cc4cc(O)ccc4C3=C(C)C2=O,12.080871828026428,87.27052473137098,False,False,False,6.50863830616573,not_flagged
Cc1cc(ccc1n2c(C)ccc2C)C(=O)O,12.080602804635522,96.96442408824558,False,False,False,5.12292596536061,not_flagged
CCC[C@@H]1C[C@@H]2C[C@]13Cc4cc(O)ccc4C3=C(C)C2=O,12.04010361413113,248.59920017695796,False,False,False,7.01322826573375,not_flagged
CCOc1ccc(cc1)c2c(C)c3cc(O)ccc3n2Cc4ccc(OCCN5CCCCCC5)cc4,11.996317643759513,55.31643382981814,False,False,False,7.04575749056067,not_flagged
CCCCCc1ccc(cc1)N2CCc3cc(O)ccc3C2(C)c4ccc(\C=C\C(=O)O)cc4,11.981091754974921,42.08600103730765,False,False,False,7.25963731050576,not_flagged
Oc1cc(C=O)c2cc(ccc2c1)c3ccc(O)c(F)c3,11.973830232110348,95.97933941996209,False,False,False,7.13667713987954,not_flagged
COC[C@H](C)CN1[C@H](C)Cc2cc(O)ccc2[C@H]1c3ccc(\C=C\C(=O)O)cc3,11.973349776219617,38.31105508279007,False,False,False,8.23657200643706,not_flagged
CCCCc1ccc(cc1)N2CCc3cc(O)ccc3C2(C)c4ccc(\C=C\C(=O)O)cc4,11.938942640453483,38.549961761215016,False,False,False,7.63827216398241,not_flagged
C[C@@H]1CCC[C@H](C)N1CCOc2ccc(Cn3c(c(C)c4cc(O)ccc34)c5ccc(O)cc5)cc2,11.929515240180063,31.90010213315514,False,False,False,7.15490195998574,not_flagged
CCCC(CCC)(c1ccc(O)c(CC)c1)c2ccc(O)c(CC)c2,11.926794847364269,39.83437975005316,False,False,False,6.30980391997149,not_flagged
Oc1ccc(cc1)C2=Nc3ccc(O)cc3OC2,11.896639328397729,66.33580918108369,False,False,False,4.79588001734407,not_flagged
COc1cc(O)c(\C=C/C(C)(C)O)c2OC(CC(=O)c12)c3ccc(O)cc3,11.857021031357283,93.12277933923654,False,False,False,3.0,not_flagged
CCCC(CCC)(c1ccc(O)c(C)c1)c2ccc(O)c(C)c2,11.843149894411457,35.65040460723388,False,False,False,8.30980391997149,not_flagged
CC1=C(C(=O)Oc2cc(O)ccc12)c3ccc(O)cc3Cl,11.811248928319156,40.11323153252789,False,False,False,5.9072793553159,not_flagged
Oc1ccc(cc1)C2=Cc3cc(O)ccc3C24Cc5ccccc5C4,11.805424038554815,75.64771165200216,False,False,False,8.36653154442041,not_flagged
Oc1ccc(\C=C\C(=O)c2ccc(O)cc2O)cc1,11.804274366809022,87.92540030373655,False,False,False,5.7281583934635,not_flagged
CC(C)CN1CCc2cc(O)ccc2[C@@H]1c3ccc(\C=C\C(=O)O)cc3,11.781108518297122,39.27117453632421,False,False,False,7.3767507096021,not_flagged
CC(C)CN1CCc2cc(O)ccc2[C@H]1c3ccc(\C=C\C(=O)O)cc3,11.781108518297122,39.27117453632421,False,False,False,8.35654732351381,not_flagged
Cc1oc2c(cccc2n1)C(=O)NCc3ccccc3,11.7631190830377,35.61490588365123,False,False,False,4.31498570912566,not_flagged
C[C@]12CC[C@H]3[C@@H](CCc4cc(O)ccc34)[C@@H]1CC=C2CO,11.757572611882143,53.84985713105707,False,False,False,6.83863199776503,not_flagged
COc1cc(Cn2c(c(C)c3cc(O)ccc23)c4ccc(O)cc4)ccc1OCCN5CCCCCC5,11.752343295917106,54.56824545165615,False,False,False,7.24412514432751,not_flagged
Cc1cc(C)c2c(c1)C(=O)Oc3c(C)c(O)ccc23,11.745247014944997,44.18517342532995,False,False,False,5.43062609038495,not_flagged
CCC(CC)(c1ccc(O)c(C)c1)c2ccc(O)c(C)c2,11.740861063578993,35.96596403156067,False,False,False,7.60205999132796,not_flagged
OC(=O)\C=C\c1ccc(cc1)C2N(Cc3ccccc3)CCc4cc(O)ccc24,11.714963218040616,42.2847048425041,False,False,False,7.04575749056067,not_flagged
OC1C(Sc2ccccc2NC1=O)c3ccccc3,11.69579948684123,163.79488495411766,False,False,False,5.52050818833839,not_flagged
CCCCN(C)CCOc1ccc(Cn2c(c(C)c3cc(O)ccc23)c4ccc(O)cc4)cc1,11.691823133568803,25.266495122539627,False,False,False,7.55284196865778,not_flagged
Oc1ccc2OC(C(Sc2c1)c3ccc(F)cc3)c4ccc(OCCN5CCCCC5)cc4,11.679762210334669,33.83796020322127,False,False,False,8.42021640338319,not_flagged
C[C@H]1CCN(CCOc2ccc(cc2)[C@@H]3Oc4ccc(O)c(F)c4[C@@H](C)[C@@H]3c5ccc(O)cc5)C1,11.654082007749805,70.93355589188498,False,False,False,9.09691001300806,not_flagged
C[C@@H]1CCN(CCOc2ccc(cc2)[C@@H]3Oc4ccc(O)c(F)c4[C@@H](C)[C@@H]3c5ccc(O)cc5)C1,11.654082007749787,70.93355589188499,False,False,False,9.09691001300806,not_flagged
CC(C)(c1ccc(O)cc1)c2ccc(O)cc2,11.652824086886376,49.33207841813012,False,False,False,5.64378286578027,not_flagged
COc1cc(CNC(=O)[C@@]2(Cc3ccccc3)OC(=O)N([C@@H]4CCc5ccccc45)C2=O)cc(OC)c1,11.651679888629218,111.8478488975951,False,False,False,4.76955107862173,not_flagged
CC(C)Cc1c(O)cc(O)c2C(=O)C[C@H](Oc12)c3ccc(O)cc3,11.618489656655836,65.44008147092421,False,False,False,7.09691001300806,not_flagged
CNCCOc1ccc(cc1)C2=C(CCCc3cc(O)ccc23)c4ccccc4,11.60945889996129,63.24586427837804,False,False,False,8.52287874528034,not_flagged
CCCCCCCc1c(O)cc(O)c2C(=O)C[C@H](Oc12)c3ccc(O)cc3,11.60787375778049,78.06077836704753,False,False,False,6.40671393297954,not_flagged
Oc1cccc2c(OC(=O)c3ccccc3Cl)cccc12,11.59867925970359,49.28110723407167,False,False,False,6.20134935455473,not_flagged
Cc1ccc(C)c2c3ccc(O)c(C)c3OC(=O)c12,11.570791959087387,45.454502203175224,False,False,False,5.51229613683627,not_flagged
Oc1ccc(cc1)[C@@H]2Sc3c(O)cc(O)cc3O[C@@H]2c4ccc(OCCN5CCCCC5)cc4,11.526726949491769,46.44444834103237,False,False,False,7.60205999132796,not_flagged
Cc1cc(c(O)cc1O)c2noc3cc(O)ccc23,11.521944351192177,36.09510396943096,False,False,False,7.18708664335714,not_flagged
Cc1cc(F)ccc1C2=C(Cc3ccc(\C=C\C(=O)O)cc3)c4ccc(CO)cc4OC2=O,11.493176301051255,70.94722466079173,False,False,False,7.0,not_flagged
Cc1c(O)cc(O)c2C(=O)C[C@H](Oc12)c3ccc(O)cc3,11.49040968200757,76.23768620517315,False,False,False,5.28025450747042,not_flagged
CCCCC(CCCC)(c1ccc(O)cc1)c2ccc(O)cc2,11.470230934737968,39.93089687594531,False,False,False,7.10237290870956,not_flagged
OC(=O)\C=C\c1ccc(cc1)C2N(CCc3cc(O)ccc23)c4ccccc4,11.465781364023355,40.35079800822122,False,False,False,7.14874165128092,not_flagged
CC(C)CC1Oc2c(C)c(O)ccc2c3c(C)cc(O)cc13,11.439810316840887,57.13030736103781,False,False,False,6.20273245916928,not_flagged
CC(=CCc1c(O)cc(O)c2C(=O)CC(Oc12)c3ccc(O)cc3)C,11.4194954915582,91.70814707930072,False,False,False,7.24412514432751,not_flagged
Oc1ccc(cc1)C2=C(c3ccc(OCCN4CCCC4)cc3)c5ccc(F)cc5OCC2,11.412056766146847,55.2500545295855,False,False,False,7.98296666070122,not_flagged
C[C@H]1[C@@H]([C@@H](Oc2ccc(O)c(F)c12)c3ccc(OCCN4CCCCC4)cc3)c5ccc(O)cc5,11.406592197720514,59.72405739416696,False,False,False,9.09691001300806,not_flagged
Cc1c(O)ccc(c1O)c2noc3cc(O)ccc23,11.387762890141095,36.5723959525803,False,False,False,6.29157909986529,not_flagged
COC[C@@H]1CC2C(CC[C@]3(C)[C@@H](O)CCC23)c4ccc(O)cc14,11.38631593739756,45.965942763532134,False,False,False,6.30539480106643,not_flagged
CCN(CC)CCOc1ccc(Cn2c(c(C)c3cc(O)ccc23)c4ccc(O)cc4)cc1,11.383041675133413,28.334609478015736,False,False,False,7.39794000867204,not_flagged
C[C@@H]1CCN(CCOc2ccc(Cn3c(c(C)c4cc(O)ccc34)c5ccc(O)cc5)cc2)C1,11.376687022342955,41.315431764236095,False,False,False,9.30102999566398,not_flagged
C\C=C/c1cc(O)cc2nc(oc12)c3ccc(O)cc3,11.36024015376255,54.167887973505145,False,False,False,6.11069829749369,not_flagged
CCCCC1=C2c3ccc(O)cc3CC2(CCCC)CCC1=O,11.358609455472678,41.53539864403663,False,False,False,6.56383735295924,not_flagged
OC[C@H]1CCCN1CCOc2ccc(cc2)[C@@H]3Oc4ccc(O)cc4S[C@@H]3c5ccc(O)cc5,11.356893301146705,22.668874331830224,False,False,False,8.69897000433602,not_flagged
OC[C@@H]1CCCN1CCOc2ccc(cc2)[C@@H]3Oc4ccc(O)cc4S[C@@H]3c5ccc(O)cc5,11.356893301146703,22.66887433183022,False,False,False,8.4089353929735,not_flagged
Oc1ccc(cc1)c2ccc3c(c(O)ccc3c2)c4ccccc4,11.350043547631243,25.58030556888727,False,False,False,5.90974194706868,not_flagged
Oc1ccc(cc1)[C@H]2Sc3cc(O)ccc3O[C@H]2CCCN4CCCCC4,11.349698482588149,31.866446191819087,False,False,False,9.15490195998574,not_flagged
CC(C)CCc1c(O)cc(O)c2C(=O)C[C@H](Oc12)c3ccc(O)cc3,11.33580316815609,68.08714940687813,False,False,False,6.85387196432176,not_flagged
CCc1cc(ccc1O)C(CC)(CC)c2ccc(O)c(CC)c2,11.29207268248872,35.45890650434572,False,False,False,6.63827216398241,not_flagged
Oc1ccc(cc1)[C@@H]2CC(=O)c3c(O)cc(O)cc3O2,11.282191653170168,84.49186509664082,False,False,False,4.12319348890648,not_flagged
CCCCC12CCC(=O)C(=C1c3ccc(O)cc3C2)c4cccs4,11.280579371218954,58.78236694376564,False,False,False,7.1518108830086,not_flagged
C[C@@H](COc1ccc(cc1)[C@@H]2Oc3ccc(O)c(F)c3[C@@H](C)[C@@H]2c4ccc(O)cc4)N5CCCC5,11.239420325498806,67.00603277406194,False,False,False,9.30102999566398,not_flagged
Cc1cc(O)cc2OC(=O)c3c(C)c(O)ccc3c12,11.23112023732004,42.91066864774103,False,False,False,5.73048705578208,not_flagged
Oc1ccc(cc1)c2ccc3c(Cl)c(O)ccc3n2,11.212332413730723,25.290370466563473,False,False,False,6.19928292171761,not_flagged
Oc1ccc2C3=C(C(=O)CCC3(Cc2c1)c4ccccc4)c5occc5,11.204706340625485,76.29542845940118,False,False,False,6.41005039867429,not_flagged
Oc1ccc(c(O)c1)c2noc3ccc(O)cc23,11.197709114914185,55.204073599208606,False,False,False,5.39061905574929,not_flagged
COc1ccc2c(c1)C(=O)Oc3cc(OCC(=O)NC4CCCCC4)ccc23,11.185408650821174,66.95825500348519,False,False,False,4.74727072418482,not_flagged
CCOC(=O)c1ccc(NC(=O)CSc2nc(C)cc(O)n2)cc1,11.177723100439387,93.68531463059591,False,False,False,5.51390972181463,not_flagged
Cc1c(O)ccc2c1OC(=O)c3c(C)c(O)ccc23,11.140900017775863,43.46188761365426,False,False,False,6.79860287567955,not_flagged
Oc1ccc2Cc3sc4cc(O)ccc4c3C(c5ccc(OCCN6CCCCC6)cc5)c2c1,11.138753137383853,58.43173511699257,False,False,False,9.04575749056067,not_flagged
C[C@@H](COc1ccc(Cn2c(c(C)c3cc(O)ccc23)c4ccc(O)cc4)cc1)N5CCCC5,11.135431757084424,32.063079060445325,False,False,False,9.39794000867204,not_flagged
Oc1ccc(cc1)C2=C(Br)c3cc(O)ccc3C2=O,11.130090674895497,96.59552026403824,False,False,False,8.2839966563652,not_flagged
CCOc1cccc2C=C(C(=O)Oc12)c3cn4cc(C)ccc4n3,11.12859664505849,76.45998408838904,False,False,False,5.41807990968355,not_flagged
CCOc1ccc(cc1)c2c(C)c3cc(O)ccc3n2Cc4ccc(OCCN5CCCCC5)cc4,11.125433537299081,26.908980256615973,False,False,False,7.20760831050175,not_flagged
CCC1Oc2cc(O)ccc2N=C1c3ccc(O)cc3,11.124099540764943,68.36128327439442,False,False,False,6.07058107428571,not_flagged
Cc1cc(O)cc2C(=O)Oc3c(C)c(O)ccc3c12,11.121710693690272,42.99157995550268,False,False,False,6.23433144524099,not_flagged
O[C@@H]1CCN(CCOc2ccc(cc2)[C@@H]3Oc4ccc(O)cc4S[C@@H]3c5ccc(O)cc5)C1,11.118554934268712,22.678585533345775,False,False,False,8.76955107862173,not_flagged
Cc1cc(O)c(C)c2OC(=O)c3cc(O)ccc3c12,11.117415852699438,43.614467516699065,False,False,False,6.31158017799729,not_flagged
CCCC1Oc2cc(O)ccc2N=C1c3ccc(O)cc3,11.11126255992056,68.8880929362017,False,False,False,5.76955107862173,not_flagged
Oc1ccc(cc1)[C@H]2Sc3cc(O)ccc3O[C@H]2c4ccc(OCCN5CCC6(CCCC6)CC5)cc4,11.108955983531057,172.90373928492457,False,False,False,8.92081875395237,not_flagged
Oc1ccc2nc(oc2c1)c3cccc4ccccc34,11.096476469100214,35.58633453496384,False,False,False,5.72584215073632,not_flagged
CCCCCC12CCC(=O)C=C1c3ccc(O)cc3C2,11.096180847637653,47.15512412998665,False,False,False,5.42712839779952,not_flagged
Oc1ccc(cc1)C2=C(CCOc3cc(F)ccc23)c4ccc(OCCN5CCCC5)cc4,11.087281841093924,60.553792261702874,False,False,False,8.25414480482627,not_flagged
OC1CCN(CCOc2ccc(cc2)[C@@H]3Oc4ccc(O)cc4S[C@@H]3c5ccc(O)cc5)CC1,11.07157944810081,23.71516657036537,False,False,False,8.74472749489669,not_flagged
CC1(C)Oc2cc(O)ccc2N=C1c3ccc(O)cc3,11.060783314215875,97.371316674605,False,False,False,5.06550154875643,not_flagged
Oc1ccc2C3=C(N(C(=O)c2c1)c4ccc(OCCN5CCCCC5)cc4)c6ccc(O)cc6C3=O,11.05976024942671,81.90869966346352,False,False,False,5.46852108295774,not_flagged
Oc1ccc2C3=C(N(C(=O)c2c1)c4ccc(OCCN5CCCC5)cc4)c6ccc(O)cc6C3=O,11.038330615756093,88.76026441667591,False,False,False,5.14266750356873,not_flagged
CC1(N(CCc2cc(O)ccc12)c3ccc(F)cc3)c4ccc(\C=C\C(=O)O)cc4,11.014598576188996,37.89721510691903,False,False,False,6.69464863055338,not_flagged
CC1Oc2cc(O)ccc2N=C1c3ccc(O)cc3,11.000258764210878,71.46928260260242,False,False,False,5.76955107862173,not_flagged
O\N=C/1\[C@H]([C@H](Oc2cc(O)ccc12)c3ccc(OCCN4CCCCC4)cc3)c5ccc(O)cc5,10.970802400288525,74.76679758427892,False,False,False,5.98296666070122,not_flagged
Oc1cccc2c(OC(=O)\C=C\c3ccccc3)cccc12,10.970652941756708,65.55801654868041,False,False,False,5.5016894462104,not_flagged
Cc1ccc(cc1F)N2CCc3cc(O)ccc3C2(C)c4ccc(\C=C\C(=O)O)cc4,10.960682356508794,44.499682850269444,False,False,False,6.95467702121334,not_flagged
Cc1c(nn(c2ccc(O)cc2)c1c3ccc(\C=C\C(=O)N4CCCCC4)cc3)c5ccc(O)cc5,10.933378967092755,78.74405237511746,False,False,False,6.0,not_flagged
COc1ccc2c3ccc(O)c(C)c3OC(=O)c2c1C,10.927328417113038,37.971473999452286,False,False,False,6.0,not_flagged
OCC1CCN(CCOc2ccc(cc2)[C@@H]3Oc4ccc(O)cc4S[C@@H]3c5ccc(O)cc5)CC1,10.907635058912634,27.818352959537492,False,False,False,8.65757731917779,not_flagged
CCCC(CCC)(c1ccc(O)c(C)c1)c2ccc(O)c(O)c2,10.870509452836314,53.14453421865661,False,False,False,6.80134291304558,not_flagged
CN(C)CCOc1ccc(Cn2c(c(C)c3cc(O)ccc23)c4ccc(O)cc4)cc1,10.846473942465968,30.577403711241626,False,False,False,7.22184874961636,not_flagged
CC(=O)Oc1ccc(cc1)\C(=C(\C)/c2ccccc2)\c3ccc(OCCN4CCCCC4)cc3,10.821134646439942,45.48487293855535,False,False,False,7.90657831483776,not_flagged
CC(C)[C@H]1CCN(CCOc2ccc(cc2)[C@@H]3Oc4ccc(O)cc4S[C@@H]3c5ccc(O)cc5)C1,10.819461811919162,22.132415219583343,False,False,False,9.52287874528034,not_flagged
CC(C)[C@@H]1CCN(CCOc2ccc(cc2)[C@@H]3Oc4ccc(O)cc4S[C@@H]3c5ccc(O)cc5)C1,10.819461811919156,22.13241521958334,False,False,False,9.39794000867204,not_flagged
CCCCC12CCC(=O)C(=C1c3ccc(O)cc3C2)CCC,10.816361615805928,39.454954334614904,False,False,False,7.52287874528034,not_flagged
CC(C)(COc1ccc(cc1)[C@@H]2Oc3ccc(O)cc3S[C@@H]2c4ccc(O)cc4)N5CCCC5,10.815683082989134,43.0243096845137,False,False,False,9.15490195998574,not_flagged
COc1cc(Cn2c(c(C)c3cc(O)ccc23)c4ccc(O)cc4)ccc1OCCN5CCCCC5,10.795752256346262,32.23618895234366,False,False,False,7.09691001300806,not_flagged
Oc1ccc(cc1)C2=COc3cc(O)cc(O)c3C2=O,10.784587506211711,74.6498336500002,False,False,False,5.88605664769316,not_flagged
Oc1cccc(c1)C2=Cc3cc(O)ccc3C24Cc5ccccc5C4,10.718158064555299,91.39411520762303,False,False,False,7.45593195564972,not_flagged
CC1(C)CCCN1CCOc2ccc(cc2)[C@@H]3Oc4ccc(O)cc4S[C@@H]3c5ccc(O)cc5,10.71796062536657,62.52369007920114,False,False,False,9.04575749056067,not_flagged
C[C@H]1[C@@H]([C@@H](Oc2ccc(O)c(F)c12)c3ccc(OCCN4CCCCCC4)cc3)c5ccc(O)cc5,10.712200357905871,87.19942004209743,False,False,False,9.52287874528034,not_flagged
Oc1ccc2cc(cc(C=O)c2c1)c3ccc(O)c(F)c3,10.701320324513654,93.93408635004569,False,False,False,6.63638802010786,not_flagged
Cc1ccc(cc1)c2c(C)c3cc(O)ccc3n2Cc4ccc(OCCN5CCCCC5)cc4,10.699699769742448,29.936798852740438,False,False,False,6.95860731484177,not_flagged
Oc1cccc(c1)C2=Cc3ccc(O)cc3C24Cc5ccccc5C4,10.692897197944385,91.04906171489031,False,False,False,7.50863830616573,not_flagged
Oc1ccc(cc1)[C@H]2Sc3cc(O)ccc3O[C@H]2c4ccc(cc4)C5CCNCC5,10.688039144183907,63.211758898735795,False,False,False,8.76955107862173,not_flagged
CCCCCc1c(O)cc(O)c2C(=O)C[C@H](Oc12)c3ccc(O)cc3,10.679839341132334,70.56552798567719,False,False,False,6.41680122603138,not_flagged
OC(=O)CCCOc1ccc(cc1)\C(=C\CCc2ccccc2)\c3ccc(O)cc3,10.6747958777535,81.48677503844992,False,False,False,6.62893213772826,not_flagged
C\C=C/c1cc(O)cc2nc(oc12)c3ccc(O)cc3F,10.655263637019477,104.456833762045,False,False,False,6.26841123481326,not_flagged
CC[C@@]12C[C@H](O)[C@@](O)(C[C@H]1CCc3cc(O)ccc23)c4ccccc4,10.653913675286047,79.24257138086081,False,False,False,5.46852108295774,not_flagged
COc1ccc2[C@H]([C@H](SCc2c1)c3ccccc3)c4ccc(OCCN5CCCC5)cc4,10.648630563992285,56.91928461737682,False,False,False,7.88605664769316,not_flagged
COc1ccc2C(=C(CCOc2c1)c3ccc(O)cc3)c4ccc(OCCN5CCCC5)cc4,10.633463088584424,41.15386723946428,False,False,False,7.98716277529483,not_flagged
COc1ccc2c(c1)c(C)c(c3ccc(O)cc3)n2Cc4ccc(OCCN5CCCCC5)cc4,10.622338593420478,28.757195742169017,False,False,False,6.45593195564972,not_flagged
C[C@H]1CN(CCOc2ccc(cc2)[C@@H]3Oc4ccc(O)cc4S[C@@H]3c5ccc(O)cc5)C[C@@H]1C,10.612487670738497,23.949867484384484,False,False,False,9.30102999566398,not_flagged
C[C@@H]1CN(CCOc2ccc(cc2)[C@@H]3Oc4ccc(O)cc4S[C@@H]3c5ccc(O)cc5)C[C@@H]1C,10.612487670738496,23.949867484384487,False,False,False,9.15490195998574,not_flagged
C[C@@H]1CN(CCOc2ccc(cc2)[C@@H]3Oc4ccc(O)cc4S[C@@H]3c5ccc(O)cc5)C[C@H]1C,10.612487670738496,23.949867484384484,False,False,False,9.39794000867204,not_flagged
CC(=O)Oc1ccc(cc1)\C(=C(\C)/c2ccccc2)\c3ccc(OCCN4CCCC4)cc3,10.6001232879923,49.06793569041872,False,False,False,8.11350927482752,not_flagged
OC(=O)C1Nc2c(cccc2C(=O)N3CCOCC3)C4C=CCC14,10.585507644906823,137.86683939708112,False,False,False,4.79906008145814,not_flagged
Oc1cccc(c1)[C@H]2Sc3cc(O)ccc3O[C@H]2c4ccc(OCCNC5CCCCCC5)cc4,10.56189154262153,91.26917679964387,False,False,False,8.92081875395237,not_flagged
Oc1ccc2C3=C(COc2c1)c4ccc(O)cc4O[C@H]3c5ccc(OCCN6CCCCC6)cc5,10.5562857528513,55.62476398092137,False,False,False,9.21467016498923,not_flagged
Oc1ccc2C3=C(COc2c1)c4ccc(O)cc4O[C@@H]3c5ccc(OCCN6CCCCC6)cc5,10.5562857528513,55.62476398092137,False,False,False,7.29242982390206,not_flagged
CCCCC12CCC(=O)C=C1c3ccc(O)cc3C2,10.556262877736032,46.07232456732105,False,False,False,5.19044028536473,not_flagged
Oc1ccc(cc1)c2oc3c(cc(O)cc3n2)c4nccs4,10.55114195581628,60.93568139045041,False,False,False,5.87289520163519,not_flagged
CN(C)CCOc1ccc(cc1)N2C(=O)c3cc(O)ccc3C4=C2c5ccc(O)cc5C4=O,10.545044420088866,92.71595601496352,False,False,False,5.11918640771921,not_flagged
Oc1cccc(c1)N2CCc3cc(O)ccc3C2c4ccc(cc4)N5CCN(CC5)C6CCCCC6,10.537770200139333,78.20695844250817,False,False,False,6.75202673363819,not_flagged
CCCc1c(O)cc(O)c2C(=O)C[C@H](Oc12)c3ccc(O)cc3,10.535284470367134,67.33412185907935,False,False,False,6.80966830182971,not_flagged
CC(C)C[C@H]1Sc2cc(O)ccc2O[C@H]1c3ccc(OCCN4CCCCC4)cc3,10.520651225009015,23.027957152226328,False,False,False,8.52287874528034,not_flagged
CCCCC(=C(c1ccc(O)cc1)c2ccc(O)cc2)c3ccccc3,10.51589193919139,36.948558627717254,False,False,False,6.30102999566398,not_flagged
COc1cc2oc(cc2cc1O)c3ccc(O)cc3O,10.515727468149091,44.457403159837696,False,False,False,7.33724216831843,not_flagged
CC(=O)c1ccc(NCC(=O)N2CCN(CC2)c3ccccc3)cc1,10.511124061568584,65.10933828346458,False,False,False,5.29943818710162,not_flagged
OC(=O)c1cc(nc2ccccc12)c3occc3,10.496124469114404,78.76854425020312,False,False,False,4.63025440381758,not_flagged
Oc1ccc(cc1)c2nn(C3CCCC3)c4c(F)cccc24,10.460025173798378,110.3291091127235,False,False,False,7.74472749489669,not_flagged
CCCOC(=O)[C@H]1CC[C@H]2[C@@H]3CCc4cc(O)ccc4[C@H]3CC[C@]12C,10.45871192623709,49.38131029165173,False,False,False,7.03621217265444,not_flagged
COC[C@@H]1C[C@H]2[C@@H]3CCC(O)C3CC[C@@H]2c4ccc(O)cc14,10.453104685548448,85.41808492304563,False,False,False,5.64781748188864,not_flagged
Oc1ccc2C(N(CCc2c1)c3ccc(\C=C\C(=O)N4CCOCC4)cc3)c5ccccc5,10.446261617153706,49.510301778311806,False,False,False,8.22914798835786,not_flagged
CN1C(=O)\C(=C\2/SC(=NC2=O)Nc3cccc(C)c3C)\c4ccccc14,10.436371231723328,165.21085226555965,False,False,False,4.48278588582462,not_flagged
COc1cccc(c1)c2c(C)c3cc(O)ccc3n2Cc4ccc(OCCN5CCCCC5)cc4,10.424323038494723,30.84229650088945,False,False,False,6.92081875395237,not_flagged
Oc1ccc(cc1)[C@@H]2Sc3c(F)cc(O)cc3O[C@@H]2c4ccc(OCCN5CCCCC5)cc4,10.415078466237237,78.1620645509366,False,False,False,9.30102999566398,not_flagged
CC(C)[C@H](COc1ccc(cc1)[C@@H]2Oc3ccc(O)cc3S[C@@H]2c4ccc(O)cc4)N5CCCC5,10.406207915743725,19.357773823508705,False,False,False,9.30102999566398,not_flagged
CC(C)[C@@H](COc1ccc(cc1)[C@@H]2Oc3ccc(O)cc3S[C@@H]2c4ccc(O)cc4)N5CCCC5,10.40620791574372,19.3577738235087,False,False,False,9.15490195998574,not_flagged
Cc1c(c2ccc(O)cc2)n(Cc3ccc(OCCN4CCCCC4)cc3)c5ccccc15,10.383197418893191,33.0932564669926,False,False,False,6.92081875395237,not_flagged
CNC(=O)\C=C\c1ccc(cc1)C2(C)N(CCc3cc(O)ccc23)c4ccc(F)cc4,10.381273463775313,66.42154526467353,False,False,False,6.92081875395237,not_flagged
COc1ccc(cc1)c2c(C)c3cc(O)ccc3n2Cc4ccc(OCCN5CCCCC5)cc4,10.357845997955785,26.223793257840935,False,False,False,6.52287874528034,not_flagged
CC1(N(CCc2cc(O)ccc12)c3cccc(F)c3)c4ccc(\C=C\C(=O)O)cc4,10.356854163434404,44.81766765082685,False,False,False,6.29670862188134,not_flagged
CC(C)[C@H]1Sc2cc(O)ccc2O[C@H]1c3ccc(OCCN4CCCCC4)cc3,10.35557399822929,21.65044935147877,False,False,False,8.15490195998574,not_flagged
CN(C)c1cccc(c1)N2CCc3cc(O)ccc3C2(C)c4ccc(OCCN5CCCCC5)cc4,10.348589570418168,47.64407089800211,False,False,False,7.14874165128092,not_flagged
OC(=O)CCCOc1ccc(cc1)\C(=C\CCc2ccccc2)\c3cccc(O)c3,10.3437827332266,84.23458505909697,False,False,False,5.76955107862173,not_flagged
CCCCC12CCC(=O)C(=C1c3ccc(O)cc3C2)CC,10.334801531475321,37.062922471555126,False,False,False,6.57839607313017,not_flagged
Oc1ccc(cc1)[C@H]2Sc3cc(O)ccc3O[C@H]2c4ccc(cc4)N5CCNCC5,10.334486063202977,53.88970848442864,False,False,False,8.35654732351381,not_flagged
CC1CCCN(CCOc2ccc(Cn3c(c(C)c4cc(O)ccc34)c5ccc(O)cc5)cc2)C1,10.323763327905333,35.052912517092665,False,False,False,6.76955107862173,not_flagged
COc1ccc2C(=O)C(=C(Br)c2c1)c3ccc(O)cc3,10.321791187088841,78.37163262525047,False,False,False,5.74472749489669,not_flagged
CC1CCCCN1CCOc2ccc(Cn3c(c(C)c4cc(O)ccc34)c5ccc(O)cc5)cc2,10.314437487061504,29.88236723215202,False,False,False,7.69897000433602,not_flagged
Cc1ccc(N\C=C/2\C(=O)N(C(=O)c3ccccc23)c4ccc5OCOc5c4)cc1,10.311505395973356,88.11712045125853,False,False,False,4.70242943855046,not_flagged
C[C@@H](COc1ccc(cc1)[C@@H]2Oc3ccc(O)cc3S[C@@H]2c4ccc(O)cc4)N5CC[C@@H](C)C5,10.306829499283566,20.484022283647008,False,False,False,8.88605664769316,not_flagged
CCN1CCN(CC1C)c2ccc(cc2)C3N(CCc4cc(O)ccc34)c5ccccc5,10.301100969431797,54.525541565884275,False,False,False,7.42021640338319,not_flagged
CCCC(CCC)(c1ccc(O)cc1)c2ccc(O)cc2,10.280162132876173,34.21947897351311,False,False,False,7.00436480540245,not_flagged
Oc1ccc(cc1)c2nc3ccccc3n2Cc4ccc(OCCN5CCCCC5)cc4,10.277881342022155,44.92198392700034,False,False,False,5.29242982390206,not_flagged
CC1CN(CCN1C)c2ccc(cc2)C3N(CCc4cc(O)ccc34)c5ccccc5,10.259871861686056,54.4254602748099,False,False,False,7.16115090926274,not_flagged
CC1CCN(CCOc2ccc(Cn3c(c(C)c4cc(O)ccc34)c5ccc(O)cc5)cc2)CC1,10.245940214255569,37.149811811773915,False,False,False,7.43179827593301,not_flagged
C[C@H]1[C@@H]([C@@H](Oc2ccc(O)c(F)c12)c3ccc(OCCN4CCCC4)cc3)c5ccc(O)cc5,10.243134240490706,66.9221811304894,False,False,False,9.04575749056067,not_flagged
Oc1cccc(c1)C2=C(c3ccc(OCCN4CCCC4)cc3)c5ccc(F)cc5OCC2,10.232885201070474,58.51131467545568,False,False,False,7.85387196432176,not_flagged
CCCC12CCC(=O)C=C1c3ccc(O)cc3C2,10.227018391894148,62.23474628149033,False,False,False,5.59687947882418,not_flagged
OC(=O)c1ccc2N[C@H]([C@H]3CC=C[C@H]3c2c1)c4ccccn4,10.223031187903086,107.70343738606547,False,False,False,5.02077450712343,not_flagged
Oc1ccc2cc(ccc2c1)c3ccc(O)c(F)c3,10.2225130840242,55.32139166500511,False,False,False,7.03621217265444,not_flagged
CCCC(CCC)(c1ccc(O)cc1)c2ccc(O)c(O)c2,10.184441649415351,56.718359111762084,False,False,False,7.19928292171761,not_flagged
Oc1ccc2nc(oc2c1)c3cccc(O)c3O,10.182340910490373,65.72565729507971,False,False,False,5.62837807282398,not_flagged
CCC(CC)(c1ccc(O)c(C)c1)c2ccc(O)c(O)c2,10.166214339862181,54.83762129588689,False,False,False,6.17783192063198,not_flagged
CN1CCN(CC1)c2ccc(cc2)C3N(CCc4cc(O)ccc34)c5ccccc5,10.148677045347425,52.88310406620501,False,False,False,6.73282827159699,not_flagged
Oc1ccc(cc1)[C@H]2Sc3cc(O)ccc3O[C@H]2c4ccc(cc4)N5CCCNCC5,10.145885330651698,76.42857726250116,False,False,False,8.44369749923271,not_flagged
Oc1ccc2c(Oc3ccc(OCCN4CCCCC4)cc3)c(sc2c1)c5ccc(F)cc5,10.14366713883647,61.931385696433495,False,False,False,7.76447155309245,not_flagged
CC[C@H]1CCN(CCOc2ccc(cc2)[C@@H]3Oc4ccc(O)cc4S[C@@H]3c5ccc(O)cc5)C1,10.138456922608697,16.627714648376156,False,False,False,8.95860731484177,not_flagged
CC[C@@H]1CCN(CCOc2ccc(cc2)[C@@H]3Oc4ccc(O)cc4S[C@@H]3c5ccc(O)cc5)C1,10.138456922608693,16.627714648376156,False,False,False,9.04575749056067,not_flagged
Cc1c(c2ccc(O)cc2)n(Cc3ccc(OCCN4CCCCCC4)cc3)c5ccc(O)cc15,10.128179330603103,51.366868197838,False,False,False,7.63827216398241,not_flagged
CCN1CCN(CC1)c2ccc(cc2)[C@@H]3Oc4ccc(O)cc4S[C@@H]3c5ccc(O)cc5,10.11597426080805,34.26410370875884,False,False,False,9.0,not_flagged
COc1cc(O)cc2C(=O)C(=C(Br)c12)c3ccc(O)cc3,10.107406340463303,121.01952941694309,False,False,False,6.69897000433602,not_flagged
CN1CCN(CC1)c2ccc(cc2)[C@@H]3Oc4ccc(O)cc4S[C@@H]3c5ccc(O)cc5,10.102386740524889,36.21548806036266,False,False,False,9.0,not_flagged
Oc1ccc(cc1)C2=CC(=O)c3c(O)cc(O)cc3O2,10.090479603591225,86.37020518512935,False,False,False,5.90204892900585,not_flagged
Oc1ccc(cc1)c2ccc3c(F)c(O)ccc3c2,10.082859966729721,56.15215864063514,False,False,False,7.11350927482752,not_flagged
CCCn1nc(c2ccc(O)cc2)c3cccc(C)c13,10.078976902905023,44.55848614618093,False,False,False,7.39794000867204,not_flagged
Oc1ccc(cc1)[C@H]2Sc3cc(O)ccc3O[C@H]2c4ccc(OCCN5CCCC5)cc4,10.07200477597389,14.373575250404507,False,False,False,8.58502665202918,not_flagged
Oc1ccc2oc(nc2c1)c3cccc(O)c3O,10.06626261281367,67.39950438773968,False,False,False,5.29157909986529,not_flagged
CCCCCCc1cc2C=C(C(=O)Oc2cc1O)c3oc(nn3)c4ccccc4,10.041156235551682,97.97373224903681,False,False,False,4.45664441041485,not_flagged
CC1=C(C(=O)c2c(O)cc(O)cc12)c3ccc(O)cc3,10.041061882444772,66.0690709111462,False,False,False,7.50863830616573,not_flagged
Oc1ccc2O[C@H]([C@H](Sc2c1)c3ccncc3)c4ccc(OCCN5CCCCC5)cc4,10.040359174703536,36.723913797971576,False,False,False,6.30980391997149,not_flagged
Oc1ccc2nc(oc2c1)c3cccc4c(O)cccc34,10.03837269162474,26.654892153919796,False,False,False,6.93181413825384,not_flagged
CCC1CN(CCN1C)c2ccc(cc2)C3N(CCc4cc(O)ccc34)c5ccccc5,10.027736749632004,50.90033437557076,False,False,False,6.79048498545737,not_flagged
Oc1ccc2C(N(CCc2c1)c3ccccc3)c4ccccc4,10.027302039925356,23.534810350591815,False,False,False,7.51286162452281,not_flagged
Cc1c(c2ccccc2)n(Cc3ccc(OCCN4CCCCC4)cc3)c5ccc(O)cc15,10.0227711399732,30.174059597490533,False,False,False,7.52287874528034,not_flagged
Oc1ccc(cc1)[C@H]2Sc3cc(O)ccc3O[C@H]2c4ccc(OCCN5CCCCC5)cc4,10.016823543534926,16.259832714666782,False,False,False,8.50863830616573,not_flagged
Oc1ccc(cc1)[C@@H]2Sc3cc(O)ccc3O[C@@H]2c4ccc(OCCN5CCCCC5)cc4,10.016823543534874,16.259832714666782,False,False,False,8.52287874528034,not_flagged
Oc1ccc(cc1)[C@@H]2Sc3cc(O)ccc3O[C@H]2c4ccc(OCCN5CCCCC5)cc4,10.016823543534862,16.259832714666782,False,False,False,8.52287874528034,not_flagged
CC1(C)CCN(CCOc2ccc(cc2)[C@@H]3Oc4ccc(O)cc4S[C@@H]3c5ccc(O)cc5)C1,10.014050262922316,114.12721199679498,False,False,False,9.0,not_flagged
Oc1ccc(cc1)c2oc3ccc(O)cc3n2,10.013019259152655,31.227549524432618,False,False,False,5.911155437273,not_flagged
Oc1ccc2nc(cc(c3ccccc3)c2c1)c4ccc(O)c(F)c4,10.01039303931622,64.4115912242717,False,False,False,5.74112337062787,not_flagged
Oc1ccc2nc(oc2c1)c3ccc(O)c4ccccc34,10.008647484866877,27.203245472345436,False,False,False,5.72124639904717,not_flagged
Oc1ccc2C(N(CCc2c1)c3ccccc3)c4cccs4,10.008133089559893,49.72285101211628,False,False,False,7.30102999566398,not_flagged
COc1cc2[C@H]3CC[C@@]4(C)[C@@H](CCCC4=O)[C@@H]3CCc2cc1O,10.007514691950343,66.41135692683852,False,False,False,5.20760831050175,not_flagged
CCc1c(c2ccc(O)cc2)n(Cc3ccc(OCCN4CCCCC4)cc3)c5ccc(O)cc15,9.992695564981066,27.12730581388633,False,False,False,6.82390874094432,not_flagged
CCCC(=C(c1ccc(O)cc1)c2ccc(O)cc2)c3ccccc3,9.971493868831784,37.244659099768356,False,False,False,7.30102999566398,not_flagged
Oc1ccc2cc(ccc2c1)c3c(F)cc(O)cc3F,9.966425235705266,100.74055849789475,False,False,False,7.98716277529483,not_flagged
Oc1ccc(cc1)N2C(=O)c3ccc(O)cc3C2=O,9.964484419562483,77.3688132614842,False,False,False,7.07572071393812,not_flagged
Oc1ccc2O[C@H]([C@@H](Cc3ccccc3)Sc2c1)c4ccc(OCCN5CCCCC5)cc4,9.947498606108686,24.908466721666706,False,False,False,8.13076828026902,not_flagged
Oc1ccc2O[C@H]([C@H](Sc2c1)c3cccnc3)c4ccc(OCCN5CCCCC5)cc4,9.945829622911445,37.556332791477686,False,False,False,6.26600071346161,not_flagged
Oc1cccc(c1)[C@H]2Sc3cc(O)ccc3O[C@H]2c4ccc(OCCN5CCOCC5)cc4,9.943824338732307,45.57310370108976,False,False,False,8.42021640338319,not_flagged
Oc1ccc2OC(C(Sc2c1)c3ccccc3)c4ccc(OCCN5CCCCC5)cc4,9.93445186522365,23.259750997344618,False,False,False,7.92445303860747,not_flagged
Oc1ccc2O[C@@H]([C@@H](Sc2c1)c3ccccc3)c4ccc(OCCN5CCCCC5)cc4,9.934451865223648,23.259750997344618,False,False,False,8.20760831050175,not_flagged
CCCC[C@@]12CCC(=O)C(=C1c3ccc(O)cc3C2)C,9.91056272071408,35.279216648907564,False,False,False,6.24641694110709,not_flagged
CCCCC12CCC(=O)C(=C1c3ccc(O)cc3C2)C,9.91056272071408,35.279216648907564,False,False,False,6.20065945054642,not_flagged
Cc1c(c2ccc(O)cc2)n(Cc3ccc(OCCN4CCC(O)CC4)cc3)c5ccc(O)cc15,9.909864830328775,33.79867856084222,False,False,False,7.32790214206428,not_flagged
C[C@@H]1CCN(CCOc2ccc(cc2)[C@@H]3Oc4ccc(O)cc4S[C@@H]3c5ccc(O)cc5)C1,9.903000095059943,18.156390134797924,False,False,False,8.52287874528034,not_flagged
C[C@H]1CCN(CCOc2ccc(cc2)[C@@H]3Oc4ccc(O)cc4S[C@@H]3c5ccc(O)cc5)C1,9.90300009505994,18.15639013479792,False,False,False,9.0,not_flagged
Oc1ccc(cc1)C2=Cc3cc(O)ccc3C24C(=O)c5ccc(OCCN6CCCCC6)cc5C4=O,9.899329023596692,109.84845954665315,False,False,False,6.76447155309245,not_flagged
CC(C)CC12CCC(=O)C(=C1c3ccc(O)cc3C2)C,9.892937458928563,63.11636450995451,False,False,False,6.70996538863748,not_flagged
C\C=C\c1cccc2C(=O)Oc3c(C)c(O)ccc3c12,9.877372393107704,49.084140355006895,False,False,False,5.5185573714977,not_flagged
Oc1ccc2C(=O)N(C(=O)c2c1)c3cccc4c(O)cccc34,9.863809201277782,61.99162351265532,False,False,False,6.09582563171584,not_flagged
CC1=C2c3ccc(O)cc3CC2(C)CCC1=O,9.852912596648274,45.36803558945126,False,False,False,5.92445303860747,not_flagged
CCC(CC)(c1ccc(O)cc1)c2ccc(O)c(C)c2,9.851545578987272,30.187700400769813,False,False,False,6.95860731484177,not_flagged
C[C@]12CC[C@H]3[C@@H](CCc4cc(O)ccc34)[C@@H]1CCC2=O,9.849104217014656,54.00308303655558,False,False,False,6.67778070526608,not_flagged
CC(C)C12CCC(=O)C(=C1c3ccc(O)cc3C2)C,9.837346411898345,49.46070308836638,False,False,False,5.84771165561694,not_flagged
CC12CCC(=O)C=C1c3ccc(O)cc3C2,9.820369513941529,53.537617998365164,False,False,False,5.37212230542003,not_flagged
Oc1ccc(cc1)c2oc3ccc(O)cc3c2,9.812182034286781,29.183129872978142,False,False,False,6.75448733218585,not_flagged
Cc1ccc(cc1)C(=O)ONc2ccc(cc2)N=NC(=O)c3ccccc3O,9.811544285864285,229.97655140101267,False,False,False,5.07374967062203,not_flagged
CCCC12CCC(=O)C(=C1c3ccc(O)cc3C2)C,9.798842031814461,52.272431188385326,False,False,False,6.34198860334289,not_flagged
CCC[C@@]12CCC(=O)C(=C1c3ccc(O)cc3C2)C,9.798842031814461,52.272431188385326,False,False,False,6.34198860334289,not_flagged
Oc1ccc(cc1)[C@H]2Sc3cc(O)ccc3O[C@H]2c4ccc(COCCN5CCCCC5)cc4,9.788979028692424,22.99613974529016,False,False,False,8.63827216398241,not_flagged
CCOC(=O)c1cc(O)cc2nc(oc12)c3ccc(O)cc3,9.786516989612794,62.21291661452965,False,False,False,5.10640466618012,not_flagged
C[C@@H]1CCCN1CCOc2ccc(cc2)[C@@H]3Oc4ccc(O)cc4S[C@@H]3c5ccc(O)cc5,9.784102668314535,16.13246070467966,False,False,False,9.15490195998574,not_flagged
C[C@H]1CCCN1CCOc2ccc(cc2)[C@@H]3Oc4ccc(O)cc4S[C@@H]3c5ccc(O)cc5,9.784102668314535,16.13246070467966,False,False,False,9.09691001300806,not_flagged
Oc1ccc2C(=O)N(C(=O)c2c1)c3ccccc3,9.77072318101212,58.96429940995688,False,False,False,5.56863623584101,not_flagged
Oc1ccc(cc1)[C@H]2Sc3cc(O)ccc3O[C@H]2c4ccc(cc4)C5=CCNCC5,9.767791413624122,94.8671310452788,False,False,False,8.85387196432176,not_flagged
Fc1ccc(cc1)C2=C(Nc3ccc(OCCN4CCCCC4)cc3)c5ccccc5OC2=O,9.76741660003594,69.25272697782738,False,False,False,5.10846254232744,not_flagged
Oc1ccc(cc1)C2=C3c4ccc(O)cc4CC3(Cc5ccccc5)CCC2=O,9.767162516371062,71.4301445228577,False,False,False,6.65757731917779,not_flagged
Oc1ccc(cc1)N2C(=O)c3cc(O)cc(Br)c3C2=O,9.755465418876188,160.0592147760015,False,False,False,7.44369749923271,not_flagged
Oc1ccc2nc(c3ccccc3)n(Cc4ccc(OCCN5CCCCC5)cc4)c2c1,9.733263678818057,39.39563653011164,False,False,False,6.50863830616573,not_flagged
Oc1ccc(cc1)C(=O)OC(c2ccccc2)c3ccccc3,9.72141657869896,52.28229000591345,False,False,False,6.53760200210104,not_flagged
CCN(CC)CCOc1ccc(cc1)N2C(=O)c3cc(O)ccc3C4=C2c5ccc(O)cc5C4=O,9.718272767724988,91.4481134419818,False,False,False,5.17392519729917,not_flagged
Oc1ccc2C(=O)N(C(=O)c2c1)c3ccc(O)c4ccccc34,9.713040858626147,62.52176590585006,False,False,False,5.57839607313017,not_flagged
CC(C)c1cccc(c1)N2CCc3cc(O)ccc3C2(C)c4ccc(OCCN5CCCCC5)cc4,9.707811855444907,29.74419474867264,False,False,False,7.33724216831843,not_flagged
Oc1ccc(cc1)C2=C(c3ccc(OCCN4CCCC4)cc3)c5ccc(O)cc5OCC2,9.684013175368364,41.273627429066025,False,False,False,8.07572071393812,not_flagged
Oc1ccc(cc1)c2oc3cc(O)ccc3n2,9.674301098211863,30.750302415729518,False,False,False,6.04479346245806,not_flagged
CC[C@H](COc1ccc(cc1)[C@@H]2Oc3ccc(O)cc3S[C@@H]2c4ccc(O)cc4)N5CCCC5,9.66814321103818,16.10091009975261,False,False,False,9.15490195998574,not_flagged
CC[C@@H](COc1ccc(cc1)[C@@H]2Oc3ccc(O)cc3S[C@@H]2c4ccc(O)cc4)N5CCCC5,9.668143211038178,16.100910099752607,False,False,False,9.30102999566398,not_flagged
COc1cc(O)cc2nc(oc12)c3ccc(O)cc3,9.665887888790094,32.26695869674462,False,False,False,5.59226927197366,not_flagged
Oc1ccc2C(Cc3ccccc3)N(CCc2c1)c4ccccc4,9.662190431490037,23.681985068869324,False,False,False,8.17392519729917,not_flagged
Cc1c(O)ccc2c3ccc(O)cc3OC(=O)c12,9.657295362254162,43.7823607640934,False,False,False,5.93181413825384,not_flagged
Oc1ccc(cc1)c2noc3cc(O)ccc23,9.64410319676829,26.08933877481727,False,False,False,6.08884239126002,not_flagged
Oc1ccc(cc1)[C@H]2Sc3cc(O)ccc3O[C@H]2c4ccc(OCCCN5CCCC5)cc4,9.633305197410287,17.93212559930628,False,False,False,8.76955107862173,not_flagged
CCC(=C(c1ccc(O)cc1)c2ccc(O)cc2)c3ccccc3,9.626747330311131,38.657712948319656,False,False,False,7.82390874094432,not_flagged
C[C@]12CC[C@H]3[C@@H](CCc4cc(OC(=O)c5ccccc5)ccc34)[C@@H]1CC[C@@H]2O,9.624649102596198,54.056127751959075,False,False,False,7.18708664335714,not_flagged
Oc1ccc2c(noc2c1)c3cccc4ccc(O)cc34,9.623259295905399,27.385425110190074,False,False,False,5.76270766243254,not_flagged
Cc1c(c2cccc(O)c2)n(Cc3ccc(OCCN4CCCCCC4)cc3)c5ccc(O)cc15,9.622507313148848,64.82182034949511,False,False,False,8.04575749056067,not_flagged
Cc1c(O)ccc2c1OC(=O)c3cc(O)ccc23,9.620043286355832,44.886967475394826,False,False,False,6.18442225167573,not_flagged
CCC(CC)(c1ccc(O)cc1)c2ccc(O)cc2,9.614298146471489,31.961895398779717,False,False,False,7.06550154875643,not_flagged
Oc1ccc(cc1)[C@H]2Sc3cc(O)ccc3O[C@H]2c4ccc(CCCN5CCCCC5)cc4,9.598401200975227,28.583434912989652,False,False,False,8.85387196432176,not_flagged
Oc1ccc(cc1)c2oc3c(cc(O)cc3n2)c4cccs4,9.591418424380976,56.40839490299214,False,False,False,5.98716277529483,not_flagged
Oc1ccc2c(cccc2c1)c3oc4cc(O)c(F)cc4n3,9.57466457158592,66.43929857802117,False,False,False,6.36251027048749,not_flagged
Oc1ccc(cc1)[C@H]2[C@H](Oc3cc(O)cc(Cl)c3C2=O)c4ccc(OCCN5CCCCC5)cc4,9.57420036128184,60.0975453479457,False,False,False,7.23657200643706,not_flagged
CC[C@H](CN1CCCC1)Oc2ccc(cc2)[C@@H]3Oc4ccc(O)cc4S[C@@H]3c5ccc(O)cc5,9.566598570115339,16.72276860501751,False,False,False,8.92081875395237,not_flagged
CC[C@@H](CN1CCCC1)Oc2ccc(cc2)[C@@H]3Oc4ccc(O)cc4S[C@@H]3c5ccc(O)cc5,9.566598570115339,16.722768605017507,False,False,False,9.09691001300806,not_flagged
CC(Cc1ccc(O)c(O)c1)C(C)Cc2ccc(O)c(O)c2,9.560930341649874,92.84222220687762,False,False,False,4.65377087582302,not_flagged
Cc1c(c2ccc(O)cc2)n(Cc3ccc(OCCCN4CCCCC4)cc3)c5ccc(O)cc15,9.557762862078004,30.551153032423677,False,False,False,7.00436480540245,not_flagged
Oc1ccc2c(noc2c1)c3cccc4c(O)cccc34,9.545198101683056,26.35761492175017,False,False,False,8.22184874961636,not_flagged
CN(C)C(=O)\C=C\c1ccc(cc1)N2CCc3cc(O)ccc3C2c4ccccc4,9.53826531009584,41.02417381696975,False,False,False,8.09691001300806,not_flagged
Cc1c(c2ccc(O)cc2)n(Cc3ccc(OCCN4CCCCC4)cc3)c5ccc(O)cc15,9.528482408208742,26.374254847936363,False,False,False,7.85387196432176,not_flagged
COc1ccc(cc1)C2Sc3cc(O)ccc3OC2c4ccc(OCCN5CCCCC5)cc4,9.492723797668097,22.28257958885287,False,False,False,7.38615817812393,not_flagged
CC1Oc2c(C)c(O)ccc2c3c(C)cc(O)cc13,9.488109049585697,55.2778054285254,False,False,False,5.91721462968355,not_flagged
CC(C)c1ccc(cc1)N2CCc3cc(O)ccc3C2(C)c4ccc(OCCN5CCCCC5)cc4,9.487941741776563,29.689125401128454,False,False,False,7.14874165128092,not_flagged
CC[C@@]12CCC(=O)C(=C1c3ccc(O)cc3C2)C,9.475165542901225,38.42285406321815,False,False,False,5.91721462968355,not_flagged
CCC12CCC(=O)C(=C1c3ccc(O)cc3C2)C,9.475165542901216,38.422854063218146,False,False,False,5.91721462968355,not_flagged
Cc1nnc(Oc2ccccc2F)c3ccccc13,9.473782512414259,85.18451925672868,False,False,False,4.52307567008513,not_flagged
CC\C(=C(\CC)/c1ccc(O)cc1)\c2ccc(O)cc2,9.469786696554829,31.104948909109943,False,False,False,9.48148606012211,not_flagged
C[C@H](COc1ccc(cc1)[C@@H]2Oc3ccc(O)cc3S[C@@H]2c4ccc(O)cc4)N5CCCC5,9.461462685233238,16.23613335357713,False,False,False,8.88605664769316,not_flagged
C[C@@H](COc1ccc(cc1)[C@@H]2Oc3ccc(O)cc3S[C@@H]2c4ccc(O)cc4)N5CCCC5,9.461462685233235,16.23613335357713,False,False,False,8.88605664769316,not_flagged
Oc1ccc(cc1)C2=C(c3ccccc3)c4cc(O)cc(O)c4C2=O,9.455868743673,73.57194185944402,False,False,False,8.52287874528034,not_flagged
CC1Oc2c(C)c(O)ccc2c3ccc(O)c(C)c13,9.448110932259668,54.64417428539131,False,False,False,6.47495519296315,not_flagged
Oc1ccc(cc1)c2oc3c(cc(O)cc3n2)c4ccccc4,9.446107225487165,32.37322666921229,False,False,False,5.88605664769316,not_flagged
Oc1ccc(cc1)[C@H]2Sc3cc(O)ccc3O[C@H]2c4ccc(CN5CCCCC5)cc4,9.43643663068213,27.356081617107797,False,False,False,6.80966830182971,not_flagged
Oc1ccc(cc1)[C@@H]2Sc3ccccc3O[C@@H]2c4ccc(OCCN5CCCCC5)cc4,9.412032462043818,22.969552381001932,False,False,False,8.0,not_flagged
C[C@@H](CN1CCCC1)Oc2ccc(cc2)[C@@H]3Oc4ccc(O)cc4S[C@@H]3c5ccc(O)cc5,9.40686225865925,16.8247221115571,False,False,False,8.60205999132796,not_flagged
C[C@H](CN1CCCC1)Oc2ccc(cc2)[C@@H]3Oc4ccc(O)cc4S[C@@H]3c5ccc(O)cc5,9.406862258659244,16.824722111557104,False,False,False,8.20065945054642,not_flagged
CC1=CC[C@@]2(CO)COC([C@@H]1C2)c3ccc(O)cc3,9.39904909414774,98.95581177646096,False,False,False,5.49485002168009,not_flagged
Oc1ccc2nc(oc2c1)c3cccc4cc(O)ccc34,9.389740271968414,32.46953665003207,False,False,False,7.45593195564972,not_flagged
Oc1ccc2c(cccc2c1)c3oc4ccc(O)cc4n3,9.381400094249793,34.16734315672693,False,False,False,6.8153085691824,not_flagged
Cc1cc(C)c2c(c1)C(=O)Oc3cc(O)ccc23,9.329793247923723,40.23939048798446,False,False,False,6.23284413391782,not_flagged
Oc1ccc2nc(oc2c1)c3ccc4cc(O)ccc4c3,9.295883935021878,33.936678821330496,False,False,False,6.10790539730952,not_flagged
Oc1ccc2cc(ccc2c1)c3oc4ccc(O)cc4n3,9.259240106154568,35.70308516111007,False,False,False,5.42021640338319,not_flagged
COc1ccc2C(=C(C(=O)Oc2c1)c3ccc(F)cc3)Nc4ccc(OCCN5CCCCC5)cc4,9.257241861099864,72.67958820504501,False,False,False,5.09908693226233,not_flagged
CCc1cc(OC)cc2C(=O)Oc3c(C)c(O)ccc3c12,9.255186241814009,38.924478783338,False,False,False,5.00744648216786,not_flagged
CCc1c(O)ccc2c3ccc(O)c(C)c3OC(=O)c12,9.253253003902975,45.14714665922708,False,False,False,6.31515463835559,not_flagged
Oc1ccc(cc1)c2sc3cc(O)ccc3c2Oc4ccc(OCCN5CCCCC5)cc4,9.245239882095895,42.99479800960416,False,False,False,8.10790539730952,not_flagged
COc1ccc(N2C(=O)c3ccc(O)cc3C2=O)c(OC)c1,9.232484592956874,63.48971670315126,False,False,False,5.60730304674033,not_flagged
Cc1cc(O)cc2S[C@H]([C@H](Oc12)c3ccc(OCCN4CCCCC4)cc3)c5ccc(O)cc5,9.230998427884934,16.787095719873072,False,False,False,8.27572413039921,not_flagged
CNCCOc1ccc(cc1)\C(=C(\CCCO)/c2ccccc2)\c3ccc(O)cc3,9.228515607300729,64.97941556096146,False,False,False,5.47625353318844,not_flagged
COc1cc(O)c(\C=C/C(C)(C)O)c2O[C@@H](CC(=O)c12)c3ccccc3,9.219853544087732,80.1610566212408,False,False,False,2.45593195564972,not_flagged
CC1CCCC(C)N1CCOc2ccc(cc2)[C@@H]3Oc4ccc(O)cc4S[C@@H]3c5cccc(O)c5,9.216303380700372,37.12960938043027,False,False,False,8.46852108295774,not_flagged
CCC(CC)(c1ccc(O)cc1)c2ccc(O)c(O)c2,9.211365073768942,57.443483206338506,False,False,False,6.81247927916354,not_flagged
CC(=C(c1ccc(O)cc1)c2ccc(O)cc2)c3ccccc3,9.20362101577594,41.451311518366666,False,False,False,7.52287874528034,not_flagged
CN1CCCN(CC1)c2ccc(cc2)[C@@H]3Oc4ccc(O)cc4S[C@@H]3c5ccc(O)cc5,9.200539683304193,63.00520482914466,False,False,False,8.44369749923271,not_flagged
Oc1ccc(cc1)C2=C(c3ccccc3)c4c(O)cc(O)cc4C2=O,9.198403473840482,84.48210447448074,False,False,False,7.32790214206428,not_flagged
CC1=C(c2ccc(O)cc2)C3(Cc4ccccc4C3)c5ccc(O)cc15,9.192661958184559,82.5680520313323,False,False,False,7.72124639904717,not_flagged
CCc1c(O)ccc2c1OC(=O)c3c(C)c(O)ccc23,9.188813570884406,45.79876453725751,False,False,False,6.64016451766011,not_flagged
CCc1cc(O)cc2C(=O)Oc3c(C)c(O)ccc3c12,9.176012169118057,46.0595480965503,False,False,False,5.74957999769111,not_flagged
Oc1ccc(cc1)C2(CCCC2)c3ccc(O)cc3,9.169485447806185,45.04262812389402,False,False,False,6.76955107862173,not_flagged
CN(C)c1cccc(c1)N2CCc3cc(O)ccc3C2(C)c4ccc(OCCN5CCCC5)cc4,9.118244230209646,55.534684989713924,False,False,False,7.0268721464003,not_flagged
Oc1ccc2cc(ccc2c1)c3noc4ccc(O)cc34,9.027273239704366,32.79950155829296,False,False,False,6.33441900898205,not_flagged
Oc1ccc2c(noc2c1)c3ccc4cc(O)ccc4c3,9.021234333337153,31.766555707238858,False,False,False,8.09691001300806,not_flagged
CCc1ccc2nc(O)c(CN(Cc3ccc4OCOc4c3)C(=O)c5occc5)cc2c1,8.997662382886618,66.84434817113323,False,False,False,4.58183680975872,not_flagged
CC(C)N1CCN(CC1)c2ccc(cc2)C3N(CCc4cc(O)ccc34)c5cccc(O)c5,8.992585570574835,58.223172085075774,False,False,False,7.08092190762393,not_flagged
Oc1ccc(cc1)c2ccc3ccc(O)cc3c2,8.968098922784744,24.2578724302135,False,False,False,6.35457773065091,not_flagged
Oc1ccc(cc1)c2ccc3cc(O)ccc3c2,8.962839783955536,21.3437538390271,False,False,False,6.67571754470231,not_flagged
Cc1c(c2cccc(O)c2)n(Cc3ccc(OCCN4CCCCC4)cc3)c5ccc(O)cc15,8.956709445849027,40.199140133900656,False,False,False,7.72124639904717,not_flagged
Oc1ccc(cc1)c2oc3c(cc(O)cc3n2)C4CCCC4,8.952819553850155,54.857197073169864,False,False,False,5.99567862621736,not_flagged
Oc1ccc(cc1)C2(CCCCC2)c3ccc(O)cc3,8.950048465503318,41.257734882515244,False,False,False,6.2839966563652,not_flagged
Cc1cc(O)ccc1N2C(=O)c3ccc(O)cc3C2=O,8.948725713300067,72.69894827188033,False,False,False,6.09582563171584,not_flagged
Oc1ccc(cc1)C2=C(c3ccccc3)c4ccc(O)cc4C2=O,8.943476346274172,78.21304445580193,False,False,False,8.04575749056067,not_flagged
Oc1cccc(c1)c2ccc3cc(O)ccc3c2,8.92053978409201,23.974103273170236,False,False,False,6.63827216398241,not_flagged
Oc1ccc(cc1)c2cc(F)c3cc(O)ccc3c2,8.889497676283064,89.83743433384657,False,False,False,7.65757731917779,not_flagged
COc1cc2[C@H]3CC[C@@]4(C)[C@@H](CCC4=O)[C@@H]3CCc2cc1O,8.866699925878452,54.22028023233462,False,False,False,4.95860731484177,not_flagged
Oc1cccc(c1)c2ccc3ccc(O)cc3c2,8.846043804699908,32.827769836054905,False,False,False,5.57806718672149,not_flagged
Oc1ccc2c(Oc3ccc(OCCN4CCCCC4)cc3)c(sc2c1)c5ccccc5,8.8380044797527,44.20491436409918,False,False,False,7.96257350205938,not_flagged
COc1ccc2[C@H]([C@H](OCc2c1)c3ccccc3)c4ccc(OCCN5CCCC5)cc4,8.836843685779815,59.93419765372805,False,False,False,7.4089353929735,not_flagged
Oc1ccc(cc1)c2ccc3c(O)cccc3c2,8.80478877915712,22.705337156749323,False,False,False,7.65757731917779,not_flagged
CC(C)CN1CCN(CC1)c2ccc(cc2)C3N(CCc4cc(O)ccc34)c5cccc(O)c5,8.78313928010893,60.70834115411986,False,False,False,6.92445303860747,not_flagged
Oc1ccc2C(CC3CCCCC3)N(CCc2c1)c4ccccc4,8.763513968978467,42.629170584234345,False,False,False,7.27490547891853,not_flagged
Oc1ccc(C[C@H]2Sc3cc(O)ccc3O[C@H]2c4ccc(OCCN5CCCCC5)cc4)cc1,8.759613647902507,31.236696889376752,False,False,False,8.56863623584101,not_flagged
Oc1cccc(c1)N2CCc3cc(O)ccc3C2c4ccc(cc4)N5CCN(CC5)C6CCCC6,8.754764857532255,83.00776370554954,False,False,False,6.9100948885606,not_flagged
Cc1cc(O)c2cccc(c3oc4cc(O)ccc4n3)c2c1,8.749247014328054,32.183793276613955,False,False,False,6.78781239559604,not_flagged
Oc1cccc(c1)c2ccc3c(O)cccc3c2,8.7304241865756,30.7675033481273,False,False,False,5.83803338363593,not_flagged
CCCCOc1cc(ccc1O)c2oc3cc(O)ccc3n2,8.691034749168411,41.7064545161586,False,False,False,5.20481541031758,not_flagged
CC1CCN(CCOc2ccc(cc2)[C@@H]3Oc4ccc(O)cc4S[C@@H]3c5cccc(O)c5)CC1,8.67312739278524,36.38230176789811,False,False,False,9.09691001300806,not_flagged
CSCCC\C(=C(/c1ccc(O)cc1)\c2ccc(OCCN(C)C)cc2)\c3ccccc3,8.665935063636349,59.45479720479842,False,False,False,8.0,not_flagged
Oc1ccc2c(noc2c1)c3cccc4cc(O)ccc34,8.658965231903561,31.9383709112755,False,False,False,7.30980391997149,not_flagged
Oc1ccc2c(noc2c1)c3ccc4c(O)cccc4c3,8.652955438045678,30.733728095637655,False,False,False,7.61978875828839,not_flagged
CCCCC12CCC(=O)C(=C1c3ccc(O)cc3C2)c4occc4,8.603506072478558,63.535648187408654,False,False,False,6.70774392864352,not_flagged
CCCCC1=C2c3ccc(O)cc3CC2(Cc4ccccc4)CCC1=O,8.588270014031988,45.29017834394847,False,False,False,6.58502665202918,not_flagged
Oc1ccc(c(O)c1)c2noc3ccccc23,8.582427278814404,37.268488031034536,False,False,False,5.21467016498923,not_flagged
Cc1c(nn(c2ccc(O)cc2)c1c3ccc(CCCN4CCCCC4)cc3)c5ccc(O)cc5,8.564237270557838,57.9619379573197,False,False,False,7.69897000433602,not_flagged
CSC1=C(C(=O)c2cc(O)cc(O)c12)c3ccc(O)cc3,8.535382965056169,103.35481504935477,False,False,False,8.69897000433602,not_flagged
COc1ccc(cc1)c2sc3cc(O)ccc3c2Oc4ccc(OCCN5CCCCC5)cc4,8.534912652365502,50.05204324693948,False,False,False,7.66756154008439,not_flagged
CC(=O)c1cc(O)cc2cc(oc12)c3ccc(O)cc3,8.533254046347846,45.11908167345557,False,False,False,6.98716277529483,not_flagged
Oc1ccc(cc1)[C@H]2[C@H](Oc3cc(O)cc(F)c3C2=O)c4ccc(OCCN5CCCCC5)cc4,8.530216467458597,91.10353817086732,False,False,False,6.97881070093006,not_flagged
Oc1ccc2C(C3CCCCC3)N(CCc2c1)c4ccccc4,8.51621566953927,36.466596580092705,False,False,False,7.52578373592374,not_flagged
CC(=O)Nc1ccc2nc(C)cc(O)c2c1,8.515131537890616,80.16730460219455,False,False,False,4.6780761259682,not_flagged
Oc1cccc(c1)[C@H]2Sc3cc(O)ccc3O[C@H]2c4ccc(OCCN5CCCCC5)cc4,8.48973555586295,33.882354973182586,False,False,False,8.39794000867204,not_flagged
Oc1cccc(c1)C2Sc3cc(O)ccc3OC2c4ccc(OCCN5CCCCC5)cc4,8.48973555586295,33.882354973182586,False,False,False,8.52287874528034,not_flagged
Oc1cccc(c1)N2C(=O)c3ccc(O)cc3C2=O,8.476453769824856,73.72545267787662,False,False,False,5.53760200210104,not_flagged
Oc1ccc(cc1)c2noc3ccc(O)cc23,8.474912910724628,41.003744324020325,False,False,False,6.08671609823958,not_flagged
Oc1ccc(cc1)C2=C(c3ccccc3)c4cc(O)ccc4C2=O,8.433092784594962,63.91309552450441,False,False,False,8.0,not_flagged
CCCCC12CCC(=O)C(=C1c3ccc(O)cc3C2)c4ccccc4,8.406314064825303,41.853988300604044,False,False,False,7.38721614328026,not_flagged
CCC1Oc2c(C)c(O)ccc2c3c(C)cc(O)cc13,8.392004961271885,49.969456669855944,False,False,False,6.36151074304536,not_flagged
COc1ccc(cc1)N2Cc3cccc(C(=O)O)c3C2=O,8.386726010344969,73.25015735747087,False,False,False,4.92143480310854,not_flagged
Oc1ccc(cc1)[C@@H]2Sc3ccc(O)cc3O[C@@H]2c4ccc(OCCN5CCCCC5)cc4,8.384201441980432,24.804562541021674,False,False,False,8.79588001734407,not_flagged
CC(C)c1ccc(cc1)N2CCc3cc(O)ccc3C2(C)c4ccc(OCCN5CCCC5)cc4,8.352120090310027,35.35688550559846,False,False,False,7.35654732351381,not_flagged
Oc1cccc2c(OC(=O)c3ccccc3)cccc12,8.347963827868139,49.21220668847198,False,False,False,5.65169513695184,not_flagged
COc1cc(O)cc2cc(oc12)c3ccc(O)cc3,8.345373084255959,31.68065824917089,False,False,False,6.31605286924849,not_flagged
CCC1Oc2c(C)c(O)ccc2c3ccc(O)c(C)c13,8.332140998428248,49.57187220891467,False,False,False,6.99567862621736,not_flagged
Oc1ccc2[C@H]([C@H](SCc2c1)c3ccccc3)c4ccc(OCCN5CCCC5)cc4,8.329969744166723,26.918796736557653,False,False,False,9.22184874961636,not_flagged
Oc1ccc2O[C@@H]([C@@H](Sc2c1)c3ccccc3O)c4ccc(OCCN5CCCCC5)cc4,8.328579327270488,38.95492564113543,False,False,False,8.88605664769316,not_flagged
Oc1ccc2C(N(CCc2c1)c3ccccc3)c4ccc(F)cc4,8.306842673820405,42.03194279248578,False,False,False,6.54515513999149,not_flagged
Oc1ccc2O[C@H]([C@H](Sc2c1)c3cccc(O)c3)c4ccc(OCCN5CCCC5)cc4,8.291897842211522,33.45497767347965,False,False,False,9.0,not_flagged
CC1=C2c3ccc(O)cc3CC2(CCC1=O)c4ccccc4,8.28715018314643,46.18522213940088,False,False,False,6.31785492362617,not_flagged
Cc1cc(C)n2nc(SCC3=CC(=O)Oc4cc(O)ccc34)nc2n1,8.284303968028684,132.7112161835655,False,False,False,4.99433225248268,not_flagged
Oc1ccc(cc1)C2=Cc3cc(O)ccc3C24Cc5ccc(OCCN6CCCCC6)cc5C4,8.271352281996247,81.58970493478643,False,False,False,9.0,not_flagged
CCc1cc(O)cc2O[C@@H]([C@@H](Sc12)c3ccc(O)cc3)c4ccc(OCCN5CCCCC5)cc4,8.244695564008927,25.676422827583863,False,False,False,7.27327279097343,not_flagged
CCSC1=C(C(=O)c2cc(O)cc(O)c12)c3ccc(O)cc3,8.233753177452092,102.61468266359557,False,False,False,6.23657200643706,not_flagged
Oc1ccc(cc1)[C@@H]2CC(=O)c3c(O)cc(O)c(Cc4ccccc4)c3O2,8.211299274415055,84.99027104605601,False,False,False,6.29843201494407,not_flagged
CN1CCN(CC1)c2ccc(cc2)C3N(CCc4cc(O)ccc34)c5cccc(O)c5,8.175708381926981,62.94246306071346,False,False,False,6.77211329538633,not_flagged
COc1ccc(cc1)N2C(=O)c3ccc(O)cc3C2=O,8.16432201399619,56.40936097575327,False,False,False,5.48148606012211,not_flagged
CC1(N(CCc2cc(O)ccc12)c3ccc(F)cc3)c4ccc(OCCN5CCCCC5)cc4,8.126700973483416,39.39610719808699,False,False,False,7.42021640338319,not_flagged
CCN(CC)CCOc1ccc(cc1)\C(=C(\CCCO)/c2ccccc2)\c3ccc(O)cc3,8.072097037661962,49.79568844765667,False,False,False,6.05799194697769,not_flagged
CN1CCC(CC1)c2ccc(cc2)C3N(CCc4cc(O)ccc34)c5ccc(F)cc5,8.05733503302113,44.749977906321035,False,False,False,7.06048074738138,not_flagged
Cc1cc(O)cc2O[C@@H]([C@@H](Sc12)c3ccc(O)cc3)c4ccc(OCCN5CCCCC5)cc4,8.056566603612657,24.172976860795366,False,False,False,8.69897000433602,not_flagged
Oc1ccc2C3=C(C(=O)CCC3(Cc4ccccc4)Cc2c1)c5ccc(OCCN6CCCCC6)cc5,8.04577053472249,68.07496305672427,False,False,False,6.42021640338319,not_flagged
Oc1ccc(cc1)c2ccc3cc(O)ccc3n2,8.002808299054262,26.046594064298155,False,False,False,5.75080164260889,not_flagged
CC1=C2c3ccc(O)cc3CC2(Cc4ccccc4)CCC1=O,7.998027379641238,45.01325841764812,False,False,False,5.82390874094432,not_flagged
CCc1c(O)ccc2S[C@H]([C@H](Oc12)c3ccc(OCCN4CCCCC4)cc3)c5ccc(O)cc5,7.984365871254337,25.20320431689883,False,False,False,8.32790214206428,not_flagged
Oc1ccc(cc1)C2=C(Nc3ccc(OCCN4CCCCC4)cc3)c5ccc(O)cc5OC2=O,7.95070086936967,67.3874382147766,False,False,False,5.41793663708829,not_flagged
Oc1ccc2C(=C(C(=O)Oc2c1)c3ccc(F)cc3)Nc4ccc(OCCN5CCCCC5)cc4,7.949295502943709,68.5615273503477,False,False,False,5.41341269532824,not_flagged
Cc1c(nn(c2ccc(O)cc2)c1c3ccc(OCCN4CCCCC4)cc3)c5ccc(O)cc5,7.935009880886108,48.32214661929177,False,False,False,7.09691001300806,not_flagged
CC\C(=C(/c1ccccc1)\c2ccc(OCCN(C)C)cc2)\c3ccc(O)cc3,7.933122177432265,32.351517556479344,False,False,False,7.15490195998574,not_flagged
CCC(=O)c1cc(O)cc2cc(oc12)c3ccc(O)cc3,7.932424569586703,49.80098349371795,False,False,False,7.30980391997149,not_flagged
Oc1ccc(c(F)c1)c2ccc3cc(O)ccc3c2,7.923419041018359,83.25261864722412,False,False,False,7.61978875828839,not_flagged
CN1CCC(CC1)c2ccc(cc2)C3N(CCc4cc(O)ccc34)c5ccccc5,7.909683967040635,29.597871752216363,False,False,False,6.97469413473523,not_flagged
CC(C)c1cc(O)cc2nc(oc12)c3ccc(O)cc3,7.90720914420789,38.79305556759121,False,False,False,5.92081875395237,not_flagged
CN1CCC(CC1)c2ccc(cc2)C3N(CCc4cc(O)ccc34)c5cccc(F)c5,7.892058954497673,51.369196551423144,False,False,False,6.78781239559604,not_flagged
COc1cccc(c1)C(=O)Oc2cccc(O)c2,7.869557827179076,51.878798002166846,False,False,False,4.54975089168064,not_flagged
Cc1cc(O)cc2cc(oc12)c3ccc(O)cc3,7.86634567100655,33.21283140986736,False,False,False,6.94309514866353,not_flagged
Cc1cc(O)ccc1c2noc3cc(O)ccc23,7.860356270168068,28.462372210292866,False,False,False,6.32330639037513,not_flagged
CCC(=C(c1ccc(O)cc1)c2ccc(OCCN(C)C)cc2)c3ccccc3,7.848665493278666,32.283542142736735,False,False,False,7.76955107862173,not_flagged
Cc1cc(ccc1O)c2noc3cc(O)ccc23,7.841936425565957,27.195874407468267,False,False,False,6.36552272983927,not_flagged
Cc1c(O)ccc2S[C@H]([C@H](Oc12)c3ccc(OCCN4CCCCC4)cc3)c5ccc(O)cc5,7.826721165822995,23.53366366099536,False,False,False,8.92081875395237,not_flagged
Oc1ccc2ccc(OC(=O)c3ccccc3F)cc2c1,7.793655658965135,66.73291576398617,False,False,False,5.51427857351842,not_flagged
Cc1cc2S[C@H]([C@H](Oc2cc1O)c3ccc(OCCN4CCCCC4)cc3)c5ccc(O)cc5,7.7784753394579145,23.16839838905627,False,False,False,7.45717457304082,not_flagged
Oc1ccc2c(noc2c1)c3ccccc3O,7.751454322270024,41.209889412363594,False,False,False,5.52287874528034,not_flagged
Cc1cc(O)cc2COc3c(C)c(O)ccc3c12,7.723383136545194,45.65616752989877,False,False,False,5.98716277529483,not_flagged
Oc1ccc(cc1)[C@H]2Oc3cc(O)ccc3C(=O)[C@H]2c4ccc(O)cc4,7.713989560866603,74.9435648172554,False,False,False,6.30980391997149,not_flagged
Oc1ccc(cc1)C2=C(Oc3ccc(O)cc3S2)c4ccc(OCCN5CCCCC5)cc4,7.698394766123516,38.80141338781301,False,False,False,8.79588001734407,not_flagged
CCCC1Oc2c(C)c(O)ccc2c3c(C)cc(O)cc13,7.691466540569062,49.429915059548186,False,False,False,6.20342566678957,not_flagged
Cc1c(O)ccc2c1COc3c(C)c(O)ccc23,7.682435661331864,45.39775374383886,False,False,False,5.33629907461035,not_flagged
CC(=O)c1cc(nc2ccc(O)cc12)c3ccc(O)c(F)c3,7.658623206916691,92.15709422832421,False,False,False,5.47237009912866,not_flagged
CN(C)CCOc1ccc(cc1)[C@@H]2Oc3ccc(O)cc3S[C@@H]2c4cccc(O)c4,7.613327283262482,39.93588583990884,False,False,False,8.85387196432176,not_flagged
CCC1=C(c2ccc(O)cc2)c3ccc4cccc1n34,7.612716400360527,79.88205671723028,False,False,False,8.02227639471115,not_flagged
CCc1cc(O)cc2nc(oc12)c3ccc(O)cc3,7.586769734564093,35.71107167618935,False,False,False,6.27002571430044,not_flagged
CN(C)CCOc1ccc(cc1)\C(=C(/C)\c2ccccc2)\c3ccc(O)cc3,7.5737865466821575,34.908629700163615,False,False,False,8.88605664769316,not_flagged
CCc1cc(O)cc2ccc(cc12)c3ccc(O)c(F)c3,7.512972350018635,64.08729908230116,False,False,False,6.94692155651658,not_flagged
CCc1cc(cc2ccc(O)cc12)c3ccc(O)c(F)c3,7.507149530002915,65.36476830246973,False,False,False,6.62893213772826,not_flagged
Oc1ccc2C(=C(C(=O)Oc2c1)c3ccc(F)cc3)Oc4ccc(OCCN5CCCCC5)cc4,7.495597870923916,61.85713464015474,False,False,False,5.65955588515988,not_flagged
CCN(CC)CCOc1ccc(NC2=C(C(=O)Oc3cc(O)ccc23)c4ccc(O)cc4)cc1,7.4555786808280695,64.58304090119861,False,False,False,5.22402566887063,not_flagged
Cc1cccc(c1)C(=O)Oc2ccc3ccc(O)cc3c2,7.448100690574811,39.11312563879339,False,False,False,4.55129368009492,not_flagged
CCN(CC)CCOc1ccc(OC2=C(C(=O)Oc3cc(O)ccc23)c4ccc(F)cc4)cc1,7.440573080049157,55.64389206556207,False,False,False,5.44977164694491,not_flagged
Cc1ccc(cc1)N2CCc3cc(O)ccc3C2(C)c4ccc(OCCN5CCCCC5)cc4,7.433756464738856,28.1934465222066,False,False,False,7.55284196865778,not_flagged
CCCCc1cc(O)cc2nc(oc12)c3ccc(O)cc3,7.39484323555212,40.478632688615434,False,False,False,6.30277065724028,not_flagged
CN(C)CCOc1ccc(NC2=C(C(=O)Oc3cc(O)ccc23)c4ccc(O)cc4)cc1,7.372320802408949,67.09495536139312,False,False,False,5.08565684288056,not_flagged
CN(C)CCCOc1ccc(cc1)\C(=C(\CCCO)/c2ccccc2)\c3ccc(O)cc3,7.362006702945368,49.466886571433825,False,False,False,6.00436480540245,not_flagged
COc1ccc(CCCc2ccc(O)cc2)c(O)c1,7.361765710242897,35.691428361121446,False,False,False,5.09151498112135,not_flagged
Oc1ccc2C3=C(C(=O)CCC3(Cc4ccccc4)Cc2c1)c5ccc(OCCN6CCOCC6)cc5,7.342935886236782,74.76462693177413,False,False,False,6.14874165128092,not_flagged
Oc1ccc(cc1)C2=C(c3ccc(O)cc3)c4ccc(O)cc4OC2=O,7.336195232604751,53.99599691931259,False,False,False,6.65364702554936,not_flagged
CN(C)c1cccc(c1)N2CCc3cc(O)ccc3C2c4ccc(OCCN5CCCCC5)cc4,7.241567304657861,37.3037294070798,False,False,False,7.14898639317633,not_flagged
CC(=CCc1c(O)c(O)ccc1[C@H]2CCc3ccc(O)cc3O2)C,7.203236216329766,68.78503531055794,False,False,False,4.24260397120698,not_flagged
CCC1=C(C(=O)Oc2cc(O)ccc12)c3ccc(O)cc3F,7.197799881630818,75.6493248123758,False,False,False,7.92081875395237,not_flagged
Cc1cc(O)ccc1c2ccc3cc(O)ccc3c2,7.191870404738812,24.241390712574933,False,False,False,7.39794000867204,not_flagged
Oc1ccc(C(=O)Cc2oc3ccccc3c2)c(O)c1,7.178635572829213,70.58648512865184,False,False,False,4.0670191780768,not_flagged
CC1=C(C(=O)Oc2cc(O)ccc12)c3ccc(O)cc3C,7.170563072900449,41.45019076382492,False,False,False,6.95078197732982,not_flagged
CN(C)CCOc1ccc(cc1)\C(=C(\CCCCO)/c2ccccc2)\c3ccc(O)cc3,7.1703518531659185,43.95623421055129,False,False,False,7.10237290870956,not_flagged
Cc1c(O)ccc2cc(ccc12)c3ccc(O)cc3,7.161302862297965,24.50898773635105,False,False,False,6.54975089168064,not_flagged
CCCc1cc(O)cc2nc(oc12)c3ccc(O)cc3,7.131683385026442,38.5660940895028,False,False,False,6.4089353929735,not_flagged
CCCCCc1cc(O)cc2O[C@@H]([C@@H](C(=O)c12)c3ccc(O)cc3)c4ccc(OCCN5CCCCC5)cc4,7.123219801731279,61.713150568621494,False,False,False,7.14874165128092,not_flagged
Oc1cccc2c(OC(=O)C3CCCCC3)cccc12,7.119601520947991,65.12848422760477,False,False,False,5.70333480973847,not_flagged
CC[C@@](C)([C@@H](c1ccc(O)cc1)c2ccc(OCCCC(=O)O)cc2)c3ccccc3,7.104098507006377,87.057061314748,False,False,False,5.22184874961636,not_flagged
CN(C)CCOc1ccc(OC2=C(C(=O)Oc3cc(O)ccc23)c4ccc(F)cc4)cc1,7.09811485838156,56.08367130376899,False,False,False,5.19178902707578,not_flagged
C[C@@H](COc1ccc(cc1)[C@@H]2Oc3ccc(O)cc3[C@@H](C)[C@@H]2c4ccc(O)cc4)N5CC[C@@H](C)C5,7.080869164748927,36.31880276898667,False,False,False,8.88605664769316,not_flagged
COc1cc(O)ccc1[C@H]2[C@H](Oc3cc(O)ccc3C2=O)c4ccc(OCCN5CCCCC5)cc4,7.061149992260178,58.225499422004205,False,False,False,6.82681373158773,not_flagged
COc1ccc(cc1)C2=C(Nc3ccc(OCCN4CCCCC4)cc3)c5ccc(O)cc5OC2=O,7.049903222617561,59.04515318875058,False,False,False,5.17783192063198,not_flagged
CC\C(=C(\c1ccc(OCC(=O)O)cc1)/c2cccc(O)c2)\c3ccccc3,7.0280640160736905,77.80809537651135,False,False,False,5.84163750790475,not_flagged
CC\C(=C(/c1ccc(O)cc1)\c2ccc(OCC(=O)O)cc2)\c3ccccc3,6.9761454396742275,76.75174538822924,False,False,False,6.30102999566398,not_flagged
Oc1ccc(cc1)C2=COc3cc(O)ccc3C2=O,6.9633913719860905,57.63813878151265,False,False,False,5.20065945054642,not_flagged
CC1=C(C(=O)c2cc(O)ccc12)c3ccc(O)cc3,6.951816046280116,81.54671530823842,False,False,False,7.25963731050576,not_flagged
C[C@H]1[C@H](Oc2cc(O)cc(O)c2C1=O)c3ccc(OCCN4CCCCC4)cc3,6.951325269008099,72.64666731594542,False,False,False,6.25884840114822,not_flagged
CCCc1cc(O)ccc1c2noc3cc(O)ccc23,6.9265275022301465,35.19981493501679,False,False,False,7.30102999566398,not_flagged
CN(C)CCOc1ccc(OC2=C(C(=O)Oc3cc(O)ccc23)c4ccc(O)cc4)cc1,6.9150852075838465,57.255400779255936,False,False,False,5.07417242537526,not_flagged
CCN(Cc1ccc(cc1)C(=O)N2CCc3ccc(O)cc3C2)Cc4ccccn4,6.913687449927302,67.2660595494158,False,False,False,4.60906489289662,not_flagged
Cc1cc(cc(C)c1O)[C@H]2[C@H](Oc3cc(O)ccc3C2=O)c4ccc(OCCN5CCCCC5)cc4,6.900549707751519,45.450029657580856,False,False,False,5.97881070093006,not_flagged
C\C(=C(\c1ccc(O)cc1)/c2ccc(OCCN3CCCCC3)cc2)\c4ccccc4,6.872117040166296,26.588194400743447,False,False,False,9.39794000867204,not_flagged
CCOC(=O)N1CCc2cc(O)ccc2C1c3ccc(OCCN4CCCC4)cc3,6.8589036219141,56.06592185116871,False,False,False,7.35359627377693,not_flagged
C[C@@H](COc1ccc(cc1)C2Oc3ccc(O)cc3C(=C2c4cccc(F)c4)C)N5CC[C@@H](C)C5,6.843114727593785,79.9849879978896,False,False,False,9.30102999566398,not_flagged
CC(C)C1N(CCc2cc(O)ccc12)c3ccccc3,6.836412054290847,24.35924461100897,False,False,False,7.36957212497498,not_flagged
CC1(N(CCc2cc(O)ccc12)c3cccc(F)c3)c4ccc(OCCN5CCCC5)cc4,6.8067734278796355,51.53016632524958,False,False,False,7.4089353929735,not_flagged
CC1=C(C(=O)c2ccc(O)cc12)c3ccc(O)cc3,6.806038503067449,64.49393873009322,False,False,False,8.22184874961636,not_flagged
Oc1ccc(cc1)C2CN(Cc3ccccc3)Cc4cc(O)ccc24,6.803234310647759,25.457647337696866,False,False,False,7.69680394257951,not_flagged
CC1(N(CCc2cc(O)ccc12)c3ccc(F)cc3)c4ccc(OCCN5CCCC5)cc4,6.793624260552913,47.428652238239515,False,False,False,7.50863830616573,not_flagged
COc1cc(ccc1O)[C@H]2[C@H](Oc3cc(O)ccc3C2=O)c4ccc(OCCN5CCCCC5)cc4,6.763371253144724,56.20592457676621,False,False,False,6.3840499483436,not_flagged
CCCc1cc(ccc1O)c2noc3cc(O)ccc23,6.711064930309638,34.29418517582265,False,False,False,6.67778070526608,not_flagged
Oc1ccc2C(N(Cc3ccc4OCOc4c3)CCc2c1)c5ccc(OCCN6CCCC6)cc5,6.6560103400187485,61.702019086053355,False,False,False,8.03621217265444,not_flagged
Oc1ccc2C(=C(C(=O)Oc2c1)c3ccc(F)cc3)Oc4ccc(OCCN5CCCC5)cc4,6.615806312192485,65.07632085889324,False,False,False,5.36957212497498,not_flagged
CCN(CC)CCOc1ccc(NC2=C(C(=O)Oc3cc(O)ccc23)c4ccc(F)cc4)cc1,6.6151179868963625,68.12688807345916,False,False,False,5.35951856302958,not_flagged
Oc1ccc(cc1)C2=C(Nc3ccc(OCCN4CCCC4)cc3)c5ccc(O)cc5OC2=O,6.596612229638507,71.90075750861759,False,False,False,5.19178902707578,not_flagged
CN(C)CCOc1ccc(cc1)\C(=C(\CCCO)/c2ccccc2)\c3ccc(O)cc3,6.580295326787348,49.62719322900607,False,False,False,6.49485002168009,not_flagged
CC1(N(CCc2cc(O)ccc12)c3ccccc3)c4ccc(OCCN5CCCCC5)cc4,6.576582498426284,39.944918464760086,False,False,False,7.53760200210104,not_flagged
Oc1ccc2C(N(CCc2c1)C(=O)c3ccccc3)c4ccc(OCCN5CCCC5)cc4,6.547682727149431,45.33189822645688,False,False,False,6.25026368443094,not_flagged
Cc1cc(ccc1O)C2(CCCC2)c3ccc(O)c(C)c3,6.523036712894415,41.37678553644192,False,False,False,7.07572071393812,not_flagged
CCc1ccc2c(c1)C(Cc3cc(O)cc(C)c23)c4ccc(OCCN5CCOCC5)cc4,6.50436603499355,37.70635410536802,False,False,False,8.04575749056067,not_flagged
Oc1ccc2C(N(CCc2c1)c3ccccc3)c4ccc(OCCN5CCCCC5)cc4,6.502200687593028,30.06426592885071,False,False,False,7.72124639904717,not_flagged
Cc1ccccc1C(=O)Oc2cccc3c(O)cccc23,6.477931746206044,45.47358894897131,False,False,False,6.36653154442041,not_flagged
C\C(=C(\c1ccc(O)cc1)/c2ccc(OCCN3CCCC3)cc2)\c4ccccc4,6.471210145783455,35.10608651525578,False,False,False,9.09691001300806,not_flagged
Oc1ccc(cc1)C2CN(Cc3cc(O)ccc23)C(=O)c4ccccc4,6.431700583651755,57.38272031358808,False,False,False,6.79588001734407,not_flagged
Cc1cc(ccc1O)C2(CCCCC2)c3ccc(O)c(C)c3,6.422478925068789,36.097553046451566,False,False,False,6.63827216398241,not_flagged
Cc1ccc(cc1)C(=O)Oc2cccc3c(O)cccc23,6.389087784169689,44.55349255450473,False,False,False,4.5003129173816,not_flagged
CN(C)CCOc1ccc(cc1)C2=C3c4ccc(O)cc4CC3(Cc5ccccc5)CCC2=O,6.382237535906693,57.79405119909261,False,False,False,5.92081875395237,not_flagged
Cc1ccc(cc1)N2CCc3cc(O)ccc3C2(C)c4ccc(OCCN5CCCC5)cc4,6.370964201647698,34.95566781569103,False,False,False,7.50863830616573,not_flagged
Cc1cccc(c1)C(=O)Oc2cccc3c(O)cccc23,6.3617250208166825,45.08775578928228,False,False,False,5.64016451766011,not_flagged
CCCc1cc(c(CCC)cc1O)c2noc3cc(O)ccc23,6.32847905118471,45.70658635678442,False,False,False,7.65757731917779,not_flagged
CSC1=C(C(=O)c2cc(O)ccc12)c3ccc(O)cc3,6.288569829816747,95.0003023184982,False,False,False,7.92081875395237,not_flagged
CC1(N(CCc2cc(O)ccc12)c3ccccc3)c4ccc(OCCN5CCCCCC5)cc4,6.283502887777171,67.0564327120977,False,False,False,7.2518119729938,not_flagged
Oc1ccc(cc1)[C@H]2[C@H](Oc3ccccc3C2=O)c4ccc(OCCN5CCCCC5)cc4,6.27154497262025,46.39305412548916,False,False,False,6.74714696902011,not_flagged
CC1(N(CCc2cc(O)ccc12)c3ccc(F)cc3)c4ccc(CCC(=O)O)cc4,6.241325928784771,64.50952702404302,False,False,False,6.65955588515988,not_flagged
CCCc1cc(c(CC)cc1O)c2noc3cc(O)ccc23,6.233347742246052,41.95896453789892,False,False,False,7.88605664769316,not_flagged
CCc1cc(nc2ccc(O)cc12)c3ccc(O)c(F)c3,6.2192356211459465,73.58845335399184,False,False,False,5.75696195131371,not_flagged
CCSC1=C(C(=O)c2cc(O)ccc12)c3ccc(O)cc3,6.21861143805586,92.63712690092618,False,False,False,8.0,not_flagged
Oc1ccc2C(=C(C(=O)Oc2c1)c3ccc(F)cc3)Nc4ccc(OCCN5CCCC5)cc4,6.203622298916325,74.57100080019521,False,False,False,5.34390179798717,not_flagged
COc1cc(ccc1O)C2Nc3ccccc3C(=O)N2Cc4ccccc4,6.183175051014798,67.75901280190162,False,False,False,5.95860731484177,not_flagged
C[C@@H](COc1ccc(cc1)C2Oc3ccc(O)cc3C(=C2c4ccc(F)cc4)C)N5CC[C@@H](C)C5,6.178204626655124,66.84794941367835,False,False,False,9.39794000867204,not_flagged
CC1(N(CCc2cc(O)ccc12)c3cccc(O)c3)c4ccc(OCCN5CCCCC5)cc4,6.16135409658421,39.30385382861224,False,False,False,7.46852108295774,not_flagged
Oc1ccc2C(N(CCc2c1)c3ccccc3)c4ccc(OCCN5CCCC5)cc4,6.156193075119293,28.103585440869466,False,False,False,7.93930215964639,not_flagged
CC1(N(CCc2cc(O)ccc12)c3ccccc3)c4ccc(OCCN5CCCC5)cc4,6.110359963537663,38.993703525332975,False,False,False,7.42021640338319,not_flagged
CCCc1cc(O)cc2O[C@@H]([C@@H](C(=O)c12)c3ccc(O)cc3)c4ccc(OCCN5CCCCC5)cc4,6.02859701349768,51.453708433861294,False,False,False,6.18575240426808,not_flagged
CN(C)CCOc1ccc(NC2=C(C(=O)Oc3cc(O)ccc23)c4ccc(F)cc4)cc1,5.999612272606319,71.87388302471953,False,False,False,5.1791420105603,not_flagged
Oc1ccc(cc1)C2=C(Oc3ccc(OCCN4CCCCC4)cc3)c5ccc(O)cc5OC2=O,5.9981154560360315,65.52400262089577,False,False,False,5.58169870868026,not_flagged
CCc1c(oc(c2ccc(O)cc2)c1c3ccc(OCCN4CCCCC4)cc3)c5ccc(O)cc5,5.983868360370865,69.44097685329938,False,False,False,7.18708664335714,not_flagged
CN1CCC(CC1)c2ccc(cc2)C3N(CCc4cc(O)ccc34)c5cccc(O)c5,5.974478224662887,32.44293051636742,False,False,False,6.96657624451305,not_flagged
Oc1ccc2C(N(Cc3ccccc3)CCc2c1)c4ccc(OCCN5CCCC5)cc4,5.953794959734841,39.55227414628342,False,False,False,8.32790214206428,not_flagged
Oc1ccc2[C@H]([C@H](OCc2c1)c3ccccc3)c4ccc(OCCN5CCCC5)cc4,5.950341207408194,28.02252767767383,False,False,False,8.61978875828839,not_flagged
Oc1ccc(cc1)[C@H]2CCc3ccc(O)cc3O2,5.927374262281377,41.393233749478256,False,False,False,4.58169870868025,not_flagged
COc1ccc(cc1)C(=O)Oc2cccc3c(O)cccc23,5.918433715615372,50.44911360994744,False,False,False,6.09963287134353,not_flagged
Oc1ccc2[C@H]([C@H](CCc2c1)c3ccccc3)c4ccc(OCCN5CCCC5)cc4,5.885724284462341,28.4992801731983,False,False,False,8.39794000867204,not_flagged
Oc1ccc2C(C(CCc2c1)c3ccccc3)c4ccc(OCCN5CCCC5)cc4,5.885724284462334,28.4992801731983,False,False,False,9.30102999566398,not_flagged
CN(C)CCOc1ccc(cc1)\C(=C(\CCO)/c2ccccc2)\c3ccc(O)cc3,5.8068736387612265,51.636000474308624,False,False,False,6.60205999132796,not_flagged
Oc1ccc2C(=O)[C@H]([C@H](Oc2c1)c3ccc(OCCN4CCCCC4)cc3)c5ccccc5,5.798976270306309,54.72866632566486,False,False,False,6.27490547891853,not_flagged
CCc1cc(O)cc2O[C@@H]([C@@H](C(=O)c12)c3ccc(O)cc3)c4ccc(OCCN5CCCCC5)cc4,5.758397995141646,48.91797358659275,False,False,False,7.16749108729376,not_flagged
CN1CC(Cc2ccc(O)cc12)c3ccc(O)cc3,5.69897117500564,27.655825755871735,False,False,False,5.53017798402184,not_flagged
C[C@H]1CCN(CCOc2ccc(cc2)[C@@H]3Oc4ccc(O)cc4[C@@H](C)[C@@H]3c5ccc(O)cc5)C1,5.691262824315725,31.483454311339372,False,False,False,8.88605664769316,not_flagged
C[C@@H]1CCN(CCOc2ccc(cc2)[C@@H]3Oc4ccc(O)cc4[C@@H](C)[C@@H]3c5ccc(O)cc5)C1,5.691262824315721,31.483454311339376,False,False,False,8.61978875828839,not_flagged
COc1ccccc1C(=O)Oc2ccc3ccc(O)cc3c2,5.594443059369021,59.13028349434894,False,False,False,5.36451625318509,not_flagged
CC(C)[C@@H]1[C@H](Oc2cc(O)ccc2C1=O)c3ccc(OCCN4CCCCC4)cc3,5.586746521039552,47.83593419946568,False,False,False,6.96257350205938,not_flagged
CC(C)[C@H]1[C@H](Oc2cc(O)ccc2C1=O)c3ccc(OCCN4CCCCC4)cc3,5.586746521039549,47.83593419946568,False,False,False,7.05060999335509,not_flagged
C[C@@H](COc1ccc(cc1)C2Oc3ccc(O)cc3C(=C2c4cccc(O)c4)C)N5CCCCCC5,5.5834837100100945,55.45410538434975,False,False,False,9.69897000433602,not_flagged
Oc1ccc(cc1)C2=C(Oc3ccc(OCCN4CCCC4)cc3)c5ccc(O)cc5OC2=O,5.564750575401234,66.76860085596793,False,False,False,5.16494389827988,not_flagged
Cc1cc(O)cc2O[C@@H]([C@@H](C(=O)c12)c3ccc(O)cc3)c4ccc(OCCN5CCCCC5)cc4,5.562571556166132,47.31267705413516,False,False,False,7.85387196432176,not_flagged
O[C@@H]1[C@H]([C@H](Oc2cc(O)ccc12)c3ccc(OCCN4CCCCC4)cc3)c5ccc(O)cc5,5.551893181883284,52.17222625467594,False,False,False,6.03198428600636,not_flagged
Oc1ccc(cc1)[C@H]2[C@H](Oc3cc(O)ccc3C2=O)c4ccc(OCCN5CCCCC5)cc4,5.551565985443217,54.41850635633436,False,False,False,7.4089353929735,not_flagged
Oc1ccc(cc1)[C@@H]2[C@H](Oc3cc(O)ccc3C2=O)c4ccc(OCCN5CCCCC5)cc4,5.551565985443215,54.41850635633436,False,False,False,7.30980391997149,not_flagged
CCN1CC(Cc2ccc(O)cc12)c3ccc(O)cc3,5.4494142619166395,23.903132841832445,False,False,False,5.85078088734462,not_flagged
CCc1cc(nc2ccc(O)cc12)c3ccc(O)cc3,5.399381453819194,31.186368209563852,False,False,False,6.19791074211827,not_flagged
C[C@@H](COc1ccc(cc1)[C@@H]2Oc3ccc(O)cc3[C@@H](C)[C@@H]2c4ccc(O)cc4)N5CCCC5,5.391855129591679,26.176004697848594,False,False,False,8.85387196432176,not_flagged
CC[C@H]1[C@@H]([C@@H](Oc2ccc(O)cc12)c3ccc(OCCN4CCCCC4)cc3)c5ccc(O)cc5,5.325023323623476,22.201765265867174,False,False,False,7.85387196432176,not_flagged
CC1=C(C(Oc2ccc(O)cc12)c3ccc(OCCN4CCCCCC4)cc3)c5cccc(O)c5,5.316688000109366,53.83711062969443,False,False,False,9.69897000433602,not_flagged
C[C@@H](COc1ccc(cc1)C2Oc3cc(O)ccc3C(=C2c4cccc(O)c4)C)N5CC[C@@H](C)C5,5.29726240786736,51.651597129533,False,False,False,9.69897000433602,not_flagged
C[C@@H](COc1ccc(cc1)C2Oc3ccc(O)cc3C(=C2c4cccc(O)c4)C)N5CC[C@@H](C)C5,5.271972195108457,53.51297457708353,False,False,False,8.29242982390206,not_flagged
C[C@@H](COc1ccc(cc1)[C@@H]2Oc3ccc(O)cc3C(=C2c4cccc(O)c4)C)N5CC[C@@H](C)C5,5.271972195108457,53.51297457708353,False,False,False,10.0,not_flagged
C[C@@H](COc1ccc(cc1)[C@H]2Oc3ccc(O)cc3C(=C2c4cccc(O)c4)C)N5CC[C@@H](C)C5,5.271972195108457,53.51297457708353,False,False,False,8.01322826573375,not_flagged
C[C@@H](COc1ccc(cc1)C2Oc3ccc(O)cc3C(=C2c4cccc(O)c4)C)N5CC[C@H](C)C5,5.271972195108457,53.51297457708353,False,False,False,9.69897000433602,not_flagged
C[C@H](COc1ccc(cc1)C2Oc3ccc(O)cc3C(=C2c4cccc(O)c4)C)N5CC[C@@H](C)C5,5.271972195108457,53.51297457708353,False,False,False,9.52287874528034,not_flagged
C[C@H](COc1ccc(cc1)C2Oc3ccc(O)cc3C(=C2c4cccc(O)c4)C)N5CC[C@H](C)C5,5.271972195108457,53.51297457708353,False,False,False,9.69897000433602,not_flagged
C[C@H](CN1CCCC1)Oc2ccc(cc2)[C@@H]3Oc4ccc(O)cc4[C@@H](C)[C@@H]3c5ccc(O)cc5,5.264429666091983,27.570640717089866,False,False,False,8.82390874094432,not_flagged
CCOc1ccccc1C(=O)Oc2ccc3ccc(O)cc3c2,5.246442997598092,57.21950704510854,False,False,False,5.48280410205003,not_flagged
CSC1=C(C(=O)c2ccc(O)cc12)c3ccc(O)cc3,5.237632957310561,85.7117812248637,False,False,False,8.50863830616573,not_flagged
COc1ccccc1C(=O)Oc2cccc3c(O)cccc23,5.223067692195587,61.78924124964038,False,False,False,4.96657624451305,not_flagged
Cc1cccc(SCC2=CC(=O)Oc3cc(O)ccc23)n1,5.215003596291905,86.11560115056687,False,False,False,4.30102999566398,not_flagged
CCCN1CC(Cc2ccc(O)cc12)c3ccc(O)cc3,5.208948393555577,23.284319803645914,False,False,False,5.60730304674033,not_flagged
C[C@@H]1CCN(CCOc2ccc(cc2)[C@H]3[C@H](CCc4cc(O)ccc34)c5ccccc5)C1,5.191214808284255,35.22344538339654,False,False,False,9.30102999566398,not_flagged
CC1(N(CCc2cc(O)ccc12)c3cccc(O)c3)c4ccc(OCCN5CCCC5)cc4,5.181259997676301,45.77198578110989,False,False,False,7.50863830616573,not_flagged
CCSC1=C(C(=O)c2ccc(O)cc12)c3ccc(O)cc3,5.157801881831076,83.99145403304556,False,False,False,6.31875876262441,not_flagged
C[C@@H](COc1ccc(cc1)C2Oc3cc(O)ccc3C(=C2c4ccc(O)cc4)C)N5CC[C@@H](C)C5,5.117032973945263,46.63288941866867,False,False,False,9.52287874528034,not_flagged
C[C@@H](COc1ccc(cc1)C2Oc3ccc(O)cc3C(=C2c4ccccc4)C)N5CC[C@@H](C)C5,5.0920782933486155,50.05718855604651,False,False,False,9.39794000867204,not_flagged
C[C@@H]1[C@H](Oc2cc(O)ccc2C1=O)c3ccc(OCCN4CCCCC4)cc3,5.058013480930845,48.654445227512696,False,False,False,5.84924356013969,not_flagged
C[C@H]1[C@H](Oc2cc(O)ccc2C1=O)c3ccc(OCCN4CCCCC4)cc3,5.058013480930844,48.654445227512696,False,False,False,5.44818417764898,not_flagged
C[C@H]1[C@@H]([C@@H](Oc2ccc(O)cc12)c3ccc(OCCN4CCCCC4)cc3)c5ccc(O)cc5,5.0550288538555,21.741067783882574,False,False,False,8.85387196432176,not_flagged
C[C@@H]1[C@@H]([C@@H](Oc2ccc(O)cc12)c3ccc(OCCN4CCCCC4)cc3)c5ccc(O)cc5,5.055028853855499,21.74106778388257,False,False,False,7.42021640338319,not_flagged
C[C@@H](COc1ccc(cc1)C2Oc3ccc(O)cc3C(=C2c4ccc(O)cc4)C)N5CC[C@@H](C)C5,4.973721581949081,48.56769347489575,False,False,False,10.0,not_flagged
CCOC(=O)Cc1cc(O)n2nc(cc2n1)c3ccc(C)cc3,4.921835006016796,69.35020007788229,False,False,False,4.85645437276158,not_flagged
COc1cc(O)ccc1c2ccc3cc(O)ccc3c2,4.831253791517919,29.3112002932846,False,False,False,6.7594507517174,not_flagged
Oc1ccc(cc1)[C@@H]2Cc3ccc(O)cc3O[C@@H]2c4ccc(OCCN5CCCCC5)cc4,4.821114540648419,26.072158689717146,False,False,False,8.17392519729917,not_flagged
CC(=O)c1cc(nc2ccc(O)cc12)c3ccc(O)cc3,4.7958553735382505,62.54169577912662,False,False,False,5.50334706074908,not_flagged
COc1cc(nc2ccc(O)cc12)c3ccc(O)cc3,4.765548725608121,38.63146020277806,False,False,False,5.17848647159523,not_flagged
C[C@@H](COc1ccc(cc1)[C@H]2[C@H](CCc3cc(O)ccc23)c4ccccc4)N5CCCC5,4.75046297110224,28.678646463077456,False,False,False,9.22184874961636,not_flagged
C[C@H]1[C@@H]([C@@H](Oc2ccc(O)cc12)c3ccc(OCCN4CCCC4)cc3)c5ccc(O)cc5,4.679982679596725,25.191354466992408,False,False,False,8.82390874094432,not_flagged
COc1c(O)ccc2cc(ccc12)c3ccc(O)cc3,4.673821417053311,27.54932779829041,False,False,False,6.05354773498693,not_flagged
C[C@@H](COc1ccc(cc1)C2Oc3ccc(O)cc3C(=C2c4cccc(O)c4)C)N5CCCCC5,4.5146878711479665,40.194821111969695,False,False,False,9.69897000433602,not_flagged
C[C@@H]1[C@@H]([C@@H](Oc2cc(O)ccc12)c3ccc(OCCN4CCCCC4)cc3)c5ccc(O)cc5,4.499895091987364,23.436975300116217,False,False,False,7.34678748622466,not_flagged
C[C@H]1[C@@H]([C@@H](Oc2cc(O)ccc12)c3ccc(OCCN4CCCCC4)cc3)c5ccc(O)cc5,4.49989509198736,23.436975300116217,False,False,False,9.18045606445813,not_flagged
CC1CCN(CCOc2ccc(cc2)C3Oc4ccc(O)cc4C(=C3c5cccc(O)c5)C)CC1,4.499012986695894,46.608833476610506,False,False,False,9.69897000433602,not_flagged
C[C@@H](COc1ccc(cc1)C2Oc3ccc(O)cc3C(=C2c4cccc(O)c4)C)N5CCCC5,4.019269562063902,46.12011724703081,False,False,False,9.39794000867204,not_flagged
C[C@H](COc1ccc(cc1)C2Oc3ccc(O)cc3C(=C2c4cccc(O)c4)C)N5CCCC5,4.019269562063902,46.12011724703081,False,False,False,9.52287874528034,not_flagged
C[C@@H]1CCN(CCOc2ccc(cc2)C3Oc4ccc(O)cc4C(=C3c5cccc(O)c5)C)C1,3.9751593935161305,50.64811039780305,False,False,False,9.39794000867204,not_flagged
C[C@H]1CCN(CCOc2ccc(cc2)C3Oc4ccc(O)cc4C(=C3c5cccc(O)c5)C)C1,3.9751593935161305,50.64811039780305,False,False,False,9.69897000433602,not_flagged
CC1=C(C(Oc2ccc(O)cc12)c3ccc(OCCN4CCCCC4)cc3)c5cccc(O)c5,3.9694775689337978,40.59031266816745,False,False,False,9.69897000433602,not_flagged
CC1=C(C(Oc2ccc(O)cc12)c3ccc(OCCN4CCCC4)cc3)c5cccc(O)c5,3.57440600092554,45.84875758080678,False,False,False,9.39794000867204,not_flagged
