dataset_name,descriptor,PC1_weight,PC2_weight,PC3_weight,PC4_weight,PC5_weight,PC6_weight,PC7_weight,PC8_weight,PC9_weight,PC10_weight,PC11_weight,PC12_weight,PC13_weight,PC14_weight,PC15_weight,PC16_weight,PC17_weight,PC18_weight,PC19_weight,PC20_weight
primary_remove_constant_only,nAcid,0.009711046237532578,0.019985436062913697,-0.018446852033058656,-0.05436895244331198,-0.027635771342849304,-0.020832669246908176,0.10509213644826255,-0.019135319070694046,0.01288886603723907,-0.013170353554903522,-0.010028575740133426,-0.021693640772524485,-0.005210315259221898,-0.01210345321682346,-0.07989799362494814,0.006093525999722138,0.05938855367442599,-0.00046130795969490026,0.060651373209603954,-0.004573312909623053
primary_remove_constant_only,ALogP,-0.03583347102297846,-0.02854102131853703,-0.06811716628706804,-0.04789750100561291,-0.024044690212532777,-0.010765308828872278,0.11110924989467608,0.015699923273762677,-0.03412746870022904,0.026250153548363762,-0.006956682423207326,-0.02232673754848729,0.022309903876968164,-0.06873262673992474,0.053620708903214076,-0.009808172224987961,0.02958239210988342,-0.05894093744572668,0.017714014726642677,-0.05765141159328582
primary_remove_constant_only,ALogp2,0.058802553119844614,0.05161599738081682,0.04013926539416274,0.025587390970795043,0.023851750676890424,0.05013196463318667,0.04795400380483622,-0.018527108286216155,-0.020142368731349128,0.013721499925128826,0.00870581057206712,-0.026926420062077284,0.018118973666760508,-0.029309042339738675,0.04202588770756954,0.0222652726795655,-0.03241724903972709,-0.04811642945482187,0.05283956855916437,0.01947501407786742
primary_remove_constant_only,AMR,0.09167070753775769,-0.0205099944850079,-0.05957272410326814,0.012290675727572198,0.00244200886613119,-0.0029887904543450493,0.029540878451840225,0.009461801908840956,-0.004749048840107139,0.002503321169965697,-0.0048522276914044205,0.007541043237661943,-0.006268670996195753,0.003432609327204541,0.009134891282698648,-8.59548554818304e-05,0.015498943196770032,0.0102105342170204,-0.009622172477489241,-0.00605503450055995
primary_remove_constant_only,apol,0.09664568149494782,-0.03041108743665477,-0.02323232433579492,0.014179472754277944,0.016523870193809187,-0.01213409247205012,0.01826861833419402,0.0051388885280035206,-0.015421739318913524,-0.007373237063983733,-0.0014416345006084894,0.01638365137162366,-0.009545121037595982,0.016526626886236212,-0.0002994262754771049,-0.0012287816952324011,0.00688243821596303,0.01823328594733737,-0.008373652194211365,0.010033291771725914
primary_remove_constant_only,naAromAtom,0.01820405668341532,0.01138152022221195,-0.14075060261506717,0.029477026403708195,-0.02648925576467718,0.04959859658753932,0.044151101190642195,-0.001699767828553439,-0.02729246026137696,0.016482063952823964,-0.0014482287899280216,0.03724017752552269,-0.024007891160244068,-0.0025842520195744154,0.004931034093684672,-0.012835163969428522,0.0028573339528093905,-0.029782393771284606,-0.012883193234684218,-0.00810762840827707
primary_remove_constant_only,nAromBond,0.012504177190868963,0.014900239770806067,-0.13486695533462967,0.03500898786044515,-0.0347029585997185,0.06925748240401698,0.04649652376528876,-0.003567374494274092,-0.03414107568850161,0.01973076812180536,0.005689418142204972,0.04410432690083364,-0.028658392343171704,-0.0023562237876111475,0.00523309014086909,-0.02129139441649306,0.009456535689739254,-0.02994084398048625,-0.020220783641929987,0.005324061584529434
primary_remove_constant_only,nAtom,0.09627184463163924,-0.0314025541202337,-0.009323726500130303,0.013199007327775236,0.02643239932929517,-0.016122364555898328,0.01510378540263324,0.0008718976969922538,-0.024355018943893424,-0.02053621282304746,0.0017312397977031838,0.025994477107628658,-0.012807955874133728,0.017503033879172604,-0.00704541793651603,-0.0022351827959127754,0.004209397388298924,0.017636102836874168,-0.007933293162547206,0.011690363406236508
primary_remove_constant_only,nHeavyAtom,0.0979747215428558,-0.0034564611434808306,-0.039239846797467254,0.0025514238901338526,-0.0021662813997942454,-0.004902597922025062,0.010302677915840344,0.012796311868743276,-0.012822364435513392,-0.011497223789164832,0.0024880100901344473,0.011772974716600784,-0.006317411474334147,0.007914036253490346,0.0019894902064495623,-0.0007104522355634354,0.008331704515917523,0.013376799269004251,-0.0032030040564847845,0.009917393424177176
primary_remove_constant_only,nH,0.08820411809663695,-0.05012666706736358,0.013749652294443963,0.020245884737712203,0.04599611924654634,-0.023391731314007583,0.017635625704267244,-0.008124360915058589,-0.03127802915140484,-0.0258601739355261,0.0010420698961599167,0.03481653182491226,-0.016767627020677908,0.02345309136765021,-0.013318070688234152,-0.0032199480297612944,0.000823662386551044,0.01958332918225667,-0.01091793483282065,0.012194085322214708
primary_remove_constant_only,nC,0.08956340096444527,-0.03992118595279397,-0.050707781379959446,-0.002099926496284342,0.01644436704185706,0.0042162716712688675,0.026778157267854305,0.005139350178647362,-0.021975802947886425,-0.031976143657909795,-0.012805030551348823,0.012743678541715125,-0.009277843844116715,0.012810358585089068,0.0008190278775652426,-0.003445293700035144,0.001949325009001468,0.013109340004174576,-0.0069650810830091114,0.01626312648462887
primary_remove_constant_only,nN,0.05623061231052114,0.05104051532483224,0.04133888761461518,0.0992390017367825,-0.05270240682558352,0.009242716068197376,0.01910442598225698,0.034821358929188084,-0.011387131546548052,-0.01542376651307463,0.057348199337302404,0.025927553365250856,0.006066848623283162,-0.06464731067288768,-0.004961231634798446,0.039237015330909814,0.012460825672317974,0.018108964619941104,-0.011636604324215247,-0.014597628223919554
primary_remove_constant_only,nO,0.053348817870686946,0.0613274798931944,-0.030780546197181683,-0.06432699551078386,0.030788548848669075,-0.020846852465499888,-0.08670724720168663,-0.013097704137301852,0.08478603329663095,-0.010142033485483426,-0.05558687824894823,0.009389321466330341,-0.009337458935120432,0.07857316462211575,-0.02176594024093996,-0.062018681621295,0.018652537843110023,-0.022648433394717993,-0.0005180314475235481,-0.017529829620495117
primary_remove_constant_only,nS,0.02126031693036698,0.011459424388827941,-0.010434163948005308,0.032352827577064744,-0.05181383267198293,-0.053679204343903664,-0.009883555203126504,0.04361253658617342,0.09462521295122117,0.16697872888749904,0.02033277702025322,-0.025713570319278657,-0.007876889547610906,0.04146546949577611,-0.040745406942695905,-0.002052504241246547,-0.06639904530397386,0.03151468971956656,0.00017433442320623216,-0.07241615098963666
primary_remove_constant_only,nP,0.0024099108247829493,0.0027330924486111087,0.0031363377757076955,-0.00985864633646777,-0.01215030660548845,-0.02662214847195027,0.001656166436376283,0.008120269533106073,0.0064970034158620404,0.031737713176791194,-0.033065585993629076,0.010836851342631348,-0.006140087297033331,-0.004023401016622158,0.037890083664591095,-0.010326789175653545,-0.034764793353363105,-0.059406662327469384,-0.015709507200417583,-0.04324536117571588
primary_remove_constant_only,nF,0.0013951232497652567,0.039049054639926285,-0.011096841514823819,-0.10043222777519138,-0.048582053171472045,-0.024211277279484536,0.019889333989479157,0.013348430388523846,-0.17007619950032746,0.006041868909631709,0.09446560760949041,-0.005477485428039552,-0.0014655294287862983,-0.042111069362467786,0.02342516786072657,0.03855520919535198,-0.02583162762280071,0.020461681721982462,0.08513909106342077,0.06674699541410184
primary_remove_constant_only,nCl,-0.009968578270484724,0.012036959706926963,0.0015441156821654652,0.019723553940389927,-0.010618979652849522,-0.006214775624151764,0.002395490944014686,-0.0004604421409482029,0.002913238532084861,0.08769916123353444,0.02429580209352672,-0.035518259567271976,0.024651290664442348,-0.08056266206449356,0.0670279052304151,0.05009820464455132,0.06980677899663984,-0.04424410659370225,-0.12530651729046638,0.023550471259184025
primary_remove_constant_only,nBr,-0.013845888386042844,0.006878587200169461,0.014485458369680468,0.006800279028869449,-0.025283669601568755,0.008141884305985158,-0.009877016829076386,-0.035653657078511924,0.015639303190971954,0.11068539329521203,-0.014461241589976276,-0.07474372025075343,0.03532518450788222,0.035927042998376214,0.11231126809462286,-0.012136187944959131,0.09897374817792877,0.011907205098988474,0.0705027032879002,0.014289426486451677
primary_remove_constant_only,nI,-0.0036041482920023365,-0.001301308915652383,0.009986807541340861,0.004532575939016199,0.009216211226597718,-0.02631134579548353,0.002266196346581793,-0.018074777114228002,-0.002288518400460182,0.07030747895891601,-0.030012544425339988,-0.04462833622146531,0.025712487760217537,0.061545882873882136,0.08014888315822091,-0.011932609775031416,0.1229459889697749,0.06538584845489963,0.08234406000315114,0.09316222609867317
primary_remove_constant_only,nX,-0.007337906842036638,0.041669713838988105,-0.00410919390271178,-0.07851960288666757,-0.05431576530885877,-0.02388850429097969,0.01594677447467375,-0.00034626001943900697,-0.14540557491672557,0.08072620665125191,0.08738475122403958,-0.045542974904764555,0.02161478435910004,-0.055632854189910895,0.08875707953176346,0.050764050480044606,0.04577522939733744,0.00845930103807628,0.05046986950842722,0.08109564979251101
primary_remove_constant_only,ATSc1,0.07378639865802043,0.0669915987929776,-0.01310158574522843,-0.011598428438438665,-0.026291549854237584,-0.05426284673874032,-0.07009689321416604,0.039792733391636304,0.0034876512363044565,-0.02995378393613901,0.020599112894994165,-0.0007183972112828618,-0.01902001925983457,0.007230132931799443,0.00017984826362146822,-0.03265866285813229,0.038240476492509445,-0.013895691780263246,0.04953954934264493,-0.010379314920927462
primary_remove_constant_only,ATSc2,-0.06732114569610485,-0.057750675399221324,0.01541937003614206,-0.0008684716723572655,0.033146853460478465,0.08770549755315687,0.03939412419882044,-0.04637253779337635,-0.0029861567620372495,0.032966620597068674,-0.023807680968073508,-0.004049865742848241,0.03352253350274216,0.01157212033607695,0.0003066321564950125,0.005946035179357302,-0.035007681731024254,0.03568785689741587,-0.05955228306328331,0.012133729750201168
primary_remove_constant_only,ATSc3,-0.010669927713634331,0.03763462934472112,0.018690272357444537,-0.01005098412720595,-0.04875032867922057,-0.07642139633976437,0.040182723903849325,0.01654470542327109,0.04852767714080204,-0.023511176275676532,-0.044196447261014515,0.009072803975913868,-0.03074832167163504,-0.02970781308776356,-0.005358308880440981,0.0504566445375163,-0.006617995344620042,-0.013770185218529933,-0.06200148212411144,0.014818205370670846
primary_remove_constant_only,ATSc4,0.04395594093231671,-0.01828449692077172,0.005078143264175182,0.05455129934387135,0.03681009097352642,0.025461824952589383,0.005362527989984349,-0.0030588422242668863,-0.06982162260678496,0.037546551420976085,0.04510440843312724,-0.0017331280939638094,0.007472766330110875,0.0013423528683229081,0.015405147402039757,-0.015520835377135046,-0.004182953617904744,-0.04324742689359048,0.10357267382528776,-0.03328919044205971
primary_remove_constant_only,ATSc5,-0.0448628624786531,-0.022457195573684124,-0.040805503869804124,-0.06508917529957825,-0.015386789357744393,-0.029674847293647062,-0.013638610626195053,9.381608619875163e-05,0.038203629885949025,-0.046434514756761365,-0.020695590715327006,-0.005250814955546024,0.007488962996823466,-0.005155720738080141,-0.016233266830024656,0.006142135633316323,0.013086395424844188,0.04230114483825106,-0.04579811162998937,0.029419905620851852
primary_remove_constant_only,ATSm1,0.04874668904444384,0.017061904279534194,-0.00849364915687192,0.010761126298668546,-0.031159979202408348,-0.026334211178148034,-0.00679654931458065,-0.01649316012048524,0.01840238247490671,0.15919205154466107,-0.010509875117994227,-0.07941480293785132,0.036558598554972,0.05534343894117061,0.12363509698553393,-0.006889513559534627,0.1334099384708848,0.04704470349697309,0.07254965727737556,0.052711682369468243
primary_remove_constant_only,ATSm2,0.0934295278994434,0.00337090255149175,-0.04383927458114371,0.001992342440202982,-0.03036737764348757,-0.018799349646363844,-0.008451487643200327,0.016327578096676593,0.01542917050686062,0.056379864927719445,-0.00030138700232292676,-0.0068707040719477586,-0.002719062393294086,0.021561161176102628,0.0261051567679312,-0.004468478583279395,0.007102797950745414,0.0025564366702140896,0.004334868924880636,-0.0035295027636579046
primary_remove_constant_only,ATSm3,0.09063387365375795,0.00344987013576203,-0.03831794512894404,-0.015685432315620952,-0.04837311291589827,-0.0073879204219996705,-0.01740966535228359,0.01310563835685581,0.01747515488521601,0.07299268672410962,0.0131745203920976,-0.014206400596454338,0.004195385588997458,0.001713250946129674,0.030315608232569707,-0.0067176899665032375,0.03148798644740777,0.00701835649193157,0.016811430572575836,0.0013879187437573492
primary_remove_constant_only,ATSm4,0.08741744464847753,-0.0034540532720221955,-0.02619728138672052,-0.02703537064790912,-0.030827457331509465,0.003458555880626674,-0.0325926765730602,0.0046384772891307395,0.016701383848447132,0.08027631256967785,2.6900756611381027e-05,-0.029404095394986215,0.025515534798600248,-0.009604099636158964,0.06528958161367779,-0.0074954568737467565,0.06416584863156094,0.013889154304791667,0.004661707529936804,-0.0033077582611903966
primary_remove_constant_only,ATSm5,0.08447955834537986,0.00818058303394654,-0.01929169391087453,-0.028919584752419087,-0.03420562818841846,-0.009525726319822785,-0.017655963325733975,-0.010093960668499553,0.00648183082811732,0.07327025414059699,-0.020788675963172194,-0.0351492855261747,0.026612017705353874,0.005010339566342892,0.07529334475875986,-0.013709640944563506,0.07304214561688603,0.019548624886871847,0.008794614800470078,0.00032065080867380025
primary_remove_constant_only,ATSp1,0.09416847426455831,-0.03551378593127334,-0.03352888186480848,-0.007917059615211977,-0.02032725749587489,0.008269303092134814,0.01278497327948995,0.004262894110685588,0.016656041657403534,0.02606383475977557,-0.008109177085097173,-0.012815885487618459,0.006944368142356494,-0.005943524685189161,0.012784617179925767,-0.0009776823783456123,0.005112800756349484,0.00635707083980174,-0.016120758244839106,-0.00664169702880095
primary_remove_constant_only,ATSp2,0.09195610958049281,-0.04070207847700652,-0.0339370253547168,-0.01656369892605332,-0.02798993398245455,0.016243281754777645,0.00771014249126413,0.0021219706766976033,0.01998853321023291,0.024463821784290136,-0.008359740878190948,-0.01520234309168323,0.009558314199554191,-0.011698554946750539,0.011696624906701016,-0.0032541849131710876,0.00523406878778869,0.003179368998864713,-0.017386915327194177,-0.007935086115513024
primary_remove_constant_only,ATSp3,0.08702653129410338,-0.048769421341698385,-0.030211066418484128,-0.03282170632404534,-0.04040660460801399,0.027977990387231793,0.0010748609163751999,-0.0025824998162925906,0.024236190594199992,0.022249206036686866,-0.011629087105262989,-0.01631361134800979,0.013120702578041862,-0.020641091401286865,0.011841111631169667,-0.009432272894130567,0.0072383276454578635,-0.0044463236834891414,-0.023817954393905036,-0.008325028848112342
primary_remove_constant_only,ATSp4,0.08617175048279636,-0.05053417140992182,-0.026152207534212064,-0.04129381222228896,-0.024563952747532883,0.024624646180902886,-0.00011029313149632506,-0.0037920452003336316,0.01237173699319011,0.0016156405791240282,-0.0147050139476197,-0.021272424065539936,0.020941321441152422,-0.034615336240649656,0.02436073678990042,-0.004574085461201326,0.014060386616702487,-0.012970717059483508,-0.02197301093283207,-0.007964287440144508
primary_remove_constant_only,ATSp5,0.08922473339207541,-0.0383733605517417,-0.02854060358130036,-0.03556634978513729,-0.0244625115962946,0.017522560039875464,0.011385231904784259,-0.007983696747486559,0.0029680077916832037,-0.0031179994815247586,-0.021885408589244485,-0.01712496370831265,0.015865106453037375,-0.02425739908995815,0.022513048901355914,-0.013230683292809783,0.008095848657536788,-0.014900987060554136,-0.020119805586847093,-0.016761772748979942
primary_remove_constant_only,nBase,0.07016282071923335,0.026521362189590225,0.020800413438923745,0.054123446902585096,0.05738472100252937,0.025018022406731042,-0.014335919501234006,-0.006540511880362674,-0.0005877846117400826,-0.02108994512215319,0.044523920203034854,-0.02304967105492099,0.01920453892507147,-0.04529638542866815,0.018461005542443572,0.04686013734249198,0.007864414876381436,-0.004359636762851595,0.042091161026190635,-0.03771210746836379
primary_remove_constant_only,BCUTw-1l,-0.006836012616860728,0.016899175082473482,0.03762263267507739,0.0177724766646316,-0.036568088500966885,-0.026435367245713635,0.011707810668850696,-0.004733803888779928,-0.001217894337197611,0.07309644947623778,0.030363452823202797,-0.04895093068581538,0.02668071993379234,-0.03420021626534301,0.03436098477779321,0.03952469618360289,0.048041630712761685,0.027248530781671627,-0.031102084121012667,0.05306548132207807
primary_remove_constant_only,BCUTw-1h,-0.007545647142483033,0.01421275867403746,0.005365952508042936,0.01724261363815179,-0.043854555532308735,-0.014249437523972132,-0.011951768576971954,-0.024775169638819115,0.04128385856380763,0.19628531365032215,-0.0031406700571544226,-0.09511261366963028,0.0448930573088673,0.04141737023357355,0.11396924585438124,0.0031727455992666192,0.1033347434183588,0.031029772645575004,0.05185706396001227,0.019215368520824814
primary_remove_constant_only,BCUTc-1l,-0.008755105504493587,0.018201901666829622,0.01968541402401432,0.08245098018945134,-0.1148488252771176,-0.046729597942527644,0.030535546494598526,0.015032200300622385,-0.02253476382998908,-0.01890266521633936,-0.007106114262715148,0.001927555116691947,0.03316767543812071,-0.02192810706049924,0.04502095987836388,0.030937283752137466,0.003402772900892254,-0.02346425322593587,0.009138971109756915,-0.03824915389958566
primary_remove_constant_only,BCUTc-1h,0.0061675972674096035,0.07013584666685747,-0.00699768513289166,-0.07368723022817779,-0.0919195816183221,-0.09623116817579115,0.00861991931563538,0.007697912904161238,-0.012298422576680344,-0.017058841758730733,-0.03040432709650044,-0.0009156100698522168,-0.011768044595250814,-0.022326450483579174,-0.004922916602437353,0.02459791796011334,0.005050628098496501,-0.00830014580429806,0.06494477290263224,0.041556719985425726
primary_remove_constant_only,BCUTp-1l,-0.01439175262454214,-0.05129075168173054,0.03050958199628658,0.08843976768741427,-0.007558167269719608,0.02927034956903373,-0.054410501998999466,-0.014878281812948172,0.07768126792433465,0.03740220567550338,-0.03169065118160955,0.02542923770212198,-0.025800945665448414,-0.015495140100274519,0.05724413294107971,-0.0031030525160075356,0.011962003507779612,-0.06553888292973176,-0.05613020373495005,-0.04947482391589996
primary_remove_constant_only,BCUTp-1h,0.046470430477949375,-0.075843128568196,-0.018106824822937673,-0.04104745708202525,-0.02151553751250453,-0.011384493670749682,0.04377153935039664,-0.024270052610738238,0.01283210048212865,0.07830325527457992,-0.02906794514221527,-0.05816989808665093,0.032782341241224894,-0.012506961083067186,0.01739612477862916,0.006629367444809854,-0.023170435460455593,0.012614721368516464,0.011166015242378886,-0.046666671028621584
primary_remove_constant_only,nBonds,0.0963138511827698,-0.011578712110896856,-0.0471140990046788,0.00012222045485038943,-0.010495594632419726,0.003800998375559734,0.0009502489351868008,0.013539497403331715,-0.00630392118686376,-0.013685948786795764,0.0068784948989819225,0.009269954512267647,-0.005577409774467941,0.0027543657027316567,0.000652922725656709,0.0007728148398046001,0.006074448360440705,0.00963569873713381,-0.0006293088733595724,0.009556975750930043
primary_remove_constant_only,nBonds2,0.09620862186006578,-0.03439175648500947,-0.014203023761804906,0.01175006908960692,0.02163119750082311,-0.011722959413970358,0.010631741461368222,0.0016715649222832558,-0.021026905549557127,-0.021367518183736806,0.00383475624631098,0.024464551525809557,-0.012305235202967337,0.014839452204804043,-0.007384720776337568,-0.001496392587464812,0.0033307130664291104,0.015838807392441687,-0.006601223629960285,0.011534290227099963
primary_remove_constant_only,nBondsS,0.09400397878803375,-0.04279267697067151,0.0010363276385016746,0.0121675253221447,0.028916776649009178,-0.01531650623543934,0.0018066716389433977,-0.0008065608055388575,-0.025402213271827682,-0.020380525549647317,0.012520184793544295,0.02678301364581218,-0.013071997887541532,0.015893399363864656,-0.011920857989755158,-0.0024403246915343886,0.006229291274291473,0.019637149956953166,-0.002604792464971529,0.01406005043435462
primary_remove_constant_only,nBondsS2,0.09129680660334363,-0.04549198319434851,0.023221965226232884,0.004022299571576197,0.037963095717691284,-0.030696935325211862,-0.006709969446636787,9.526899371086771e-05,-0.018224605258064755,-0.024248007898171,0.009121002000483873,0.016836054761199072,-0.006163367669866085,0.014961553287652687,-0.011629270002334387,0.004012146789228988,0.002693324409024215,0.024496451328766686,0.0020935889743524993,0.010510276010813467
primary_remove_constant_only,nBondsS3,0.09023225097066859,-0.03631271136088269,0.03511505485629046,-0.018935788218827306,0.024469573112178594,-0.03911331385790565,-0.040408263063228214,0.01160084281190453,0.0011331896121735219,-0.020557167132659197,0.01989610655785359,-0.009339781329555173,0.009051658127651631,0.0021853136883372413,-0.008576884332492967,0.01390323339553186,0.005152520155812619,0.029929285908120752,0.020191881919508686,0.007531014037153941
primary_remove_constant_only,nBondsD,0.0506269188639725,0.04405055670779654,-0.11007308067292612,0.0012078530108341813,-0.041812898315214224,0.014375361458598813,0.06281165082463791,-0.0021512912845417236,0.02702817871386679,-0.014180076539467894,-0.05023099784849949,-0.0013396203982274882,-0.004151318375358127,0.0005527288933883006,0.028328561261031268,0.014897124504194417,-0.01686970229689036,-0.030177077884779115,-0.028219118694440402,-0.01021470149065159
primary_remove_constant_only,nBondsD2,0.054092659743576646,0.06099396367899972,0.047706491757387226,-0.03361574427379211,-0.05619680019028161,-0.04675434928018995,0.036170279007593925,-0.0010004064298627653,0.09305672019747334,-0.04766119333872654,-0.06966195724875045,-0.05327456032124319,0.019840768166227568,0.017582085230029208,0.028213921087216633,0.028565134652157213,-0.023394840240026835,-0.0023558334632974376,-0.028715925677112945,0.0019857601758259116
primary_remove_constant_only,nBondsT,-0.009722845123727446,0.0052126113692593295,0.017673504713405768,0.0023230518171012617,0.002599295703777165,0.06328226908311692,0.009592408948198062,0.21522097275167856,-0.05464523747899424,-0.0026407637807569708,-0.08003746636071353,-0.06088256768246273,0.053919195415164295,-0.025662896628321677,-0.0026637474723387794,-0.09945241746843621,-0.017380536866402965,0.11169657061827785,-0.013931347693477564,-0.030147279022067337
primary_remove_constant_only,nBondsM,0.02777538000533392,0.032862291003994626,-0.12625532545301613,0.027117283981102875,-0.05179136719156356,0.06176225892136197,0.05898430945533969,0.005445203263142705,-0.011824729335766978,0.007049890495802396,-0.017139737136524755,0.028296926936524955,-0.021904570990063953,0.0013560371492708952,0.013250845910430594,-0.018512806469613736,0.0025171190809468716,-0.02693568651681502,-0.02972455420496874,0.004778316477081975
primary_remove_constant_only,bpol,0.09344147846197828,-0.03407147834760934,0.0007047837622077459,0.02138391249928731,0.020228779816367615,-0.050208458739391934,-0.0020664856310066283,0.010766215958972165,-0.020580448422535067,-0.004975682006346733,0.008940359697968352,0.034630776231602566,-0.022132542183348963,0.025417660585346044,-0.005138427041410029,-0.008143529364323561,0.004456787133693857,0.01058708742649788,-0.0007679249294446631,-0.0021013772718333815
primary_remove_constant_only,C1SP1,-0.009508203899000017,0.0069586033832123775,0.015848496740411996,0.004233855986410603,0.0010370582707227949,0.061428290174637676,0.00751186819778841,0.2109474564620133,-0.05242788242104182,-0.0023742176110648117,-0.0770587361248874,-0.06191324133701313,0.05394704128577535,-0.02473583593731342,-0.004873077772732191,-0.09921212309675746,-0.015769438885990767,0.11094774614464871,-0.013602624239351097,-0.029798428302660118
primary_remove_constant_only,C2SP1,-0.0030366038152807766,-0.013755269639822274,0.027971238255653324,-0.026821811013111808,0.011211275961278364,0.06093597660201065,0.012707711611211417,0.13955333811686002,-0.022307106278578005,0.010270539468824866,-0.06273009650105006,0.01614605578778967,0.004929529669570689,0.0534017789192744,-0.036776092368157605,0.08276955538061409,0.06142456401965107,-0.05535218801645552,0.02219182136782463,-0.009915394668897943
primary_remove_constant_only,C1SP2,0.032939062281824506,0.07463157011731754,0.04755722347621183,0.03942184408850658,-0.073532825948442,-0.031776954686718005,0.030175412946851304,0.04970699774735317,0.0626368949054951,-0.03097744195258575,0.03307756686951817,-0.0025835072661403637,-0.03572564760465752,-0.005594916583478414,-0.01704624244959666,-0.005514172104537981,0.024961076049625372,0.006370266371580368,0.026988515669367764,0.009692915779710015
primary_remove_constant_only,C2SP2,0.02661724569486791,0.003978377713968863,-0.14148157080265256,-0.00538235187161173,0.012350144419908875,0.03177415324038549,0.03882254069253111,-0.01027096574562691,0.005503451502473809,0.018191548216257594,-0.018572200579860722,0.007049786458281788,-0.008058567039893279,0.0008830663906868232,0.016663972719419037,0.016669093585149244,-0.017624534650448432,-0.019742150478188763,-0.009945566814303912,-0.01449224429820882
primary_remove_constant_only,C3SP2,0.015925986010934798,-0.020750696519562302,-0.06355661634493272,-0.05309643402475501,-0.0015005627130259657,0.05047207472071965,0.06022412097249854,-0.037392371408985776,-0.04807647031614854,-0.10274872872539954,-0.10264354886419205,-0.0476000853162013,0.036154389906266154,-0.0015514003062307305,0.05838014329571965,-0.03757077147493518,0.013193669621797842,-0.0075885747714500955,-0.02814265453105754,0.0250091172463669
primary_remove_constant_only,C1SP3,0.06351473709385759,-0.039655254305073905,-0.003214989133416067,0.04511639392555091,0.042755183383186506,-0.06423749054499787,-0.012235082164816577,0.006079670820380063,-0.06434741112506133,-0.017386810066751003,0.03707558965802031,0.06108128236061398,-0.01773369721836153,-0.03395966032349578,-0.0007307890538375565,-0.009396478320081288,0.06834544170112827,0.008508574155742455,-0.0011862579444476451,-0.05646174038166893
primary_remove_constant_only,C2SP3,0.06508457907179184,-0.05829282734747649,0.061290827782805944,-0.004214689114130152,0.023194675241371938,-0.001724291156364649,-0.03302551844754637,-0.016864216379943904,-0.018300497480109285,-0.0037698394325131166,0.002935033784949536,-0.005603501422608994,0.0012998730204682057,0.06899568371299102,-0.013910367984755753,0.013698877987110392,-0.046167959589372726,0.0525870047587155,0.0026201203049854185,0.07034920952506234
primary_remove_constant_only,C3SP3,0.030838220904576386,-0.05587540467816405,0.07258508845576071,-0.050701742776066115,0.013688842591886024,0.007089179949109944,0.004526731908250794,0.02532335543799489,0.028425434830131813,-0.0063326676530005965,0.03821170719659686,0.017676025116649657,-0.007998868380850305,-0.04288783415091137,-0.0784753041313561,-0.023818800911945964,0.0019503177581271748,-0.0031179657295428076,0.026835945960147194,0.025301607666962534
primary_remove_constant_only,C4SP3,0.005073073262276109,-0.0688828508354707,0.09725934423489352,-0.049805134766134594,-0.03373650925600252,0.04963925218107837,0.00496561328283023,-0.023359993358326718,-0.0031188837939598603,-0.004165062333928233,-0.01352366320303169,-0.002120834946763388,0.00941214115887288,0.00494964069894083,-0.0011001962816447161,-0.021966674726781543,-0.042765939255156094,-0.015905630983169057,-0.03420326959321476,0.0286726339420485
primary_remove_constant_only,SCH-3,0.0011926269698944035,-0.01094596442364505,0.0032155949118000725,0.008645501336535927,-0.014952469896576948,0.012954394001977888,-0.005477508105541529,-0.017010936222439797,0.011985675955189247,0.009392486423229025,0.01151999099112015,-0.015983552825518228,0.007755355776967961,-0.006443456736324883,-0.03517546178086682,0.03917317335880832,-0.03460224840610034,0.04639040181145823,0.09397363067088797,-0.10215188786721074
primary_remove_constant_only,SCH-4,0.0031766533646013116,-0.0113955645136205,-0.005912940397960755,0.008453403947496439,-0.0032185468388319176,0.012241421165959375,-0.017108794740110136,-0.01240573878838501,0.018726917487336337,0.009964743785198958,0.01202994441760698,-0.016483789775337963,0.005334105014446099,0.00022900796450286975,-0.03694584310996607,0.03161101896903399,-0.05537121173838884,0.03003466187599717,0.10403584378128881,-0.13186607744075313
primary_remove_constant_only,SCH-5,0.005686817704539819,-0.005183483334927058,0.0031331747893274197,0.035001716243872855,-0.13890784650745858,0.037909636633723036,-0.038027839915374784,0.0054288358414584246,0.04038640324852678,0.037100041860665234,0.04480920159326211,0.018036526472924804,-0.05079254602376927,0.09448213416051104,-0.06785494353865405,-0.0844665241259688,-0.030940478199332218,-0.0035582910058692217,0.026584656510876326,-0.04432243703738224
primary_remove_constant_only,SCH-6,0.03166286783202166,-0.04998812206771777,-0.046576654220023966,0.004942005126360759,-0.12205632842376252,0.0772194011786793,-0.031028508613484284,-0.006084578897288999,0.04831015927930752,0.03279436652032811,0.02635568462968805,0.018914025807259798,-0.02102711062746699,0.03407094975649318,-0.057674078290581805,-0.031599445119093614,-0.035272083756479874,0.00780950592833269,-0.009452379350615395,-0.01873589592487306
primary_remove_constant_only,SCH-7,0.022970943279590733,-0.04804016637268348,-0.018329353305703434,-0.043774234750880256,-0.11614377004490622,0.11181459694724857,-0.05246290311342876,-0.030725499387285436,0.05525825767064563,0.021844726553384895,0.007071189131944411,0.014951497179787318,-0.004610598811637918,0.0156483604609458,-0.04332403778374004,-0.04477043722366078,0.010549733682721902,0.015105351927389333,-0.041191257959835456,0.00915334091541224
primary_remove_constant_only,VCH-3,0.0011926269698944037,-0.010945964423645052,0.0032155949118000773,0.00864550133653593,-0.014952469896576956,0.012954394001977905,-0.005477508105541541,-0.017010936222439824,0.011985675955189241,0.00939248642322904,0.011519990991120187,-0.015983552825518235,0.007755355776967949,-0.006443456736324923,-0.03517546178086686,0.03917317335880837,-0.034602248406100364,0.04639040181145823,0.09397363067088803,-0.10215188786721081
primary_remove_constant_only,VCH-4,0.003220706686391349,-0.011966007707952893,-0.0052133729040366285,0.008227753229829639,-0.0037193221804259695,0.012651240952407033,-0.01577544722352588,-0.012669357568427485,0.018533222608534173,0.011240945892622917,0.013726133403364779,-0.016743950682982064,0.005780541652762096,-0.0017146942699100736,-0.03778921204392547,0.03295325792066065,-0.053984496524660586,0.032927183043008505,0.10677545562418868,-0.13092234680313214
primary_remove_constant_only,VCH-5,0.01612690481967468,-0.030856195102464234,0.004588253755622274,0.014558748097542025,-0.09957392495872693,0.028361246566363164,-0.033904730600417876,0.01063052009269277,0.06158865387398306,0.07563872907432771,0.03704835669841973,-0.0052323231750590815,-0.033327896973058976,0.08172389393081528,-0.08361181645068783,-0.069640757795154,-0.043274403560298866,0.014885747886044742,0.017302250419670706,-0.03608839535109985
primary_remove_constant_only,VCH-6,0.035423713735579655,-0.07764976116659793,-0.004403570145553816,-0.018365972155391957,-0.08173612743762652,0.056841403721116956,-0.03818902719437414,0.008208289955464059,0.07239951725198612,0.07145767494955707,0.03488100127797385,-0.0118830616311285,-0.007504968708577211,0.031470755182464866,-0.07879443984994997,-0.02853547587601783,-0.045910481916930306,0.038603439818443955,0.00812776465317931,-0.004851044293339348
primary_remove_constant_only,VCH-7,0.026585802885656443,-0.08214933776909268,0.0332023367111483,-0.04835166475693016,-0.08216058800372157,0.07225218484915895,-0.03335089865715611,-0.00848505442088027,0.07039261567734816,0.06607143535827464,0.018295830996397165,-0.020149478555602274,0.006824096386259635,0.016286522770841944,-0.0606568337023771,-0.03410032846037178,-0.019644576675986403,0.035667840232521994,-0.008148256059189953,0.024885627575067307
primary_remove_constant_only,SC-3,0.08010184423109068,0.020660257045844267,0.01283719900952724,-0.0841172014029711,-0.036571431919390496,0.005266947142224851,0.019296621104676025,-0.0136826567736719,-0.024444027668771885,0.03528772647698088,-0.013812559254655233,0.033995948969909026,-0.0004593280721562746,-0.04751395184607528,0.007028391332330986,-0.02355981328538206,0.0017103025216611046,-0.034384599603004,-0.0036806575531437855,-0.01781108572426815
primary_remove_constant_only,SC-4,0.021463207891391806,-0.008652560594540677,0.04844592117148579,-0.10692581662004544,-0.06966328608839845,-0.03265374013942478,0.03163789832061624,-0.0025971024853951807,-0.06232168753069269,0.0664228803591912,-0.036884720235049205,0.05480975722760195,-0.012943902722158186,-0.04425597835924151,0.030620856847660943,-0.01525438070854302,-0.09242576452322816,-0.06882264461893049,0.014267294003708639,0.0054712767414645085
primary_remove_constant_only,SC-5,0.03584347060367796,-0.01781489516184691,0.06317270909621381,-0.10438996101070178,-0.04745711321661199,0.01944580215090274,-0.010719776033358068,0.00847855112598024,-0.01858466416635685,0.05849927790577741,-0.02070910861615,0.051840490284158894,0.014505501202483458,-0.07635078895921897,0.0287710848816045,-0.015283265988461043,0.0033950084757416016,-0.04250037238450583,-0.06256542234143177,-0.010648159583294365
primary_remove_constant_only,SC-6,0.011619112180068595,-0.039110145098364746,0.05938962456795815,-0.0980035269856127,-0.039871436750987754,-0.007905964875662821,0.02372824554877677,0.036301134211748236,-0.028792750906636154,0.07542588093728775,-0.01243094984653627,0.05590585512249241,-0.015739009873408018,-0.03855768701334082,0.004793572582320587,0.006695029625475733,-0.07811695352092173,-0.07189315575479051,-0.004398578902585424,0.015689230361638596
primary_remove_constant_only,VC-3,0.07122083930071876,-0.04474492532230752,0.05401917543083933,-0.04556765541138764,-0.023526952263434497,0.019145969187217057,0.018017651688512083,-0.01639021149496125,0.012929174438229633,0.05327464975323502,0.004151501342424587,0.012014536914169458,0.0072940518159353325,-0.0464862267696967,-0.012678531929484748,-0.048279665882932116,0.04422825574356212,-0.015034082212210809,-0.013963736332490735,-0.050364087339201065
primary_remove_constant_only,VC-4,0.02121623742654395,-0.04521831467287296,0.08844367417936909,-0.06082791486764035,-0.03342004417269484,0.024252974945479802,0.02959347218635416,-0.018896505886245293,-0.014308863042059214,0.01381801989707612,-0.020616218303573453,0.030432361068083915,0.00027465594566423264,-0.03784097971623201,-0.006619559551130425,-0.049200353214064144,-0.016454619019382662,-0.05178209790224406,-0.03977026000425199,-0.019555658186187024
primary_remove_constant_only,VC-5,0.028311417889323048,-0.07627909678672248,0.0673990777445095,-0.08328228760059672,-0.022357159777011686,0.03648124725094155,0.0038063731894276915,0.014204449247587353,0.03063454848235519,0.0671965456746343,0.00979672330169083,0.004382472769586104,0.012033479543603573,-0.047321366467112116,-0.013988097073335214,-0.029494273788883637,0.008296940410462087,-0.013936639580113465,-0.026318469228282407,-0.021327798006221324
primary_remove_constant_only,VC-6,0.008576565286855914,-0.06585182676313382,0.07887927285119704,-0.07991597225398951,-0.016595129768321802,0.030121620864057074,0.02516750068068071,0.03393843175853308,0.018600263209727602,0.029668848608918722,0.008253578667615283,0.02827255446732925,-0.011451908732184362,-0.028532929687214645,-0.01887701897931309,-0.010827264771130305,-0.029501858708102083,-0.053911098801290566,-0.022790574378233314,0.008426464010907485
primary_remove_constant_only,SPC-4,0.07684931372621914,-0.017635774382986868,0.019554854867558945,-0.08790087508265018,-0.0479288764790755,0.03604829086681467,-0.017388391309638967,0.001213465229441511,-0.0005990616146494516,0.028954678308138266,-0.012782251595557898,0.03169694246591197,0.011652239448095805,-0.057496815690789065,0.016279448913133918,-0.023173667033719828,0.024245108789914288,-0.024974491695237095,-0.047084033346415415,-0.023710229797214037
primary_remove_constant_only,SPC-5,0.0676956843564638,-0.03334786320521045,0.013082278753725439,-0.09462727252502066,-0.06668921514966575,0.04460293837881229,-0.02678627663770747,-0.00760155832056168,0.008316031161255908,-0.000691653347090892,-0.023401480949579116,0.020872092079784927,0.01710187722570196,-0.059257841536636525,0.015051888503778157,-0.025754095158450445,0.024557650107140356,-0.02582680828253312,-0.05884796776755905,-0.01726196066708026
primary_remove_constant_only,SPC-6,0.06419948428772038,-0.035020818111853064,0.008129809721726179,-0.09814636306989775,-0.05964784587744575,0.051426084275718605,-0.0287094096582832,-0.02209842813372165,0.0021840213511462162,-0.015013397652042433,-0.03169069890252754,0.010636176351511595,0.025124639578483106,-0.06831598690280649,0.0229724608969879,-0.02361026416842929,0.03185366755478277,-0.025771016490448675,-0.05291670557188737,-0.015175575134640643
primary_remove_constant_only,VPC-4,0.05703368639931048,-0.08038155421988123,0.05050360769883172,-0.06270515100611843,-0.03292936914225363,0.03584990165068356,-0.009275568938279318,-0.0004490843745262002,0.030340702448276132,0.062696400834797,0.015164899710648013,-0.006568998329848729,0.0150608902243384,-0.03770738218835223,-0.015432872559518624,-0.027856263613479253,0.015258524516085585,0.0023596386024211146,-0.011796634386252143,-0.028641432785156695
primary_remove_constant_only,VPC-5,0.048229828306400456,-0.08901833473442726,0.05395818474215888,-0.06599844527632107,-0.039327307784213825,0.04149899223332738,-0.011169249702747068,-0.006889421807860085,0.031639860261070456,0.05219281461330794,0.010940839055501455,-0.016155724898230004,0.018024927191988407,-0.028827499273965048,-0.019889692628319893,-0.024778963172185777,0.004287674044179819,0.006032709801128075,-0.00918485044522735,-0.006151167028167103
primary_remove_constant_only,VPC-6,0.04401211263033855,-0.0908967463625672,0.054236291691722886,-0.07054776518451453,-0.03734911450474816,0.042871279062031004,-0.011823403977937979,-0.010437002608467985,0.03154268861117233,0.044933497186553845,0.008963913443968793,-0.02209258169200344,0.02160642880774107,-0.03152238845800892,-0.020541008735133034,-0.022106205645521827,0.0019248232317313776,0.008084043203195529,-0.005868711446628645,0.0013306480484624461
primary_remove_constant_only,SP-0,0.09899262514738373,0.004008223079489408,-0.030190982268842474,-0.0009274642642242157,0.0021492840254245175,-0.009189109326446692,0.016401226153716857,0.01039005101055926,-0.017306192799630384,-0.00844833075518648,-0.001995222015704515,0.0144964683361578,-0.005618077554641907,0.007975022520540175,0.0034576577279266853,-0.0040923478873427285,0.013074971235554355,0.014710215359770865,-0.0074179969286738276,0.00784392411790557
primary_remove_constant_only,SP-1,0.0970830265855614,-0.006877344686348324,-0.04322760804787482,0.006786165079368931,-0.0023837586754748073,-0.004413688029127682,0.008419348042827192,0.014604400578355698,-0.011466142013922133,-0.014179120397697783,0.0040884787586801564,0.01006028835848836,-0.006871662486160882,0.010319587806098719,0.0015348286117525863,0.000996761540247697,0.006200804547518065,0.014504063146764352,-0.001561821372547455,0.01180358425929463
primary_remove_constant_only,SP-2,0.0977691152268574,-0.0029719747685208243,-0.03917876090338945,-0.012118313960107263,-0.01208429757865603,0.0031230927279866784,0.006092696846902774,0.008013484773733344,-0.00938241924653917,-0.00519580936596006,0.004699094477746182,0.013479267171293927,-0.005014124699617892,-0.005084961055003655,0.0003789045943616894,-0.0022966175542604656,0.007243522122586189,0.003097996778930562,-0.00025378652211439906,0.005257577471895085
primary_remove_constant_only,SP-3,0.09365829223024849,-0.022984287637931068,-0.04582261627339116,-0.01412941351100778,-0.023341688406958393,0.019653118612556017,-0.01664899005072282,0.015568023528347965,0.0032835241594425463,-0.010341816171110161,0.008060172221219969,0.010811285473622102,-0.0010281366515216665,-0.011747142856203019,0.004287610636241535,-0.0023455304158155597,0.014193758535555285,0.005175668966974477,-0.012150476726565378,0.0029047957689874123
primary_remove_constant_only,SP-4,0.08865942032392866,-0.029793832574369124,-0.0523725813664247,-0.021027906794709218,-0.03795953636933256,0.028876652424361767,-0.02570343339253753,0.010579254700739001,0.011160273435383648,-0.02619185347946833,0.006170060185771857,0.004632105367985552,0.002018950383634987,-0.018452380136734187,0.0025231135229989037,-0.005875825022453703,0.014129958895077777,-0.00026773048791548393,-0.01613745108810767,0.006463730949832793
primary_remove_constant_only,SP-5,0.08482233167552923,-0.0376620973880653,-0.05680996211440279,-0.028000142196498705,-0.028864752970974638,0.04071024202127913,-0.023362645871199916,0.001206621238895657,0.005595536302929436,-0.03320876248588797,0.003771185542308958,-0.0049186625751209264,0.009793176615070039,-0.02903464819286196,0.007814847209013412,0.00030356713261800103,0.012259993103692829,-0.005386733131429027,-0.005454125877409244,0.011666585408193233
primary_remove_constant_only,SP-6,0.07921921659307984,-0.04315347566506022,-0.05174305118828118,-0.04208836203943968,-0.038542531363775376,0.049152619520108305,-0.0376779481784099,-0.002041833577219765,0.011258410474367469,-0.043365820748083886,0.008663536206418165,-0.010420932809057424,0.011871246489088166,-0.03065184881935444,0.0055943936143267965,-0.011224314580861122,0.025505882547964622,-0.008383751213875568,-0.0032460797193459446,0.023611318493996853
primary_remove_constant_only,SP-7,0.07569597480149827,-0.051195286919419165,-0.05186359947458806,-0.03675823998338955,-0.04383425356225427,0.05097513619966593,-0.03651597504722123,-0.00028051352216403096,0.007987726465328148,-0.048388270570425086,0.012841429175686186,-0.014338518453888683,0.01034133748098408,-0.030731055840252285,0.002915704220230053,-0.00981620045581703,0.018540097428908334,-0.01399870518518976,0.005401930692710919,0.027222456918928776
primary_remove_constant_only,VP-0,0.0982167332840383,-0.018306730553891256,-0.023794047864436552,0.014567716903365512,0.003756234550860737,-0.01701530025902195,0.014475516824160622,0.007363275159399876,-0.011917096831250812,0.007485556689535439,0.002896543667578316,0.01006313903958789,-0.005890333050018031,0.013124110712874306,0.007723211613364867,-0.006821620374314025,0.0286294813743313,0.01997902868505917,-0.004478718350515791,0.006862869093353168
primary_remove_constant_only,VP-1,0.09648744027904313,-0.03247478181833373,-0.023956889163347133,0.016030209679651523,0.0017059797629417263,-0.012101033619683309,0.0035990770426779775,0.008850736894500704,-0.0058895379662528375,0.013772677547144577,0.01120859847103588,0.004988308451053029,-0.00639066885365325,0.01894509924350145,-0.0019157425466395676,0.0004101721889897053,0.00883959356896756,0.026063026839831246,0.0016668681035335072,0.012947341447549257
primary_remove_constant_only,VP-2,0.09514951780987768,-0.04343886390729974,-0.007864823133208791,0.0024743045821553687,-0.005082819987287516,-0.0016860664320067712,-0.0004626705689920031,0.004395305002338917,0.004826864904117451,0.030962285597848464,0.01655283735853453,0.002391645321737562,-0.0027955825953421133,0.005417426260909585,-0.010401061914516507,-0.008093480774999808,0.013123093270390823,0.023706200786292465,0.003484127595707651,0.0011203521756452495
primary_remove_constant_only,VP-3,0.08619668090127046,-0.06634734195311431,-0.003851978903453598,-0.011296300944546043,-0.015662167892796317,0.012582527731315477,-0.01967466905349555,0.009995586944622856,0.018977081252639114,0.04123119427390529,0.02439549475288474,-0.008411142591403454,0.003064743892446985,0.0022452425141098508,-0.01611958893160585,-0.0032744783998643126,-0.0012534343668801809,0.029392910005412262,0.0062645413657524225,0.0053380136167820395
primary_remove_constant_only,VP-4,0.07854578552163126,-0.07789353409054224,0.0027096906375073033,-0.020573604147723617,-0.022931994750496416,0.020784780741196753,-0.024807995329626797,0.005818422084706705,0.02709880126918774,0.04382536880837113,0.02601152654142092,-0.017588791355064484,0.00694071345979761,0.000899023029869977,-0.024484165647332287,-0.005845788378627478,-0.007575165054825955,0.031249002242140646,0.010530381536240852,0.014146038380685672
primary_remove_constant_only,VP-5,0.07220156324072176,-0.08470411376807396,0.0066549523707656565,-0.029801034234326604,-0.020511676582989188,0.02725348676927476,-0.0268602598050241,0.002735168838944858,0.02877494382416312,0.03690928475820967,0.027274259497517838,-0.02382429675561829,0.012109225522885644,-0.007430115293990408,-0.02742709229660211,-0.0008713135782947058,-0.015388004072605257,0.03104589354296512,0.01458622634462288,0.019142741689518107
primary_remove_constant_only,VP-6,0.06532738178874796,-0.08687488993322941,0.02057835545142009,-0.03844809379520623,-0.02693580595340761,0.03311548755454377,-0.029753185820506334,0.0021202868878854495,0.036002155071364894,0.0383414113016207,0.02972936733291113,-0.029743385520464235,0.012627430351243769,-0.004624951455472073,-0.0314302043508807,-0.010451476544668464,-0.013705713588797803,0.028791653954484103,0.016397187740694236,0.030109269593250006
primary_remove_constant_only,VP-7,0.06162628904440502,-0.08755127599315139,0.02524681138734911,-0.03960946242832721,-0.028290526335081615,0.03550098092573993,-0.028627992856555488,0.005711848166363995,0.039500022623926705,0.03357971714409273,0.03256720522966298,-0.029410972694605172,0.010619781693604391,-0.007155390995688118,-0.03928452135215656,-0.009776476515838253,-0.02078025249521389,0.025166023659711583,0.017299904909207162,0.0370674882328703
primary_remove_constant_only,CrippenLogP,0.018626017803234442,-0.07655116424011903,-0.08790457163106567,-0.0060909756184808,0.0072027958328192586,-0.016210014159466494,0.05375947073827326,-0.0035432484443948045,-0.050549689370936075,0.042651738777958935,0.006722677773444798,0.02620674628565072,-0.02114312837417353,0.04153266823374755,0.014937671993513915,-0.03424356486331194,0.0257264021489812,0.015074088750732186,-0.028646978474114643,0.0692070750816033
primary_remove_constant_only,CrippenMR,0.09589495927714856,-0.016382770216621836,-0.03802280247846634,0.023514720811518303,0.006904033982351619,-0.00278524060623805,0.021340512731770393,0.005870787509600442,-0.009011312172083341,-0.006403691615488477,0.0022475560248639173,0.013413231465363613,-0.006031074246094747,0.010267478369333243,0.003491333779300297,0.004641682078980543,0.02458661699463537,0.02284267014156134,-0.012056556021506506,0.01521801501098408
primary_remove_constant_only,ECCEN,0.0948155168182918,0.015627780426887363,-0.016159555643569808,0.02831445934888662,0.015482883283579246,0.012798992663914599,0.006138826859558539,0.006910848451344291,-0.009211556577605277,0.004440519619977616,0.009764588739065867,0.007054903972731963,-0.00884590332240158,0.024910355475439166,0.005700334997519007,0.016574771532916064,-0.011619085489753125,0.01565660982005028,0.0075663466523434525,0.03715869687133201
primary_remove_constant_only,nHBd,0.060684697636028316,0.06815083800226235,0.04716142299063114,0.008191174317405136,0.06814324815831974,0.09317417762207704,0.013947994728991723,-0.039489042354720186,0.014305826619133762,0.012560389629313358,-0.006696802892928677,-0.000723567743524016,0.0035506872211374836,0.019867703594549608,-0.031170463793174764,0.03681585692916593,-0.01610470832200448,0.01821768761750311,-0.011969679175250061,0.006932825346664425
primary_remove_constant_only,nwHBd,0.006050312445829072,-0.0006278593415248235,-0.0041408803416000456,-0.030980031524266972,0.003409595170752882,-0.02900292390765076,0.03227902556437215,0.0064974721448317774,-0.08362371075706425,-0.017489059115405967,0.14926170567614752,-0.1741848010351405,0.028524770162447966,0.10152653746907912,-0.05288573535439808,-0.004324901285808869,0.01584615620518968,-0.0668566222297918,-0.13498346972605849,-0.06011135694293915
primary_remove_constant_only,nHBa,0.0810521428757926,0.07525442804380668,0.0011244261771348398,-0.006676273442528236,-0.008546008994252348,-0.019159451617632373,-0.040641676494680756,0.0035131364455462987,0.006768151148656563,0.027323716040082588,0.02455786480573545,-0.0025432798921075574,-0.010637520305220487,-0.0028667542181693845,-0.009884163909183752,0.01368322248394605,0.012635459334134964,-0.0003324158927975971,0.011761500751358615,-0.010713766793896618
primary_remove_constant_only,nwHBa,0.04004943909853586,0.02086355285168511,-0.130297844262985,-0.006439902391312893,-0.011056487010310593,0.038554087795373504,0.06457833721966232,0.00871899522905175,0.006126058966383335,-0.02576151451119431,-0.042003295057940315,-0.012190577336772174,-0.0027509759072147076,-0.004364201185771606,0.026991035908042815,0.004826482612920886,-0.0029217615657987643,-0.014284656154903416,-0.012519518314585715,-0.0048619508946692504
primary_remove_constant_only,nHBint2,0.06600214345516617,0.07062392921184123,0.06181133432721345,0.045329129124416515,0.009239732977528316,0.025657718659221253,0.0338480638281858,-0.007827937098642188,0.0076839372909478084,0.0020468368084784563,0.001256515664557614,-0.02131195521740353,-0.0012908490624060943,-0.005968559449476558,0.0003556629238955968,0.014738199598230889,-0.029054847641789564,-0.03258005610068195,0.026066531183310714,0.018403406796450996
primary_remove_constant_only,nHBint3,0.061971445837611765,0.06796573238011934,0.06944929613940576,0.042903381708882644,0.026983876519369898,0.047157870732186705,0.014028306449607928,-0.011257042586007815,-0.01800866476154633,0.005574744166203618,0.0025648424571795996,-0.007562203464591444,-0.00036194641835018396,-0.00021198382958709044,0.01605913639621014,0.004726265962433768,-0.00506944453881353,-0.02560719962406753,0.017579795163196965,-0.0030707447793336413
primary_remove_constant_only,nHBint4,0.0041131282270380955,0.049646988328774934,-0.007904644855684937,-0.010100425660046802,0.029453539664313976,0.0030124540276485964,-0.07676260812506128,-0.02234290296011261,0.07235328581561191,-0.03608170407668787,0.005053663752480363,0.012631110648528116,0.0009797166702941555,-0.008443828573836198,-0.036363674018110415,0.03677677354070647,0.05314930256445444,0.04379482117834039,-0.0620794675772468,0.01652587653725964
primary_remove_constant_only,nHBint5,0.05787922592694714,0.06680536878529471,0.048521462149506686,0.04124622238373044,0.029194851373447208,0.056962042466998625,-0.023162847534219492,-0.021428738461851466,0.001113210917587094,0.012134280477193116,0.01423231775143556,0.019274132030028972,-0.01098087352095405,0.003629716880870114,-0.010114246046398764,0.004589117660089551,0.011792505868540857,0.0014894149461210256,0.0046025589185366995,-0.043481911360833056
primary_remove_constant_only,nHBint6,0.06411897478584852,0.07024271724823587,0.05840044892428047,0.03105151655327471,0.038855387397737896,0.0450073785390807,0.015533490372211205,-0.028687525341366177,0.001834497232894487,0.016775058836199994,-0.006822177580432987,-0.0064415455527598395,0.008842464793488413,-0.023482546795849213,0.011072106627939976,0.010188061820523585,-0.005419466847351484,-0.02891768769093659,0.019726444116602633,-0.018142178573800075
primary_remove_constant_only,nHBint7,0.0646229839152735,0.06542473795125663,0.037590109767875086,0.027468946553564334,0.025235018253634174,0.045299957028293196,-0.0223578751263486,-0.025440368388467204,0.018336077876669736,0.02272800010398833,0.011968937423293248,-0.016999273388433433,0.007209871220349838,-0.004205345775088362,0.0060469934641144505,0.04207255412830163,-0.030256915047962896,-0.010356480576884148,-0.0017609727767929936,-0.017881287317232264
primary_remove_constant_only,nHBint8,0.06511312915824938,0.06325834835848584,0.06171923197736376,0.0330580569895896,0.016953381926360152,0.06259549113454782,0.005792576444063895,-0.038715537842577516,-0.017664878970580045,-0.007509986976780093,-0.007025412046042837,-0.015009846142608368,0.010885524976336979,-0.006393377775857855,0.02437252675496729,0.017909264137357946,-0.020504572256649548,-0.02256721120956064,0.026679153207109178,0.010209770001298489
primary_remove_constant_only,nHBint9,0.06532813288417127,0.0683200940770543,0.05737679409224323,0.02567850972546716,0.03550293465479117,0.0512034913063809,0.006871251570434323,-0.02372082602940802,-0.007027735647907569,0.011893602485406626,-0.007398355782665882,-0.010531581035280289,0.008140108970752959,-0.009353849285575833,0.02011935539281212,0.014843177787633529,-0.022044315845466674,-0.03134848106169264,0.012733504902449627,-0.0005718953974744533
primary_remove_constant_only,nHBint10,0.0590299447929497,0.043566696438305415,0.025094207017716023,-0.00180884376904435,0.05315345423020922,0.08873775666177608,-0.014975796243770859,-0.024594710596693676,-0.01212306304790842,0.05523060886609715,0.035238259562694794,0.016129344416607856,-0.0026790530988269976,0.036067141534121,-0.0018113577378097638,0.0012725915915611126,-0.05019890828178743,0.004524921442526482,-0.007099318685440621,0.004899746130568388
primary_remove_constant_only,nHsOH,-0.0036720477079911916,0.013254640632360096,-0.03578694375182367,-0.0936803696591208,0.11998333755999002,0.09906900579153857,-0.02059395318774326,-0.05528163942554614,0.044079149353906014,0.04607839857710928,0.005503456772981956,0.011626864710350862,0.007840847593798835,0.01918180749278899,-0.05608103133650212,-0.0012569509956730507,0.0058868718515364595,0.055298167457527254,-0.04357125392565875,-0.0009683155905775218
primary_remove_constant_only,nHdNH,0.06142645654297341,0.060807384939718614,0.062084896902109055,0.04693416892984211,0.03223848312245709,0.0527864103548707,0.020903951244852635,-0.016401854303133945,-0.009007537106896647,4.0013256466981513e-05,0.013765307144585383,-0.037709949003881305,0.01617587704138193,-0.027545199038600473,0.032921647146429076,0.004175106208270222,-0.0340063578803192,-0.04480030583896448,0.03781199622012244,0.0013967474160004835
primary_remove_constant_only,nHsSH,-0.001425688553464321,0.003235512446600136,-0.0009764841804014694,0.003701010485295486,-0.008898449928991985,-0.008033232957901088,0.03520212290356407,0.012500966896856376,0.036314904664302726,-0.020856014333484017,0.07488712228931872,0.13651002643184068,0.2703865313179558,0.08871758059567461,0.04502733939387439,-0.015046143550778603,-0.03253302839746354,-0.019366682840671095,0.016348858751403073,-0.010019998769381004
primary_remove_constant_only,nHsNH2,0.06261004464815863,0.061528134490081265,0.06636718744228336,0.04927244977108738,0.02853809425536688,0.04799265833322648,0.023153124486722475,-0.014034344348968414,-0.0011822408493012985,-0.007232214281525384,-0.001917152910416817,-0.02978752341677149,0.017944767106561968,-0.04368966496194244,0.020248032790086055,-0.020016606069897865,-0.02142432354304607,-0.03783776222582089,0.024573380200262684,0.016063744365440596
primary_remove_constant_only,nHssNH,0.06320135066105761,0.06399498709942314,0.061868093046162115,0.0707264974577568,0.0037340343518593353,-0.0037186496916518457,0.026566802582345363,0.009277749594676619,0.006005343683980925,-0.0020822953527213227,0.0031719508455233234,0.0066252790001492725,-0.026060166339213327,0.016466615483304848,-0.014177544320221317,0.032767735239075335,-0.029814649234874153,-0.01128136310438575,-0.007099842377985044,0.040627646969960705
primary_remove_constant_only,nHaaNH,-0.0007195257893569995,-0.014570502188974727,0.020961041872006782,0.029688248101685546,-0.11433455768714006,0.05850441566185719,0.00287879104274454,-0.08857273788903267,-0.08149694435986335,-0.07569176130121535,-0.058101291519213005,-0.0134998819061883,0.019976477811150792,0.03884904029961629,0.029630984738769902,0.08104518790254214,0.016261393944283796,0.07935089566125676,0.027006726497605313,-0.11816225720787836
primary_remove_constant_only,nHtCH,-0.002415360244362449,-0.01324633443051565,0.03203489254077744,-0.032331550328896855,0.009239435607175515,0.07731241070834416,0.008085846220006382,0.16809594271027006,-0.016639190662516897,0.01760304075822255,-0.07235591830482344,0.027528921814072595,0.001019902158905441,0.09072534863972771,-0.06779980345436039,0.14211273276691683,0.1055620322030865,-0.10365778524137444,0.037828884732995754,-0.0098520025290805
primary_remove_constant_only,nHdCH2,-0.008096110865992835,-0.005728304774623442,0.03599841271405868,-0.04571661776979885,0.010505139485978655,0.041867766905904893,0.04134981961132651,0.05317725893281122,0.06822727467703514,-0.03978491642819194,0.0990037832150429,0.06372771533004026,-0.13555573990184286,0.0604657947076038,0.20108831930213156,0.025093603785746845,-0.016184530370127737,0.06716019405295083,-0.030738009753642447,-0.06137539130955355
primary_remove_constant_only,nHdsCH,0.007327781034842397,0.009362658153275758,0.009548533108257783,-0.09724545902018303,-0.015169515479216014,-0.004204392320208017,0.1544286012031147,-0.000542462415315225,0.11639028291322859,-0.0607402079077873,0.04092680137488713,-0.055114089618309686,0.00411894446122039,-0.01890124520703885,-0.019348883395360308,-0.002142390431599103,0.025066176566595072,0.020685765302496585,0.04893205228955801,0.0037765412946285555
primary_remove_constant_only,nHaaCH,0.028491272638479705,-0.009268772044068426,-0.13349468174533127,0.02216077279502345,0.008495398002049827,0.007795084223416833,0.05776034110401769,0.008228940726689392,-0.018530585569805583,0.009752401461690532,-0.03883888742786573,0.005339127181905485,-0.007686971977602137,-0.004285240716248104,0.014717633127980582,0.0327763844616752,-0.07999424567035895,-0.04310594283668002,-0.003848402543375969,-0.011405626848152939
primary_remove_constant_only,nHCHnX,0.004662680173263168,-0.0004713864995004895,-0.0022227421469642747,-0.030511212302478757,0.003215768498073882,-0.02551887254063347,0.03284169151784954,0.0038653988143182295,-0.07724558209903952,-0.010997704438405599,0.14995893767709387,-0.17718186078238232,0.029058261921590046,0.10300744425140185,-0.04848493794039889,-0.006947148485621453,0.020863998505606204,-0.06583477211750008,-0.12489394836751415,-0.05316749853175485
primary_remove_constant_only,nHCsats,0.07316226012657419,-0.06599466131256386,0.05008140483088319,0.008619446282298075,0.04175161792491314,-0.01921031620676641,-0.03140192472023321,-0.007066871678539104,-0.029653709568006028,-0.0045671038166805915,0.026535014767226542,0.01492006017581157,-0.001266393376222192,0.02554158733813119,-0.026164960925327354,0.012739801338386435,-0.012953112077281885,0.04641999851669644,0.007453017197606814,0.03234812114794389
primary_remove_constant_only,nHCsatu,0.058508283736349434,0.010905591101304013,0.0672308845842405,-0.000518156509956356,-0.007133196282642562,0.0118125982534622,-0.02668900455173215,0.010526068389059166,0.03367772022352918,-0.07682154920120629,-0.048737607264447556,-0.06003981854746106,0.005520675841970123,0.06406478711114212,0.06021164359580237,-0.01570190257423548,-0.042319629672886716,-0.03197392742850817,-0.023122514717211128,0.03785860667136548
primary_remove_constant_only,nHAvin,0.008879906923867344,0.022390753086333034,-0.03203709536754585,-0.07676713432438663,-0.027793053359880485,-0.000724963547159364,0.15057804687888113,-0.01715617089211525,0.09062352135134882,-0.03889176271608976,0.0034219400184067254,-0.04153582319989516,-0.004196295016073479,0.0022054037499975544,-0.03512761001400506,-0.024960610815771975,0.02668024069265811,0.015570964456309736,0.07219422016956925,0.0004559692284699379
primary_remove_constant_only,nHother,0.029643823352158778,-0.007459367769010665,-0.12949391315034772,-0.0008580616747254303,0.005635787078209036,0.008635089817011457,0.09270411866726502,0.010337788173939893,0.009567288166396662,-0.005088151543189963,-0.02568261442692951,-0.003889215686975253,-0.012512554120119602,-0.005796367860804825,0.019004958510037723,0.03327444602135693,-0.07501516208785554,-0.03565878690309171,0.005436191937036367,-0.013152874516264325
primary_remove_constant_only,nsCH3,0.03422610967146629,-0.013827513774869144,0.06652008492184971,0.0056064841027204425,0.02594575912882681,-0.06577088685024446,0.06193054954909157,-0.03745343597653706,-0.04416296382667465,-0.04959170824500733,-0.05031654293529397,0.08849363724075257,-0.022042396415840236,-0.021242975497603338,-0.021503120293005294,-0.12141536382911143,0.1335560995587715,-0.036292595914701346,-0.04372054224911656,-0.09326577694969315
primary_remove_constant_only,ndCH2,-0.008096110865992833,-0.005728304774623447,0.03599841271405868,-0.04571661776979886,0.010505139485978645,0.041867766905904893,0.04134981961132652,0.05317725893281123,0.06822727467703515,-0.03978491642819196,0.09900378321504288,0.06372771533004025,-0.1355557399018428,0.060465794707603736,0.20108831930213153,0.02509360378574687,-0.01618453037012773,0.0671601940529508,-0.030738009753642444,-0.06137539130955352
primary_remove_constant_only,nssCH2,0.06669911774079945,-0.07282787546640418,0.021724220852866256,0.029563722945252804,0.02625643100315995,-0.030419411704667613,-0.04738528458274578,0.00971685830375315,-0.03960368540379721,-0.013989769989398635,0.029811857697406702,0.0108305314345849,-0.0063958780391996,0.04465964677656469,-0.0062375302125743486,0.03973792277654218,-0.020868585826230322,0.06280619327141118,-0.0035602722697044512,0.07780977095260058
primary_remove_constant_only,ntCH,-0.002415360244362449,-0.01324633443051565,0.03203489254077744,-0.032331550328896855,0.009239435607175517,0.07731241070834415,0.008085846220006382,0.1680959427102701,-0.01663919066251689,0.017603040758222548,-0.07235591830482344,0.02752892181407261,0.001019902158905421,0.09072534863972774,-0.06779980345436039,0.14211273276691683,0.10556203220308652,-0.10365778524137442,0.03782888473299575,-0.0098520025290805
primary_remove_constant_only,ndsCH,0.007327781034842401,0.009362658153275775,0.009548533108257769,-0.09724545902018301,-0.015169515479216016,-0.0042043923202080245,0.1544286012031147,-0.0005424624153152304,0.1163902829132286,-0.06074020790778727,0.040926801374887134,-0.0551140896183097,0.004118944461220414,-0.01890124520703881,-0.01934888339536028,-0.0021423904315991133,0.025066176566595082,0.020685765302496596,0.04893205228955801,0.0037765412946285312
primary_remove_constant_only,naaCH,0.028491272638479725,-0.00926877204406841,-0.13349468174533125,0.02216077279502346,0.008495398002049827,0.0077950842234168335,0.05776034110401771,0.008228940726689405,-0.018530585569805563,0.009752401461690525,-0.03883888742786573,0.005339127181905468,-0.0076869719776021354,-0.004285240716248132,0.01471763312798061,0.032776384461675204,-0.07999424567035893,-0.04310594283668003,-0.003848402543375958,-0.011405626848152958
primary_remove_constant_only,nsssCH,0.06253086233964202,-0.029607576361411567,0.056165784036134245,-0.02893057896946037,0.04032994307669053,0.015340765514466871,-0.03831940350535951,0.0028301679332252317,0.037940331961051,0.014341237937547255,0.04364432543829129,-0.016851215730102252,0.0023529291340669053,0.0008415265890901508,-0.04650209532740793,-0.022652666023435623,-0.027057747934120878,-0.007163262736444857,0.045025191009574056,-0.0342982935792212
primary_remove_constant_only,ntsC,-0.00945934075210433,0.0033825882560958058,0.018496523510603127,0.00047967143033399016,0.0038943746361713495,0.061981872582799316,0.011028192148095157,0.20895468006930498,-0.054081666993541166,-0.002758162354156314,-0.07896795047103025,-0.05707770927960115,0.05135252358455084,-0.02529453871238271,-0.000533422684944892,-0.09498291602202795,-0.018023259786562558,0.10711140485112296,-0.013573001158513408,-0.029042881480596673
primary_remove_constant_only,ndssC,0.05229262316598386,0.04319691611208018,0.04742982113837892,-0.003829645416166281,-0.04877034782545864,-0.02792105344600559,-0.010889745764641643,-0.004881908327169368,0.04662955922022883,-0.09586178623990413,-0.07305239382916237,-0.08612223539211344,0.028989158091595683,0.020259450397123315,0.03167554699818029,0.018835944574578427,0.0027544918459223773,0.00908342445028414,-0.007742599778045077,0.035095353462017836
primary_remove_constant_only,naasC,0.016912781450083545,0.022916600103628212,-0.11223275824575135,-0.03678877719739541,0.046230172595514644,0.006214139298528952,-0.016663310627705145,-0.00941063000105668,-0.0007794400309867008,0.014284843510945583,0.0007108774491257085,0.026819323474931444,0.004266827066573773,-0.016269890078447338,0.010386910129640218,-0.04003954970433408,0.10521272006345589,0.01688412066186159,-0.005349040720992335,-0.05267913460854724
primary_remove_constant_only,naaaC,-0.018355902056590555,0.013780107336617517,-0.028761734374852046,0.04490136097208721,-0.07740682661039096,0.13928469780053543,0.026896246500892767,-0.03087042530470777,-0.05006498335713254,0.009745048265834387,0.020879779033845667,0.03916388415687684,-0.029851617264096464,-0.0014619676277085546,0.0007615013718170274,-0.02815238885441961,0.028975488019652797,-0.006903602479941328,-0.04870449003663597,0.06853211177703047
primary_remove_constant_only,nssssC,0.01129991723746686,-0.05352778129695529,0.08246173892649072,-0.09458808194484536,-0.05354938942992881,0.020012051530250007,0.035449228380926734,-0.003222631932673573,-0.057197413388985235,0.012079348873387826,0.008469530242740922,0.02965181098443971,0.0008519701903101022,-0.05770149329813849,-0.005001177657847134,-0.0022481542793038787,-0.041097680041085265,-0.029532146954075023,0.025711320162695565,0.024778122300757047
primary_remove_constant_only,nsNH2,0.06261004464815863,0.06152813449008127,0.06636718744228333,0.04927244977108737,0.028538094255366884,0.04799265833322649,0.02315312448672247,-0.01403434434896842,-0.0011822408493013024,-0.007232214281525391,-0.0019171529104168026,-0.02978752341677151,0.01794476710656196,-0.043689664961942445,0.02024803279008603,-0.02001660606989787,-0.021424323543046086,-0.0378377622258209,0.0245733802002627,0.0160637443654406
primary_remove_constant_only,ndNH,0.06142645654297341,0.060807384939718614,0.06208489690210905,0.04693416892984212,0.032238483122457105,0.052786410354870694,0.02090395124485264,-0.016401854303133952,-0.00900753710689666,4.0013256466977604e-05,0.013765307144585397,-0.03770994900388131,0.016175877041381934,-0.02754519903860047,0.032921647146429076,0.004175106208270224,-0.0340063578803192,-0.044800305838964494,0.03781199622012247,0.0013967474160004826
primary_remove_constant_only,nssNH,0.06320135066105761,0.06399498709942314,0.061868093046162115,0.0707264974577568,0.003734034351859335,-0.003718649691651832,0.026566802582345367,0.00927774959467661,0.006005343683980933,-0.0020822953527213353,0.003171950845523322,0.0066252790001492725,-0.026060166339213327,0.016466615483304844,-0.014177544320221305,0.03276773523907534,-0.02981464923487415,-0.011281363104385751,-0.007099842377985037,0.040627646969960705
primary_remove_constant_only,naaNH,-0.000719525789356997,-0.014570502188974729,0.020961041872006772,0.029688248101685563,-0.11433455768714007,0.05850441566185716,0.0028787910427445417,-0.08857273788903264,-0.08149694435986335,-0.07569176130121537,-0.058101291519212964,-0.013499881906188272,0.019976477811150764,0.038849040299616305,0.029630984738769912,0.08104518790254217,0.016261393944283806,0.07935089566125676,0.027006726497605372,-0.11816225720787837
primary_remove_constant_only,ntN,-0.009243613271364609,0.013246794667113402,0.0033155018470764136,0.01853849270552275,-0.002866903597583267,0.033078465385555644,0.004635840249433133,0.1556415594465024,-0.049535208900417994,-0.010168087224142367,-0.05212793988661854,-0.07886505929892744,0.057921835366429635,-0.06592807374692222,0.02399853885713625,-0.16868449895096205,-0.06263312594227458,0.16477886633216027,-0.03104731619495027,-0.027983882517217805
primary_remove_constant_only,ndsN,-0.011315691956628838,0.028321050285305988,0.009604066247808352,0.00985804251924466,-0.0026980207038079206,-0.025378142799615862,0.007911287645519776,0.019814448925239255,0.1007566190019722,-0.03728184681851181,0.03997852353951475,-0.017988604608234555,0.060710248512255094,-0.06031759702266142,-0.015834231057928787,0.06902089016643974,0.039151010396747746,0.01963555734418236,-0.02089345847229773,-0.025036935517606593
primary_remove_constant_only,naaN,-0.017436083696560415,0.0214216082967496,0.01570509029140174,0.06741085414305793,-0.10607353893901832,0.0160535450741984,0.019880587193255597,0.02433925549974375,-0.019908495115377556,-0.004915427973891674,0.08302250537201139,0.04862601406033854,-0.037795974799438456,-0.0019044292000133592,-0.015318244409408597,-0.016671436227302886,0.03231159684353958,-0.031029574290518835,0.03011251231043454,0.00548752036653944
primary_remove_constant_only,nsssN,0.03567718390968695,-0.03425159567541382,-0.04768014938786315,0.0189256128382684,0.013123020674344564,-0.06927740486321977,-0.04505203235012332,0.03945787477380296,-0.0023351023326057194,0.006328638452052998,0.043282128691966154,0.013936967175717038,0.020447358044085158,-0.11446247020080033,-0.00236888499479794,0.11833733366815347,0.021473864855963885,0.05672080175325809,-0.03291751951939699,-0.09313025782934255
primary_remove_constant_only,naasN,0.007097944173748275,-0.007385385485436185,-0.024264831092202652,0.04016662373029417,-0.04546227116106641,0.04290641125223532,0.03313462216993554,0.006326775936753474,-0.013014305753553964,0.020216650417879702,0.07123557585699446,0.1060465107893587,-0.016456243080589274,-0.03995839589055432,-0.01738319480959576,-0.06791254167048347,0.0883024738308957,-0.032326895801024255,-0.07834091848649317,0.08487480604175929
primary_remove_constant_only,nssssNp,0.0008394435276921703,-0.001701187464539578,-0.0014922031249552964,0.001179169676725984,0.002141409112706862,0.0056347630388134656,0.0074896735734639504,-0.006203576450772271,-0.008589585422316791,0.005970174316660035,-0.002444131808338139,0.025105016368268535,-0.005733441342934266,-0.0073889912575248505,-0.0028313599229424623,-0.03196115976428335,0.027627154502240042,-0.020267650030323398,-0.03493995881265711,-0.011238064668140278
primary_remove_constant_only,nsOH,-0.0036720477079911933,0.013254640632360091,-0.03578694375182368,-0.09368036965912081,0.11998333755999005,0.0990690057915386,-0.020593953187743257,-0.05528163942554615,0.04407914935390603,0.04607839857710931,0.005503456772981921,0.01162686471035086,0.007840847593798812,0.019181807492788985,-0.056081031336502114,-0.0012569509956730507,0.005886871851536449,0.05529816745752727,-0.04357125392565878,-0.0009683155905775044
primary_remove_constant_only,ndO,0.05454567541084252,0.0711937358598879,0.042692063947512245,-0.009190737100731731,-0.0630602678711052,-0.0576926822404337,-0.003245962704651593,-0.012230007121234624,0.05342119134375749,0.010356630378932363,-0.09475598363403782,0.0002752828859840952,0.0050200759182821575,0.02701798613440058,-0.008872097954882259,0.018771983979365386,-0.025323529032216144,-0.015630975262905657,-0.0443613464033373,-0.011654297862228592
primary_remove_constant_only,nssO,0.03675654341274888,-0.013900677221767885,-0.06637740577602935,-0.015759888827424108,0.025576327176571517,-0.06978193198029098,-0.10578654731977295,0.025677103218453082,0.023548011833464142,-0.06903123009685219,-0.016811897960014983,-0.012757412154006236,-0.011456752031366545,0.050282075534836906,0.04317083704057647,-0.076729755544116,0.056910868731881704,-0.06383465552496786,0.08255711740414884,-0.023764596209851094
primary_remove_constant_only,naaO,-0.024040678338988427,0.0439846932485108,0.004577152530486444,0.029533349056205443,-0.04065434246086857,0.023839770568791822,-0.03131319826843704,0.04506702648048086,0.017872674511485713,-0.009421964236020637,0.07109807883837738,0.023418345012361386,-0.07579893488295511,0.06766783844121456,-0.03285112350666586,-0.11779959790256356,-0.00793567514619185,-0.037672877458453304,0.04257462485467183,0.01571272490666394
primary_remove_constant_only,nsOm,0.0003517084169874563,0.014832560173011914,-0.0020486838112631738,0.002314745352781243,-0.019792442091778974,-0.017991823360974223,0.004346811819782786,0.02274937593115575,0.029272123503602823,8.973097818752522e-06,0.022117139639942864,0.06265924249806434,0.10517044995715542,0.013418136873623388,-0.01409878133954343,0.011116982794680638,0.00016880996267015867,0.055215141644884023,-0.059113672630057415,0.029561149371892
primary_remove_constant_only,nsF,0.0013951232497652773,0.0390490546399263,-0.011096841514823812,-0.10043222777519138,-0.04858205317147206,-0.024211277279484536,0.01988933398947919,0.013348430388523702,-0.17007619950032749,0.00604186890963168,0.09446560760949047,-0.005477485428039443,-0.0014655294287862469,-0.04211106936246775,0.02342516786072652,0.038555209195351776,-0.025831627622800685,0.020461681721982622,0.08513909106342059,0.06674699541410178
primary_remove_constant_only,ndsssP,0.002409910824782947,0.0027330924486111147,0.003136337775707699,-0.009858646336467769,-0.012150306605488449,-0.026622148471950276,0.001656166436376307,0.008120269533105878,0.006497003415862067,0.03173771317679127,-0.03306558599362927,0.010836851342631047,-0.006140087297033498,-0.004023401016622199,0.03789008366459126,-0.01032678917565364,-0.034764793353363015,-0.05940666232746928,-0.015709507200417496,-0.04324536117571573
primary_remove_constant_only,nsSH,-0.0014256885534643193,0.003235512446600131,-0.0009764841804014709,0.0037010104852954902,-0.008898449928991988,-0.008033232957901093,0.03520212290356406,0.012500966896856371,0.036314904664302726,-0.020856014333483955,0.07488712228931865,0.1365100264318406,0.27038653131795554,0.0887175805956745,0.045027339393874356,-0.015046143550778596,-0.0325330283974635,-0.0193666828406711,0.016348858751403027,-0.010019998769380988
primary_remove_constant_only,ndS,0.0012283922729606261,0.006587267508267956,0.005620562259477796,0.016945316654892403,-0.007160202701182763,-0.05258648495728032,-0.02140864350183327,0.04292606936792381,0.034030636676616266,-0.004947958222182849,0.012580275175556668,-0.016229380269429213,0.025716656963897508,-0.08626173516982712,0.010898260812227742,0.14196526859165334,0.0031823253255471844,0.0896814441940374,-0.11181756828539421,0.03321216492717902
primary_remove_constant_only,nssS,0.020332055584849483,-0.004481947084811112,0.005526381548275709,0.04015061455384624,0.006767207198474267,-0.022368207831120576,-0.03952308980674015,0.04382194827703819,0.04862634991584609,0.09651462650629548,0.07657942917432976,-0.04516265765091705,0.0016143775226807118,0.0007945977759604012,-0.030976994802622032,-0.02327778747649285,-0.014876699010539268,0.05288433559423096,0.10720034789752218,-0.11874448561088363
primary_remove_constant_only,naaS,0.003088853999978933,0.009424337177975618,-0.016989480005896063,0.0319400022741818,-0.0661106882054525,0.0024311224065043475,0.03387185780939154,0.005554498963437207,0.06320758411058124,0.0925366133359782,0.017484200673659404,-0.013818080887237632,-0.031338460322874205,0.0544863641588341,-0.08063277921058201,-0.023755243203287067,0.004733048164862678,0.021669095703494203,-0.021513424333272947,0.04026093226461687
primary_remove_constant_only,ndssS,0.003956835657809408,-0.004615644491720203,0.006507582665988636,-0.016229092712397388,-0.005744375576300086,-0.009355138339013238,-0.004073959187884129,0.0009857173740710388,-0.030607322713314566,0.023394768742751433,0.014773405980725587,0.017773066181476393,-1.6899319684357615e-05,-0.014845300693128637,-0.0030737732397134506,-0.0024794471037178824,-0.02381136332229725,0.007159833404128693,0.026756037287917298,0.06981435597955649
primary_remove_constant_only,nddssS,0.012644510353329133,0.017270442339271008,-0.012932053235809116,-0.03917271057338975,-0.03468654252216604,-0.06389499871829024,0.00027550711008274384,0.001521158083711184,0.03859567336591763,0.11283319153287102,-0.11112850085713302,0.023839195815519878,-0.016397378464090173,0.05891318016460488,0.05505486924316176,-0.009398209824306232,-0.13429003405797607,-0.0853916958933937,-0.08158635492601636,-0.06227449303124269
primary_remove_constant_only,nsCl,-0.00996857827048473,0.012036959706926947,0.0015441156821654617,0.019723553940389923,-0.010618979652849539,-0.006214775624151737,0.0023954909440147038,-0.0004604421409480644,0.0029132385320849224,0.08769916123353437,0.024295802093526758,-0.03551825956727167,0.024651290664442285,-0.08056266206449349,0.067027905230415,0.050098204644551426,0.06980677899663972,-0.04424410659370222,-0.1253065172904664,0.02355047125918387
primary_remove_constant_only,nsBr,-0.013845888386042851,0.006878587200169452,0.014485458369680468,0.006800279028869459,-0.02528366960156875,0.008141884305985163,-0.00987701682907641,-0.035653657078511945,0.01563930319097166,0.11068539329521182,-0.014461241589976335,-0.07474372025075353,0.03532518450788247,0.035927042998376145,0.1123112680946231,-0.012136187944959066,0.09897374817792905,0.01190720509898842,0.07050270328790012,0.01428942648645171
primary_remove_constant_only,nsI,-0.003604148292002334,-0.0013013089156523805,0.009986807541340858,0.00453257593901619,0.009216211226597722,-0.02631134579548352,0.0022661963465817926,-0.01807477711422812,-0.002288518400460346,0.07030747895891604,-0.03001254442534008,-0.04462833622146521,0.025712487760217426,0.06154588287388213,0.08014888315822097,-0.011932609775031631,0.12294598896977522,0.06538584845489948,0.0823440600031514,0.09316222609867324
primary_remove_constant_only,SHBd,0.04530896894567347,0.08476918284108269,0.027663459611665404,-0.006882036218793256,0.07641959919895579,0.10243646445176534,0.014773454341885107,-0.0474021033208905,0.017824781666303694,0.011017558678376786,-0.010309122320783615,-0.006670334935168584,0.009885514411427291,0.024645422759177568,-0.04462174579414168,0.04046091923338012,-0.015177511829740817,0.026995065737441634,-0.002056810358369136,0.00590962206192858
primary_remove_constant_only,SwHBd,0.005844115819902455,0.0051999480999110215,-0.0065661109829293655,-0.033959340739004154,-0.0004328145607375504,-0.031019800658748684,0.03458329450573031,0.008928929529051157,-0.09041356478706007,-0.020991411009327512,0.15074529856634072,-0.17796013868129726,0.0285670728617473,0.10454156504127729,-0.0563335861636998,-0.008687784468517,0.017668783385185016,-0.06893584780185766,-0.13057287841426493,-0.07264344712411679
primary_remove_constant_only,SHBa,0.06866147402717399,0.08460546678702151,0.00751523461123936,-0.07264447666444485,-0.0056121308244729455,-0.009708869603046453,-0.03134612275545502,-0.018146472618630935,-0.025809091083870663,0.0065277020765870065,-0.010083784013314763,0.0015321992199092617,-0.0019121515627017784,0.010027471964122547,0.0024449762234214165,0.011169140027078925,-0.016430327306177033,-0.00392826404200005,0.011644864177027701,0.015784757579840658
primary_remove_constant_only,SwHBa,0.02593667351984961,-0.05447870169095646,-0.11379852857257584,0.04176340283671562,-0.002737816481092394,0.02879539227057499,0.09193149272973324,0.026773540582861743,0.01592914964849328,0.0024297376062822782,-0.031208719917441348,-0.017565282211316806,-0.009378508939009165,-0.0008594473464044686,0.03219255555926736,0.024524860609160953,-0.03367021628916655,-0.042623529157703156,-0.007429440263023946,-0.01962420699139317
primary_remove_constant_only,SHBint2,0.06362243523659485,0.07327035011038881,0.053092676932092596,0.02873846426527555,0.0005845003525675949,0.012443067387885663,0.053450887426207704,-0.00853024870371073,0.012359250333089714,-0.002788357667633459,-0.00654994573947044,-0.02238648325386461,-0.010025688435448177,0.0057416147054174865,-0.023817478326918,0.011753200552364618,-0.01925475054260082,-0.03257251607266626,0.035325520049602925,0.02080375363144448
primary_remove_constant_only,SHBint3,0.04601618238241087,0.06872270146710122,0.060581702681962876,0.015202812022080797,0.03549215138671922,0.06027099314334754,0.0035360138145420212,0.006202537732281706,-0.045810363650709035,-0.0010298091863961125,0.005116368631648904,0.00996495220581326,-0.0036251142130485207,0.020644039612197563,0.016908216859181435,0.014609357563028667,0.006011116293967993,0.005027649686933776,0.022222814886207774,0.007197457479258384
primary_remove_constant_only,SHBint4,-0.012203991208211631,0.05116573181406555,-0.002852871640609868,-0.035284697353057316,0.02536573127919107,0.0023357457405272473,-0.07862064594761639,-0.01832711490714848,0.05456919204085607,-0.06317194689018761,-0.011593006944810434,0.01620075465480989,0.006764111352645893,-0.006416774739993405,-0.00794904770238548,0.03093274248948423,0.040420716242482606,0.04205128986925024,-0.08561125815171494,0.037423543394564315
primary_remove_constant_only,SHBint5,0.04883341499658574,0.06613426090837395,0.0499647453563731,0.02314941309927602,0.03103070864132318,0.051206177190835485,-0.03415647069394274,-0.02171294867211821,-0.001944199204614371,0.0009286848381509479,-0.0040776394086087546,0.019763778689040466,-0.0071807476840782345,0.013121800736822797,-0.018838482557180743,-0.001375438809430569,0.0073425711265023156,-0.0017082000619031033,0.01506456363960135,-0.045616307526942866
primary_remove_constant_only,SHBint6,0.04731866115222809,0.08030100036629655,0.056573722893008944,0.01203520335232854,0.03736840795637421,0.02462348368914664,0.0024217078403441974,-0.02669209474132168,0.009437331090177076,0.002421270876142772,-0.03835543529182621,0.004133180272546195,0.008392690957608216,-0.014525519060332184,0.017949495951658317,0.014611889325495165,0.00828386802239718,-0.036335553734966636,-0.0018429801166312914,-0.010064124788981648
primary_remove_constant_only,SHBint7,0.049512701113455154,0.06290403018733556,0.018348007546012554,-0.007650321989136699,0.019033553756208785,0.03282628168298665,-0.03496225486136335,-0.029221352336170903,0.02335710700672773,0.016279837377613744,0.002992219129862531,-0.011263753044183247,0.012299376399429579,0.004189727204755737,-0.023789533147980563,0.04918447666160819,-0.025621431027738086,0.009340810174267846,-0.021066617438343007,-0.03671064815961811
primary_remove_constant_only,SHBint8,0.05800566949996504,0.06271862916288878,0.06149903480762529,0.021890267599494265,0.005729632884968354,0.06574759177529262,-0.00032718346510239566,-0.04904193860897076,-0.031369736130448515,-0.011328111812150028,-0.01057153604467683,-0.01351993785413067,0.013797471385507689,0.0006428854452588855,0.023030241770038002,0.029415112312231383,-0.0240429349003346,-0.00920445455471322,0.028300740890053758,0.010907419762154999
primary_remove_constant_only,SHBint9,0.05713680777220349,0.06947590729083138,0.04675724693004455,0.009991938631792414,0.035833460590686796,0.05266423321424798,-0.010225579351932529,-0.021080112100735484,-0.007519680373891506,0.017166113762531146,-0.009107073785248049,-0.003797085387838027,0.006748276045276656,0.000792269956585343,0.018706236901548476,0.021554617745808875,-0.02639842368862532,-0.023206627327959597,0.011402507002897716,0.004913675542369799
primary_remove_constant_only,SHBint10,0.03603467477600577,0.0419001331004928,-0.0030341573817956055,-0.032580127139468416,0.04409041004616387,0.0882575156540781,-0.017407800074664283,-0.02280514570828305,-0.02847236822890311,0.0682949828097537,0.041671627392546394,0.03542709688249478,-0.009037902340403487,0.06281804691108918,-0.01431712107337401,-0.010535721404581713,-0.05861642387616934,0.031042234270333733,-0.018089434441621102,0.002955877157190803
primary_remove_constant_only,SHsOH,-0.012301716905347378,0.03654403649334932,-0.04710962803400334,-0.08446073913804324,0.11450658283967313,0.0933460221785965,-0.009248653557447644,-0.06127789153343551,0.034244557201835765,0.03560266229763779,-0.002700828621290974,0.004373211578149644,0.009424003620319065,0.02155201699123404,-0.05875457925927951,0.008813969542772436,0.0032198045727838084,0.060517032260079845,-0.025596004520484012,-0.0012354640087592073
primary_remove_constant_only,SHdNH,0.0608083617441057,0.06079985989966106,0.062821485828832,0.04744751078327802,0.032554349662086174,0.0515546162915281,0.0219610105855687,-0.015953456294669665,-0.009450312912692911,-0.0008614559656371846,0.013666897353932126,-0.03964448383144374,0.016981308213381573,-0.02859607293154077,0.03280085652593615,0.001996743933634894,-0.033746585768961446,-0.04600252415036243,0.03633340528379242,0.00011055635480517498
primary_remove_constant_only,SHsSH,-0.0014256885534643237,0.003235512446600129,-0.0009764841804014776,0.0037010104852954907,-0.008898449928992,-0.008033232957901091,0.03520212290356403,0.012500966896856367,0.03631490466430271,-0.020856014333483955,0.07488712228931864,0.13651002643184051,0.2703865313179555,0.0887175805956745,0.045027339393874405,-0.015046143550778613,-0.03253302839746351,-0.019366682840671053,0.016348858751403055,-0.01001999876938097
primary_remove_constant_only,SHsNH2,0.06216057587516929,0.06185829528076434,0.0661501481773205,0.0493010398693303,0.028397360090366374,0.04787104380439497,0.02334645486026359,-0.01366812535132531,-0.0007823894366369219,-0.008243885762658568,-0.0022082282037764007,-0.030431369434993274,0.018136674482548357,-0.04459233338243934,0.020232714392679232,-0.020533406801476407,-0.021873041776342205,-0.038959427376070804,0.024526766972553047,0.01597294316252054
primary_remove_constant_only,SHssNH,0.05605181964363814,0.06585910480718957,0.05636880407709314,0.06961627105561032,-0.01041862488799827,-0.017904727794227828,0.022429553649227107,0.022630619786080858,0.018606686308648458,-0.002558230291899767,0.007978240179996385,0.009662298611663822,-0.03407786326352833,0.025851874177872346,-0.028268324348452622,0.03552034067515219,-0.030487120864219033,-0.011284995012294623,-0.01147732176375521,0.04927965402781552
primary_remove_constant_only,SHaaNH,-0.002652620329722389,-0.014533761060497426,0.026281848193234553,0.02534150170953757,-0.12128552078464341,0.05788257211421938,-0.004053946506283175,-0.08938761610259607,-0.082496976064377,-0.07459049992756543,-0.055712643981353976,-0.017915514360809907,0.02412234517203697,0.036250463972143626,0.032480219670478566,0.07580256888671932,0.011405657040717231,0.07402873468886399,0.03473235882715522,-0.11300759504075962
primary_remove_constant_only,SHtCH,-0.002964054608835523,-0.010159431470132143,0.028742792714787364,-0.029837800392829204,0.010177499333331855,0.07743096440163201,0.007779784702020155,0.1659778242993064,-0.02006584433856137,0.017285351510031122,-0.07374987071469245,0.02742618218182991,0.0019451740758738164,0.09207640098296463,-0.06852964654210406,0.14402742901652318,0.10751610543013923,-0.10235172541010161,0.03905375841167138,-0.0104871392989422
primary_remove_constant_only,SHdCH2,-0.009047862204370103,0.0008680430851984378,0.029344024123711277,-0.041865627509103234,0.01005503849645481,0.04014701696578474,0.040839031926255806,0.04812583116508094,0.06441338357396001,-0.04224609928184846,0.10049659535934195,0.06384163239809056,-0.13650442599031445,0.06225872262921483,0.20295784003971143,0.023797202849139908,-0.011935236098182424,0.07529067942847155,-0.02620162716204774,-0.06322795933594894
primary_remove_constant_only,SHdsCH,0.0064245215848892,0.024079006387908178,-0.0071516342952809946,-0.09208511949518004,-0.017653695320077618,-0.013258406982320453,0.15885936028157033,-0.009537245023229227,0.10538560112003849,-0.06590249316490933,0.03138855168924363,-0.05533257468435661,0.01692138984159927,-0.02799628224799257,-0.03596257909923253,0.00015999258866191898,0.04391033397373307,0.02998938804017167,0.06139967018864301,-0.0056273716324217946
primary_remove_constant_only,SHaaCH,0.024068098589285776,0.013433284184543513,-0.1383605984855436,0.004791647987892165,0.0022185952749576867,0.013149786729332532,0.036762370858261534,0.01619156669180374,-0.017998955731000254,-0.0010608174291362822,-0.03139633377360789,0.008796513808349529,-0.010160371362187589,0.003929192397034943,0.015870080309679794,0.023247570339720493,-0.07579418763425871,-0.04242545150550314,0.0022540825654857677,-0.0008439751063618675
primary_remove_constant_only,SHCHnX,0.005150048946566908,0.005512646245505467,-0.005942517239719354,-0.03381144784439226,-0.00042782427126984387,-0.029552326712057205,0.03522312848721362,0.007679642287412426,-0.08851104726469954,-0.018025537423089377,0.15285326872435717,-0.18129024541632816,0.02897977169272279,0.10674303703766683,-0.05478722500942041,-0.00997391944019916,0.02054615008243649,-0.0692272741322991,-0.12723445614102333,-0.07014046734364933
primary_remove_constant_only,SHCsats,0.08479973500827426,-0.037804221619666366,0.043521652355164996,0.01164928132905615,0.03620665680089013,-0.011767052545641523,-0.040012258578983634,-0.00716014587794074,-0.02759119543901419,-0.006048236880771793,0.020457687740196517,-3.7613204325289687e-05,0.007066220601932585,0.013543324578314258,-0.008937071057350606,0.019778560112582715,-0.018244541124676918,0.023411878240831574,0.010851264510511006,0.0007851730215319075
primary_remove_constant_only,SHCsatu,0.06727281015980395,0.03187077734991243,0.054734907955151076,0.0098719894278404,0.00157082838791408,0.014659772994329958,-0.028876325125826014,0.004086021335745458,0.025398214254605474,-0.06807822669056669,-0.05107946037123197,-0.05338061562062435,0.007390778763501839,0.05440541742090304,0.06421676028099632,-0.017028286938336742,-0.03812893168085966,-0.04611264901488325,-0.009408309577415735,0.02801808658408975
primary_remove_constant_only,SHAvin,0.007903539647296546,0.025249935083975005,-0.03132742108200389,-0.07682200042393922,-0.028365125784481603,-0.00200297889950826,0.14926813078000972,-0.017152461557370963,0.08834847220073852,-0.04201840699649382,0.008207376018031409,-0.04025734310423527,-0.0021482510841041302,-0.00015873392614633788,-0.04046141135480991,-0.02628676699356766,0.033030880487210874,0.017473031605510957,0.07374460753530743,0.0002611156241547688
primary_remove_constant_only,SHother,0.024497722362838908,0.018542372971288683,-0.13487603005028426,-0.01777668178658923,-0.0014974569766100932,0.011191556958833268,0.07324955018418426,0.015275999341216807,0.00878800707581184,-0.017521310255898214,-0.01973753925214762,-0.0017451889831975392,-0.010914193997779856,-0.0003145318996462445,0.014513456156583381,0.023455975369466118,-0.0640214910950558,-0.03166546679323711,0.0152008000652304,-0.004366304983685527
primary_remove_constant_only,SsCH3,0.032147065482607644,-0.024749009342407195,0.06649901301158886,0.007161984281392421,0.029710503259247567,-0.06206808869148279,0.06770530535467674,-0.03867949597463999,-0.04718250673957135,-0.04570612590531952,-0.045690381010526325,0.08995379510570194,-0.021863904594049136,-0.02099455775630725,-0.02489355681379868,-0.11588545149384513,0.12913200706784045,-0.03027912493120632,-0.04390922430392686,-0.08857670139796746
primary_remove_constant_only,SdCH2,-0.007713499478822833,-0.007993066734381247,0.03799434396423865,-0.046656654827679375,0.010542573789926834,0.04229103746958536,0.041282957401391936,0.05450694551308517,0.06906431684917828,-0.03849771951347253,0.09780859082859752,0.06309026486004185,-0.13410408490820874,0.059359330956215366,0.19874191846197625,0.025432657725725647,-0.017200884256312252,0.06367539530911655,-0.03184684965139115,-0.06010501420243095
primary_remove_constant_only,SssCH2,0.04197795740265536,-0.09816184391694831,0.002615028239475719,0.023727955108534923,0.034128701255373026,-0.02934528010712223,-0.04417447147245603,0.006902844346813971,-0.029229304304798583,-0.006144844583627385,0.036567223192418424,0.01950490793840755,-0.008247366458219042,0.044369461364657754,-0.019020620015252836,0.029612681178447686,-0.009011087102466757,0.08246172990598377,0.003039971552776196,0.07680594934862049
primary_remove_constant_only,StCH,-0.002282111139536385,-0.013713645929077449,0.03252896582332678,-0.032673802853527396,0.009068502051506338,0.07709251516347611,0.008079196140794106,0.16803497066629938,-0.01595370731523615,0.017588876886723066,-0.07200342454759463,0.027411196515802438,0.0009306154713527928,0.09032821555947607,-0.067658753183904,0.14150565058509731,0.10501847404616435,-0.1035629718048991,0.03748201936821416,-0.009699163358227202
primary_remove_constant_only,SdsCH,0.0067115054438742685,-0.0037003064405990247,0.02177193837665086,-0.09039762442753754,-0.014374988270586135,0.004494183480734685,0.13857450171675223,0.010384317522495336,0.12693430310672868,-0.052842304144911575,0.04663701821063198,-0.0500062207088208,-0.0029028357230257793,-0.010660295959561174,1.339893519874567e-05,-0.004046526057757809,0.005603401122830289,0.010077553536164928,0.03415397985220535,0.012880440178199101
primary_remove_constant_only,SaaCH,0.030708321309605616,-0.029428410326253134,-0.12403957227508221,0.04501880117973752,0.009099516692265884,0.006152543679212633,0.06743624792734323,0.005558100690006971,-0.013967198471599784,0.009073775467550223,-0.03535534620624626,-0.00046168952024743475,-0.007427837229600254,-0.010843370721313986,0.015943044721909213,0.033016107186854694,-0.0678671146118189,-0.04828104020636917,-0.0012605448349374475,-0.015328021988332602
primary_remove_constant_only,SsssCH,-0.04991490701699017,-0.08808442235187804,-0.012715207247812605,-0.02285910883723558,-0.008719881516532415,-0.02182828677197129,-0.004657573351701999,0.02644987797612974,0.03876390012563513,0.016713228058927034,0.028994800339945056,0.043787955092213164,-0.01801885459499854,-0.029794475565419434,-0.06636950895377285,0.006454089118191881,0.00632406713768735,0.06056180711757102,0.04208126836202085,0.0445402650440304
primary_remove_constant_only,StsC,-0.0083869533538152,-0.0008837315515639072,0.021077074912023673,-0.0029026334130146953,0.00470457675242876,0.06312469020857696,0.01258717308139776,0.20789178126089802,-0.05057892341716691,-0.0003291629390929343,-0.08080810273485974,-0.04878772561325819,0.046944429810228006,-0.01639329479054319,-0.004904763641972597,-0.07479806412141585,-0.008586522351074113,0.08887904288009843,-0.009455484784790563,-0.027165023689592595
primary_remove_constant_only,SdssC,-0.02752024338060843,-0.08307218182562603,-0.0119414559803388,-0.0013907611639252875,-0.017443158203732465,-0.010755256791874244,-0.03436259930065864,0.016717558236923696,0.034662322788451265,-0.047581237602325535,-0.030676869148727116,-0.07774493381013206,0.027901965334243304,0.05630276716333477,0.07283001622643305,0.0015607444877632215,-0.04027261473230694,0.020410232811000573,-0.054954708975893725,0.03642851341864227
primary_remove_constant_only,SaasC,0.027851723868203476,-0.06365475326719257,-0.06563250179341348,0.06643573864180467,0.01513427199611715,-0.019077323538410244,0.048476460742008703,-0.01686565902123606,0.030637276084551152,0.0399802330684484,-0.010526083419148576,-0.0163222657793516,0.005550321104690056,-0.026900974804244603,0.00023277010749924798,-0.019762891634205415,0.06722382403719658,-0.04162149777168223,0.021226240849420677,-0.06668607548974048
primary_remove_constant_only,SaaaC,-0.011130094190533901,-0.0030512192543235574,-0.03078229869370547,0.05689183759271906,-0.07777890218793503,0.12800018365577528,0.03968792823876565,-0.042937651955924354,-0.03361720824238118,0.013045129102644059,0.00833687495209224,0.02559129447787309,-0.020366504431750775,-0.0037615625481620917,-0.005056854876745856,-0.014781790509547345,0.04060254455907572,-0.014256851978582466,-0.057933481967048825,0.06120578858103623
primary_remove_constant_only,SssssC,-0.008737441765594904,-0.024220122947471407,-0.0006202007634784097,0.08584063869936288,0.060430614383836685,0.03640664619181293,-0.017360256932477232,-0.009845331176374653,0.1290942623614035,-0.028478357069185035,-0.03421255773977896,-0.04853637063052723,0.007265173637181246,0.07762431089401492,-0.017055117965689513,-0.028402649823599017,0.05093364308016733,0.00985695727957589,-0.10786925114908755,-0.06761896529400165
primary_remove_constant_only,SsNH2,0.06234978854449153,0.06133105294652715,0.06596839452055228,0.04931353785440433,0.027897704791235725,0.048024492498570825,0.022892234287602092,-0.013110063992983138,-0.0007078633990649231,-0.007412361516224455,-0.0019347220228623898,-0.029883860794826963,0.018288341418555527,-0.044514115370424455,0.019975702968143542,-0.02112318084383932,-0.020703105112444317,-0.03694337309274283,0.024062385676930472,0.016850103453549817
primary_remove_constant_only,SdNH,0.06137684493922364,0.06066210586183325,0.061594102318269915,0.04667828843882119,0.03192581486007056,0.0529969838896198,0.020552067803012327,-0.01627676369150271,-0.008526447081974801,0.0001889791367088859,0.014099632751871753,-0.03739862875687449,0.016002050808775408,-0.027433406703546753,0.032886036474646774,0.005035644625859172,-0.034127792931079565,-0.044304727978023956,0.03845964270667879,0.0017693400488336002
primary_remove_constant_only,SssNH,0.06160125789181703,0.060834381385537865,0.06034737157834979,0.07455273539514719,0.0029159419254570045,-0.010274096990080459,0.028333428430728717,0.011464575883847897,0.005335769215157871,-0.0034437491707473944,0.0032119591252548502,0.009614734644332315,-0.02893685906173972,0.01690674639819139,-0.016821679968210997,0.037246926355795455,-0.028210002630361074,-0.004757816796478117,-0.012548364227830488,0.043772242687646346
primary_remove_constant_only,SaaNH,-0.00029415736190914016,-0.014882382075542431,0.018456197700679994,0.03162251048129603,-0.11004909076736649,0.05854181317857356,0.005711940666612536,-0.08709934031965615,-0.07860562176304452,-0.07452833511924736,-0.058011305828796246,-0.012590785402106069,0.01835766612778327,0.03938707209098165,0.028513309572749702,0.08187295556985588,0.017862516841273476,0.07916036079097052,0.023349308148703403,-0.11772105234295122
primary_remove_constant_only,StN,-0.008943820437832253,0.01283869285117961,0.002984444267815738,0.01875509223449383,-0.0032718355441790207,0.03273354207361459,0.005058048262930717,0.15613717710678376,-0.04946270700308063,-0.010910949173154983,-0.0527606820062393,-0.07841445083759942,0.05799015069978266,-0.06705528027652004,0.024227531709418333,-0.16889785859546158,-0.06244334409508735,0.16427038333189867,-0.03094821150561236,-0.02765036168780445
primary_remove_constant_only,SdsN,-0.010669467394727763,0.027454486033597715,0.00980237805989666,0.011261278280379771,-0.004739172244965855,-0.027415552718149033,0.005124506381243646,0.021714338973313197,0.10157466250566638,-0.035985218041990966,0.040313571591874896,-0.017935085600676477,0.06087507998887474,-0.05989429117716094,-0.012848881339995248,0.06884098526281134,0.04160814903297032,0.018861374793955537,-0.021676997882057302,-0.028109566485000965
primary_remove_constant_only,SaaN,-0.017315043956468833,0.02040937061904564,0.014864880263612011,0.07022880076224623,-0.10407662651194269,0.01586852354072258,0.02152663447572615,0.025569315496863473,-0.01801454192469183,-0.0035880283016094298,0.08257256489064449,0.04966051731000497,-0.039010537479470996,-0.004185212730900164,-0.01510383850627234,-0.01642213389872166,0.03368709192534479,-0.03305450344643633,0.027013253968194047,0.006986688419669658
primary_remove_constant_only,SsssN,0.03814919149406727,-0.04465916805709069,-0.053228274183394396,0.02525065777010259,0.024097590428846977,-0.0573010555315819,-0.041166676823695986,0.03548440578772688,-0.009248975696105402,0.005753419195983726,0.050307872912301814,0.013824946746677315,0.01720235848230111,-0.10634165788386944,-0.002631701969563473,0.10609160448094102,0.025942027146693403,0.05373599184021583,-0.01427341908306628,-0.09090769537403515
primary_remove_constant_only,SaasN,0.0083365314850784,-0.012296163114290408,-0.026834167882196197,0.04376511686308472,-0.041669316841879044,0.04717729393794496,0.0333951946589126,0.002759876565134115,-0.013778171144706128,0.02036611975014049,0.064975481923896,0.10217377186257168,-0.01826985827574783,-0.03869534732514966,-0.015789780334165268,-0.06896814369787985,0.09266615413741394,-0.03364415151558004,-0.08317477051112798,0.08285191832556671
primary_remove_constant_only,SssssNp,0.0008394435276921713,-0.0017011874645395792,-0.0014922031249552953,0.0011791696767259811,0.0021414091127068633,0.00563476303881346,0.00748967357346395,-0.006203576450772273,-0.008589585422316779,0.005970174316660035,-0.0024441318083381455,0.025105016368268535,-0.005733441342934276,-0.00738899125752486,-0.002831359922942464,-0.031961159764283355,0.02762715450224003,-0.02026765003032342,-0.034939958812657095,-0.011238064668140268
primary_remove_constant_only,SsOH,-0.0016200491571655218,0.008663065069201727,-0.03430223132055613,-0.09372698756954013,0.11973746262771912,0.09949294357597675,-0.024653584018637723,-0.05338224575389164,0.0457064444691323,0.04720440349858957,0.007230310250261346,0.01352233378244997,0.007611000160894136,0.017869890070154774,-0.05369774410467845,-0.0043046271153382165,0.008348212953147013,0.05317915867237392,-0.047420327093399335,-0.0018118568422109405
primary_remove_constant_only,SdO,0.05776650307602185,0.07080300377264882,0.04376500219130142,-0.005354195315447927,-0.059397637362895495,-0.05011312517641423,-0.006528424078122009,-0.012698739551514057,0.05083163524776513,0.012578461035294954,-0.09304149193333124,0.0006753642374166364,0.004523492600322595,0.02432032528111011,-0.0016173951280267634,0.018380790802919537,-0.02950380915324843,-0.018693049196344416,-0.04699967016352086,-0.013504777341290162
primary_remove_constant_only,SssO,0.0383589305047281,-0.01838201153793232,-0.06866623049691953,-0.014025840341397009,0.03007760078187479,-0.06359860847066967,-0.10709646928625914,0.02406585261100506,0.02396353278737646,-0.06486770383608462,-0.013639908757498726,-0.014318813453560057,-0.00955929648736628,0.05030839682179328,0.0446266537550596,-0.07310296482855692,0.052821176553174594,-0.06130997832779629,0.08298773487347275,-0.027199996120061538
primary_remove_constant_only,SaaO,-0.02382175993053281,0.04300895558000879,0.00412753325126329,0.029127397567599623,-0.04048787802107311,0.025973470322120246,-0.030565716741740714,0.04468054820654874,0.017651293169008545,-0.009130237433636938,0.07069508962609085,0.023297148415812124,-0.07503699392211395,0.06577428629110861,-0.03069170821846947,-0.12003133984128106,-0.005559878058119432,-0.03843869474542102,0.04063200819056771,0.015293339800204548
primary_remove_constant_only,SsOm,0.00038846832154375836,0.014833572585185622,-0.002073311852195822,0.0023638381719916345,-0.020071195496937394,-0.017849871912500242,0.004266550196249726,0.022840122798876566,0.02923943506850739,-2.405548753856176e-05,0.022041597397398662,0.06253746042494736,0.10470273025000253,0.012904703531540806,-0.014008445940979344,0.010826550022916267,0.0004458292291336873,0.05491125685157456,-0.05922089103099049,0.029365114310148162
primary_remove_constant_only,SsF,0.0014854520070481105,0.03876760357954336,-0.011112282749762148,-0.1009308297906811,-0.048303737914790784,-0.02314707928068047,0.020351317686789164,0.012355831203362078,-0.17025837435340196,0.005508619053159172,0.0945918116667996,-0.005522525631965538,-0.0009702233423805676,-0.04235092760046394,0.02257016968245231,0.03897401614474239,-0.023751226118315795,0.02236094296754873,0.08400964404675658,0.06398939370421786
primary_remove_constant_only,SdsssP,-0.0024097972032270073,-0.0027333184892797753,-0.0031362538628179172,0.009858417706976942,0.012150315628241131,0.026622234433392844,-0.0016562133069019168,-0.008120528160898059,-0.0064970714130040165,-0.03173564898470266,0.03306419369943205,-0.010836862552340483,0.006140134872300613,0.004025874219142518,-0.037887823440821235,0.010325044778045564,0.03476506018770946,0.059409138176092675,0.015711416398901955,0.0432452464760094
primary_remove_constant_only,SsSH,-0.0014256885534643228,0.0032355124466001356,-0.0009764841804014742,0.0037010104852954915,-0.00889844992899199,-0.008033232957901084,0.03520212290356406,0.012500966896856373,0.036314904664302754,-0.02085601433348396,0.07488712228931868,0.1365100264318406,0.27038653131795565,0.08871758059567453,0.045027339393874426,-0.015046143550778608,-0.032533028397463554,-0.019366682840671064,0.01634885875140306,-0.010019998769380992
primary_remove_constant_only,SdS,0.0005256930815373728,0.004622803046179618,0.007390501852477415,0.01868499310990551,-0.007673564037029308,-0.05540455292065438,-0.019490500030707885,0.04149326688884052,0.03384296606057343,-0.0016803444281610032,0.014401402190956914,-0.018466374520645673,0.02317223348285255,-0.08160200075073015,0.011613233102292425,0.14098215582406157,0.0022178517283870493,0.08647182104125019,-0.10474118788434328,0.02981194769881284
primary_remove_constant_only,SssS,-0.025586327387389373,-0.0015552947492576802,-0.0056495420891762025,-0.041540504207198285,-0.008649820189246682,0.018602401317763403,0.03955942478880473,-0.04021378590448818,-0.046866455141008706,-0.09228204217730328,-0.08100244069558983,0.04016706924747116,0.0023224335716477687,-0.00016084460347921825,0.03382617302198572,0.02040774102743941,0.014838084467026311,-0.04505532152246663,-0.110877189896982,0.12607356093586275
primary_remove_constant_only,SaaS,-0.005539610506007098,-0.009746843832060967,0.02240317263730276,-0.023910602219571635,0.06380698490833618,-0.009209117690645773,-0.03839382747258403,-0.0007795976349484531,-0.06159571016257657,-0.09051557768693749,-0.014873964844427457,0.013788551753190402,0.027277562975289618,-0.052976432100898044,0.0832683399891067,0.022713292886292123,-0.011252518349221563,-0.03041975260757808,0.027277078493495022,-0.04162602545201397
primary_remove_constant_only,SdssS,-0.0039568356578094065,0.004615644491720201,-0.006507582665988631,0.016229092712397374,0.0057443755763000905,0.009355138339013237,0.00407395918788413,-0.0009857173740710308,0.030607322713314556,-0.023394768742751437,-0.01477340598072558,-0.017773066181476376,1.689931968435035e-05,0.014845300693128644,0.0030737732397134536,0.0024794471037178772,0.023811363322297233,-0.007159833404128657,-0.026756037287917273,-0.06981435597955647
primary_remove_constant_only,SddssS,-0.013494731911234762,-0.017528070352443175,0.014448602587287007,0.04132729602784639,0.03464975388776737,0.06230217408172835,-0.0006329333669410237,-0.0013072611651738458,-0.03963444586261194,-0.11121582589881539,0.11238003499284066,-0.022910297793914326,0.016003261416136262,-0.06063680622096857,-0.05614004190779726,0.010108106461668404,0.13524232929726387,0.08464386682663264,0.08220180458063277,0.059788624321961484
primary_remove_constant_only,SsCl,-0.008494518029220322,0.007308388520748568,0.001868447621878019,0.025343731080929043,-0.012170926309705945,-0.006385088000475776,0.007059344531176448,0.0005781964056961965,0.0035104534783615272,0.08535183256776858,0.029933160069845307,-0.038087866460825764,0.021395193855942192,-0.07877008247543069,0.06558081035914287,0.05502203292458269,0.06790390290082808,-0.04479354310920889,-0.12800103063683768,0.02532081089058764
primary_remove_constant_only,SsBr,-0.0036359212208519195,-0.009155725260709003,0.005427063658567988,0.022944889413459905,-0.014888927282515207,-7.402104341556551e-05,0.015045797922474643,-0.01866861509560931,0.02645958943350546,0.043140091701813994,0.0003576544396768644,-0.06864706062695904,0.030059357060631155,0.01094160111494655,0.037446316027581396,0.00695170600155527,0.06521297779158194,-0.007826721200694366,0.0615846607361131,0.018542645415516992
primary_remove_constant_only,SsI,0.0037005896538719932,0.0011460471654234077,-0.010009110915152308,-0.004676939855732599,-0.009600606446054044,0.026771054176783896,-0.002324089104443727,0.017974869515073107,0.0026084233507288434,-0.06957147866819362,0.029897563819957344,0.04394987914726636,-0.025282878895051365,-0.06171245624620369,-0.07924785810257196,0.011699510943526057,-0.12196776819915194,-0.06517625828322093,-0.08218781638398717,-0.09273304553615393
primary_remove_constant_only,minHBd,-0.030573906681743136,0.04936507718245531,-0.03029441444097681,-0.025708491539101163,0.04565463956252165,0.04291232531397856,-0.0037643838934565284,-0.06533715177487223,-0.02230329336578135,0.01623636042003938,-0.009214383479683062,-0.020104184278215448,0.03232825306404362,0.025641851658518035,-0.011606962330038828,0.03876186908701805,-0.037442108213307804,0.026202339173165917,0.02864280846741454,-0.019240732166137267
primary_remove_constant_only,minwHBd,0.005547779585649293,0.005166139653771175,-0.005923205031469425,-0.03358468170986505,-0.0001342320977059471,-0.03083471697968665,0.03783196688634418,0.008174395166501267,-0.08710365512344495,-0.02044619531704425,0.1488932556941842,-0.17716944458495223,0.028186078539064064,0.1024947204884059,-0.05953098385105947,-0.009483326395306094,0.01743879488366672,-0.06832457361990942,-0.1293799510230222,-0.07520770439734814
primary_remove_constant_only,minHBa,-0.030929113192312306,-0.011610420220438398,0.04872603027330743,-0.05638374355115219,0.05612903953502643,0.05896999684020362,0.017984656930882307,-0.009310715966154232,-0.035928206644504426,-0.07565327650859277,-0.07015327211550586,0.008432729764126195,0.005040298621968758,0.02717649618927375,0.05647441846290418,-0.02320715986198104,-0.051232802795407255,-0.03453588814719098,-0.015475365598569718,0.08760396352848758
primary_remove_constant_only,minwHBa,-0.00522638102942022,-0.09150910027346189,0.030087861639275293,0.07665307165676563,0.025742091802373995,0.042697340450168625,-0.020623957015617946,0.01678591068652694,0.050312237837392276,0.03410121774913511,0.023531128833808996,-0.011519601453820793,-0.0011012757635249792,0.012039787504056293,0.04386205416662861,-0.013524795634722198,-0.048825606852343044,-0.06306036238517228,-0.060576966952923486,-0.020507893517062642
primary_remove_constant_only,minHBint2,0.013417895888983199,0.03196107349023441,-0.016870928639965845,-0.04405874843537348,-0.03650237581437138,-0.05572004501445469,0.11305006868642832,-0.010620466974247043,0.025924437458991857,-0.02410516541625653,-0.02488578205341851,-0.02834714413774856,-0.016347593317298573,0.01545322041770075,-0.09830436281883363,0.01226200069290025,0.022380203922302864,0.015496335904134793,0.054866654754474435,0.03395741670940883
primary_remove_constant_only,minHBint3,-0.011453740692508246,0.025259680567006636,0.007015415912437618,-0.03329568964542874,0.014317437837078052,0.04991113933179122,-0.011839842935141216,0.046301031542994094,-0.07483996281947596,0.0019650308803085344,0.02042805468309373,0.035319266716133564,-0.021123815069811275,0.05459168874899502,0.015288257420615715,0.026215195948404497,0.025843924026456244,0.06722796305463605,0.015223734208613093,0.026050012967073797
primary_remove_constant_only,minHBint4,-0.013662320870423685,0.04330905839869834,-0.0047379057572700545,-0.028850160418078374,0.024182841142188233,-0.0105985033219699,-0.06865040347311838,0.004864839588544641,0.026420511685108353,-0.08495054218645696,-0.007494859101347092,0.004390646132776212,-0.009095660833786592,0.00514306660806141,0.05629625383063378,0.011757954449175472,0.031702833378390506,0.0095057818327396,-0.04579395359873376,0.0498267902188066
primary_remove_constant_only,minHBint5,-0.0064573107110137955,0.02023994041059178,-0.008809977369219117,-0.0022439211198745316,0.023740569946751975,0.021896325564647247,-0.06272695264212064,-0.007552731687860596,0.003142977342504685,0.018764458280991582,0.025627123287312484,0.03489896035235183,-0.03153255714629367,0.037839467780251296,-0.030588911240641916,-0.02034396013678817,-0.0054302258547265555,0.0332501398667018,0.0512198335831586,-0.0776189391503108
primary_remove_constant_only,minHBint6,-0.018965562450185155,0.04537080092449999,-0.001381998790974472,-0.04086339445308866,0.025901499329424427,0.0010564935743144304,-0.024050264107994535,-0.016255098927039392,0.022202900855974376,-0.038069443098130845,-0.03678356743660283,0.017760592520054533,-0.011165106280083256,0.0039054176640407607,-0.010076078997530661,-0.019861860925794957,0.08274620908278424,-0.002236323611029163,0.011066717426811163,0.012995249104984142
primary_remove_constant_only,minHBint7,0.010978764488327315,0.023083934546591862,-0.036151268715265354,-0.035917705052360374,0.011951848697857599,0.0155535791071241,-0.056179594328391806,-0.02321285643821166,0.051266849330082104,0.014397159189158659,0.004496271238329576,-0.020686604210509864,0.02037300255063336,0.0205440400872478,-0.05976607268599055,0.040219462837275045,-0.0037186814086117054,0.03423777263191927,-0.036879580305657876,-0.05469981745886379
primary_remove_constant_only,minHBint8,-0.003437496348627819,0.007570581876094659,0.005670612629882982,-0.027914263048761056,-0.050953356421451254,0.045142689419241405,-0.028812486522192794,-0.06384380238179749,-0.02158190561466202,-0.03401926134755182,-0.047816788576100056,-0.023493200516869487,0.02069568857897063,0.05797117806962881,-0.0062004960853857104,0.05034226823982846,0.003864486966743301,0.06620221344306965,-0.016637378877406284,0.023929537843198474
primary_remove_constant_only,minHBint9,-0.00979806181703558,0.032665875266116966,-0.008281371635557318,-0.048010083223084456,0.032531451951971574,0.030943477938765222,-0.035126131005832444,-0.004166107144270954,-0.026431565040516847,0.007383869309510621,0.018014266790865475,0.021255783447482877,9.622820840260384e-06,0.0004560020884722118,-0.013866890427678844,0.023036806621816598,0.04148188601812999,0.03288496565626833,-0.014257531124165423,-0.02488030067169212
primary_remove_constant_only,minHBint10,0.00399633540466767,0.009745674901604108,-0.03578541638259818,-0.03640204525684242,0.052734883353950844,0.07457112307292137,-0.01752000076828941,-0.006036355586086498,-0.053359371377917846,0.045041691246067925,0.06067581757400459,0.04401727321401362,0.001753091895502424,0.07496641778197946,-0.023859706479835496,-0.0036283679425166727,-0.028051683181951403,0.0767232951676227,-0.02356174162675048,-0.018121722168563795
primary_remove_constant_only,minHsOH,-0.015221815652604817,0.020400303064874763,-0.05461187175947443,-0.06243813121249842,0.12384832447935029,0.0587528659922009,0.009327517294737304,-0.06269895807977577,-0.019610934976254407,0.03855951362647372,-0.009239557012089587,-0.007794972786354303,0.011121244958810329,0.018892468613561565,-0.012927687191367615,0.02447111619194735,-0.018926972387527618,0.027244978380191274,0.0012979845339561198,0.015110963431406426
primary_remove_constant_only,minHdNH,0.03646134616206162,0.04519027007859704,0.05381352418198261,0.038128488603010484,0.02243233446261937,0.017921051576628096,0.02798166235847811,0.001751964396082035,-0.00677685683555937,-0.01741236617930144,0.015489830251741894,-0.05719684288161027,0.023936582916130315,-0.03975064534851329,0.017609589313208992,-0.03362293103115596,-0.01500352832390639,-0.04089257484215561,0.008026112422186649,-0.03022723022977458
primary_remove_constant_only,minHsSH,-0.0014256885534643217,0.0032355124466001326,-0.0009764841804014748,0.0037010104852954924,-0.008898449928992,-0.0080332329579011,0.035202122903564025,0.012500966896856367,0.03631490466430275,-0.020856014333483927,0.07488712228931863,0.13651002643184051,0.27038653131795554,0.08871758059567447,0.045027339393874384,-0.015046143550778612,-0.032533028397463505,-0.01936668284067107,0.016348858751403034,-0.010019998769380973
primary_remove_constant_only,minHsNH2,0.016988836959674417,0.028018513369273385,0.03019188704036638,0.03187179408794555,0.0012372760200609837,0.007702613090218148,0.019412768131419435,0.019611041626916185,0.02524145584205456,-0.025553267841793164,-0.011890495461205778,-0.03918731788313205,0.024410453904766663,-0.06913671864813582,-0.01241659297616334,-0.05780043299005391,-0.003185675661651478,-0.012262662036410339,-0.005862793650003756,0.041720635350660756
primary_remove_constant_only,minHssNH,0.01307222010670345,0.03370720753770589,0.014175521324868727,0.05970727957424111,-0.056198069892634865,-0.09346409499540158,0.014953708875405262,0.063079558571864,0.04073274095763015,-0.004775381307637819,0.005534205665952218,0.023891113477886316,-0.05768510511350413,0.05536864161306533,-0.0739229362591351,0.0520866599299847,-0.03425471808567524,0.03749611049288415,-0.05496319646991421,0.08467719730720785
primary_remove_constant_only,minHaaNH,-0.0024572238962162524,-0.0151424589807824,0.027592594345533916,0.024302743331933777,-0.1218863206168991,0.056915966663430684,-0.004930128088496075,-0.09018331074635257,-0.08288066221876808,-0.07543223509702626,-0.05619737755876534,-0.018276109777558436,0.024886324429223068,0.03662437708195075,0.03129536095127541,0.07513993496567137,0.011387956034975806,0.07597061672252656,0.03365429176736604,-0.11069857285458963
primary_remove_constant_only,minHtCH,-0.0029640546088355226,-0.01015943147013215,0.02874279271478734,-0.02983780039282919,0.010177499333331856,0.07743096440163197,0.0077797847020201726,0.16597782429930638,-0.020065844338561352,0.01728535151003115,-0.07374987071469244,0.027426182181829892,0.0019451740758738238,0.09207640098296463,-0.06852964654210411,0.14402742901652318,0.10751610543013917,-0.10235172541010164,0.03905375841167136,-0.010487139298942261
primary_remove_constant_only,minHdCH2,-0.009047862204370097,0.0008680430851984348,0.029344024123711288,-0.04186562750910323,0.010055038496454777,0.04014701696578474,0.04083903192625581,0.04812583116508097,0.06441338357395998,-0.04224609928184844,0.10049659535934198,0.06384163239809057,-0.13650442599031445,0.06225872262921483,0.20295784003971135,0.023797202849139887,-0.01193523609818246,0.07529067942847159,-0.026201627162047714,-0.06322795933594898
primary_remove_constant_only,minHdsCH,-0.00011751953350970814,0.03243593743669994,-0.004687443018977177,-0.08458137222407391,-0.014885106012884194,-0.007853035596390926,0.14476860490003132,-0.005832354910445709,0.12069491318506813,-0.07164443446221691,0.03661015126133576,-0.04792856627429021,-0.0024485372523775552,-0.029071201033571453,-0.032835542519813896,0.009771932604064698,0.04220515199067937,0.03621419479233874,0.05839630485663264,-0.01097578273341263
primary_remove_constant_only,minHaaCH,-0.028521863074821397,0.07270256642387157,-0.0796303902025131,-0.00276599009616265,-0.0044820171841031394,-0.0051632902974058405,-0.05970820622939848,-0.018515263051837202,-0.04329367793897817,-0.03788026927915177,-0.022693918636796873,0.02283570104404867,0.010280690585304909,0.018547226219644743,-0.005198757105576318,-0.01649500796410494,0.0506397998840979,0.03923361458422466,0.030910862885662457,-0.01099453085635771
primary_remove_constant_only,minHCHnX,0.004803753940321615,0.005496275451946962,-0.005258582114044811,-0.03339973600894776,-0.00013252139942522965,-0.029238184961812887,0.03844025586908227,0.006839659949201975,-0.0850283111572167,-0.01726082448551164,0.15103244629153345,-0.18057635309806572,0.028606023473831062,0.10477981687739367,-0.057780671965345996,-0.010840443226328926,0.020503766479793767,-0.0685801045653043,-0.12570219999080032,-0.07242722658059036
primary_remove_constant_only,minHCsats,0.03892810860729223,-0.0381283046212,-0.004810834216423736,-0.01977654304701675,-0.017483393849995123,-0.05143594082893574,-0.022858899019739802,-0.00922785853250098,-0.00876133660174315,-0.0032278421424118387,-0.031623363810943904,-0.0032106301804053087,0.01300109462218652,-0.0028737994107190714,0.004387407491181194,0.029027956937636528,-0.025088693420169627,0.0020553162606115815,-0.03293341964567439,-0.05730674413965661
primary_remove_constant_only,minHCsatu,0.0259130853887243,-0.00357026760710812,0.01551370471996105,-0.006729282733118932,-0.04002470718682916,-0.04632084387145061,-0.04566900644061178,0.017477476659708013,0.030626119439437986,-0.10822531346923087,-0.06915772974675911,-0.06704482972360166,0.0010567324788296056,0.08918849576561674,0.061840208038208645,0.000558161463792714,-0.03266577071385328,0.0026980077122033316,-0.03951287659138746,0.03494013924628724
primary_remove_constant_only,minHAvin,0.004401799560389203,0.027786318578822168,-0.026018179418249115,-0.0772480303672384,-0.024196105511762267,-0.007925905756894941,0.15725182486554304,-0.017138542289838875,0.0826187936445586,-0.05175995305390411,0.020937210949295834,-0.04419883033227664,0.0005871218344568152,-0.005854831656704022,-0.05336946503086349,-0.019064797672592393,0.04345669800571612,0.029696790148971218,0.08906313164318684,0.006792741602237334
primary_remove_constant_only,minHother,-0.030121290661978863,0.07662772031960063,-0.06693710872496564,-0.019470802814257233,-0.005039852165566334,-5.3270841505447806e-05,-0.07398602095584435,-0.004165579578944874,-0.03606498971115477,-0.0471472193563755,-0.015914702424618867,0.02134544416694234,0.013651955736078872,0.014443643423575922,-0.0104880656358427,-0.02240426404014699,0.046427545927701916,0.028494705526001852,0.02360181619430156,-0.004204543560861763
primary_remove_constant_only,minsCH3,0.013005966757697945,-0.041563993149353246,0.04779179271559458,-0.0029861530767212848,0.00030013390612692095,-0.05860803261902171,0.05312179657754968,-0.04059861667173147,-0.03599505306259219,-0.03916062773921235,-0.03743433716263656,0.07123452397996761,-0.011010786862630104,0.01598974743610453,-0.0331045249642694,-0.07508166649781349,0.11118386785117249,-0.0018668342617495423,-0.03307050599299778,-0.07161675990429255
primary_remove_constant_only,mindCH2,-0.007713499478822835,-0.007993066734381247,0.037994343964238626,-0.046656654827679354,0.010542573789926814,0.04229103746958534,0.04128295740139192,0.0545069455130852,0.06906431684917831,-0.03849771951347252,0.09780859082859752,0.06309026486004185,-0.13410408490820871,0.05935933095621535,0.19874191846197628,0.025432657725725626,-0.01720088425631229,0.06367539530911652,-0.03184684965139111,-0.060105014202430945
primary_remove_constant_only,minssCH2,0.01231987712374745,-0.09242383152335501,0.008918809101466543,0.034415523465629316,0.02320424876745152,-0.016115061293320073,0.009828831782200818,-0.00776616784507931,0.023515125964377725,0.01326185310310875,0.011108834840225854,0.014287033602063699,4.3022717709628906e-05,-0.03691235560830266,-0.010736550014551366,0.007934277902866077,0.01050378627573988,0.02785269651816617,0.021800805568407272,-0.03438677939712359
primary_remove_constant_only,mintCH,-0.002282111139536385,-0.01371364592907745,0.03252896582332678,-0.032673802853527396,0.009068502051506333,0.0770925151634761,0.008079196140794106,0.16803497066629935,-0.015953707315236147,0.017588876886723084,-0.07200342454759462,0.027411196515802455,0.0009306154713527993,0.09032821555947608,-0.06765875318390395,0.14150565058509731,0.10501847404616431,-0.10356297180489905,0.03748201936821416,-0.009699163358227177
primary_remove_constant_only,mindsCH,0.0012302204746015987,0.0030505819451448666,0.024119299221182194,-0.08418560279149004,-0.012986018097696029,0.010961005169453086,0.13018921535454112,0.017038281393219938,0.1425577460847898,-0.059344096631805246,0.047766524367901624,-0.04211353967914945,-0.02155387931471277,-0.007219054655018738,0.0048613264237957945,0.0029593004873579576,0.0020650601423690025,0.01384342529116352,0.03589576110571302,0.007362263145574463
primary_remove_constant_only,minaaCH,-0.0046957399621293154,-0.04201922106671247,-0.048659527167568446,0.10118230110585762,-0.0181170623742622,-0.03191778168998637,0.026999768918727973,-0.04295097703381989,-0.009614286627319635,-0.007076180431351482,-0.06267042969757343,-0.021728603676390415,0.018802544728549565,-0.0036885585686972,-0.017968940804772737,-0.00531885890483195,0.05069494111481684,-0.009974322936726157,0.021550394656040986,-0.03944609773006635
primary_remove_constant_only,minsssCH,-0.031499866808650336,-0.03820158762985074,0.010586798468513537,0.04830858803162556,-0.0033284973152128776,0.014839539593932005,0.035300973802175534,-1.9495825228289937e-05,0.04334694096415168,0.02406024690130641,-0.03932733498742531,0.1006054827972733,-0.021541102659779734,-0.08252982537534817,-0.032062979129162304,0.0301375287572315,0.003838141940902192,0.06360466874613147,0.08737419492781615,0.07034203571942065
primary_remove_constant_only,mintsC,-0.00902459167728579,0.00143313888851312,0.020909613112004073,-0.003430184132462931,0.004776045329321583,0.06961433019319133,0.011073978085203069,0.2234736227628332,-0.054443175070248734,-0.0036535175159307476,-0.08627945139547073,-0.04912879328203376,0.049821795858131276,-0.014710138558859095,-0.00997330055146484,-0.06982530148193689,-0.0015769144370634848,0.08672869263475064,-0.010525220913493664,-0.027570300824908217
primary_remove_constant_only,mindssC,-0.0016654940185207425,-0.07233299913571604,0.013246592444087912,0.029879457599041117,0.03502319498556352,0.04404573265665605,-0.047245662749748535,0.0329802292305001,0.022044573441794706,-0.014683833185522306,0.023940239084505,-0.046074579806122826,0.011654245917839026,0.046213980735546646,0.10429550426948402,-0.006274478715104295,-0.06859324383981522,-0.048371348485796495,-0.06132260822900385,0.027394745229901773
primary_remove_constant_only,minaasC,0.00497363078582088,-0.06303722063972704,0.025940754430916108,0.11115207291738322,-0.048327090610911075,-0.02361771842066025,0.024978372050597483,-0.023816440435988476,0.06346665581743281,-0.012294253734355349,-0.05214313572665099,-0.050730132934811906,0.007912862306733172,0.012263836930126672,-0.016952835840985107,-0.0030730354002799546,0.0144667444335137,-0.049413490631774644,-0.0064098920799300725,-0.05541726555477641
primary_remove_constant_only,minaaaC,-0.012662144540775534,-0.000485245435951928,-0.028321680096901287,0.05548261173502027,-0.07684047312601595,0.12635628385794356,0.046517321468797744,-0.05150046460488157,-0.040574398830058186,0.014567434525142493,-0.0034000833070395166,0.02684760098377977,-0.020094613041803627,0.017645153866222056,-0.008246751884338394,-0.006857361304065131,0.05045375606311834,0.013159612279759132,-0.06663702659100613,0.03871203543076997
primary_remove_constant_only,minssssC,-0.008536299016193773,-0.02468866847943973,-0.0009080028404544687,0.08799204004048874,0.06078544387586467,0.037406222289260625,-0.022100835749992748,-0.010320618503568774,0.12390603551528129,-0.02509530645589909,-0.03345346223169236,-0.04352813158846025,0.009180825131712277,0.07513812575466221,-0.01934534599956853,-0.02983201694963081,0.05181758216635925,0.013217260859581626,-0.10756869911565844,-0.06460025561971416
primary_remove_constant_only,minsNH2,0.02191334041760713,0.03055197993086351,0.034329450153681614,0.03426675462030946,0.0022476089549163373,0.01112140280487592,0.019902705416917445,0.018586092166175013,0.023441653308602834,-0.023906525054734062,-0.011602859378578927,-0.03770313845853674,0.02499581122367941,-0.06957521745578381,-0.011043488278068607,-0.05956310143450292,-0.000660798150276045,-0.010200685592296185,-0.00594822007525595,0.04177959389097792
primary_remove_constant_only,mindNH,0.03971946782242495,0.04739721793385927,0.0549746472955173,0.03809478806614567,0.021939742535393617,0.0203981908075015,0.027239771795148533,0.0011265296755802003,-0.005616097847987234,-0.017819439322424205,0.01615618188318005,-0.05446425733382975,0.02306617232991831,-0.04030589392948085,0.017601662399587645,-0.03216792197247126,-0.013974124772044422,-0.039226224805974236,0.010647532656371876,-0.03143637856817813
primary_remove_constant_only,minssNH,0.0198461977448635,0.022752322592037938,0.013605751240814555,0.07004184835100563,-0.04221862704908874,-0.09177874556159034,0.02270976610677345,0.05357520070632416,0.024027005807070574,-0.006489279012485047,-0.0041453115993334505,0.030832234119518666,-0.05860011547284979,0.05803688283043463,-0.0634290783467647,0.06895396112553065,-0.030811288234153814,0.060023519228954755,-0.07064053163962912,0.0880728212050782
primary_remove_constant_only,minaaNH,0.00012615668351746373,-0.015535866862568812,0.0194922400470643,0.03065058810213396,-0.1108524262420734,0.05766877765432036,0.005036438545995942,-0.08808285730245433,-0.07937443567161465,-0.07578085588058149,-0.058793343929504825,-0.012449235966453647,0.01890835905603666,0.03999436877457131,0.027097325287088133,0.08175404299196767,0.018176036632807886,0.08197246152734955,0.02172235598360679,-0.11628047895127804
primary_remove_constant_only,mintN,-0.009162292179126957,0.014056831436669519,0.0018923420005362624,0.017604944861266493,-0.0021998191506657303,0.0334657348488007,0.0044641283908095596,0.15457782509126022,-0.05173468826401642,-0.015706277262636802,-0.052579204188861944,-0.07547014567586853,0.05762719383448423,-0.06968476270576851,0.02514596890774111,-0.16549215421286217,-0.061166130842933306,0.16151432199523252,-0.03370185802981447,-0.02620820361198472
primary_remove_constant_only,mindsN,-0.011164249548187993,0.027897159608350628,0.010194257383162816,0.010425895656649404,-0.002756691184384541,-0.027771470326268952,0.003653486310183566,0.021080556438305344,0.1025706820076839,-0.036598499439149376,0.038869071689846234,-0.01670899277452532,0.0620374263949173,-0.05842373683339287,-0.013384231954288317,0.06986357874544322,0.04107250572392509,0.019037375803608564,-0.022635213621089997,-0.031034608751944522
primary_remove_constant_only,minaaN,-0.02544110284044956,0.02685715379058678,0.016741751250950624,0.06290277601742414,-0.10027138103415384,0.043867514351240436,0.01625990935191754,0.014256751240176746,-0.03118468487378542,-0.005886874154046788,0.07684975025129562,0.04802304708714902,-0.04083347123795598,0.00946958005333727,0.0010173818775660393,-0.01099497705038148,0.01952427210716084,-0.02996286959606501,0.02751400738713615,0.013375123895166523
primary_remove_constant_only,minsssN,0.03999553650284445,-0.048133520246950424,-0.06282469788473821,0.019988728313870337,0.039921887552240125,-0.05108451822810081,-0.03681585796453209,0.020261500899065765,-0.018371079947777067,0.00114472418899395,0.05343153923341953,0.01106262809933305,0.012080557377375286,-0.07409505871287997,-0.009732874370717935,0.07259145038222234,0.032309680289685144,0.03469190913592462,0.0301041545454505,-0.11323243093097346
primary_remove_constant_only,minaasN,0.007862224396965942,-0.012654049764634216,-0.02712041250293752,0.04412127986610994,-0.04151965135618073,0.04646343391652729,0.033641754012155994,0.002904973143696277,-0.014498626229922621,0.019502304850181024,0.06610506607348819,0.1019450118892952,-0.017721581014154424,-0.038751405015881424,-0.014629071079598282,-0.068056737900511,0.0932475259304326,-0.03382420961590394,-0.08095186822207964,0.08211177996385591
primary_remove_constant_only,minssssNp,0.0008394435276921713,-0.0017011874645395792,-0.0014922031249552953,0.0011791696767259811,0.0021414091127068633,0.00563476303881346,0.00748967357346395,-0.006203576450772273,-0.008589585422316779,0.005970174316660035,-0.0024441318083381455,0.025105016368268538,-0.005733441342934279,-0.007388991257524861,-0.002831359922942463,-0.03196115976428335,0.02762715450224003,-0.020267650030323412,-0.034939958812657095,-0.011238064668140278
primary_remove_constant_only,minsOH,-0.001445628473286016,-0.01797878102801872,-0.03714295000977385,-0.08164164238281002,0.1321212842784455,0.07301865629626648,-0.002345073988227274,-0.046559004475870365,-0.0019426592154864124,0.05386015163240783,0.005342425229489308,0.0021878801318371013,0.00892289358500545,0.009777319573533854,-0.01708298471157744,0.009667778190229785,-0.010427304691977534,0.01609628553682808,-0.024593089602495937,0.021326265121342107
primary_remove_constant_only,mindO,0.01331848923547416,0.03860892389234644,0.013762170465415712,-0.03873703760121343,-0.09503631661045597,-0.0848537265286153,-0.008968886743939586,-0.03992396842368436,0.06337131766735517,-0.023946403697058787,-0.12268292669970536,-0.011674180788896127,0.018835152122488357,0.03493589875593564,-0.03858297356824646,0.03400459162186047,0.014113027773158617,0.04289794644913018,-0.04686126784380773,-0.00990779946254446
primary_remove_constant_only,minssO,0.03259101099058665,-0.0146742240910276,-0.06483349091793653,-0.006727276829169194,0.03497113153428644,-0.058787841580703104,-0.07323000655511365,0.005732119834059327,0.014721211365521963,-0.03210132792999751,-0.013412937111302215,0.006285003771272464,-0.018631983529005254,0.05846039679992062,0.008871110766260822,-0.0750541799540619,0.07962592907530605,-0.022699915115648693,0.05317035280506405,-0.032330440515473735
primary_remove_constant_only,minaaO,-0.024750103073740252,0.043760039167565885,0.004483949644256839,0.027864605668481784,-0.038302195693211256,0.029886016879657133,-0.03249239251190588,0.040705374374043764,0.01655096179680542,-0.007492706164200958,0.06889037806149895,0.028686295071162573,-0.07647154860300936,0.06694677539986668,-0.028316187579050415,-0.11702366214929011,-0.004115137038745623,-0.03594967756778893,0.03874428085411875,0.017936023830992034
primary_remove_constant_only,minsOm,0.0005781389638030097,0.014354052909663748,-0.00318674494574237,0.003221022116206162,-0.02247349647596777,-0.013970907522818017,0.006155323948475381,0.024620686591270327,0.03186742456670584,-0.0010617916169409908,0.02485124337461022,0.06784608934049259,0.11702273875901059,0.010893961607598104,-0.01319813538553104,0.01005709929390574,-0.003343972843725282,0.05498764004590235,-0.0648694838020758,0.027273551975032628
primary_remove_constant_only,minsF,-0.0027325560293733914,0.037735195740811446,-0.01760734749264006,-0.08656146781944044,-0.029540313918701214,0.001509217245824591,0.02152448868623358,0.01869858833628295,-0.15068276919333545,-0.01062096402048059,0.09036597287886672,-0.01645007321289698,-0.0012626754389501518,-0.027052795873440057,0.02998137697627293,0.04019642731950265,0.00305541266929282,0.044033142047715496,0.0653771379928366,0.04125544384068929
primary_remove_constant_only,mindsssP,-0.002409797203227007,-0.0027333184892797753,-0.003136253862817918,0.009858417706976942,0.012150315628241128,0.026622234433392858,-0.0016562133069019105,-0.008120528160898035,-0.006497071413004019,-0.03173564898470268,0.033064193699432046,-0.0108368625523405,0.006140134872300616,0.004025874219142511,-0.03788782344082122,0.010325044778045581,0.034765060187709446,0.05940913817609267,0.01571141639890195,0.043245246476009386
primary_remove_constant_only,minsSH,-0.0014256885534643222,0.0032355124466001326,-0.0009764841804014698,0.0037010104852954915,-0.008898449928991992,-0.008033232957901076,0.03520212290356406,0.012500966896856387,0.03631490466430275,-0.020856014333483962,0.0748871222893187,0.13651002643184057,0.27038653131795565,0.08871758059567454,0.045027339393874405,-0.01504614355077859,-0.03253302839746354,-0.01936668284067108,0.01634885875140304,-0.010019998769380988
primary_remove_constant_only,mindS,0.0005256930815373723,0.004622803046179619,0.007390501852477424,0.018684993109905516,-0.007673564037029319,-0.055404552920654396,-0.01949050003070789,0.04149326688884053,0.03384296606057344,-0.001680344428160996,0.01440140219095692,-0.018466374520645677,0.023172233482852557,-0.08160200075073018,0.01161323310229244,0.1409821558240616,0.002217851728387037,0.08647182104125012,-0.10474118788434329,0.029811947698812846
primary_remove_constant_only,minssS,-0.020234915422920677,0.0037161633592921422,0.0030461792222182013,-0.036804894709132445,-0.007480933294250938,0.023697260482744183,0.04324187249978382,-0.04055074343501231,-0.04505693539706962,-0.08636178307378461,-0.0828882400726417,0.03183053201760533,0.00720920970506976,-0.002791925154104336,0.040585772827615475,0.019789308269098645,0.012842457152423398,-0.04267330674867122,-0.10848316004426921,0.13009223511038084
primary_remove_constant_only,minaaS,-0.006814609215100718,-0.009330562993571972,0.02620405525421151,-0.020439272466428564,0.061695223174322474,-0.015587644469254548,-0.04163512933769373,0.002000964889502932,-0.059708258982721196,-0.08654088252855982,-0.015449841200814109,0.013045390745902061,0.025117632406627628,-0.0507991157231513,0.08538146717417378,0.023059187621361815,-0.01640794390421061,-0.03665858890031522,0.02783424603783357,-0.04278161328296284
primary_remove_constant_only,mindssS,-0.0039568356578094065,0.004615644491720203,-0.006507582665988639,0.016229092712397385,0.005744375576300089,0.009355138339013245,0.004073959187884137,-0.0009857173740710256,0.03060732271331456,-0.023394768742751416,-0.014773405980725584,-0.01777306618147638,1.6899319684341243e-05,0.014845300693128637,0.0030737732397134445,0.0024794471037178903,0.02381136332229724,-0.0071598334041286455,-0.02675603728791728,-0.06981435597955647
primary_remove_constant_only,minddssS,-0.013494731911234762,-0.017528070352443175,0.014448602587287007,0.04132729602784639,0.03464975388776737,0.06230217408172835,-0.0006329333669410237,-0.0013072611651738458,-0.03963444586261194,-0.11121582589881539,0.11238003499284066,-0.022910297793914326,0.016003261416136262,-0.06063680622096857,-0.05614004190779726,0.010108106461668404,0.13524232929726387,0.08464386682663264,0.08220180458063277,0.059788624321961484
primary_remove_constant_only,minsCl,-0.007603226057003766,0.006203435995295335,0.0005271786640764583,0.029591880752595747,-0.015254578807150415,-0.006897862711801559,0.010214344116360415,0.004742235745882977,0.004645744716932961,0.07610203409913342,0.03101882008506411,-0.0386695078970726,0.018262212427699858,-0.07721560854681077,0.05769535130026168,0.06048217669473341,0.05257914637232979,-0.043513381120013454,-0.1330000270930686,0.027074142617384236
primary_remove_constant_only,minsBr,-0.003501530580383023,-0.009593819603284476,0.0053083655319870705,0.023662418378354994,-0.01686589512141661,0.0031662862265991343,0.015078031892102458,-0.01748810716513955,0.027551308621495057,0.03826140727679614,0.005963573756435841,-0.065684604479647,0.02727671139689675,0.009351205683436229,0.03309169918007933,0.006993408531787164,0.06035558175366554,-0.008316879783936016,0.05819446628928384,0.0159118901250335
primary_remove_constant_only,minsI,0.003953183197572666,0.0013439407098972203,-0.010279854433418514,-0.004381334720692217,-0.009141371164346929,0.025171971845372225,-0.0018255747805529603,0.01781667838885251,0.0023471902904096107,-0.06442714184013586,0.028716449419692876,0.04152467474325124,-0.024034613859370123,-0.05780782047557912,-0.07291451860525341,0.010561910561215571,-0.11111379214629605,-0.06007906420867237,-0.07576670613339803,-0.08679192694473604
primary_remove_constant_only,maxHBd,-0.011951050630774791,0.05294350689015219,-0.020613411355700204,-0.05404782040122688,0.056029130065112384,0.06372816374687963,0.039307036033100956,-0.0707947448162905,-0.017231659711837728,0.016868914121081588,-0.01973083205241387,-0.011658163525305945,0.021427067023387727,0.04582859447706479,-0.06894620815650801,0.05887769454339737,-0.01865187614236142,0.07408447990243085,0.015217599104966135,0.005188963108019397
primary_remove_constant_only,maxwHBd,0.005750545977139379,0.005226914382286658,-0.006312352221754676,-0.034061669220322395,-0.00029323484796674713,-0.031188624124038184,0.03642823145485558,0.008641263391415672,-0.0895771761936578,-0.020904276388625787,0.15110893819507917,-0.17905868539856903,0.028621588765124172,0.10442814208095173,-0.05833454003204129,-0.009141394696432582,0.017705214224875167,-0.06921514437693281,-0.13108506936780723,-0.07447623221159638
primary_remove_constant_only,maxHBa,0.021379380056696113,0.04121936081268534,-0.0036139566701794967,-0.09695121054786117,-0.05524998856833543,-0.02818978110293619,-0.04060215056375563,-0.019880308606602136,-0.02293769216042455,0.0019756597050244826,-0.033036770071603556,-0.003785296438054489,0.009687364927566527,0.03649794073891563,-0.00418881331411136,0.049728833615245244,-0.004082232349404,0.06981777065428137,-0.04464206908469036,0.006679145211427012
primary_remove_constant_only,maxwHBa,-0.0075765086882253465,-0.060145975081898395,0.0302079569839278,-0.021694618065583277,0.003487429330745949,0.07417620221801996,0.055760538318851006,0.1561857437980154,0.03284582942163421,-0.0006778692999968205,0.009296104170410952,0.03210827817319248,-0.07072643085851958,0.07808318509228797,0.07571722362830527,0.0967361454611472,0.05175625744414319,-0.02469445117061955,0.005346935314297301,-0.042473031937691606
primary_remove_constant_only,maxHBint2,0.020978135525834548,0.04530431759880975,-0.0027293742827544003,-0.025702510437107286,-0.048663922371845685,-0.0632029049859416,0.10418800933314538,0.004600971053119505,0.03555236665586125,-0.016354953075434903,-0.01865705674112314,-0.027295655191197466,-0.02667292513239728,0.024329692700627875,-0.10689643598938538,0.004113395708422699,0.012269682183894199,0.017235440915660892,0.04455984968417538,0.03780637561091627
primary_remove_constant_only,maxHBint3,-0.0026286748442246846,0.04005071543036888,0.02005194754402786,-0.0224090204686741,0.012779178775409251,0.047461113172264126,-0.012778479617708565,0.04774297847362488,-0.06919884150341585,0.005427349296192033,0.023133201739164097,0.03061769642404118,-0.023245067632982928,0.0551313879203109,0.011597113919403464,0.023172220186477865,0.02586831582458112,0.06349662462989691,0.010757742821062993,0.02237473273857997
primary_remove_constant_only,maxHBint4,-0.01186439863176413,0.05628260618077736,-0.008030190930456512,-0.029288633821489145,0.019200452739847506,-0.004948176144564057,-0.08187812845085896,-0.005443578455737472,0.054382175522787075,-0.0731299804387119,0.0016399533851645853,0.010382901454356427,-0.0026768125006369436,-0.009735458279345665,0.011020137767685893,0.034846837398057245,0.04890943310444326,0.04252006385867969,-0.07083266346233542,0.03861164845104454
primary_remove_constant_only,maxHBint5,0.00976766788166736,0.041505950546677425,0.00937568566693772,0.007361471726097676,0.02080959967679335,0.028401700906541014,-0.07095467587279776,-0.01128239366969543,0.006176362760576741,0.011491921193403117,0.014274293638054148,0.036530788683712324,-0.02642554576831403,0.035083242116365695,-0.04505073201287863,-0.016343157292976043,0.010573883539003858,0.0356172003241963,0.026413682742294317,-0.08872533373181801
primary_remove_constant_only,maxHBint6,-0.007440348754111479,0.065178651170373,0.00822737664257152,-0.03845825414685117,0.03435590940384737,-0.014546372976388243,-0.024611598933797923,-0.024467011885992353,0.04159936738012028,-0.006460149059958952,-0.053713300049152445,0.021734717162286053,-0.0010759638101042756,-0.0028928186271521238,-0.014854693507765793,0.009015772148930255,0.06656659115034465,0.005188521228272118,-0.017500734423045523,-0.01746470603943554
primary_remove_constant_only,maxHBint7,0.022351042911855478,0.03935446015211602,-0.02241292164723197,-0.027062673139797065,0.013980591756263948,0.014330332700691477,-0.06658601620599647,-0.023843694483418637,0.057306069494351464,0.016561387313601076,0.0008027420595191037,-0.012623793287359256,0.016650857024933356,0.017257310561282636,-0.05699970510111751,0.056151813087064906,-0.005439706423689911,0.04421034035225237,-0.05396402631645866,-0.060418535880169634
primary_remove_constant_only,maxHBint8,0.008667292572612631,0.02181457119918875,0.018295541112626334,-0.022431644798835745,-0.04652500314867614,0.05171610435019741,-0.027512129955353213,-0.06806774686507505,-0.020337048195499332,-0.036782533086775725,-0.05122280907727447,-0.018537363554785,0.019094219213831434,0.0558400199918784,-0.008431705443971624,0.04482952327881517,0.007386210368119511,0.061891535845829876,-0.01997365598605943,0.016199182507011044
primary_remove_constant_only,maxHBint9,0.009178951244826605,0.04747308836227733,0.004567637179285006,-0.042403930275708795,0.029538180823797916,0.024838084948946848,-0.03404409363973688,-0.002095198718057053,-0.010668973915151266,0.011649117380467363,-0.0005206784150648963,0.023234801585452918,-0.003556725785525162,0.011610331780577434,-0.009939636036765556,0.02620574210741538,0.026339776496920875,0.03373794401526697,-0.035900275790595286,-0.01994481667577817
primary_remove_constant_only,maxHBint10,0.020608921833982576,0.017705983435588078,-0.025019165843832892,-0.0435646342107636,0.04915619144241594,0.08691172141341731,-0.020124299784937023,-0.008237484562921402,-0.03766675596830853,0.06192971013634404,0.049564149003847764,0.04420842275656606,-0.0034992217118543206,0.08533295994071213,-0.025282728890907984,-0.015201223300039056,-0.03890501891288797,0.06627162115539942,-0.04371795865404904,-0.012161273771790247
primary_remove_constant_only,maxHsOH,-0.01183912835157841,0.019745805045098323,-0.05013705230863504,-0.08534271359442121,0.12191662485261753,0.06695809240368499,0.026299342606324164,-0.06467038381453726,-0.007364958427506481,0.042523050143119544,-0.006510958022431327,-0.007538256181450007,0.0097739975438591,0.013744042602206737,-0.03900744429175069,0.01610345175509889,-0.007981304743965864,0.04144297784990139,0.002460144328420733,0.02176238041930729
primary_remove_constant_only,maxHdNH,0.03861815217394481,0.046793288873449225,0.055553499224744146,0.0390244800262557,0.023339428044762564,0.019741844642765852,0.028293215335230566,0.00032134323082337927,-0.007430440893768959,-0.017185646476851793,0.014767102158382426,-0.05596237343644604,0.023648225167524843,-0.039733664908276824,0.018372237543287217,-0.03310005805520673,-0.01521020762216384,-0.04175829478942104,0.008801839974035663,-0.02981214794118331
primary_remove_constant_only,maxHsSH,-0.0014256885534643224,0.00323551244660013,-0.0009764841804014692,0.0037010104852954824,-0.008898449928991983,-0.008033232957901095,0.03520212290356403,0.012500966896856364,0.036314904664302705,-0.02085601433348397,0.07488712228931863,0.1365100264318405,0.2703865313179555,0.0887175805956745,0.04502733939387442,-0.015046143550778612,-0.0325330283974635,-0.01936668284067106,0.01634885875140304,-0.010019998769380964
primary_remove_constant_only,maxHsNH2,0.024386674993412964,0.03424431265165877,0.03770627353313351,0.03566024059690072,0.005270080724153634,0.012513097495867324,0.021486050388655708,0.015492966151546744,0.022089961564037194,-0.02520189292405577,-0.012027055758784167,-0.039024217617478464,0.02460238681428112,-0.06925091323416656,-0.009113172226863194,-0.05779607526940772,-0.004095592213389244,-0.016734428626592242,-0.0038511785061638923,0.03752521694013081
primary_remove_constant_only,maxHssNH,0.017643722164494616,0.03747561374333858,0.018751466609599816,0.06247613290071279,-0.05369045861044514,-0.09012582197728886,0.016369257164346885,0.06139004240549201,0.039751507629606345,-0.004365994754188193,0.005363434913194969,0.024479508279938396,-0.05798166734084222,0.05523671134901837,-0.07235995800589473,0.051150266021152364,-0.03367687958228537,0.03407427502358523,-0.05455448988954971,0.08299607218101018
primary_remove_constant_only,maxHaaNH,-0.002401828172058301,-0.015038522396524893,0.027389153941962053,0.024278648553954934,-0.12208267457693812,0.05702179862597568,-0.0049488171821711864,-0.09010701137468138,-0.08307340760005945,-0.0754566351434554,-0.0561576581837919,-0.01800333295828586,0.024753619866137354,0.036565928650350375,0.031400323519376896,0.07530919210399561,0.011403035278413088,0.07597484900088092,0.03375224392881847,-0.11135063997113928
primary_remove_constant_only,maxHtCH,-0.002964054608835523,-0.010159431470132143,0.028742792714787364,-0.029837800392829204,0.010177499333331855,0.077430964401632,0.007779784702020155,0.1659778242993064,-0.02006584433856137,0.017285351510031122,-0.07374987071469247,0.02742618218182992,0.0019451740758737973,0.09207640098296466,-0.06852964654210407,0.14402742901652318,0.10751610543013923,-0.10235172541010164,0.03905375841167135,-0.010487139298942214
primary_remove_constant_only,maxHdCH2,-0.0090478622043701,0.0008680430851984387,0.029344024123711288,-0.04186562750910323,0.010055038496454805,0.04014701696578475,0.04083903192625582,0.04812583116508092,0.06441338357396,-0.042246099281848436,0.10049659535934197,0.06384163239809058,-0.13650442599031443,0.06225872262921483,0.20295784003971137,0.023797202849139897,-0.011935236098182441,0.07529067942847154,-0.026201627162047766,-0.06322795933594898
primary_remove_constant_only,maxHdsCH,0.0007961417508394908,0.030738508282527752,-0.004361796950368683,-0.08819099567966322,-0.01466897850585753,-0.008895938820036876,0.14921566568847416,-0.007630788216480855,0.11799271544587255,-0.07243238972245428,0.037883546881511944,-0.05101660807228979,-0.0007201327559097958,-0.02930134534361647,-0.036156973877177076,0.008321237102599615,0.04408114908428227,0.03650227974782387,0.059190804201181293,-0.010472130874272848
primary_remove_constant_only,maxHaaCH,-0.024144173238610556,0.0744041273091425,-0.08796575239062458,-0.006512660934014253,-0.023813788856326776,-0.01548618714258587,-0.04815066797749885,-0.007007640973751839,-0.04877114916435495,-0.0318141337761771,-0.008846615310646407,0.02928090386644144,0.0010781539871066322,0.012096438430755837,-0.005429921269614442,-0.006799213276872728,0.028327058385219143,0.026697345758708302,0.04502783179678632,0.0037701401337261724
primary_remove_constant_only,maxHCHnX,0.005025635382666012,0.005549492364481059,-0.00566250778900515,-0.033888057511346686,-0.0002895876984579881,-0.02964121983660591,0.037052541759825974,0.0073388373970137,-0.08755753462799519,-0.017804746348772382,0.15321900124863597,-0.18241775069995064,0.029035418869690143,0.10666653107295869,-0.05666794641553004,-0.010470612940560592,0.020692419832357666,-0.06947808166967376,-0.12753091950889867,-0.07180657242979255
primary_remove_constant_only,maxHCsats,0.05549255559891983,-0.05670809169847581,-0.00968742956250547,-0.01264558206965443,0.013821009857438555,-0.06063147091314896,-0.048118317832350474,-0.015598407935328793,-0.029450874101879822,0.0022346895929946436,-0.00788738513568825,0.00228641911317586,0.011275434289139014,0.021422684749827343,-0.004772748621769656,0.022807646822395004,-0.01304125098879881,0.023104046518015085,-0.0009713669792849032,-0.0648990266344622
primary_remove_constant_only,maxHCsatu,0.03068794960583191,-0.004359066821643657,0.013918946893095785,-0.009442325354584743,-0.03196935752213917,-0.042485762570532846,-0.055723554025180026,0.020033832383523256,0.032816857931379395,-0.11489401436698524,-0.07118687111437152,-0.06887646130937994,0.0028963697529549156,0.09122505378345727,0.07130211930706483,-0.008526137746955098,-0.03257625142408143,-0.011501358680757027,-0.035145435785868845,0.03746311926076235
primary_remove_constant_only,maxHAvin,0.004500413279267548,0.027646275034736198,-0.026304688928128865,-0.07708146571786195,-0.02462565954155637,-0.007559601429728934,0.1575339765793966,-0.017044919540940454,0.08281531120590384,-0.05168430634515992,0.020937898489407036,-0.04394017543727025,0.00033803961591915644,-0.006255996966825642,-0.05305070219213588,-0.0192502637212931,0.04333639399850315,0.029034607559386482,0.08908000316775262,0.006611120361211026
primary_remove_constant_only,maxHother,-0.026076306083330725,0.07947385009711101,-0.07194448688345048,-0.04500546759520827,-0.02454406186286607,-0.010687092983419792,-0.01693504511714144,0.004560983157651913,-0.012847320460103034,-0.0596581912521894,0.020873074985111355,0.01721918545276179,-0.004989142782354917,0.00227448443007899,-0.016597818063236444,-0.005994515854764222,0.03540949109353513,0.030910011554616545,0.048664263747080196,-0.0014326122035284074
primary_remove_constant_only,maxsCH3,0.014274760549379187,-0.043314973672204764,0.05074511668481545,-0.004929398697810981,-0.000887597646414087,-0.06216797722058779,0.052025933519849694,-0.03987598079626272,-0.03593067543992072,-0.04118293362397703,-0.04011273341675849,0.07610522842116461,-0.012754910120855705,0.012966326151669101,-0.03445106511627495,-0.08425038393037176,0.11786610857596548,-0.004571127826030743,-0.03529273505872415,-0.07509119780899651
primary_remove_constant_only,maxdCH2,-0.007713499478822835,-0.007993066734381238,0.03799434396423864,-0.046656654827679354,0.01054257378992684,0.042291037469585374,0.04128295740139193,0.05450694551308515,0.06906431684917831,-0.03849771951347252,0.09780859082859754,0.06309026486004189,-0.13410408490820877,0.05935933095621536,0.19874191846197622,0.025432657725725633,-0.017200884256312284,0.06367539530911653,-0.03184684965139121,-0.06010501420243093
primary_remove_constant_only,maxssCH2,0.04178798218268784,-0.10024483322657823,0.00605500215410821,0.03273687705382157,0.022788264578903646,-0.042321479160388295,-0.029852864984743623,-0.004046309710820074,-0.02202726036736786,-0.005338742255062527,0.02351582835251948,0.005592230406808091,-0.001477093264596303,0.020221806712988073,-0.01816215789173186,0.02746443313355919,-0.0012312133099515905,0.05737001585742285,0.028993985824051754,0.00483318998561654
primary_remove_constant_only,maxtCH,-0.002282111139536385,-0.013713645929077449,0.03252896582332678,-0.032673802853527396,0.009068502051506338,0.07709251516347611,0.008079196140794106,0.16803497066629938,-0.01595370731523615,0.017588876886723066,-0.07200342454759463,0.027411196515802434,0.000930615471352795,0.09032821555947607,-0.06765875318390399,0.14150565058509734,0.10501847404616434,-0.10356297180489907,0.03748201936821415,-0.00969916335822719
primary_remove_constant_only,maxdsCH,0.0026698887781527797,0.0037131283313264216,0.020972238663535942,-0.09173611212415231,-0.013404690154479764,0.007212320148787152,0.14263833372637644,0.01179809603290804,0.1366145103167889,-0.061557780354597566,0.047995028060630295,-0.049958664552957645,-0.019080064010885127,-0.011073632434340333,-0.006995294757797955,0.0028789958574991156,0.008966648851560836,0.016123853597304928,0.04242944682327746,0.007471466880657231
primary_remove_constant_only,maxaaCH,-0.0027255653562176796,-0.027115808495152306,-0.08416605235602889,0.07727384523212581,-0.014927675958484076,-0.030439470781401003,0.029176055564998363,-0.04109443439671661,-0.03965056906559198,0.014206579711855322,-0.046031569595438644,-0.0055508186171080946,0.020275158040504025,-0.017890347017476983,-0.010950323199191455,0.01507443433279006,0.031758388579624895,-0.00019539721152886554,0.03520851138482572,-0.02324093665909195
primary_remove_constant_only,maxsssCH,0.0193352459658338,-0.0727172370346563,0.03291740277418088,-0.019116818349309415,0.033596982949992166,0.0032343084344371737,-0.004464522064785228,0.014371029873184836,0.03929102333332918,0.033395500065575213,0.06367465599599646,0.011590367711929641,-0.009256222126716764,-0.03205050596875175,-0.08803130833761261,-0.0013648318963601167,-0.017578057552454042,0.03347978662153691,0.07818381990333641,-0.039608144176367856
primary_remove_constant_only,maxtsC,-0.009004926740689947,0.0013161376865034734,0.020946799081939735,-0.003476763226893625,0.004799565307283945,0.06945923744989965,0.011187327254814463,0.22308065658150844,-0.054408979671709,-0.0036113181238465186,-0.08621236518100171,-0.04904600034311126,0.049722115184753474,-0.01483064593658422,-0.009781208583644485,-0.06997915100915458,-0.0018462458207498637,0.08680471790414027,-0.010542650998270994,-0.02753200302175164
primary_remove_constant_only,maxdssC,0.009979424581643243,-0.04812725311820502,0.0315199729311755,-0.019587919477274927,-0.02218923524890312,-0.010491756231255618,-0.016885751135901034,0.006626394307754771,0.05783610791910461,-0.09481081996105528,-0.04597834364005278,-0.11557640995649891,0.037963971504228686,0.04905972651961567,0.0792697747226116,0.037166165651787854,-0.046810843263022504,-0.0048556166941613535,-0.03645152014325517,0.0690457756559811
primary_remove_constant_only,maxaasC,0.00582022632628549,-0.05810916582311595,-0.042370720680371704,0.08609114078821824,-0.021194778620087177,-0.02315281088581976,0.0593675538760056,-0.041911284538646426,-0.00474771801752656,0.059700515348375144,-0.022603855090494205,-0.029270652157625077,0.01976349755948463,-0.015122502002625746,-0.014727484122657083,0.018086267633023217,0.043293850503260345,-0.002480440360891483,0.03206034802517377,-0.018408379492138326
primary_remove_constant_only,maxaaaC,-0.014142848993871296,0.003929776107630931,-0.02998878479765159,0.052825174344017636,-0.08055598467683799,0.13099583946406138,0.043632627750786246,-0.04914486767194057,-0.043172818066184504,0.01855808880170069,0.003245686937330229,0.029278220244951303,-0.022114512003301088,0.01352742998814228,-0.011237114201608864,-0.012434163047629341,0.043176425642794954,0.010189878479753538,-0.06138395331086271,0.04897627623814284
primary_remove_constant_only,maxssssC,-0.0014633877095445525,-0.05649263938563121,0.06820530030686187,-0.02735945433924677,-0.02758422965596755,0.035779307918610344,-0.01598686720697796,-0.033738053016014555,0.025298954234430567,0.0034616876962087493,0.013290819731625212,-0.02471828188200902,0.011921527599261962,0.009244147931612604,-0.004247976166451945,-0.012562019892444605,-0.039609127105895474,0.008429011982017624,0.0006027009443057088,0.012510834774721244
primary_remove_constant_only,maxsNH2,0.02500060114504355,0.0331557675277925,0.037488685770692844,0.03578142241880583,0.003969150143608973,0.013085584735039858,0.020787636164745098,0.016745498038881416,0.022017106748704895,-0.02380092392416929,-0.011698883540793232,-0.03754033804797739,0.02501369730124164,-0.06948430673948651,-0.009632408464177775,-0.0595063627380743,-0.0010003875950029587,-0.012170791994007732,-0.005143028177083463,0.03970595447270886
primary_remove_constant_only,maxdNH,0.04053369223531683,0.04799101802043826,0.05564935284324606,0.038429008130096205,0.022305396845685072,0.021075551605638756,0.027371109173850012,0.000542536781640457,-0.0059026689043096955,-0.017724304157803905,0.01581940450999622,-0.05393875260809909,0.022940906773684905,-0.040274429787714866,0.01788828122658629,-0.03199765016147415,-0.014031636551029335,-0.039583140223883276,0.010884841313787608,-0.03125679746942557
primary_remove_constant_only,maxssNH,0.02121938741554185,0.024225831321785594,0.015005407992675069,0.07078489136864412,-0.04190677968122165,-0.09081661566147065,0.022947091597003963,0.05354644539367428,0.024378441893726656,-0.006096881620702929,-0.004112416300618651,0.030900446554766363,-0.05907771167204893,0.058971383329285185,-0.06335449451590296,0.06849636617931874,-0.030594791887641408,0.058676147850891744,-0.07059000796590062,0.08784088563236009
primary_remove_constant_only,maxaaNH,0.0001421075530497814,-0.01550382674807282,0.019439140284101156,0.030634069855103457,-0.11093999415906469,0.05770468435545569,0.00501671192566413,-0.08806854175846116,-0.07944948672032304,-0.07580045577612278,-0.058784634834963066,-0.012365788829426813,0.018874151085325357,0.03997490552788338,0.027132510782656202,0.08180720797987726,0.01816984440525843,0.08197877061290125,0.021762921268913153,-0.11649089913588535
primary_remove_constant_only,maxtN,-0.009162421447662602,0.014054569220037906,0.0018950174830259607,0.01761599992620614,-0.0022085424982143916,0.03346730341270012,0.004470196059645228,0.1546128935831736,-0.05173582818592229,-0.015690752343416284,-0.05259239295063907,-0.07549022402558155,0.05763436661976788,-0.06968145750364013,0.0251387568661242,-0.1655340777006685,-0.06118338181019987,0.16155589411511084,-0.03369592854892963,-0.026216734674173355
primary_remove_constant_only,maxdsN,-0.011153566801553688,0.027895055233135405,0.010189113172405641,0.010494273605847133,-0.0028426977408066516,-0.02777594256370568,0.0037352169952786013,0.021120573211105085,0.10262419872293346,-0.03659320013259631,0.038969156030895326,-0.01681534371953323,0.06199213515155392,-0.05848192318717366,-0.013352421973764739,0.06983339785499268,0.04111883886404692,0.018975392451529613,-0.022504697597797614,-0.03099607812128068
primary_remove_constant_only,maxaaN,-0.025137537015293008,0.0266397083852861,0.01676942542172044,0.06342774104644175,-0.10241888607750418,0.04307284711575461,0.01622081525155237,0.014500237822560545,-0.03147035863702849,-0.00569852345384962,0.07721024452891899,0.04846609807194491,-0.04117293903683799,0.008833836814612937,0.00024185049686646946,-0.011278252375844872,0.01967307771791159,-0.030258736807482672,0.02826026288252495,0.012947390007897693
primary_remove_constant_only,maxsssN,0.04069674744900079,-0.04796833519329618,-0.0628686533020995,0.020266453778507023,0.0370945651737601,-0.05310817453524429,-0.03928942060919431,0.022557260594495247,-0.016992045598485456,0.0015984487045310506,0.052535779263580024,0.011668468391756448,0.013046446500591904,-0.0786147459604075,-0.008965759337083993,0.0781677591848439,0.03178196171172889,0.03829790959937279,0.023864009436674535,-0.11220080489854367
primary_remove_constant_only,maxaasN,0.007907692535908832,-0.012587787030530784,-0.027095444836313144,0.04425661049288306,-0.04170368171871493,0.04647568571887614,0.03366642297907847,0.0030308770910386024,-0.01435838896069019,0.019498571987984582,0.06608367865815681,0.10193200858218636,-0.017784945203281766,-0.038958452925522746,-0.014759589234526138,-0.06830811113712258,0.09334662769962845,-0.033882080227205125,-0.08116700831069353,0.08234103264172704
primary_remove_constant_only,maxssssNp,0.0008394435276921707,-0.0017011874645395796,-0.0014922031249552973,0.0011791696767259837,0.0021414091127068637,0.005634763038813463,0.007489673573463953,-0.00620357645077227,-0.008589585422316784,0.005970174316660036,-0.0024441318083381447,0.025105016368268535,-0.005733441342934282,-0.007388991257524866,-0.0028313599229424667,-0.031961159764283355,0.02762715450224004,-0.020267650030323398,-0.0349399588126571,-0.011238064668140254
primary_remove_constant_only,maxsOH,-0.000850416810720602,-0.016278241037481243,-0.0370973182138689,-0.0875395741291061,0.1312941393715986,0.07485222093187698,0.0027358375078093853,-0.047602851789971076,0.0016255236447922862,0.054167244594618004,0.005264088299232793,0.0018272120768290704,0.008476587344834356,0.009095670219290093,-0.02439048551350902,0.0080647337238038,-0.007200240657467231,0.021077337830041384,-0.023451576368604093,0.02265880040020278
primary_remove_constant_only,maxdO,0.01611671365184482,0.04173755346933563,0.013782240956231848,-0.04017835403309512,-0.09613690770862567,-0.08583963408440447,-0.0069393398358979855,-0.03842118650784504,0.06410153909000621,-0.023438475356143584,-0.12382929557802322,-0.01139684653499637,0.01858254824555211,0.035652059453200255,-0.03919437465916725,0.03336642641303411,0.013790094669055536,0.0422694815030559,-0.04706184548606393,-0.007855951817680645
primary_remove_constant_only,maxssO,0.03416819847008519,-0.01474491413206855,-0.06733953931496786,-0.009628707333048414,0.03474612461256863,-0.06102615725297639,-0.07627916200451387,0.007549909785761635,0.014798876153211085,-0.03499613196736139,-0.013098988333507089,0.0030756037122462,-0.018131705329097404,0.059540048976678944,0.012506958589607344,-0.0757531110407465,0.07658854795506614,-0.027671824140643158,0.05887682699318821,-0.031964982848916405
primary_remove_constant_only,maxaaO,-0.02473653696691737,0.043792055580551846,0.004461034223321365,0.027964642314991,-0.03848389024984281,0.0297924563974821,-0.03242235264577509,0.04090975767349715,0.01660745209098222,-0.0075394404205563915,0.06925283559041069,0.028377947554385576,-0.07649681568509648,0.06698131585854987,-0.02850972234144932,-0.117295952023435,-0.0041135627652722885,-0.03626513050388494,0.03874919509499236,0.017791454483069867
primary_remove_constant_only,maxsOm,0.0005838737508071555,0.014394952580368018,-0.0031768458180180203,0.0032169362297593536,-0.02248048589062926,-0.014080488090695066,0.006143817795303779,0.024637237054088178,0.03188971423576721,-0.0009671003998869989,0.02483655321851661,0.06772770845651659,0.11680984015049263,0.010932314535396856,-0.013223302806275764,0.010140376665333031,-0.0032214021010103606,0.05503301308801763,-0.06474542020368579,0.027345219996362656
primary_remove_constant_only,maxsF,-0.0026417293446253905,0.03785997707209275,-0.017611641081828607,-0.08713663073057064,-0.029588755776528548,0.0010319570538733426,0.02170913805313714,0.018608168908996862,-0.15161506272196007,-0.010929362155108032,0.09171782621430488,-0.017824499891912763,-0.0009683021300264331,-0.026313523789897274,0.029418570381697807,0.0401969031684008,0.003390570235492097,0.04363755284047859,0.06438062324513498,0.04118567290743651
primary_remove_constant_only,maxsSH,-0.001425688553464322,0.0032355124466001326,-0.0009764841804014731,0.003701010485295495,-0.008898449928992,-0.008033232957901093,0.03520212290356405,0.012500966896856374,0.036314904664302726,-0.020856014333483983,0.0748871222893187,0.1365100264318406,0.2703865313179556,0.08871758059567456,0.045027339393874384,-0.015046143550778584,-0.03253302839746354,-0.019366682840671057,0.01634885875140303,-0.010019998769380974
primary_remove_constant_only,maxdS,0.0005256930815373727,0.004622803046179622,0.007390501852477429,0.01868499310990551,-0.007673564037029316,-0.05540455292065441,-0.019490500030707892,0.04149326688884052,0.03384296606057342,-0.0016803444281609928,0.014401402190956923,-0.01846637452064567,0.023172233482852533,-0.08160200075073021,0.011613233102292429,0.1409821558240616,0.0022178517283870467,0.08647182104125017,-0.10474118788434328,0.029811947698812846
primary_remove_constant_only,maxsCl,-0.007797219889367049,0.0065060476756521836,0.0005782167523050055,0.02934217898361364,-0.015039458159760405,-0.006806913887778347,0.0097303983145794,0.0043555198188547604,0.004555954877849042,0.07740778185364743,0.03107485063393689,-0.038887485367931365,0.01875036267245143,-0.07829052091360145,0.058819991020134646,0.060538852116432146,0.054621435572030204,-0.044140132962548595,-0.13371556273188528,0.02713368105045636
primary_remove_constant_only,maxsBr,-0.007260003568238467,-0.0029325990645693374,0.008733418738231764,0.01961560596390503,-0.026118368440061913,0.0017811564571060348,0.008746974149931664,-0.02127649239378691,0.02864523823837322,0.08168980092598341,0.002961967943338996,-0.077569653546488,0.030107552725954053,0.018324713800403156,0.07313732505081558,-0.0030973648957721804,0.08195714385344832,-0.011044667160593448,0.07568774572275173,0.017050537067737653
primary_remove_constant_only,sumI,0.09160335682268073,0.0448756678753658,-0.030235618369490253,-0.03447544000010878,-0.010134740182355466,-0.0036721840212151405,0.009946705076323815,0.012367929324794838,-0.02701147127902448,-0.011521615894287802,-0.003795971179902395,0.010643460700761415,-0.0004527504762718434,0.0049645005821150985,-0.0004990018860099028,-0.001379915432856326,-0.003459929967419968,0.015902262707730822,0.0026843846428211277,0.01453266245118642
primary_remove_constant_only,hmax,0.02918615491650279,0.04522617576751445,-0.04205164425208126,-0.07867166242840255,-0.04736622125834834,-0.07958197872171853,-0.02976573751789382,0.015526782560728064,-0.04036929208476318,0.04810783204613135,-0.034519824564411106,0.015484175716807849,-0.013289000893165925,0.01587432981866921,0.05337072920097341,-0.0072555041222947935,-0.09779128286561968,-0.0813437931304892,0.021090357634927396,-0.034686132241483494
primary_remove_constant_only,gmax,0.02222029824932271,0.043668931409397795,-0.0030539849522663812,-0.09576065651671548,-0.06452234227076,-0.03021528129275284,-0.037591609865562155,-0.0041276813421105285,-0.027913608551851807,0.0007502305028062446,-0.038872696847024185,-0.012287981570988354,0.013632084377588699,0.030628079122563528,0.0013045184438832966,0.03730194615551531,-0.007555220035273366,0.08293356664475263,-0.04779142544240281,0.004663791240535606
primary_remove_constant_only,hmin,-0.05892201153451014,0.040254751192283944,0.06336041238732827,0.01787424010759308,-0.03187734872537716,0.032448039871841305,0.03356431310372973,-0.004624075751065477,-0.02827752486485507,0.0027078985916018728,-0.016841215772163156,0.0023108260791364246,0.019341123073085904,-0.02294802152237336,-0.009246146785971058,0.04829594902738641,-0.04282240914437243,0.03125343163512799,-0.04692702186644526,0.07319033065392666
primary_remove_constant_only,gmin,-0.02416029936287997,-0.03817809543114588,0.020652451083436527,0.08508357780487706,0.06763700900826357,0.07353986901367425,-0.004109656681741681,-0.015563098141949373,0.007912531488360578,-0.13111419984988607,0.0403685399766052,-0.017259435981434226,0.018762390768004,-0.028018906809460484,-0.018736664130771245,0.0023262894505460055,0.11650227379129938,0.04720713431690147,-0.015722344082158262,0.0448978827265908
primary_remove_constant_only,LipoaffinityIndex,0.04635459097480005,-0.08541364451407887,-0.0634237273600279,0.001924381986632445,0.017421419787974287,-0.02342083860476635,0.07410938637391148,0.002947369553768494,-0.09184180823960215,-0.025459828338321496,0.024248055719760155,0.04602468250830126,-0.02370815984052033,-0.01603121387619032,0.009796364216621983,0.018717804022432102,0.008445450455198553,0.013058204857698496,0.010185138042395164,0.033665473944713246
primary_remove_constant_only,MAXDN,0.01907433368511361,0.049530480111364704,-0.020208392550630696,-0.10084539860680755,-0.06481007294721915,-0.07409724050783158,0.01138347135481024,0.013132658696835253,-0.0329560320582659,0.10131035612340157,-0.04401948745151133,0.024760867385121184,-0.013165117818490406,0.017311952303918902,0.02711831205453183,0.008057690890087447,-0.11108441454873187,-0.04468303897754226,0.01593204287344921,-0.021313455191034628
primary_remove_constant_only,MAXDP,0.03376564620091516,0.03524268566902272,-0.0020373689978908163,-0.08665115431818331,-0.07436411049292693,-0.03112551193943523,-0.04697603484094296,-0.0032404536359069156,-0.006720837330867364,0.005041393214630795,-0.05851130770469197,-0.0007067342744677722,0.008133504270881215,0.026734200598361672,0.00783103945510868,0.03523520388262627,-0.004272673508534626,0.06932859907644308,-0.07743750397398982,-0.010474841820184225
primary_remove_constant_only,DELS,0.0715941891557346,0.08134892495446204,0.011111081464260987,-0.06768771177174164,-0.020913707467218486,-0.0037278166418172904,-0.03143482183467177,0.004288969080502301,-0.02016280946053738,0.014724482661371755,-0.008525928878842813,0.004572391995770414,0.004487743294010308,0.007707986053900353,0.010039395022132098,-0.005191410347318093,-0.018809453187567743,0.005169641896823895,0.003444173073649394,0.0051197546666265185
primary_remove_constant_only,MAXDN2,0.014632683644422873,0.0577208970263362,-0.012581097170366103,-0.11321566930619538,-0.06580325184050859,-0.07312490361380684,0.018484436045519807,0.010330194607401992,-0.058345647740476306,0.0706673911063728,-0.03635532660155321,0.02336704518149738,-0.006796053546634186,0.000773996476484632,0.031380093433106715,0.018271739978249445,-0.09128411399554884,-0.03895905104537122,0.02270417507093524,0.009605437526387059
primary_remove_constant_only,MAXDP2,0.033910716110934394,0.03466994020580003,-0.0017816338822120772,-0.08733932002979057,-0.07303105308396339,-0.028767124881479412,-0.04644810574771435,-0.003756891699699329,-0.009972869704522552,-0.0037789153588045814,-0.05725974835923275,0.0007984503376067699,0.007838014297630027,0.025527370829175968,0.005652291917894631,0.0351676817993961,-0.0026867418137570204,0.07045721807161268,-0.0752672635954384,-0.008694180988676768
primary_remove_constant_only,DELS2,0.0707096853201739,0.08258690492627434,0.011602556597433058,-0.06773404679199412,-0.020512564636042157,-0.00367749120829688,-0.031768275996746205,0.003339641264532368,-0.02162461199038692,0.016961647346788192,-0.007640411460346209,0.002187820119457645,0.00831436357849743,-0.00021252373849931644,0.01678137902485867,0.0016852610982807355,-0.0116181665043769,0.004337036272979628,-0.00700721013285836,0.009611987210699094
primary_remove_constant_only,ETA_Alpha,0.09729306972358631,-0.010992005144294789,-0.04046489984534236,0.009048840848672406,-0.0037768880077320133,-0.0061428155558244536,0.01425638707090983,0.011984712131114553,-0.006068594565566415,0.00683116872823035,-0.0004689378723276909,0.0037170484995715414,-0.003676605907256758,0.011600220317888876,0.010350801266044941,-6.830146210301709e-05,0.014165716774323229,0.016446670367276983,-0.00338572467049516,0.009106335897623916
primary_remove_constant_only,ETA_AlphaP,-0.00640307428516165,-0.054693379649764236,0.01310062197438201,0.06597866834071402,-0.015220745931834685,-0.008790108313840417,0.043472494416028774,-0.017773164042251332,0.059376241098347146,0.18523585162292233,-0.0349841432010725,-0.10072437587199085,0.03682868435584834,0.035244350496331296,0.10848160908842654,0.006579368573046505,0.07158616035132111,0.012949324053076392,0.023063437364885503,0.0069392768430245385
primary_remove_constant_only,ETA_dAlpha_A,-0.013213870799207923,-0.0032292503229142014,0.024055020877946174,0.02132149915531758,-0.01545723304531774,-0.02002907296060865,0.0033954191199148964,-0.024459965352733273,0.022810476616382427,0.1397352780020447,-0.028270907039761643,-0.10022494657053285,0.04670253818034766,0.04954033487315156,0.12282669045241924,-0.014706052248221439,0.1301863428497045,0.04762501443357389,0.0874272082470274,0.048927688728678934
primary_remove_constant_only,ETA_dAlpha_B,0.0008285025691396169,0.06988664115584907,-0.003402510759255464,-0.07432402356797038,0.011108640246013617,5.498225831726936e-05,-0.05507397921335196,0.009299107320130638,-0.06481112373509312,-0.1629071137629671,0.029689829393313553,0.07469530102738925,-0.021550397118721108,-0.017846665058175733,-0.07192164689633074,-0.01705435327269503,-0.019313191939735682,0.010298276204028628,0.01983429435949881,0.01892759952052312
primary_remove_constant_only,ETA_Epsilon_1,-0.031331174918259375,0.11223199010632791,-0.02639831810294439,-0.04402286928690695,-0.05563415574136394,0.014722501761656934,-0.05210218576943848,0.024496835596701492,0.004368437266128804,0.04115054906417122,0.039562059111976015,-0.016555303497816202,0.010038541050014227,-0.022098672817845135,0.013282001497644138,-0.005490320110458687,0.019636145394213846,0.001439002067741506,0.015848669541659855,0.018132552070223754
primary_remove_constant_only,ETA_Epsilon_2,-0.010870375067381286,0.11061383889451402,0.00032195857287454604,-0.06724909238488556,-0.039242220822168467,-0.04672262955853279,-0.08188121678499465,0.01538277186248125,-0.019045841613243783,0.0322768361768531,0.056878708644522435,0.017215958874422278,-0.003378573081623395,-0.00471119371067978,-0.012888849657594136,-0.005013554946497599,0.02367471751043404,0.011199977197279828,0.012166060645028173,0.0068051568205142726
primary_remove_constant_only,ETA_Epsilon_3,0.0009013581406428422,-0.05765912583313874,-0.039016634838913454,-0.003721784838176953,-0.08064043680375996,0.1346462475580326,-0.08513702603879422,-0.010828812183629345,0.06044771705368804,-0.032444311873557355,0.048473553947539334,-0.03722221327957231,0.011093292395649691,-0.06240865548001992,-0.008082716729647357,0.019918700027608885,-0.043703832285100164,-0.06331086416424783,0.03903236926319959,0.00292739602015542
primary_remove_constant_only,ETA_Epsilon_4,-0.013426345723391101,0.10475319765242691,0.00963915202696713,-0.048658630723559144,-0.0727093957407111,-0.03935878006006606,-0.08664327598704918,0.02808710362649886,0.00408066847640709,0.041766561298288006,0.056613605220217585,-0.009429230640780993,0.012143041754785389,-0.019505668417023767,-0.007203047293545237,-0.005520222308539416,0.03360010578315162,0.027862314387200833,0.01522530689599595,0.011583962300538403
primary_remove_constant_only,ETA_Epsilon_5,-0.008254240755324443,0.08489309966295173,-0.01758731324152055,-0.06293046915356838,-0.07818710570652379,-0.09067123925614597,-0.08186072032117556,0.041233787798204725,-0.03411119220769822,0.029761444383595816,0.059484241708922705,0.01670300170002894,-0.006116224361841786,-0.009475860079202102,0.013685128141711491,-0.015548241646709766,0.02982184352405952,-0.012107599999747632,0.03667953258074835,0.0021061351639076248
primary_remove_constant_only,ETA_dEpsilon_A,-0.031211149331820072,0.11452828248218364,-0.024303056091050705,-0.043603916283887524,-0.05129994347800515,0.007898065878837904,-0.04756150848496908,0.024909504983966994,0.001315687567251855,0.04255859902169954,0.03692357236728471,-0.014602467144128469,0.009429876239241177,-0.018855053238670642,0.01361687542696994,-0.006459862933747894,0.021721436111163724,0.004605091454687973,0.013807774942725436,0.01789050851016893
primary_remove_constant_only,ETA_dEpsilon_B,-0.04505008481825724,0.09284037628320507,-0.06330230397962398,-0.027259529439775474,-0.020882065217512204,0.07641010106899726,0.00288175183406841,0.013946240876200796,0.003608141527104002,0.0299788828073184,0.008911398608984789,-0.020980383140225416,0.004949671069301427,-0.019635842289331455,0.03469807992108956,-0.0040634807684837414,-0.0022339563197988806,-0.030885421919380252,0.012588427218241343,0.021458997727622105
primary_remove_constant_only,ETA_dEpsilon_C,0.013265669454762319,-0.10754457976694967,-0.012595431034558935,0.04751403036187498,0.06498824178862488,0.04945022875058346,0.07831826155449305,-0.028463071799903296,0.0008285819113950513,-0.04363358636295133,-0.05174648410874768,0.00628448976725894,-0.011042049071642461,0.01416892806654053,0.0064308338428873246,0.007018072730671773,-0.03651388442198086,-0.03244303205401619,-0.011830587329299827,-0.011150520420380308
primary_remove_constant_only,ETA_dEpsilon_D,-0.00809057258044535,0.08027853716549399,0.04079385276659686,-0.023062217054269654,0.08084582589320834,0.090751678865764,-0.016170074515355907,-0.05576750168197492,0.030513182691312993,0.012072680041384159,0.005274844071520265,0.004556669852767063,0.005563134350853883,0.009912858841310726,-0.06297278326248096,0.02297058174592745,-0.009316085836960225,0.055213562228873206,-0.05335580348027219,0.01202673447393137
primary_remove_constant_only,ETA_Psi_1,0.004818428469459134,-0.10541058069756842,0.00819926902477475,0.07621846451374518,0.021097677239895862,0.03018150250198064,0.08067693937702983,-0.019551598717011093,0.03346199165679357,0.05733170906563551,-0.054531217274142785,-0.055146972235982236,0.017983647215367753,0.018267964107284672,0.05827519527869567,0.008530517601482704,0.011407241679728383,-0.0018026675583349971,0.004602424097342876,0.0040674086668548055
primary_remove_constant_only,ETA_dPsi_A,-0.00491146032469765,0.10574898329107282,-0.0080061267152908,-0.07634869578266765,-0.02096611846476699,-0.03092014433899396,-0.08086675043029289,0.019281804716235144,-0.03359608588789518,-0.05567186813743916,0.05400810941170117,0.05412363126516624,-0.01738173049147821,-0.01686756598684889,-0.05643768704667375,-0.008940075223443223,-0.00839706547721442,0.0034341957853127516,-0.002522578108010024,-0.0019804195875101245
primary_remove_constant_only,ETA_dPsi_B,-0.002902675005682789,-0.0008936939910196192,0.00839821705992581,0.004989775119471696,0.007741914241702529,-0.024098553544578467,0.003309703252404883,-0.012786482290495069,-0.0007284399061883209,0.07046202132931256,-0.0269579741739498,-0.046022101292034184,0.02518624661667007,0.05552573107875379,0.07732745630965464,-0.014431130004444646,0.11572291851534867,0.061681724648155085,0.07953007117330464,0.07973143392726398
primary_remove_constant_only,ETA_Shape_P,-0.019313622133757095,0.045579831041563504,0.08481093052205986,-0.05514618815464054,0.019975874249849968,-0.04540752577917145,0.02052857193266106,-0.03760676811726768,-0.01866547562522507,0.06588548911814181,-0.049463013599886606,0.015675673009357703,0.02818791261313264,-0.0173021940791761,0.0677996705536459,-0.05070822740414319,0.1632567570467518,0.024539404016782555,-0.061436608521506314,-0.03338166368286221
primary_remove_constant_only,ETA_Shape_Y,-0.023560739761536054,0.0608027722396507,-0.0159490569967068,-0.04289909191222365,0.0013929569521658508,0.09647918128928087,-0.08927321984602136,-0.04063947594225647,0.04145123352653691,-0.06110057630754499,0.02083759700210656,-0.006695382260269627,0.02467899605859052,-0.06409754361621056,-0.02179676866703415,-0.04457136111787175,0.1277256024190611,0.018918460619638037,-0.03336906718578313,-0.03221683810136621
primary_remove_constant_only,ETA_Shape_X,0.00585040472165589,-0.03930634328240275,0.0750639460849916,-0.09564027949947879,-0.060941743476314515,-0.01916920916949564,0.02430761384469671,-0.004558906601882844,-0.027682500225034552,0.07231722032526076,-0.05464628166438748,0.03591361675654207,-0.008018437910234117,-0.01090682242658148,0.03356367334684949,0.003991387901356908,-0.11693292578515438,-0.07897972654719054,-0.026348284062860355,-0.022534111750418705
primary_remove_constant_only,ETA_Beta,0.0758402673461641,0.025515058981790673,-0.09408415813395492,0.012681445449718052,-0.030441908936434496,0.019999831049762128,0.024919669042768985,0.025555411928279977,-0.0008026083095827244,-0.009104660970233576,-0.010920977438854415,0.011709225247854919,-0.005315455641281265,-0.00225308808272158,0.010054703534142798,-0.009065847238927314,0.009592500848233999,0.002015483753555705,-0.016569958221744757,-0.0023675964055116317
primary_remove_constant_only,ETA_BetaP,-0.042400245127477296,0.08300408647819146,-0.0820698512525419,0.04079996134830926,-0.033189069125407825,0.07273359251241371,0.024299424042207658,0.01580806700395047,0.01096598161190952,0.008370938828412052,-0.020448057701721936,-0.00401635586873814,0.004583263674633857,-0.025632516334782092,0.02063175792746436,-0.01739975755205109,-0.009296344209897786,-0.03139830936234579,-0.012409148056672056,-0.016941500702424665
primary_remove_constant_only,ETA_Beta_s,0.09673278107557234,0.002348777369761948,-0.042974140710395105,0.007680650933136928,-0.013744518997134532,-0.004090857041466206,-0.00951680030170433,0.02026653169905107,-0.004797774934964154,-0.015789399438205953,0.017647247479466187,0.014362764866405671,-0.00810054210664605,-0.005365824221308755,0.000150500326231227,0.0037957829394895935,0.014465618949113369,0.007281984282642855,0.0003864811745386376,0.004960891236774335
primary_remove_constant_only,ETA_BetaP_s,0.011522082754799557,0.040212354375838026,-0.04111640361389854,0.03337955228780022,-0.08488798575788402,0.000730195022449487,-0.12905504882975002,0.05375439346086318,0.053864358293255636,-0.03853368410676721,0.11172849606828297,0.02759618045613537,-0.021647968852190422,-0.08161360759763459,-0.031295772764407016,0.02166718687141341,0.04851665584542037,-0.02848514120623803,0.019490023684570354,-0.028451450532723233
primary_remove_constant_only,ETA_Beta_ns,0.03924372017748107,0.042549701601630845,-0.12354838732367697,0.014817688951046433,-0.040131077720882605,0.03911761713209872,0.053035767247403304,0.02520623467471048,0.003252723247261791,-0.0006519829857774169,-0.036340705627963155,0.006615015594896583,-0.0014668187376000311,0.0012561767091930917,0.017520840346819406,-0.01961873761662574,0.002795756153218194,-0.0035359983683855116,-0.029490685257715175,-0.008981621415587001
primary_remove_constant_only,ETA_BetaP_ns,-0.045840471956629776,0.0798590607420066,-0.07874655289262288,0.03711122141975869,-0.021101295599989797,0.07540863777712621,0.04554456944534544,0.007954051425934383,0.0029085920350772248,0.014757402994529151,-0.03881832864307452,-0.008514047149951359,0.008166312434752868,-0.013770097973443366,0.02634937113025864,-0.02147795091565123,-0.017289225762568892,-0.028120129121158424,-0.015952900841477,-0.013112922368189001
primary_remove_constant_only,ETA_dBeta,-0.061167396414579495,0.044969095372967005,-0.09133164117621928,0.008211447359255077,-0.029899091080263722,0.04812581086617903,0.0695585804282657,0.00615239720902433,0.008840069015118536,0.016409704873585156,-0.05973873857847448,-0.008201866788012005,0.00715422609111201,0.007226936000461963,0.01940349021411536,-0.026029668436744997,-0.012578759632166486,-0.011852785985474665,-0.03335395850007813,-0.015415008045934913
primary_remove_constant_only,ETA_dBetaP,-0.04835175762767739,0.07460618088739816,-0.07333319680909765,0.03232366959017854,-0.007853120951563949,0.07639578795334155,0.06682178518923727,-0.000514381479026703,-0.005651076695633493,0.021127164432395776,-0.05723008299480209,-0.013045821877417138,0.011742619903095131,-0.0009377303904948312,0.03173293054218235,-0.025252290337246873,-0.02529040456183909,-0.02398297863372081,-0.019299500261432765,-0.0087603321909508
primary_remove_constant_only,ETA_Beta_ns_d,0.0036864239697324184,0.03447563598977417,-0.08124543909292947,-0.027344819853732532,0.08288430162938586,0.024265311081854986,-0.05475148408694412,-0.012315927047004906,-0.007943992267733443,0.07583779633669588,0.01962093669708358,0.02441613071899309,-0.0008539689492993519,0.03428172558719475,0.03359314870337911,-0.02454559871861885,0.07926796668840459,0.0337698217271214,-0.03580384503931211,-0.00010962064579590064
primary_remove_constant_only,ETA_BetaP_ns_d,-0.03140318502441328,0.05695497198780814,-0.041400063717608404,-0.016578001551162628,0.09415317489457137,0.04018508259557252,-0.05323547999984857,-0.02251055633878996,-0.014102022078420698,0.08434772206890975,0.01839561434502177,0.01851486870349172,0.005751141244413855,0.016448215267007564,0.039743524202350305,-0.016722706613253317,0.07401727312897924,0.02587581600331514,-0.03241878499994605,0.011119865696089736
primary_remove_constant_only,ETA_Eta,0.09857676323559895,-0.013422288435440766,0.026733651687624895,0.0034514702457947087,0.0193601473755396,0.00410838265394075,0.003013839485370726,-0.006965850770047139,-0.019173901163660797,-0.0009093746543412607,0.008430647463366083,0.004734575716643535,0.00027367359834315453,0.00269300013030937,0.0062774164064844365,-0.004705652301501818,0.005315088247113283,0.0063605659402246936,0.00823481569343184,0.014266767371117544
primary_remove_constant_only,ETA_EtaP,0.065803949438315,-0.08152047294676629,0.06519587702704106,-0.034593169100855345,0.012114370968915602,-0.03295495810168093,-0.01063611127260014,-0.011548783231755289,-0.013184332475186026,0.0040151893724449965,0.010774657869045117,0.004195312661960728,0.00354755060240279,0.006467139774800116,-0.007218109276172197,-0.013295661484352114,0.027719946696605338,0.023348397546141753,-0.002603813878346858,0.005722084919756234
primary_remove_constant_only,ETA_Eta_R,0.1001378423947351,0.01489309946489251,-0.012589052254806806,0.001607098276889461,0.005029993014752828,0.01088393587614472,0.014023320930542678,0.0010185283475224317,-0.01674483446344707,-0.007273967442537174,-0.003293074951105279,0.006591145643819081,-0.00011016820718620697,-0.0031865370637832345,0.014350042263762554,-0.002423777182146082,0.0042871722796179994,-0.0027584457956456587,-0.0002627647877742593,0.0069292296212473325
primary_remove_constant_only,ETA_Eta_F,0.08599847909267845,0.04686376828135068,-0.05828388798165662,-0.0008880121969489676,-0.01316225225980796,0.017362097981794663,0.025135874768003944,0.010542950777666387,-0.0111165521516674,-0.013831512568084655,-0.016990283323113677,0.007788404990620786,-0.0005582471036427666,-0.009810011472771735,0.021846981065551625,0.0007329210149298107,0.0023535628709771593,-0.013380939188819743,-0.010530872272371846,-0.003082922893392753
primary_remove_constant_only,ETA_EtaP_F,0.017147831545898905,0.09252871600391209,-0.10270685673036128,-0.01364705251600075,-0.029155756013606596,0.023478349049927412,0.030006870894463137,0.017979280659001253,-0.011995930959821294,-0.021477600518751465,-0.03628477634671845,0.017663305964714108,0.002539661025821162,-0.037935673470000444,0.024368758134384282,-0.006218921803939275,0.008720038073357795,-0.025553071559044644,-0.03261489516578117,-0.032373619895289314
primary_remove_constant_only,ETA_Eta_L,0.09406022052306785,-0.04375081660377203,0.015582012380900699,0.0015576500252689183,0.017440769645848193,-0.017131165666003274,-0.011096696822374349,0.0020341631281280926,-0.0160061988445113,-0.0022401944047396732,0.015738610733269844,0.007276936402311995,-0.00498869473548523,0.022315101491380173,-0.009273705211592136,0.0020855582399436287,-0.0007408185552452412,0.029514647807562685,0.008261322163247885,0.023989200253168256
primary_remove_constant_only,ETA_EtaP_L,0.0374341196570328,-0.09982131624077593,0.07922880637868548,-0.017514389890951908,0.018576440855216574,-0.04186750715231785,-0.030495853923315174,-0.010177433207290662,-0.0026235736947090435,0.009256904410258445,0.021461570009943257,-0.006339872855674726,4.648468056902644e-06,0.03525166037624144,-0.021887834072708705,0.006753045963062157,-0.006300115440309631,0.038771274119750385,0.014440785953025535,0.026331610001339014
primary_remove_constant_only,ETA_Eta_R_L,0.09708301753263511,-0.006877495447641419,-0.043227561540225466,0.006786231438583705,-0.002383762236441391,-0.004413891153297262,0.008419505606860077,0.014604503262320384,-0.011466290722637523,-0.014179080690562798,0.004088421412925201,0.01006032986319403,-0.006871747060605353,0.010319758634200187,0.0015348708816599417,0.000996853847282841,0.006200437807794225,0.014504035921765206,-0.0015617392449820595,0.011803718527708108
primary_remove_constant_only,ETA_Eta_F_L,0.06306810967755103,0.04539864944361321,-0.10534551053052937,0.011154630413154013,-0.028104165414242117,0.014416596410005589,0.03135789782528792,0.02577773373664307,-0.0008646318005597636,-0.024670147968806806,-0.013179595265449054,0.009856799539178363,-0.006708266982152233,-0.009856519362128646,0.015465663247168446,-0.0008579575391582906,0.013101414499442628,-0.011367659079258957,-0.01415693233937149,-0.00921029791957214
primary_remove_constant_only,ETA_EtaP_F_L,-0.03587585583412067,0.09293870360799851,-0.08827737144803925,0.030635490367247598,-0.019521080691134934,0.04565954848221677,0.028026673595177458,0.014551247303324884,0.00616281742452348,-0.01727327913697915,-0.017137224613345454,0.0006988214039567931,-0.0013380772496449788,-0.02994868168888956,0.020148055102091594,-0.0028525140561726954,-0.0017466090007647143,-0.03816868606933318,-0.007937067796672996,-0.021443723824684388
primary_remove_constant_only,ETA_Eta_B,0.06858157176119113,0.0572780797452578,0.04765987856255764,-0.07184024697683676,0.002585027832803301,-0.011110547434131894,0.038152650450243256,-0.02432218457858271,-0.030405739488811475,0.0401337776291879,-0.026322912203196294,0.03600184591328528,0.006157150727641879,-0.03730340078590341,0.00894042757496616,-0.02990679333936148,0.04137299993673681,-0.012232709256531851,-0.030117370631438732,-0.027235363336775516
primary_remove_constant_only,ETA_EtaP_B,-0.0011052494269436898,0.053243101542749784,0.06881594992005674,-0.1150338699556045,0.005146753479560884,-0.037536112639448206,0.02243390663494528,-0.03327787066529768,-0.03171956916207963,0.06565021392215187,-0.03568372914618375,0.0512132920754775,0.010107444700767404,-0.045281845906030696,0.012458554021071006,-0.033938530778990436,0.07218173461962349,-0.0009259498191814437,-0.05687672558956883,-0.04275067338734567
primary_remove_constant_only,ETA_Eta_B_RC,0.08369343484357987,0.02870508211495704,0.010290703789431243,-0.07452710572255893,-0.02446095792001599,0.01586564293652358,0.007118852476423497,-0.017221292280999813,-0.014836755851153672,0.029658271304994224,-0.010949505995102497,0.0314266032233267,0.006870913499142574,-0.050202611399332256,0.009549325307581371,-0.024742143873583113,0.0376169951208118,-0.024373839419961955,-0.024576279206553177,-0.035116388541847274
primary_remove_constant_only,ETA_EtaP_B_RC,-0.014273011460120437,0.03656137714859058,0.0648749948190568,-0.12271216220907025,-0.02858534529042017,0.027440441227434796,-0.02018741756066415,-0.044361330799300706,-0.008730028054497666,0.06067400941851615,-0.01728668674443979,0.03779433748038279,0.017590968630507332,-0.07838476493669141,0.017939835003405884,-0.02745734834893549,0.05819889920519306,-0.039568284450809614,-0.04648363935613167,-0.0577664442767113
primary_remove_constant_only,FMF,-0.029270569879627197,0.030333924013907266,-0.08362181953434432,0.030364160232087177,-0.06266331489008754,0.08860763507349624,-0.06343799326127446,0.03182140763981236,0.060271765778941375,0.025568489382746525,0.04862269990250268,-0.033249508849527605,0.0064602407494087945,-0.05128935319396379,0.017548333818616188,0.04115843145612164,-0.055331081854701994,-0.055594701632583364,0.035557115348052504,-0.007751568749314053
primary_remove_constant_only,fragC,0.09178384066805174,0.007783345303809039,0.027023584682801083,0.03432926906725879,0.037774130146448495,0.02686343487568527,0.010988501844997044,-0.01441480999258228,-0.022244778892875523,-0.006313361526771015,0.0075125527674610145,0.008117375579839417,-0.004306994045065926,0.007466964418083205,0.013690942535833361,0.008265398369657428,-0.01678270379398508,-0.004857494579912162,0.015450388486965514,0.0252123756666706
primary_remove_constant_only,nHBAcc,0.06751310191366747,0.060891005784055166,0.05395745276421081,0.04628060897211312,-0.06693718578817098,-0.024320147438451012,0.016797447982602055,0.021436544124520927,0.024582833348949333,-0.007742360388540051,-0.006737992552046628,0.007908987198246072,-0.004325756896903852,-0.02862449812886575,-0.01596115011600097,0.028970624234541238,0.001330921252574314,0.001737197922476957,-0.017665088096398707,-0.015191695772220307
primary_remove_constant_only,nHBAcc2,0.07410464681985414,0.08846641364642234,0.008591623868009728,-0.005758821933066755,-0.013765307216387601,-0.023287098346485447,-0.03802736397923443,0.02797101404181889,0.0030497553173342504,-0.010765919426631984,0.03033011620414479,0.007829632087182728,-0.005743963985237893,-0.009653044133293768,-0.01020253506187555,0.0017940604430803165,0.0004969850905848217,0.00020127575549303174,0.024548053712285293,-0.001956647473611021
primary_remove_constant_only,nHBAcc3,0.0683364073394326,0.08475654107856145,-0.01370565868859861,-0.030590073154243006,-0.010375845660933266,-0.026042627554760157,-0.045988132932552654,0.02842516788413899,-0.010014490403838994,-0.009725004284263594,0.0383152788499851,0.011202508416399996,-0.0029674459622868916,-0.0066508647598816,-0.004783717455284374,-0.017318016887444762,0.007783858607603488,-0.005583567315440805,0.04323971277051772,-0.009972680156679677
primary_remove_constant_only,nHBAcc_Lipinski,0.07588672807309005,0.0770641215963584,0.01140129791998563,0.03343571473421208,-0.01989558946193618,-0.0063060568521750345,-0.0406926010804665,0.017739338368124018,0.04524650845961482,-0.017967384453330012,0.007645590083135891,0.025346411059455672,-0.00138324997508299,0.0014708226741005732,-0.017512728180106154,-0.00997916540283454,0.021147829395952625,-0.0008169267537694045,-0.009032108716544432,-0.022034136273439666
primary_remove_constant_only,nHBDon,0.06099250702275491,0.06905796132041878,0.04536368798972618,0.010096447516223586,0.06787832507248834,0.08887019633892457,0.012980981247007943,-0.049851438709733055,0.01480711614734657,0.011838228163544755,-0.003464842103924843,-0.0043721668202897765,-0.00045355945239800987,0.01317336226064182,-0.02783282887667532,0.02859384550797135,-0.02200165573586637,0.024763756194515967,-0.014506689222090528,0.007686690820711472
primary_remove_constant_only,nHBDon_Lipinski,0.0635310183520551,0.06991110985546138,0.051526538602084435,0.018916747334774085,0.061821431964571294,0.08323489868096805,0.015643038958491524,-0.04390810681477792,0.011886591430529237,0.008145946625039528,-0.003255072787560869,-0.010016145481772184,0.003502262394427479,0.0013697839879912676,-0.018451467765721825,0.01912546500064234,-0.022666750421903553,0.012137298793568918,-0.006590217244645525,0.009771162364705122
primary_remove_constant_only,HybRatio,0.04325332818746344,-0.0892404753367428,0.0817149240964579,-0.010557458714833741,0.01182036440610375,-0.059161724315526694,-0.03843196821398322,0.0036962529544374944,-0.02467973978874002,-0.011149077147810533,0.021234622495047435,0.024524285051148564,-0.006829986923356239,0.02393518851128202,-0.03597663021122085,-0.005899931950242349,0.011333263540607779,0.031634687240852444,0.003633150622329281,0.009536511576496867
primary_remove_constant_only,Kier1,0.09832188685600006,0.01184938105861341,-0.02204965827156053,0.007940085483030884,0.01292363627909301,-0.018581131017022013,0.026585768159194122,0.010087559909230102,-0.02410905389933517,-0.007355744729967503,-0.005293343186635563,0.015249361869187785,-0.007107486303594167,0.0163646867207718,0.004916510807496208,-0.0034203900412721044,0.011366446650637317,0.0181343116359829,-0.006763000395832347,0.010475676845820348
primary_remove_constant_only,Kier2,0.09284412681311838,0.015235109642945666,-0.02146732866271745,0.03618580010558607,0.03031855384213026,-0.029900958778718834,0.036002790715702185,0.013959691814119924,-0.029780379574408294,-0.013739251368345591,-0.003306905870799509,0.011002848833160647,-0.011931869975407258,0.038461018327267164,0.004790699118803156,0.00516638718671226,0.0024902015561314157,0.027588818737070787,0.0008144274889887745,0.023618041580721574
primary_remove_constant_only,Kier3,0.08800732354629323,0.03426731390382265,0.0010550637135777188,0.045109607125977724,0.03968427837410771,-0.02960927147375747,0.04664634031890141,0.00603572379279927,-0.03419424445762667,-0.005591238914559466,-0.0023011328214368916,0.009547278994996012,-0.013818376736914047,0.038230241542664,0.006117048003138507,0.008019300716362698,-0.006585225713997184,0.015729647852747792,0.015095142333721459,0.02185722298861289
primary_remove_constant_only,nAtomLC,0.07365252328061624,0.040243925218800915,0.04940392242199942,0.03239528357383149,0.027674441285914918,-0.034713994070842746,0.049364261589081755,-0.008064068170889645,-0.038226540736251965,-0.0011003615406596314,-0.0301036900768926,0.004781186849195041,-0.011865850172800818,0.06023158922738151,-0.0011579792249197204,-0.0065182633088140905,-0.020166494593538017,0.02285741403213607,0.008157737130644244,0.049448474816639346
primary_remove_constant_only,nAtomP,-0.010243945630236156,0.05465256850690074,-0.08031279242990143,-0.004959205306563477,-0.03531440827615428,0.04346598611748251,0.04067739230934552,-0.007629821751949506,0.02553889084194612,-0.0465048700070734,-0.0497026845036932,-0.013326037563363887,0.01002045164792412,0.03465692853033511,0.02174719558867619,-0.024197837496272308,0.027721541415342426,-0.005941876088199637,-0.06879457481790587,0.08774449982563345
primary_remove_constant_only,nAtomLAC,0.0397887475983108,-0.028325021792722352,0.004698149326656093,0.003908520916178944,0.03932110184281812,-0.07952229010198715,0.059516637281472995,-0.009045032738754922,-0.05476240249999347,-0.013577524346921133,-0.03836385567915515,0.014690882092707488,-0.013957688595323495,0.12140787221344546,-0.026043305715419723,0.005974310200835324,0.009886463692737563,0.11158850665322091,-0.0284766784894257,0.08394931738174999
primary_remove_constant_only,MLogP,0.06436595874144765,-0.08135509246489456,-0.057697254578920436,-0.007858947274511035,0.03821350410052179,0.015490963329272987,0.044114735536616365,-0.005702188001226004,-0.030483665617383672,-0.05373266624881816,-0.030805606076390588,0.011997062533119525,-0.011685819705496224,0.01719427672610636,-0.0008435276560848953,-0.00648137458617048,-0.006717868214689061,0.01068329327526102,-0.010789122015421251,0.021998508372834364
primary_remove_constant_only,McGowan_Volume,0.09803951996196705,-0.01784066333207141,-0.022521470885139394,0.016053825174989274,0.014742224867656252,-0.015752262184703915,0.02248502910412895,0.007317576510279721,-0.01526701873708643,-0.0010613671510147403,-0.0032973696901501984,0.014314158974443377,-0.007994712468901086,0.01708057223706437,0.0035545029250110766,-0.0012653525926797412,0.010911912396867876,0.01968381895413798,-0.009962108512745824,0.009048615139123002
primary_remove_constant_only,MDEC-11,0.03678390888932489,0.0077461498535434745,0.06659007431892931,0.006625247399413566,0.041517436203922474,-0.02922101663910973,0.06337585615879061,-0.02327824758873425,-0.03559954866212746,-0.03387369136135095,-0.029475779275766823,0.0639618664113652,-0.0201128682093174,-0.03967325065734348,-0.0010113454955438814,-0.08319113346253058,0.09552669119706599,-0.046273678875508505,-0.03450820663241683,-0.08607870360538952
primary_remove_constant_only,MDEC-12,0.030749399685384364,-0.04796771440769302,0.05251544974504966,-0.016729477615988322,0.030652326168671445,-0.04935590498531875,0.08979784181123053,-0.014001354240650443,-0.05715661270972359,-0.04762749782578755,-0.04713761015301715,0.10125896383541824,-0.03561084642273599,-0.0017449371316512648,-0.008968767139565239,-0.08699257327319991,0.10992928164857317,-0.02075224520189488,-0.04954252331653315,-0.07956274657673194
primary_remove_constant_only,MDEC-13,0.029893588376692634,-0.00413977670491167,0.061356647298554196,-0.014281187161314166,0.020012241824821052,-0.03168931915370605,0.05041712748404979,-0.03310573175215873,-0.026904911807038637,-0.0623687200690303,-0.042337577754694336,0.08167550926794466,-0.02599052802451827,-0.030908563647814732,-0.005558063398729458,-0.1147267371019959,0.16001171357251756,-0.03093450836722663,-0.047208461924996316,-0.11955441518943678
primary_remove_constant_only,MDEC-14,0.012515635068776466,-0.04716185050303812,0.07802571993509824,-0.06415340913920668,-0.01055633551143348,0.019191522078623045,0.04805974526197218,0.006998167016560475,-0.015411919137344738,0.001993245633596006,-0.008709982297282301,0.04601616017312587,-0.009678865218271984,-0.04943494937485444,-0.015460252636075244,-0.034386519915351195,0.02302263864712048,-0.04826445174525726,-0.023393752720755688,-0.03633767948006994
primary_remove_constant_only,MDEC-22,0.03604538067494193,-0.05642386351478823,-0.06339890490866161,-0.0038853948818588346,0.025000030215902,-0.00793182850942082,0.0274205841693084,0.017933232436056403,-0.00918164818714777,-0.004366514326242854,0.020283743311103417,-0.024654980423926897,0.015685484309096567,-0.05122979472506216,0.0024922693058965183,0.03598821798629949,-0.06002235122046337,-0.041626068496871164,0.03893007602312659,-0.002074589154888399
primary_remove_constant_only,MDEC-23,0.0505107967409875,-0.05702842010488266,-0.0991854925981141,-0.040219645768547564,0.0038330097802704755,0.0325198504392385,0.011415111450684664,0.00306967416722825,-9.878392855932847e-05,-0.045803684273581315,-0.01925215254770654,-0.03958816872851966,0.012981418225382263,0.008041338828391264,-0.003974831484025813,0.0057199119642102605,-0.024563292958112,0.007263035620385808,0.0016508508317254564,0.03271901449474096
primary_remove_constant_only,MDEC-24,0.008219011759182895,-0.06480033305108647,0.07866164810579501,-0.08009142869659987,-0.04067396141951755,0.02754185476139022,0.044555568261648644,-0.006695920394697718,-0.03766409760730315,0.007134922445105553,-0.0022350281858801307,0.012881699816520431,0.006624316053297255,-0.04355644242299515,-0.010112817865380003,0.0014812900888371465,-0.04369209835330943,-0.023465514574427,0.008016292354347976,0.013503547258986379
primary_remove_constant_only,MDEC-33,0.02736772877251986,-0.00390852108407987,-0.06816407823229192,-0.06444993559038659,-0.021280342986057625,0.05557372434533488,-0.0873751314612055,-0.028669616286293564,0.03335636993408209,-0.06881254476575295,-0.029726078679113057,-0.030670959622545443,0.016461188864509726,0.012088602776921791,0.017068751809018658,-0.06915694690237234,0.12324062108927993,0.021953076846502464,-0.02144782189074977,0.006983653844582929
primary_remove_constant_only,MDEC-34,0.010443227701192902,-0.05626830457486591,0.07986996897863276,-0.0835891152174234,-0.06107791240335713,0.027466732820119723,0.03333552047783755,-0.027318888822465585,-0.05209219130558432,-0.0020117434673115374,-0.0006219154542338385,0.012194879182997385,0.011180608010252183,-0.05312619755841045,-0.004908958025722238,-0.004473346573148721,-0.03883368489244747,-0.020521180052378754,0.012173968994705908,0.008803544449198186
primary_remove_constant_only,MDEC-44,0.006216861481852538,-0.041611483989665535,0.05969560259226121,-0.07219473477149561,-0.024218976690394838,0.03827826552956344,0.004975568722535157,0.06779043466524838,-0.0030497196397953927,0.024265703008299923,0.010818024100591291,0.03990709797381012,-0.013474422843731591,-0.025660884427256322,-0.014345370312993712,0.0133732837552868,-0.009814189463507353,-0.053888303463498634,0.007248913711163553,0.024524233575579143
primary_remove_constant_only,MDEO-11,0.032502098667405055,0.06701084656338487,0.017305286324889983,-0.0602344695853342,0.008810390313954813,-0.014302133298002385,-0.008658223109432775,-0.0330484501753302,0.06739994079201711,0.02463398858129291,-0.08931622515623776,0.03225624643254872,0.021724278712733972,0.0330539814435529,-0.03919829662943358,-0.00040051331028780057,0.0036947629438867455,0.011063319114614134,-0.09702685053525997,-0.038916730011321926
primary_remove_constant_only,MDEO-12,0.017066107776103862,0.03745007180926739,-0.04297322851646623,-0.05363668831869588,-0.002400491964680454,-0.05122453837513349,-0.10421895251552063,8.672464095156417e-05,0.07401275882459313,-0.040842587856335495,-0.05797806001650195,0.009092101266976219,-0.03275772213084909,0.09301633513153579,0.015755859984414457,-0.09686126187905036,0.03468390942926895,-0.05721091651767325,0.029078674792082395,-0.01663186278265817
primary_remove_constant_only,MDEO-22,0.021484500667423034,0.004214187388019544,-0.04129328577969756,-0.01262930496869453,-0.003471733145001285,-0.05179660190499469,-0.10076071310537692,0.04127803233440345,0.0315714232398247,-0.08015281946927857,-0.014171265731442501,-0.01772108260172202,-0.01404428569781761,0.04155491046991627,0.045284001544449795,-0.08903156588965871,0.02446096587461605,-0.08620787391078813,0.07535417136510171,-0.00876021247870538
primary_remove_constant_only,MDEN-11,0.04003175422222845,0.042263383067004605,0.056132421578801585,0.03243188089687444,0.02124762602798526,0.018526665292869164,0.026941442450424517,0.0022689200417218714,-0.01470232897642556,-0.02154285864606686,-0.014207169390938362,-0.03101109086403658,0.01950732558045941,-0.040039433146368736,0.01302598036121745,-0.06052838486539994,-0.0009664507767308426,-0.022552495084499535,-0.006652671654411614,-0.03457263718263092
primary_remove_constant_only,MDEN-12,0.0414815490165803,0.04364395547675495,0.05639505198966267,0.03683737296862518,0.016542422738234728,0.016692859601181772,0.02872883322433656,0.00190011205120492,-0.010195768555325805,-0.02279922187509546,-0.01025255571711343,-0.020577931576694134,0.016882816849005708,-0.042787884781061894,0.0063932304350301835,-0.051923747715494864,0.005481457005503227,-0.01712880469091569,-0.014535057329029908,-0.02464698780377462
primary_remove_constant_only,MDEN-13,0.0035921375025799464,0.008319292456906114,0.004797140204676506,0.02048922002665843,-0.024615678230609055,-0.007930917370701023,0.009323040765246567,0.06877289418756327,0.023575932434595243,-0.026069494146214532,0.0025091276040718397,-0.022100538280640118,0.030840614425592834,-0.07857978490936794,-0.001033465315633296,-0.042712987276721084,0.010892025623277915,0.06268403637222825,-0.03677269297276465,0.006467851084098768
primary_remove_constant_only,MDEN-22,0.015606746837959163,0.021731931449833635,0.04974891082543313,0.07034698862676075,-0.08149171931373146,-0.0023127878217778486,0.03282829816997531,-0.0160257650907,-0.02017858446440525,-0.03770562555860487,0.025460820744670504,0.021152376897681933,-0.004334031756939103,-0.0029550487101735147,-0.015643446248884942,0.01326130859229961,0.0363793072898089,-0.006896787590400862,0.01261578872930758,-0.043846927934174565
primary_remove_constant_only,MDEN-23,-0.00016598710486202573,0.019253587605012494,0.0012263512002671038,0.040195114515187404,-0.06973559062607193,-0.025164652898322298,0.00726827934842512,0.04337964390770972,0.03200693756856798,0.002184625680601055,0.09274363451733526,0.06470377811253245,0.0028698200274740954,-0.07529239675709296,-0.027526220323173665,0.039904885008044455,0.06025061502631913,0.005348657115999652,-0.041740118987428215,0.03420158357603876
primary_remove_constant_only,MDEN-33,0.015728331114697996,-0.011020401687837909,-0.017309160835586427,0.030974588031042097,-0.029654342435589377,-0.028445409785849175,-0.019754165995000163,0.04726963083672279,0.012518209168492347,0.014691089147160993,0.040144303796101156,0.040381371752141126,0.026434329385570155,-0.09967492273277928,-0.002621032291694742,0.07855439098898427,0.02963783979232615,0.06194481152267713,-0.09790276798601376,0.014697635692731283
primary_remove_constant_only,MLFER_A,0.032280755073753505,0.04888901337650436,-0.008544436331801193,-0.04843409059999868,0.1052230731092449,0.11951740891852583,0.004859787190388515,-0.0696299218740642,0.013073387095619058,0.03344321064931075,-0.005827740421972214,-0.001173556864409885,0.005118417606826723,0.016078463483918948,-0.0396935595839641,0.013326899269624194,-0.006700690356380435,0.0404981762315188,-0.01672356062209543,-0.0256592903352612
primary_remove_constant_only,MLFER_BH,0.08544634714087214,0.03908344687549007,0.0012855240746214513,0.050799758234544336,0.019626381923126508,0.015312073705280206,-0.03545208335432979,0.019793046452351363,0.032301165219971,-0.006881860301403023,0.02694222314770572,0.005018052730753111,-0.005852747757989132,-0.03445261150751084,-0.006971263363917931,0.016341301255499305,0.016251190630404307,0.0011259790493673445,0.0032324898914246926,-0.027884413462210746
primary_remove_constant_only,MLFER_BO,0.08661427219347713,0.0382410025242035,0.0009616181187091702,0.04684340707871763,0.019693230191816406,0.014464626771151932,-0.036977306475082586,0.01940729748346465,0.03486143444694865,-0.005392577615352054,0.02516509241632623,0.00024061245151117217,-0.005409050337280161,-0.03197201188589971,-0.007790108172128878,0.016648160976022695,0.012446743784532461,0.0009322639804030253,0.007077544994161998,-0.02838087461245339
primary_remove_constant_only,MLFER_S,0.0771319246130179,0.06106050451827804,-0.029505160804130594,0.04153890431098032,-0.024103644532496617,0.015098073266618191,-0.017656444393351546,0.03067555421627594,0.04540330309916346,0.002426533667348802,-0.010520973750015945,-0.0068784343559410415,0.0036558668978722217,-0.02222607427670688,0.0018834277437596552,0.0034449383145422415,0.008311559696932083,0.012586840693403784,-0.022907808705068564,-0.010731650516484864
primary_remove_constant_only,MLFER_E,0.05840364223550515,0.024817414096120326,-0.08422220108921914,0.05217185723135792,-0.02899544695132055,0.08616020772732755,0.006521731823288398,0.00970602875147541,0.05211393750169085,0.033473767650349075,0.020434568389357425,-0.0045686041745509574,0.009869858512866163,-0.03674321839645455,0.006375250475994021,0.033842830731684356,0.027031152562138522,0.02124509807994924,-0.03709049672090646,-0.0027221563246819054
primary_remove_constant_only,MLFER_L,0.09556462051698758,0.007133659216069941,-0.03608344251385363,0.03203172496614784,-0.003473179742869429,0.014069122342982165,0.006520290361262486,0.009595017517701598,0.01361098345891953,0.003970200643840019,-0.00024390518789270776,0.00565509045289911,-0.010433458691298553,0.008448675469787559,-0.005328739609604757,0.003001907611151873,0.01583771446163084,0.025492607350083282,-0.01968919214082691,0.011019296731719462
primary_remove_constant_only,PetitjeanNumber,0.018420058798137774,-0.0089571788053226,-0.013289275140499802,0.005868778809031228,-0.00026125802503383514,-0.00992043990737763,0.006694490722172538,0.0014018867606532565,0.0037459319968628914,0.03476549948643625,0.019504578919964072,0.028583677069052127,-0.0208022174357228,0.030433254854719455,0.004166764225754635,-0.03026011694477807,-0.03692608754746591,-0.017737813446651023,-0.016585576231213338,0.006773628275494536
primary_remove_constant_only,nRing,0.04540536732340396,-0.06180304283294346,-0.08433446773094569,-0.0157454925197811,-0.06514170229826091,0.06387607639265533,-0.07022042503266239,0.014061549312557976,0.033778966686608895,-0.02019708679937474,0.03383068916127358,-0.0064449472576866,0.002519923062626921,-0.03602547161373165,0.002624081573481282,0.008655835488452451,-0.0037707899958408916,-0.03096535951335416,0.009540057112694185,-0.02258212690759644
primary_remove_constant_only,n3Ring,0.0014112629442338482,-0.010880003079257176,0.0025852099363210903,0.008760358749971634,-0.013991002462280841,0.012805605645559345,-0.006451513324552844,-0.01609173165259826,0.01261438388939957,0.010538306434289147,0.013093767143050975,-0.015323646321909653,0.007170720715848955,-0.006458990631567735,-0.036409292191528844,0.038933870155404594,-0.035591014643933265,0.046535346935056086,0.09529806780376904,-0.1039454734772707
primary_remove_constant_only,n4Ring,0.0023507747114712716,-0.004228319147707777,-0.010206532246863699,0.0015027546402667162,0.006337377612258949,0.006519098563840401,-0.01782512398164969,-0.005603578850842322,0.013366172165114253,0.0006917892530557459,-0.004185294809641971,-0.008812145564204297,0.002002213379277276,0.009165833714964827,-0.015086399437688115,0.005684162335325541,-0.04444076729869426,-0.005552937196707291,0.04284779816486654,-0.08400928847814182
primary_remove_constant_only,n5Ring,0.006685975204686855,-0.01097285791270479,0.008520313592376622,0.024835904736881628,-0.1543333517217504,0.060097503422500226,-0.02888033032539945,-0.00858228555753087,0.03670076164638909,0.03818136963249135,0.035099287422595764,0.02522209018497815,-0.04475750941551755,0.09130548388967996,-0.06059422862247213,-0.09185009905086566,-0.005290453215597262,0.002826904516377029,-0.015145836824299198,0.003159270540100196
primary_remove_constant_only,n6Ring,0.036678515192551144,-0.05387644943958613,-0.09002096188666761,-0.03772610704979192,0.03597008763027779,0.02291411660685735,-0.03622955548761798,0.020381052450247825,0.00968990405559828,-0.02777175782747324,0.005249344608497033,-0.007159489418360341,0.028255424197657725,-0.10763512460798125,0.030168127959774298,0.07167924138132215,0.005723116864916559,-0.016088239584240736,0.003473230442119154,-0.030049528636913597
primary_remove_constant_only,n7Ring,0.014718200728693443,-0.018993400947002224,-0.029549532838778807,0.0038246913159632637,0.022395215458761226,-0.007215392738332837,-0.06741171120605029,0.013945651391954859,-0.010606287425358293,-0.09490423917298932,0.020947575271672566,-0.06711396075473963,0.023783935722403067,0.021701903142490993,0.0863872175804351,0.001485206672209298,0.006926877523955054,-0.08872960717603902,0.02433977642926388,0.08536506701547694
primary_remove_constant_only,n8Ring,0.0016471132780740089,-0.0010720633734653295,0.0014084070915109978,0.00566855922769198,-0.0008632789297450875,-0.0043076793594357884,-0.006754914360866905,0.0001074351666123425,0.003309849192376715,-0.0024776112417021793,0.0005377206538123263,0.0006664694479642643,-0.002268480383408063,0.005557347576179654,-0.008682063960607903,0.0004213377416430412,-0.004021292571605769,0.004379123688289712,-0.0029602265305962365,0.023167251283382123
primary_remove_constant_only,n12Ring,-0.0004661257074017143,0.0010120054981733332,0.0036292761543554033,5.028019741505975e-05,0.000417951628498432,-0.015868802852051892,-0.008199405782434525,0.0008643300976313212,-0.0032326131157520374,-0.01195032220785055,-0.006396409640574417,0.0038219859024963675,-0.0021611627832455243,0.009369064885807176,0.001936290958052752,-0.01073363087919027,0.009555728169904621,-0.00256027676169189,0.006222716307590893,0.0009522673475395663
primary_remove_constant_only,nG12Ring,0.05503551898173344,0.05041965016340472,0.0579396767468783,0.03450501900720399,0.02894212081672569,0.038518290089237836,0.017909033496089043,-0.019977553484210656,-0.007192422459477366,0.0007121759494451309,0.000945070469249042,-0.01641482683069874,0.009854114337510869,-0.02257071237306142,0.021023820604124763,-0.011820655379429244,-0.014768479016320597,-0.0356218528643983,0.01820531134393509,-0.008607038524021424
primary_remove_constant_only,nFRing,0.00789084570426957,-0.0622288241259251,0.04479688460005363,-0.04216145527820777,-0.06800276927485491,0.07806796197909574,-0.08953038197313704,-0.02404210259693511,0.03687560894881345,-0.08724085692843497,-0.0007826181033746117,-0.043499012203803186,0.02731993090389677,-0.028141602866100457,0.010245879092408185,-0.004215332607332145,0.015123618542050198,-0.04764566698507192,0.012277279868641652,0.10098836878267545
primary_remove_constant_only,nF6Ring,0.014381019826269282,-0.006898150443830018,-0.011024262220820015,-0.023651852243649508,-0.008917105461490465,-0.001504344966669879,0.01975875677854129,-0.004169500559775011,0.0591171721705504,0.004465477609175562,-0.020776146991376993,-0.027275207784029573,-0.007203719864351283,0.037372611502208414,-0.0415923158276994,-0.0041583743419543965,-0.06797426583058407,0.036498828046462234,0.021196852212342538,0.10237564202027201
primary_remove_constant_only,nF7Ring,0.0022513857647640523,-0.013092962150125413,0.0064731230947575255,-0.005660731810063769,0.0015928469423417842,0.010315192736444287,-0.019874375529007022,-0.004817048533906893,0.016023869930067963,0.007960531169383108,0.0173696823725727,-0.010599971203911115,0.005851907955063953,-0.00478088498694231,-0.017774645045187453,-0.007877138118860195,-0.02362250150890099,0.00015408673334801155,0.018827462321276633,0.007379218355891863
primary_remove_constant_only,nF8Ring,0.003907689722079471,-0.014490084047292028,0.005005065920151068,0.0050071172450727956,-0.016584171333882236,0.005444364040644163,0.01576042264013466,-0.0031446293604548443,0.04801236249631165,-0.0018274516795116341,0.015803145948636597,-0.024486591249539377,-0.008625426262172501,0.006974891504417068,-0.06514128125136213,-0.012678841115626968,-0.034260835786481834,0.03306109221367708,0.03219485988707764,0.13451027859576317
primary_remove_constant_only,nF9Ring,-0.00703088295812471,-0.029937823108492596,0.03546242040032828,0.008259176914067197,-0.12721363189085963,0.10821051275502883,-0.030815156353646594,-0.07615813306687058,-0.020315377380561595,-0.023067782664498236,-0.0023133726644256987,0.004628945604963912,0.0029488910204334188,0.03246876682807569,-0.024641046458276937,-0.014624478886255402,0.02958458485412275,0.03835575536898118,-0.03110227618684702,0.028672310415535862
primary_remove_constant_only,nF10Ring,0.004220423387038322,-0.03159189456491622,0.017325689482635923,-0.06218735554876631,0.04673264028313156,0.009159501622103015,-0.05680379179220369,0.048121345163669275,0.04815346246135647,-0.039188515058093724,0.015604039503444881,-0.010126594648249583,0.01928078289124391,-0.13170769088437592,0.01367328192302094,0.02198657306233609,0.028462995662911383,-0.06952164519058639,0.023512366054956355,-0.011574476275290535
primary_remove_constant_only,nF11Ring,0.013356302415669914,-0.016448499344172265,-0.02550441790842044,-0.003066957353451965,0.021728199236399865,-0.007490084121792115,-0.07953051334521881,0.010553647939063975,0.003928942195340689,-0.10866677784467454,0.0032113647744900064,-0.07361464361052322,0.028468947294633794,0.021092111194899864,0.09002141666066062,-0.0008936894772135946,0.0012058283991055203,-0.09958584007350701,0.028002561177458748,0.09012803926027606
primary_remove_constant_only,nF12Ring,-0.0020194532805947094,-0.02276729948970111,0.01949923459719608,0.019348498615401083,-0.09386367045710156,0.055374578159499734,-0.022864836675274242,-0.06593799593224092,-0.03844436843497055,-0.03188087660260707,-0.01673371760195573,-0.01702479087147502,0.020078642370643593,0.01585407248231818,0.010219475868208637,0.02307213414645393,0.018277447375879784,0.02753304077445195,0.008731521997520295,-0.007593244430678421
primary_remove_constant_only,nFG12Ring,0.007727894882876689,-0.05979039095187758,0.05588795513038496,-0.04413884824583132,-0.04317270045367009,0.05057629679926371,-0.09226906655139368,-0.0049933286507509046,0.028166372212091707,-0.08479457762997367,-0.0056997490443383,-0.035744205004111275,0.02870221213542366,-0.01752610796493939,0.032126130864760245,-0.011948521347134256,0.018611176931079422,-0.07309810497591414,0.002414555053572653,0.08070710612011263
primary_remove_constant_only,nTRing,0.026087444611977144,-0.0744438021148552,-0.0034958900863352876,-0.038859538143429725,-0.08028948348749795,0.08733989007042929,-0.0988190718869989,-0.011949423351852275,0.04285356491557914,-0.07492095792924436,0.014399545463894546,-0.035749650547526636,0.021775828656001445,-0.03724445002233419,0.008910682499379454,0.0006480402873746682,0.009765449042257221,-0.04975103141967712,0.013511485118761083,0.06636004204350214
primary_remove_constant_only,nT4Ring,0.0023507747114712716,-0.004228319147707777,-0.010206532246863697,0.0015027546402667164,0.006337377612258942,0.006519098563840406,-0.01782512398164969,-0.005603578850842319,0.013366172165114255,0.0006917892530557448,-0.00418529480964197,-0.008812145564204297,0.0020022133792772633,0.009165833714964853,-0.015086399437688126,0.005684162335325517,-0.04444076729869426,-0.005552937196707298,0.042847798164866537,-0.08400928847814183
primary_remove_constant_only,nT5Ring,0.006685975204686855,-0.01097285791270479,0.008520313592376622,0.024835904736881628,-0.1543333517217504,0.06009750342250021,-0.02888033032539945,-0.008582285557530872,0.0367007616463891,0.03818136963249136,0.035099287422595764,0.025222090184978157,-0.044757509415517566,0.09130548388967999,-0.060594228622472136,-0.09185009905086572,-0.005290453215597264,0.0028269045163770512,-0.015145836824299212,0.0031592705401001907
primary_remove_constant_only,nT6Ring,0.03981247147935025,-0.05396289221762393,-0.09000609722373853,-0.043762810152364134,0.03173413725867238,0.021541677743000084,-0.028541055384479867,0.0182612937847275,0.02808227570795438,-0.025269418559074493,-0.0015524363868352814,-0.015540280610639794,0.024864757291756263,-0.09156556683425138,0.01578377853820306,0.06755985198942052,-0.01608340922086393,-0.003870974575018632,0.010067981526698338,0.003629979763974684
primary_remove_constant_only,nT7Ring,0.014812626714538533,-0.021967272455674328,-0.0266615701673361,0.0021007262191202027,0.022025785355911875,-0.004064967892412428,-0.07052126138948067,0.012089399311325001,-0.0057342685122063405,-0.08922049651189572,0.025047566339972998,-0.06763798664804899,0.02455626808351362,0.019573391734205196,0.07826609975428037,-0.0007740661385281164,6.158270914147614e-05,-0.08545607544278927,0.028724371721429883,0.08432297346186526
primary_remove_constant_only,nT8Ring,0.00412149035328458,-0.014494810558600326,0.005169160876274322,0.005837900261058725,-0.01653265933936604,0.004708951810960765,0.014525937457175422,-0.003092430651169677,0.04799008918583147,-0.0021946327535912967,0.015709472833270895,-0.024106752030689377,-0.008883383779298145,0.0077661274421016915,-0.06576701177220264,-0.012470232431446574,-0.0345046429843396,0.03337439996001762,0.031369311261351035,0.1366223521249789
primary_remove_constant_only,nT9Ring,-0.007030882958124709,-0.029937823108492603,0.035462420400328265,0.008259176914067178,-0.1272136318908596,0.10821051275502883,-0.030815156353646588,-0.07615813306687061,-0.020315377380561564,-0.023067782664498243,-0.0023133726644257086,0.004628945604963941,0.002948891020433402,0.03246876682807573,-0.02464104645827692,-0.014624478886255416,0.029584584854122745,0.038355755368981184,-0.031102276186847026,0.028672310415535848
primary_remove_constant_only,nT10Ring,0.004220423387038319,-0.03159189456491623,0.017325689482635916,-0.0621873555487663,0.046732640283131566,0.009159501622103003,-0.056803791792203684,0.048121345163669275,0.04815346246135651,-0.03918851505809374,0.015604039503444909,-0.010126594648249596,0.019280782891243922,-0.13170769088437592,0.013673281923020933,0.021986573062336118,0.02846299566291137,-0.06952164519058637,0.02351236605495633,-0.011574476275290532
primary_remove_constant_only,nT11Ring,0.01335630241566991,-0.016448499344172265,-0.025504417908420434,-0.003066957353451975,0.021728199236399875,-0.007490084121792129,-0.07953051334521881,0.010553647939063968,0.003928942195340696,-0.10866677784467452,0.0032113647744900138,-0.07361464361052324,0.028468947294633794,0.0210921111948999,0.09002141666066064,-0.0008936894772135981,0.0012058283991055407,-0.09958584007350701,0.02800256117745876,0.09012803926027611
primary_remove_constant_only,nT12Ring,-0.002054006767991648,-0.02259267205366673,0.01975441824979124,0.019282043435890468,-0.09348169865058989,0.053742875337602795,-0.023519089949868524,-0.06561828743762348,-0.03859434153052964,-0.03283972240561412,-0.01724815233466036,-0.01661826753760721,0.019810427950088725,0.016639341497338398,0.01035629553261429,0.022021218880821456,0.019070630023479165,0.02720154986004525,0.009259677051763083,-0.007479662063712866
primary_remove_constant_only,nTG12Ring,0.010576531019675742,-0.057171064797838116,0.0588800498112622,-0.04234583243009273,-0.04166787104247059,0.05256351265178702,-0.0913284782054494,-0.006027051604635886,0.027789900987407204,-0.08474551868087721,-0.0056499942919111855,-0.03658903154457842,0.029208335840404415,-0.01869230444984274,0.03321013151444039,-0.01255887979793461,0.0178437892922318,-0.0749321072342908,0.0033568815675690507,0.08024983739487904
primary_remove_constant_only,nRotB,0.0842468766871801,0.02147069357919663,0.007821614476145074,0.050304555953606375,0.02172706003711383,-0.053265784015116724,0.043165368336700594,0.0003244568817916005,-0.03959017546587747,-7.581109805562929e-05,-0.010800951498705396,0.028864690788788214,-0.031244149039082892,0.07914089854081782,-0.007761990519082144,-0.0002538180044036331,-0.009645030044773139,0.03810536236021318,-0.0032436026228418484,0.03757885923343353
primary_remove_constant_only,LipinskiFailures,0.04665475548551835,-0.007733667399804729,0.027494953650200663,0.018904586783048384,0.036258481215153,-0.022284568804105977,0.05465422966283482,-0.011486480561944009,-0.04909892013014023,-0.014783348552660624,-0.02613371055584863,0.02865334458217212,-0.026800748333465577,0.09452528058396045,-0.012521185980277117,-0.004318919970312446,-0.009680634081489463,0.05679391758589838,-0.04510642563790573,0.09296300313949449
primary_remove_constant_only,TopoPSA,0.06678627723901624,0.08466114722167402,0.02930720961939332,0.028283987864305367,-0.015484683462261624,0.01759013244236397,-0.018733380092193757,0.013113773266264344,0.06910021221605733,0.040814624524627384,0.0007696637963615544,-0.007218636882688305,0.007171212877385947,0.021374318542663612,-0.037351145053684066,-0.02093011915965486,-0.015271443291707917,0.028628573320730086,-0.007122109292912621,-0.02544604276341366
primary_remove_constant_only,VABC,0.09870036945635907,-0.015883831341405804,-0.018973545063048526,0.005741487971557371,0.01789124177718978,-0.02068290338506414,0.019423621024386797,0.00950249165044811,-0.01392496414564638,-0.007161310996904448,-0.006502446516501162,0.008734891318244535,-0.004634897323480478,0.01642391017804405,0.004322241109551662,0.00023325399688690386,0.008791900471239483,0.021353489550229005,-0.0068707078436392776,0.009592784076410099
primary_remove_constant_only,VAdjMat,0.08880345961864176,-0.023442133354084148,-0.061723550078727325,-0.009588895707980358,-0.014930571551324174,-0.024206815274198074,0.009874641063844425,0.02453307571684235,-0.01054438111774137,-0.018903145872505644,0.005272536837003913,0.017751924441289955,-0.008887614922939463,0.0046418393496078705,-0.009918581207645074,-0.0038715417092430758,0.019192200167443003,0.023853072472426386,-0.00885532918951522,4.533403561673803e-06
primary_remove_constant_only,MW,0.09770317565411443,0.002256533954002207,-0.031602902698639725,0.005085860920626359,-0.009014853108763215,-0.015273611035537692,0.005151248402408075,0.009029024192914592,-0.00587763524346121,0.03224750997248107,0.004836130636800086,-0.005086542636603434,0.0007683955165315825,0.01756294468442378,0.02424603396874792,-0.0005467479348874975,0.02999952935792318,0.01996992162059718,0.00717733680515158,0.014739920552245551
primary_remove_constant_only,WTPT-1,0.0969910955912426,-0.00843685171954869,-0.04448214611738357,0.0026689347809775456,-0.005521236296305844,-0.0007726890948224512,0.005441304791522028,0.013713203583809876,-0.009606263520251823,-0.01381934914735445,0.005186648938672306,0.00984984682175958,-0.005999723963346209,0.005936406998961412,0.0015160527856682732,0.0008657235565833693,0.006730541695911895,0.011645564754522088,-0.0012997203863919676,0.011323380861370587
primary_remove_constant_only,WTPT-2,0.009457757479349323,-0.06485953929783057,-0.06324596519244814,0.021213830705571198,-0.05775118012811697,0.11658990928202968,-0.07185034951393841,0.0034897318765512247,0.05312275692271841,-0.05328966210562188,0.052082068105053045,-0.044089697411732624,0.008093335775174246,-0.048217887574147286,-0.00721657527283606,0.03159157826202169,-0.050082865426604485,-0.05515679440618769,0.04667541410157764,0.028821516861355305
primary_remove_constant_only,WTPT-3,0.07169978280751682,0.07882808950718592,0.00015787841566089302,0.024297702640225367,-0.051573152230259614,-0.029027930631236383,-0.04129886880550612,0.030969758152158827,0.020850250999740225,0.04146171681006929,0.04606634583984682,0.011077146027889484,-0.0013557436984605738,-0.009528232923200939,0.0021763892900401884,0.007706775919140289,0.02358671179982529,0.004767086482078591,0.007131720927545535,-0.019019529256254133
primary_remove_constant_only,WTPT-4,0.05262442835040331,0.05634573342922449,-0.03700685782074883,-0.05918673379772143,0.03125810691396196,-0.02351390308326315,-0.09819846750480372,-0.007268522644638733,0.08220874933950156,-0.018201226158898232,-0.04837474799957467,0.007390297143841268,-0.013408883039722097,0.08143178388033141,-0.014513525698085776,-0.07071545765386192,0.02226349212764882,-0.029894702097232176,0.01103563252932713,-0.018241427745463883
primary_remove_constant_only,WTPT-5,0.05454207836905597,0.04613846789103417,0.0345784851024271,0.10040094260659048,-0.05918199545546813,0.0038270899667535692,0.016393819338852245,0.03596019945835534,-0.010851055463361188,-0.014455520096714646,0.06513256676309764,0.035119244984206495,0.00379178867690983,-0.07066517657256703,-0.008546559320462221,0.049320257308763694,0.020081646839946905,0.019929680209956686,-0.01704506878307122,-0.017431876914038344
primary_remove_constant_only,WPATH,0.07478908479544245,0.04360016024489864,0.029410353380760815,0.036238622012766994,0.025636030712394092,0.04689387195758059,0.010635637063857343,-0.013783418011863328,-0.009412755414986967,0.010727000728451194,0.008748565058380012,-0.011678287822958662,0.0031589277256502133,0.0013609516190373847,0.027992407442970955,0.024245288643805867,-0.03221201603409303,-0.01947707631336124,0.03319896450740018,0.029325374608579643
primary_remove_constant_only,WPOL,0.09386316218680207,-0.02279639162936295,-0.030699454831479664,-0.036044502455992264,-0.013418580008146065,0.01981229743087894,-0.014888397260683575,0.007899749977142904,-0.00736527881663822,-0.02653099482117809,-0.004466611229402343,0.005158834798950537,0.012311544961035249,-0.03300409289973658,0.020338944732939138,-0.0024971847446566484,0.026427401073234224,-0.005397456715167314,-0.022503024437096956,0.005679031100624491
primary_remove_constant_only,XLogP,0.022306978483299485,-0.07775623799239484,-0.007674078134872165,-0.01239181516187475,0.031162701291956273,-0.019099150712873113,0.10421838609354121,-0.02402415439255091,-0.08156473092402153,-0.006235498931121363,0.004474900636346177,0.019463223040488208,-0.008752746573685678,0.059513133237686235,0.023811492560108817,-0.01877118750289153,0.01239882730474432,0.04012569956843884,-0.009051601004511071,0.10416012551287375
primary_remove_constant_only,Zagreb,0.09605019923065457,-0.014333743352117723,-0.04470057872401433,-0.01217778373509218,-0.019375161409836604,0.011913678748713907,-0.004706005592108521,0.01083358279915947,-0.0030855981537907997,-0.01135663322679191,0.006391049713310106,0.010257833607626088,-0.003235851176185061,-0.006932397082761731,0.0011448119428667035,-0.002461840979907009,0.008292142125727977,0.0039936284543005945,-0.0034033118198645504,0.005378067137685372
