dataset_name,descriptor,PC1_corr_loading,PC2_corr_loading,PC3_corr_loading,PC4_corr_loading,PC5_corr_loading,PC6_corr_loading,PC7_corr_loading,PC8_corr_loading,PC9_corr_loading,PC10_corr_loading,PC11_corr_loading,PC12_corr_loading,PC13_corr_loading,PC14_corr_loading,PC15_corr_loading,PC16_corr_loading,PC17_corr_loading,PC18_corr_loading,PC19_corr_loading,PC20_corr_loading
primary_remove_constant_only,nAcid,0.09518157020977566,0.13989875251806722,-0.11646466868366906,-0.27753911897450667,-0.12744350798020168,-0.08118927546867667,0.3917006029165436,-0.06691974698518528,0.04329294991320477,-0.041381015241265084,-0.030353071757790676,-0.06339016441508741,-0.015096755776894082,-0.033245547873275716,-0.21722742915809773,0.016274578012657647,0.15192120635960468,-0.0011728215147852404,0.14900622570383248,-0.010777312701774648
primary_remove_constant_only,ALogP,-0.35121715566048334,-0.19978814900437422,-0.4300594588755085,-0.2445040714006547,-0.11088308811671022,-0.04195466330568106,0.4141276563996339,0.05490553302432642,-0.1146321785667322,0.08247751281255213,-0.021055500427916433,-0.06524011247773702,0.0646423783360222,-0.18879354443754973,0.1457844961583979,-0.026195648306813788,0.07567439208865015,-0.14985043740342144,0.04351918739510442,-0.13585934370074945
primary_remove_constant_only,ALogp2,0.5763456584789902,0.3613137897427136,0.2534202712180571,0.13061686178881746,0.10999333943030087,0.19537476634175774,0.17873470687184806,-0.06479272147489602,-0.06765704276079043,0.04311270727605976,0.02634951361499799,-0.07868067019006621,0.05249926477882675,-0.0805055510002087,0.11426038540661967,0.05946604924853122,-0.08292620844033052,-0.12233039229712193,0.12981445039356987,0.0458941517312324
primary_remove_constant_only,AMR,0.8984986449721497,-0.1435706798476941,-0.3761139062012825,0.06274064810405215,0.011261425366331335,-0.011647942404308864,0.11010509721597314,0.03308966981027909,-0.015951778300442324,0.00786539032959722,-0.014686035097978197,0.022035396257787627,-0.01816331457252412,0.009428629637631287,0.024836029779345622,-0.00022956806964802537,0.039647676228328745,0.025959088620739906,-0.023639425260612613,-0.014269087097726636
primary_remove_constant_only,apol,0.9472602121005149,-0.21287867733848126,-0.14667786957204998,0.0723824572461374,0.07620051406502253,-0.047289099855596095,0.06809100145640935,0.017971642845805914,-0.051800723661741044,-0.023166578941881646,-0.004363334991863747,0.04787404590390759,-0.027656745128893382,0.04539504185189371,-0.0008140830212777034,-0.0032818278875811117,0.017605889548961588,0.04635599623820089,-0.020572103198787176,0.023644112045012954
primary_remove_constant_only,naAromAtom,0.17842471932823187,0.07967104024321506,-0.8886325033243361,0.1504724216749117,-0.1221563037468366,0.19329611935365118,0.1645604851160087,-0.005944402212480049,-0.09167378353457006,0.051786350062362485,-0.004383293652203661,0.10881810946089618,-0.06956225324810504,-0.0070983770246617105,0.013406542650997976,-0.03428013228059443,0.007309314577061311,-0.07571825164228807,-0.03165098986760462,-0.01910615965986722
primary_remove_constant_only,nAromBond,0.1225580838662109,0.10430220034197728,-0.8514859468311401,0.1787116214370303,-0.16003413569942387,0.2699109149443831,0.17330237073782753,-0.012475767855046163,-0.11467788364738282,0.0619937204393657,0.01721992450426652,0.12887557985202325,-0.08303696199524958,-0.006472033173334395,0.014227775520743976,-0.056865016977899946,0.024190660002323096,-0.07612109276061003,-0.04967773179421907,0.012546501338064448
primary_remove_constant_only,nAtom,0.9435960981851176,-0.21981897885400903,-0.058865583991718026,0.06737744062493062,0.1218941079323467,-0.0628322315120291,0.056295000258616,0.00304918737252944,-0.08180708933017844,-0.0645244132806134,0.005239871261013863,0.07595747505065086,-0.03711072597589944,0.04807701904021742,-0.01915514966343174,-0.005969722092970479,0.010768013189597324,0.04483772804989415,-0.019490244144480466,0.027549110353084143
primary_remove_constant_only,nHeavyAtom,0.9602866271270065,-0.024195349082097275,-0.247741769071218,0.013024343982654264,-0.00998989669718181,-0.019106450953831615,0.0384002579800669,0.044751067355405516,-0.04306957490842518,-0.03612407145095478,0.0075303563294374315,0.03440136262812956,-0.018304538866697532,0.02173813261578411,0.0054090449994391105,-0.0018974745217255516,0.021313241740638564,0.03400894706440359,-0.007869031154851611,0.023370989965278886
primary_remove_constant_only,nH,0.8645213145993157,-0.35088842537820714,0.08680877887014446,0.10334988555872754,0.21211301532107507,-0.09116247634105246,0.06573170414679629,-0.028412391496763757,-0.10506107717491603,-0.08125220384606457,0.003153989475114645,0.10173606633790853,-0.048583772285408354,0.06442053006457303,-0.03620929795222738,-0.008599831265090528,0.002107001697395254,0.04978832320877977,-0.02682281003427228,0.02873616418266487
primary_remove_constant_only,nC,0.8778441507338209,-0.279449700084423,-0.3201448652332297,-0.010719569230206446,0.07583388197596126,0.016431693803241686,0.09980785148445741,0.01797325732342158,-0.0738154414497359,-0.1004684712941649,-0.038756451689381445,0.037237819436720936,-0.02688231626730986,0.035187262840197686,0.0022267808261546974,-0.009201684066055808,0.004986546878678677,0.03332896317613844,-0.01711157372008222,0.038325127341396446
primary_remove_constant_only,nN,0.5511371115593039,0.35728539519203684,0.2609941165657684,0.5065888502938021,-0.24303933917842233,0.036020800409483966,0.07120623320193482,0.12177672714067007,-0.038248711273391474,-0.048461198440463094,0.1735734021232075,0.07576191972284332,0.01757853938664971,-0.1775720716519679,-0.013488644014566951,0.10479414825108682,0.03187590118380774,0.04603992380881241,-0.028588412736641016,-0.03440027113438822
primary_remove_constant_only,nO,0.5228915741479908,0.42929450751668546,-0.19433375994628843,-0.32837229444423377,0.14198267246517302,-0.08124455044221171,-0.32317623519676664,-0.04580509181565769,0.28479134488984315,-0.031866087762235255,-0.1682424850748996,0.0274361799265447,-0.027055049475325853,0.21582335711996925,-0.05917744648185775,-0.1656393806039329,0.04771485202903141,-0.05758099205371252,-0.0012726819972341378,-0.041310196604166946
primary_remove_constant_only,nS,0.2083802609000833,0.08021637213846287,-0.06587635901332822,0.16515262587475169,-0.23894164254348865,-0.20919910246563378,-0.03683809905158335,0.15252110001126773,0.3178405759659118,0.5246441787804574,0.06154036783718704,-0.07513664798498883,-0.022823086870104616,0.11389660673811221,-0.11077900205742566,-0.005481824545756533,-0.16985466793830348,0.08012241141326668,0.0004282988667459596,-0.17065342330546165
primary_remove_constant_only,nP,0.02362043087405365,0.019131742878844258,0.0198013481798016,-0.05032578145325481,-0.056031643829587814,-0.103752088618119,0.0061728823257685425,0.028398083177990203,0.021823055857370637,0.09971932698820504,-0.10007822948991041,0.03166595204347993,-0.017790746578733554,-0.011051405637324886,0.10301592182252639,-0.027580769503093582,-0.08893143574499253,-0.15103448842573566,-0.038594581651297644,-0.10191053826891618
primary_remove_constant_only,nF,0.013674121026794887,0.27334475034412115,-0.07006019065708571,-0.5126799535532047,-0.22403815707699087,-0.09435641862284727,0.07413175122881702,0.04668192785023446,-0.5712760428358937,0.01898344402015761,0.28591511304435807,-0.01600555229551106,-0.004246334198507138,-0.11566992885458413,0.06368857040226837,0.10297318168047473,-0.06607960268239155,0.052021431774342965,0.20916681598243445,0.15729368527748042
primary_remove_constant_only,nCl,-0.09770573729498273,0.08425913959586677,0.00974881356506675,0.10068352502045073,-0.04896986595164094,-0.024220282295325947,0.008928501015997823,-0.001610251256314608,0.009785398458667485,0.27554919558707475,0.07353509047218743,-0.10378655834288024,0.0714264869266074,-0.2212880729559747,0.18223610975018498,0.1338021926580792,0.178571954039935,-0.11248546448204726,-0.30784877916973274,0.05549823466054888
primary_remove_constant_only,nBr,-0.13570869351227677,0.04815035135391256,0.09145430920856107,0.03471362543578514,-0.11659669305630055,0.0317306284623531,-0.036813729149665644,-0.12468742757703252,0.05253150802932757,0.34777152548264445,-0.043769236535821085,-0.2184057883769965,0.10235382251492882,0.09868375632563699,0.30535294976497135,-0.032413308402313996,0.25318365730124837,0.03027267582872579,0.17320863754464344,0.03367397346668821
primary_remove_constant_only,nI,-0.035325595750517906,-0.009109207993626623,0.06305196298129426,0.023137601080529206,0.04250094106050829,-0.10254082549014487,0.008446592725996791,-0.063210835775935,-0.007686999942455816,0.22090484103143943,-0.09083771596106098,-0.1304067676013828,0.07450127848700445,0.16905312548675028,0.21790955002049786,-0.03186959220116676,0.31450678296962903,0.16623586959373776,0.20230007897424798,0.219542913966405
primary_remove_constant_only,nX,-0.0719215497686238,0.29168945653765127,-0.02594350003884787,-0.4008218004589227,-0.25047940886880254,-0.09309850468167218,0.05943699868904079,-0.0012109352766132714,-0.48840885255402894,0.2536402970413219,0.26448378046598486,-0.13307939858678072,0.0626282872350213,-0.15281132451743912,0.24131359664387625,0.13558053248868443,0.11709711116311934,0.021506783156446663,0.12399265456408262,0.19110723316754707
primary_remove_constant_only,ATSc1,0.723207892600802,0.468943538225808,-0.08271719425700294,-0.059206908826310425,-0.1212445747249738,-0.21147367912251663,-0.2612659354211781,0.13916254234273606,0.011714817257919086,-0.09411425323000802,0.06234647551659923,-0.0020992012274968636,-0.05511002143859286,0.019859599257192006,0.0004889731790818023,-0.08722469658749185,0.09782254257877032,-0.035328170564184865,0.121707075701419,-0.02445953835733705
primary_remove_constant_only,ATSc2,-0.6598395475567683,-0.40425675076558776,0.09735058422715649,-0.004433318134123864,0.15285809218428387,0.3418066939270122,0.14683022651883929,-0.16217333427934946,-0.010030326543726781,0.10358053211657219,-0.0720577146282692,-0.0118339589924121,0.09713068713412673,0.03178609226114104,0.0008336744395018601,0.015880659801381286,-0.08955276583407606,0.09073220070503309,-0.14630601850744165,0.02859393230705502
primary_remove_constant_only,ATSc3,-0.10457992362175816,0.2634437237312264,0.11800150908221857,-0.05130761499221736,-0.2248141665738332,-0.2978301880375171,0.14976950428365732,0.057859892316369003,0.16300163953841118,-0.07387169522427985,-0.13376754286098974,0.026511296179820818,-0.08909247900200536,-0.08160088732749114,-0.01456822142739924,0.13475951326378002,-0.016929421146517572,-0.035009084815166534,-0.15232312725105063,0.03492007569016275
primary_remove_constant_only,ATSc4,0.43082849938618945,-0.1279921189402099,0.03206098643445881,0.2784699516621836,0.16975126420527414,0.09923006483280165,0.01998727514563213,-0.010697336530386698,-0.23452676144205878,0.11797059282663522,0.13651563105661818,-0.005064307830151436,0.021652150138862934,0.0036871507450969634,0.04188366208111793,-0.04145301852791309,-0.010700367671220365,-0.10995152295540661,0.25445381359174996,-0.07844816702309847
primary_remove_constant_only,ATSc5,-0.4397175742320848,-0.15720115567769202,-0.2576265847500768,-0.3322630206321785,-0.07095681853695635,-0.1156490953156376,-0.05083398421398162,0.0003280921905909171,0.12832376644899143,-0.14589641461484373,-0.06263848090993487,-0.01534320711011402,0.021699079568195962,-0.014161641107583433,-0.044135161101499676,0.016404404532497117,0.03347616429152499,0.1075457115441071,-0.11251523909877285,0.06932994282229157
primary_remove_constant_only,ATSm1,0.47778440059788413,0.11943392762487018,-0.05362486960906076,0.054932702910172604,-0.14369553897660842,-0.1026299366755548,-0.025332175691221825,-0.05767962886698765,0.06181253032407383,0.500178577879196,-0.03180980050290303,-0.2320549818266559,0.1059276083060564,0.15201636391116607,0.33614028404705143,-0.01840050012078767,0.34127449716939673,0.1196056544405499,0.17823752431208786,0.12421854685189275
primary_remove_constant_only,ATSm2,0.9157374964457574,0.02359643594110918,-0.2767803731647705,0.010170381085159429,-0.14004042395027924,-0.07326500310550096,-0.03150048059983091,0.05710055793027417,0.05182568458899877,0.17714452692166233,-0.0009121954647820857,-0.020076623621415858,-0.007878414040503545,0.059223810200478684,0.07097494987278509,-0.011934404366993358,0.018169589364329698,0.00649944113254787,0.0106497581709332,-0.008317505431495955
primary_remove_constant_only,ATSm3,0.8883362510640262,0.024149211797187632,-0.24192131947954473,-0.08006998240679335,-0.22307462040568674,-0.028792273288331022,-0.06488950216005897,0.045832839247677,0.05869802688500993,0.2293417157891464,0.039874771173687484,-0.04151198404171976,0.012156022903775283,0.004705926922517889,0.08242236558076586,-0.017941593985106447,0.08054907201730745,0.01784335023747303,0.04130174942032268,0.0032707218162687617
primary_remove_constant_only,ATSm4,0.8568108360157869,-0.02417849389754054,-0.165397201194515,-0.13800841497899674,-0.1421621005506726,0.013478716663141424,-0.1214797937866325,0.016221612267785193,0.05609897506444323,0.25222673788598393,8.141939762145673e-05,-0.0859205912511378,0.07393061229635377,-0.02638036835552214,0.1775099388768438,-0.02001885240792679,0.16414195207775004,0.03531154979767842,0.011452724111793596,-0.007794949925187748
primary_remove_constant_only,ATSm5,0.8280155214238467,0.0572643677984748,-0.12179859933013243,-0.147626829515681,-0.15774067584064252,-0.03712375063671186,-0.06580750676019484,-0.03530044581534649,0.021772092019327092,0.230213827645845,-0.06292021814567533,-0.10270839330017112,0.07710764359546794,0.013762310716638236,0.2047082657849447,-0.03661568377454976,0.1868483098282572,0.0497000915981449,0.02160630977650475,0.0007556347228906175
primary_remove_constant_only,ATSp1,0.922980184165708,-0.24859774554523598,-0.2116854469651925,-0.04041449488594796,-0.09373999266213524,0.03222720615990963,0.047652297413455905,0.014908128485226747,0.0559466732870697,0.08189210251220069,-0.02454370793407514,-0.0374488126130491,0.020121129846115346,-0.016325566837635825,0.0347589394522485,-0.0026111922946935426,0.013078999415259439,0.016162108836935522,-0.03960492919502509,-0.015651595935895584
primary_remove_constant_only,ATSp2,0.9012959763723039,-0.28491597510810074,-0.21426227125165515,-0.0845533011085506,-0.12907674371033054,0.06330347116223234,0.02873733054125699,0.00742092359526236,0.06714031821021332,0.07686489036874729,-0.025302078912043995,-0.044422189810430265,0.027694971979687403,-0.03213338057850645,0.03180089565497975,-0.008691271070219912,0.013389213833513972,0.008083173695455097,-0.042715580743472384,-0.01869955239722298
primary_remove_constant_only,ATSp3,0.8529793490703854,-0.34138765775505847,-0.19073833490416245,-0.1675461278367171,-0.18633673628750402,0.10903608854377013,0.004006233798500057,-0.009031479101922204,0.08140795182834747,0.06990660731103873,-0.0351972727264807,-0.047669384608964305,0.03801690158601727,-0.056696579070864506,0.03219372754323881,-0.02519169706655918,0.0185162863866405,-0.011304257748217217,-0.05851513824685867,-0.01961847809683229
primary_remove_constant_only,ATSp4,0.8446013249301092,-0.35374097005074434,-0.16511262628225984,-0.21079398716063594,-0.11327768887534634,0.09596740381200765,-0.0004110858106488004,-0.013261482833142432,0.04155594359022854,0.005076313794495587,-0.044507052159479914,-0.062159343061027404,0.06067694558077979,-0.0950807837666088,0.06623220415405737,-0.012216459021964115,0.03596772045337305,-0.03297653055805879,-0.05398254405774779,-0.018768367239565906
primary_remove_constant_only,ATSp5,0.874524744098446,-0.2686148680576744,-0.18019182536788275,-0.18155680661307927,-0.11280988879092055,0.06828908658476472,0.04243516548589864,-0.027920462908114247,0.009969365209948771,-0.009796698587426326,-0.0662396530246543,-0.05004020654971051,0.04596874192439949,-0.06662978806787284,0.06120869265264044,-0.03533648456073239,0.02070990146182702,-0.0378840161954134,-0.049429652351486185,-0.03950022006404304
primary_remove_constant_only,nBase,0.6876918596672686,0.18565046435431892,0.13132393837746426,0.2762858781373265,0.26463202558374677,0.09750047335691596,-0.053433001761848294,-0.022873378728123284,-0.0019743342573577557,-0.06626423025768596,0.13475869155103715,-0.06735256904113886,0.0556446624696097,-0.1244192978051891,0.05019195841741664,0.12515396847391969,0.020117873250157483,-0.011083866394811097,0.10340812924927746,-0.0888710619328651
primary_remove_constant_only,BCUTw-1l,-0.06700229809759048,0.11829481754514036,0.2375314466477967,0.09072379168312357,-0.16863525974640656,-0.10302416305804933,0.043637484713989684,-0.01655498700305459,-0.004090836105172658,0.22966773649993372,0.0918997957674797,-0.1430376568406821,0.0773067065527865,-0.09394053967552346,0.0934209740191755,0.1055624857424039,0.12289476745597679,0.06927620145156173,-0.0764105397973308,0.12505229735643758
primary_remove_constant_only,BCUTw-1h,-0.07395768959420869,0.09948980858255498,0.033878077403210374,0.08801898110764442,-0.20223710525800528,-0.055533042583065365,-0.04454676739608988,-0.08664334666276784,0.1386700750758677,0.6167249437868225,-0.009505735019864691,-0.2779249588249237,0.13007649029884075,0.11376448854873462,0.3098606755539844,0.00847376310069638,0.2643394712900287,0.07888956648763414,0.12740066659430777,0.045282279896705094
primary_remove_constant_only,BCUTc-1l,-0.08581204011254771,0.12741394926935312,0.12428436126115242,0.4208904415479365,-0.5296301304254467,-0.18211503072077315,0.11381243522638579,0.052570382392467814,-0.07569295847895952,-0.05939183592581991,-0.021507779541622373,0.005632435654645757,0.096102494928757,-0.06023173056403733,0.12240341626742776,0.08262724044286389,0.008704595954724026,-0.059655118524180144,0.022452312615827027,-0.090136647174686
primary_remove_constant_only,BCUTc-1h,0.060450911052682056,0.4909533834840585,-0.04418006276053659,-0.37615381643638734,-0.42389097044481516,-0.37503301804959116,0.032128261039669405,0.026921023995330428,-0.04130968473761091,-0.05359857560950163,-0.09202350822502114,-0.002675469437179769,-0.03409760952787948,-0.06132589312283514,-0.013384472738164739,0.06569607396588938,0.012919956222603432,-0.0211021495956276,0.15955410367990472,0.09793114422602077
primary_remove_constant_only,BCUTp-1l,-0.1410589116114261,-0.3590370584559529,0.19262302058404845,0.4514616173976737,-0.03485480245165858,0.11407268296055918,-0.20279944017021856,-0.05203210099703111,0.2609268520384784,0.11751706107682106,-0.09591677166250434,0.0743058104349842,-0.07475758301472844,-0.0425617724775235,0.15563589608453277,-0.008287626942338576,0.030599869687721534,-0.16662494184106239,-0.13789877069440687,-0.11659067698712004
primary_remove_constant_only,BCUTp-1h,0.4554739451368616,-0.5309045567160409,-0.11431789825914353,-0.20953640934258014,-0.09921979533901046,-0.04436775632306812,0.16314577792008544,-0.08487685907025867,0.04310227772163315,0.24602742716437184,-0.08797873672353006,-0.16997605161747945,0.09498599890623192,-0.03435389603178352,0.0472967504129556,0.01770570235690322,-0.05927203626353983,0.03207145316504348,0.02743228552581047,-0.10997307998934866
primary_remove_constant_only,nBonds,0.9440078199911822,-0.08105139037152116,-0.297456060311862,0.0006239030887197933,-0.04840087080253828,0.014813286790655276,0.0035417786088754273,0.04735012451008296,-0.021174503902140193,-0.04300100623545594,0.020818853510659707,0.02708738228012246,-0.016160402786333215,0.0075656422336887,0.0017751725506284888,0.0020640324502288767,0.015538979580920003,0.024497636668515562,-0.0015460645828608262,0.022521642010176635
primary_remove_constant_only,nBonds2,0.942976428324199,-0.24074350011737972,-0.08967115114061058,0.05998099423415175,0.09975316618151046,-0.04568682821622607,0.039626747359169934,0.005845771437374098,-0.07062815038627407,-0.06713635985117583,0.011606496728354303,0.07148693756958398,-0.03565410563355806,0.040760740744820195,-0.02007764946920147,-0.003996562565478275,0.008520260484260599,0.040268314664852325,-0.016217661135685207,0.027181313640033636
primary_remove_constant_only,nBondsS,0.9213679029176276,-0.2995502377961499,0.006542880858453808,0.06211199786365513,0.1333509171830394,-0.059691632849753165,0.006733847023794428,-0.002820692188900629,-0.08532455405187474,-0.06403524665296034,0.037894320919212854,0.0782616277434554,-0.03787578098561356,0.043655703868546544,-0.032410542705601696,-0.006517614689820252,0.01593508153681879,0.04992515623144934,-0.006399365313722554,0.03313343371167878
primary_remove_constant_only,nBondsS2,0.8948339030720556,-0.3184454759169442,0.1466124670708085,0.02053277521782132,0.17506839349727818,-0.11963238645151825,-0.02500947422543988,0.00033317327665718683,-0.06121538701276889,-0.07618680699964517,0.0276061561878331,0.04919599667961238,-0.017858200866154163,0.0410961258058026,-0.03161777049685104,0.010715634252240591,0.006889763565886037,0.06227936143410339,0.005143458008202732,0.02476815678020874
primary_remove_constant_only,nBondsS3,0.8843997980111564,-0.2541902515383737,0.22169979042048082,-0.096662189414457,0.11284245326486844,-0.15243277640831412,-0.1506101363965417,0.04057029114170913,0.0038063178700319398,-0.06459025134652382,0.060218715568392644,-0.027291420572950403,0.02622694891393245,0.006002580382824657,-0.023318915146725846,0.03713273013589955,0.013180605174433015,0.07609170771390741,0.049606727028021005,0.017747329964909735
primary_remove_constant_only,nBondsD,0.4962132312511966,0.3083554400187884,-0.6949491896280737,0.006165770084075974,-0.1928219181582269,0.056023794531140085,0.23411229735829409,-0.007523463179323034,0.0907860772176383,-0.04455354679400791,-0.1520320653369912,-0.00391445392628608,-0.012028339274478718,0.0015182257953079662,0.07701996327176829,0.03978721267765829,-0.043154200015054454,-0.07672168982305717,-0.06932776863626236,-0.024071615980702506
primary_remove_constant_only,nBondsD2,0.5301822445575078,0.42695988233445287,0.3011961469971762,-0.17159948150827994,-0.25915387939280615,-0.18221149186782362,0.1348142741575063,-0.003498606159711031,0.31257210021086534,-0.14975061677310966,-0.21084293941138776,-0.1556715709141019,0.0574881204935463,0.048294155870696145,0.07670827847085984,0.07629170899735228,-0.059846083663518915,-0.005989430949411281,-0.07054830709192947,0.004679574476650382
primary_remove_constant_only,nBondsT,-0.09529721547469211,0.03648846217942145,0.11158212074544267,0.011858564965412028,0.01198676015435121,0.24662425712128297,0.035752935428056534,0.7526675144134594,-0.18355016821014572,-0.008297232553745612,-0.24224605993015805,-0.17790264049600946,0.15622949560079508,-0.07049038345832583,-0.0072422221020808746,-0.26561733333233634,-0.04446096031226564,0.28397546236897464,-0.03422606000360395,-0.07104404608851654
primary_remove_constant_only,nBondsM,0.27223681335829114,0.2300371881740312,-0.7971162029208406,0.13842656087486194,-0.23883804204695872,0.24070045915399926,0.21984698719724732,0.019042882081359333,-0.03971857674612135,0.022150629809587236,-0.051876127248322766,0.08268537631635588,-0.06346793661848756,0.003724738482184926,0.03602652658344246,-0.049443969408959426,0.006439014652968254,-0.06848083151074465,-0.07302627126849685,0.011260417093524046
primary_remove_constant_only,bpol,0.9158546283468053,-0.23850154193643097,0.004449670177440387,0.10915921621753186,0.09328585875074732,-0.19567287989536772,-0.007702228681802356,0.03765144679848522,-0.06912852691414575,-0.015633503844979246,0.027059413667975304,0.10119327696823108,-0.06412847734548077,0.0698167735008252,-0.013970404580640422,-0.021749723221677245,0.011400858178001079,0.026916431099349266,-0.0018866117831329442,-0.0049520337686266595
primary_remove_constant_only,C1SP1,-0.09319343712768492,0.048710467438131226,0.10005988657026398,0.021612714748523214,0.0047824373114518015,0.23939891299808622,0.027998320345803254,0.7377222382053674,-0.1761022017880903,-0.007459749257298781,-0.23323046141068848,-0.18091433286730502,0.1563101783017631,-0.06794394980569618,-0.013248970451337138,-0.26497555556720204,-0.04033962827765255,0.2820716637567612,-0.03341846342981446,-0.0702219564210066
primary_remove_constant_only,C2SP1,-0.029762881585955515,-0.09628736931748617,0.1765971229279967,-0.13691824954032933,0.05170126499143735,0.23748026389022364,0.04736432684715267,0.4880438127640552,-0.07492827003064093,0.03226985126281747,-0.18986256571306218,0.047179776865275934,0.014283186681409554,0.1466830470424018,-0.0999871916323201,0.2210607760065703,0.15712950204403744,-0.14072646186090876,0.05452011007377495,-0.02336627976698605
primary_remove_constant_only,C1SP2,0.3228479807978198,0.5224236051197366,0.3002537379139937,0.20123808506485338,-0.33909968259278667,-0.12384144811392844,0.11247014138261643,0.1738345569445157,0.21039367978745357,-0.09733056840361616,0.10011449150707051,-0.007549168536782685,-0.10351415413957897,-0.015368016366144996,-0.046345486990742944,-0.014727240696866904,0.06385265427209559,0.016195656932613114,0.06630446508347904,0.022841993630064457
primary_remove_constant_only,C2SP2,0.2608855089274742,0.027848783357933712,-0.8932474895362313,-0.02747548240910815,0.05695320421525154,0.12383053029080608,0.14469981399134363,-0.03591946528048782,0.018485772880093433,0.0571575190340194,-0.056211704583794875,0.020599913466241754,-0.023349492777365095,0.0024255908988066273,0.04530616839256604,0.044519784434196547,-0.045085128361625454,-0.05019210777169659,-0.024433929440694942,-0.03415192698134877
primary_remove_constant_only,C3SP2,0.15609650274354483,-0.1452556025212155,-0.40126631102164934,-0.2710432490911668,-0.006919907308532721,0.19670024658910715,0.2244680267458446,-0.13076803290401767,-0.16148606210873,-0.3228346673976211,-0.3106669466214413,-0.1390904028515015,0.10475642404007142,-0.004261358492278727,0.15872449190076582,-0.1003439472306254,0.033750581235601804,-0.019293063497971583,-0.06913991408682121,0.05893562987835308
primary_remove_constant_only,C1SP3,0.6225315233995331,-0.2775881692349594,-0.020297915523682944,0.23030725549586248,0.19716730490679765,-0.2503469552298673,-0.04560273701402455,0.021261732378224964,-0.2161392040876863,-0.05462904616568354,0.11221514026649983,0.1784832971156973,-0.051382936081101886,-0.09327978493573011,-0.0019868762683478195,-0.02509609698414043,0.1748337231672071,0.02163205429318928,-0.002914358070714746,-0.13305580523459348
primary_remove_constant_only,C2SP3,0.6379181275600105,-0.40805183339462603,0.3869611974053831,-0.021514872936104948,0.10696320875396287,-0.0067199237900379405,-0.12309308693047555,-0.058977281177278386,-0.06147030456395503,-0.011844768051489738,0.008883344294802803,-0.016373778850862337,0.003766348974037529,0.1895161046056938,-0.037819641506342656,0.03658693808761493,-0.11810174995050138,0.13369630695279397,0.006437022228443839,0.16578253978181093
primary_remove_constant_only,C3SP3,0.3022568543468607,-0.3911297900285927,0.4582677989298792,-0.25881898377963436,0.0631266664662916,0.027628019094131945,0.016872086510262,0.08856045370687746,0.09547937908629034,-0.01989712846919871,0.11565377981684953,0.05165044217791049,-0.02317651743308347,-0.11780353242191867,-0.2133594073572753,-0.06361520958917723,0.004989086419305049,-0.007927063067347574,0.06592963702395387,0.0596249027943609
primary_remove_constant_only,C4SP3,0.049723074845059875,-0.48218236877266807,0.6140493392806604,-0.25424203708563253,-0.15557731438909075,0.1934545627170086,0.018507890147351675,-0.08169421368619634,-0.01047614890921273,-0.013086551336879693,-0.040931507151817155,-0.006197211311015068,0.02727143931677875,0.013595584158033898,-0.0029912241720716224,-0.05866855438640634,-0.10939907912831773,-0.04043820582595942,-0.08402942652596984,0.06756894795603224
primary_remove_constant_only,SCH-3,0.01168937979415068,-0.07662213439599233,0.020301740120890817,0.0441329971648223,-0.06895393629319468,0.05048598673031056,-0.020415830336431733,-0.059490387580221404,0.04025918706150674,0.029511024302631982,0.03486707606975891,-0.046704933126304915,0.022470945864664423,-0.01769877121507078,-0.09563538188424146,0.10462363922962818,-0.08851563130208308,0.11794216895801107,0.2308712116634754,-0.24072764325944182
primary_remove_constant_only,SCH-4,0.031135559223919907,-0.07976935077503838,-0.037331499334447536,0.043152390812936495,-0.014842462497268605,0.047707382255812836,-0.06376809380191548,-0.043385161115733,0.0629026245183657,0.03130904669579595,0.036410530828278664,-0.04816665653308937,0.015455433440206959,0.0006290349630680921,-0.10044871157253082,0.08442665121878583,-0.1416444881113773,0.07635961378331142,0.25559171374719475,-0.3107510855741011
primary_remove_constant_only,SCH-5,0.05573861202749088,-0.03628456491875809,0.01978137858498036,0.17867450175812044,-0.6405793066263188,0.14774179415485025,-0.1417377962412937,0.018985642183040313,0.13565557497155034,0.11656766777655417,0.13562214083168458,0.05270384950984556,-0.1471701086129693,0.25952182886421826,-0.18448466941186284,-0.22559303700497615,-0.07914849718607869,-0.009046538564629326,0.0653122776730673,-0.10444873838644779
primary_remove_constant_only,SCH-6,0.310339525101691,-0.3499186055275397,-0.2940628890180057,0.02522762876786063,-0.5628678307013407,0.3009401800373002,-0.11564980922703352,-0.02127889683018534,0.1622710097176259,0.10303931288921793,0.07976965099731878,0.055267957013094705,-0.060925517563405404,0.09358547275111827,-0.15680483561246727,-0.08439573980168963,-0.09022912974910424,0.019854755115540024,-0.02322228329585495,-0.04415237118487538
primary_remove_constant_only,SCH-7,0.22514674496150633,-0.33628284742659614,-0.11572283748517205,-0.22345588797595498,-0.5356018220348536,0.43576490392927153,-0.19554032751440897,-0.10745274941036155,0.18560926730980828,0.06863574001096794,0.021402073105543692,0.04368920249102743,-0.01335909264249218,0.0429826354118121,-0.11778980824834515,-0.11957280124684479,0.02698715777181566,0.03840358995878184,-0.10119727807937129,0.021570449969380335
primary_remove_constant_only,VCH-3,0.01168937979415068,-0.07662213439599233,0.020301740120890817,0.0441329971648223,-0.06895393629319468,0.05048598673031056,-0.020415830336431733,-0.059490387580221404,0.04025918706150674,0.029511024302631982,0.03486707606975891,-0.046704933126304915,0.022470945864664423,-0.01769877121507078,-0.09563538188424146,0.10462363922962818,-0.08851563130208308,0.11794216895801107,0.2308712116634754,-0.24072764325944182
primary_remove_constant_only,VCH-4,0.031567342189253424,-0.08376247311764318,-0.03291476219925909,0.042000503594905036,-0.017151808795259224,0.049304535800568004,-0.05879842581538212,-0.04430708470612688,0.06225201470814676,0.03531885088503762,0.0415443152592468,-0.048926862848058195,0.01674897223070247,-0.004709891418350852,-0.10274167109559189,0.08801150053769757,-0.13809714716581828,0.08371351042729377,0.2623222987117473,-0.3085271222484151
primary_remove_constant_only,VCH-5,0.15806578259586704,-0.21599444659099853,0.028968056583719724,0.07431855753660618,-0.45918929284313237,0.11052971814705244,-0.12637009643861116,0.03717689327759516,0.20687269924943733,0.23765553351370056,0.11213271540395159,-0.015289172980127136,-0.09656673274601396,0.2244777237863765,-0.22732460617321806,-0.18599640760530176,-0.1106997760782982,0.03784527237719678,0.04250757888544296,-0.08504467752155777
primary_remove_constant_only,VCH-6,0.34720097233012115,-0.5435510481900957,-0.02780205192236191,-0.09375342915485908,-0.37692954830671765,0.22152285576294786,-0.1423385752957533,0.02870590686109595,0.24318575932703637,0.22451873625610047,0.10557287118418271,-0.034723043423208595,-0.021745455710398244,0.0864433050042693,-0.21422707660098758,-0.07621249639268585,-0.11744309914680323,0.098144729160392,0.01996801507187467,-0.011431804976534163
primary_remove_constant_only,VCH-7,0.2605773262786282,-0.5750482420249913,0.2096237958464467,-0.2468224572025933,-0.37888696584615633,0.2815818976150998,-0.12430584773816879,-0.02967380334255569,0.23644469389113976,0.20759526782445903,0.055375228296841404,-0.058878026602874625,0.019772645495683864,0.0447355281808843,-0.16491437955111954,-0.0910750944216656,-0.05025257566298913,0.09068131067647744,-0.02001835765947696,0.05864461834484668
primary_remove_constant_only,SC-3,0.7851079197982771,0.14462252303715037,0.08104798188826888,-0.42939606004591063,-0.16865067805940548,0.020526396178085764,0.0719225850420768,-0.04785077928392483,-0.08210606445001255,0.11087340526480136,-0.041805896777293135,0.099338272318901,-0.00133089139175247,-0.13051046940484512,0.019108857569141307,-0.06292350591333827,0.004375106081132283,-0.08741882151426858,-0.009042513979146306,-0.04197299511359526
primary_remove_constant_only,SC-4,0.2103688705492757,-0.060568227255719156,0.30586455337749535,-0.5458280067341547,-0.3212551387255218,-0.12725846466629812,0.1179211334551049,-0.009082547334338407,-0.20933491658437828,0.20869950172970447,-0.11163744374787762,0.1601575115325555,-0.037504628506006873,-0.12156152635643956,0.08325227843466754,-0.04074137188998304,-0.2364333322891495,-0.17497352173781297,0.035051401443997376,0.012893423539122874
primary_remove_constant_only,SC-5,0.35131516526409345,-0.1247048901778708,0.39884250285930345,-0.5328831347063618,-0.21885044972712672,0.0757843639155052,-0.039954870814372066,0.02965106011848545,-0.062424803903087765,0.18380368458071367,-0.06267939497633147,0.1514811292825316,0.04202932033483895,-0.2097189755711939,0.07822310072338047,-0.04081851864236677,0.008684733864092265,-0.10805222427096338,-0.15370859634859477,-0.02509308848867274
primary_remove_constant_only,SC-6,0.11388323304116577,-0.27377238569314993,0.37495790263613066,-0.5002820785326164,-0.18386878747538132,-0.03081120102893808,0.08844018593325763,0.12695177476532785,-0.096713172381718,0.23698676847514566,-0.03762423722836521,0.16336037759366123,-0.04560338029611824,-0.1059095620498649,0.013032810979311948,0.01788107278804207,-0.19983012014562682,-0.18277993705287923,-0.010806278671873233,0.03697270337696844
primary_remove_constant_only,VC-3,0.6980618926620351,-0.3132160446436748,0.3410514356510792,-0.2326108260003102,-0.10849551804931419,0.07461585205585071,0.06715559572818205,-0.05731959849868863,0.043428343483137274,0.16738799639823496,0.012565175894807705,0.03510722235821875,0.02113432938521095,-0.12768753262678448,-0.03447051385882189,-0.12894524268422747,0.113139814863626,-0.038222395046452196,-0.03430563130759333,-0.11868628473943474
primary_remove_constant_only,VC-4,0.20794822131492213,-0.3165297866801735,0.5583913825517172,-0.3105104134390552,-0.1541179225063882,0.09451892316082915,0.11030112517976602,-0.06608457314664112,-0.04806263710127548,0.04341597130109829,-0.06239824774303531,0.08892524735121513,0.0007958086081310378,-0.10394092332087532,-0.017997321812622005,-0.13140421271183653,-0.04209238004542907,-0.13164992544380755,-0.09770621875310323,-0.046084194877215795
primary_remove_constant_only,VC-5,0.2774907197080333,-0.5339563495174274,0.4255257886295082,-0.4251340459603474,-0.10310097138625604,0.14217506155324733,0.014187157323214161,0.04967558399212895,0.10289966310677434,0.21113034430933056,0.02965133365622726,0.012805857362612775,0.034866700531123854,-0.12998147934545348,-0.03803097209572127,-0.07877325209177012,0.021224312064598287,-0.03543227555443717,-0.06465831783323625,-0.0502603589336023
primary_remove_constant_only,VC-6,0.0840621011415367,-0.46096509409137987,0.4980062919223274,-0.4079498966710667,-0.0765291305541517,0.11739026549648354,0.09380459398480616,0.11868896766050258,0.0624772001807271,0.09321899152960458,0.024980762178834014,0.0826141584490688,-0.03318161391540929,-0.07837373870810566,-0.051323019728049514,-0.028917438801359923,-0.0754683804787704,-0.1370626611378768,-0.055991106054384975,0.0198575167303135
primary_remove_constant_only,SPC-4,0.7532286605468527,-0.12345103845135855,0.12346007271192203,-0.44871071321382083,-0.2210260056165804,0.14048773984136353,-0.06481020930702548,0.004243712154970538,-0.0020122130529566687,0.09097508122163475,-0.03868750757432472,0.09262043266220751,0.03376206706310982,-0.15793122048442265,0.044260721390711265,-0.061892187215878226,0.062021146294892304,-0.06349472313543476,-0.11567444772630156,-0.055874716164254344
primary_remove_constant_only,SPC-5,0.6635105400456562,-0.23343621059183978,0.08259529907593685,-0.4830471926958265,-0.30754008700100616,0.17382699297101611,-0.09983811409186359,-0.026584054210216406,0.027933064049288702,-0.00217316244232357,-0.07082828598068641,0.06098954815828463,0.04955225374239761,-0.1627683746432722,0.040923218410193994,-0.06878398989693663,0.06282065480305563,-0.0656616383381341,-0.14457568070357013,-0.04067894579515902
primary_remove_constant_only,SPC-6,0.6292429849160789,-0.24514695354093122,0.05132776009723926,-0.501011218955759,-0.27506851999088516,0.20041822164273898,-0.10700603729817385,-0.07728228695928989,0.007336000443433469,-0.047171826820930664,-0.09591691609741544,0.03107956726766258,0.07279800335066307,-0.18764912561734232,0.06245774637987126,-0.0630582500388244,0.0814845168385418,-0.06551979423436355,-0.13000395797632724,-0.03576224104656264
primary_remove_constant_only,VPC-4,0.5590083389117518,-0.5626736952561282,0.31885580951337783,-0.3200932073051598,-0.15185515421300763,0.13971457551337532,-0.034572005749513295,-0.0015705310482288886,0.10191265140234468,0.1969909697337806,0.04589896921004595,-0.01919502072233707,0.04363854588204021,-0.10357396003119988,-0.04195904150441624,-0.074398457533355,0.03903266384393459,0.005999105070434107,-0.028981569136593475,-0.06749542037742036
primary_remove_constant_only,VPC-5,0.47271845657667094,-0.623131461399119,0.34066636938951744,-0.3369046033170446,-0.18135951413326962,0.16173026471891716,-0.04163015417281279,-0.024093581222917805,0.10627644678637205,0.16398888974348663,0.03311418107090613,-0.04720803060594529,0.052226767513178216,-0.07918285715743492,-0.05407628652949794,-0.06617960918471417,0.01096825184259501,0.015337458846143489,-0.022565027402887836,-0.014495629722582386
primary_remove_constant_only,VPC-6,0.4313790590569285,-0.6362804085957157,0.3424222046768366,-0.360127677930624,-0.17223699361917524,0.1670783539165694,-0.044068325406669676,-0.03650012687335135,0.10595005287709645,0.14118024426366588,0.027130702808232418,-0.06455589453585645,0.06260407723774247,-0.08658513035800967,-0.055847090989450066,-0.059041213307090425,0.0049238691515659915,0.020552734016191575,-0.014418050179753141,0.0031357596555683996
primary_remove_constant_only,SP-0,0.9702634783365811,0.028057701962043196,-0.19061153311545498,-0.004734459709178402,0.009911512598934127,-0.035811883708919565,0.061130836141524314,0.03633592845883864,-0.05813049308588782,-0.026544504085348378,-0.0060388552257769085,0.042359579975667166,-0.016278236643735223,0.021905648598578666,0.009400712897396331,-0.010929835197311125,0.03344694019847663,0.037399001466339836,-0.01822428192688104,0.01848472315327043
primary_remove_constant_only,SP-1,0.9515467937344521,-0.04814165371364028,-0.27291860097652015,0.03464157745741734,-0.010992802191474057,-0.01720106669877788,0.031380689516795526,0.05107428770658112,-0.03851410282892161,-0.044550542613672306,0.012374428070158826,0.029396786818534047,-0.019910467058822014,0.028345658407904244,0.004172906707699797,0.00266214888514757,0.015862209954183897,0.03687488358444915,-0.003837029495484247,0.027815922740927666
primary_remove_constant_only,SP-2,0.9582714032754154,-0.020803927486114294,-0.24735610172796219,-0.061860786879264745,-0.05572724045927754,0.012171346494370487,0.02270876879065481,0.028024637140707787,-0.03151499948339265,-0.016325140070628342,0.01422255318956881,0.039387255055195365,-0.014528298626660795,-0.013967279681214247,0.0010301694347386915,-0.006133801932371271,0.018529574321485033,0.007876294346770512,-0.0006234940743069131,0.01238982715335101
primary_remove_constant_only,SP-3,0.9179797005998129,-0.16089081859113483,-0.2893022512966143,-0.07212691805236317,-0.10764116607634647,0.07659231958910905,-0.062054304548563394,0.054444255239621105,0.011029166302359582,-0.03249380138620004,0.024395386957269456,0.031591246987888295,-0.002978999765095491,-0.032266840975372746,0.011657196801633194,-0.006264438312890002,0.03630889769297514,0.013158532798542438,-0.029850876933501594,0.006845342305639338
primary_remove_constant_only,SP-4,0.8689839007979211,-0.20855787168041856,-0.3306556222177154,-0.10734190127659096,-0.17505197941440906,0.11253836272769982,-0.09580212846694516,0.03699760872812064,0.03748670809827362,-0.0822943350391171,0.018674663723098887,0.013535299304692938,0.0058498573216769064,-0.05068466628672458,0.006859865175687427,-0.015693142643685785,0.036145692533950835,-0.0006806734412278206,-0.03964593960320037,0.015232207164286967
primary_remove_constant_only,SP-5,0.8313751701158236,-0.26363600099682416,-0.35867113823694785,-0.14293331850525812,-0.13311100782988564,0.1586563399384204,-0.08707751866839103,0.004219777455266574,0.018795080358530333,-0.10434133759912895,0.011414089930991892,-0.014372637244650628,0.02837547984760179,-0.0797518500867017,0.021247081327799802,0.000810766538469877,0.03136215359754586,-0.013695138742294659,-0.013399510489198059,0.027493075936591012
primary_remove_constant_only,SP-6,0.7764569585690199,-0.30207584129543014,-0.3266810674539837,-0.21484995377988125,-0.17774048505823367,0.19155805331174255,-0.14043367579083416,-0.007140669349102443,0.037816344693229226,-0.13625463294098825,0.02622156355635478,-0.030450612280875443,0.034396634387117694,-0.08419394771665874,0.015210090859643598,-0.02997787870161926,0.06524631778702143,-0.021314706567698093,-0.007974857974640313,0.05564162517188678
primary_remove_constant_only,SP-7,0.7419243574724106,-0.35836880177569996,-0.32744215212035144,-0.1876410907618723,-0.20214348187942957,0.19866078253905092,-0.13610275635726163,-0.0009810076257306334,0.0268303077078072,-0.1520350804271085,0.038866617886958416,-0.041898040618979226,0.029963761997037475,-0.0844115121388104,0.007927244517792418,-0.02621709009092003,0.04742721944139993,-0.03559007009370723,0.013271279139102614,0.0641515104091277
primary_remove_constant_only,VP-0,0.9626586740693758,-0.12814775515087642,-0.1502243253325146,0.07436434091765314,0.017322031725450517,-0.06631218897295178,0.05395331048716176,0.025750733961054623,-0.04002883378068437,0.023519485195877095,0.008766847862526926,0.029405116685589993,-0.017067090008286566,0.036049071548652174,0.02099794159400966,-0.01821917112679432,0.07323676161036385,0.050794342898064344,-0.011003162535076341,0.016172802454601218
primary_remove_constant_only,VP-1,0.945709231183185,-0.22732461030019346,-0.15125242800779246,0.08182997963968294,0.007867196570534168,-0.047160262583729656,0.013414520773912437,0.03095266253069833,-0.019782614812522248,0.043273506448824654,0.03392459732184128,0.014576146815609845,-0.018516800257689984,0.05203805827813897,-0.005208539156674884,0.0010954871266061455,0.022612467144564285,0.06626219638264286,0.004095104722448497,0.03051126179082861
primary_remove_constant_only,VP-2,0.9325957562476086,-0.3040735689880836,-0.049654760542519744,0.012630670317255397,-0.023439635593142515,-0.006570954033026681,-0.0017244709923192984,0.015371193842788145,0.016213157924676966,0.09728294740819149,0.0500997821782368,0.006988536030315711,-0.008100129377261076,0.014880489136494396,-0.02827850660193708,-0.021616053541526684,0.033570040646837676,0.06027024188867551,0.00855968588069435,0.0026401835981166746
primary_remove_constant_only,VP-3,0.84484567721907,-0.4644337177788389,-0.02431956661023964,-0.05766462789749461,-0.07222673809498402,0.04903674598595457,-0.07333164964470634,0.03495641472354712,0.06374291002758455,0.12954767474930784,0.07383682608466427,-0.02457788055857832,0.008880017381119097,0.006167191804913915,-0.04382609254413985,-0.008745470877088848,-0.00320639667625081,0.07472803473691204,0.01539051162865499,0.012579380219826821
primary_remove_constant_only,VP-4,0.7698564105703095,-0.5452574671969236,0.017107700640031757,-0.10502280644901099,-0.1057518467543344,0.08100264393164705,-0.09246464156287734,0.020348097270972938,0.09102329426539217,0.13769852472472585,0.07872800207130098,-0.05139553971375475,0.020110540496471766,0.002469420308674818,-0.06656778371203374,-0.015612920830697617,-0.019377946461050906,0.0794469320871781,0.025870682309434036,0.033336069963452425
primary_remove_constant_only,VP-5,0.7076743321735499,-0.5929317635101093,0.04201621076473189,-0.15212639593429367,-0.09459044894608581,0.10621254619692973,-0.10011386499219731,0.009565390887276861,0.09665335942940907,0.11596831237343729,0.08254986322292529,-0.06961607340364993,0.03508617257713467,-0.020408907217236757,-0.07456904083023655,-0.0023271026995029583,-0.03936388407423686,0.07893055198311351,0.03583494354468984,0.04511112999137364
primary_remove_constant_only,VP-6,0.640297927149653,-0.6081272727071668,0.1299219696352179,-0.19626734742216512,-0.12421558849901577,0.12905799105625534,-0.11089641164843746,0.007415035074623144,0.12092914083897995,0.12046802835093633,0.08998063567075985,-0.08691201805053927,0.036587657870617234,-0.01270373357669141,-0.08545274016647597,-0.027913784298520056,-0.03506043527923151,0.07319941157400417,0.040284051755173175,0.07095447436926727
primary_remove_constant_only,VP-7,0.6040221428230326,-0.6128619988200128,0.15939638472066997,-0.20219582705541003,-0.13046293783589186,0.13835475836664174,-0.10670257967135134,0.01997538858373524,0.1326782741078456,0.1055068704985305,0.098569801226181,-0.08594068714735674,0.030770547012201162,-0.019654299449722672,-0.10680713234294177,-0.026110995465216665,-0.05315773549288368,0.06398167074599248,0.04250181651530986,0.0873519743016926
primary_remove_constant_only,CrippenLogP,0.18256051695183229,-0.5358608312215617,-0.554987744924975,-0.031092819171215123,0.03321599230256969,-0.06317382037538909,0.2003729090712957,-0.012391394600139886,-0.16979346078553653,0.13401100016635803,0.020347248318150418,0.07657773876000973,-0.061261676029961465,0.11408118702443462,0.040612685469797676,-0.09145764994272328,0.06581042655444537,0.038324106989903135,-0.07037891995445918,0.1630910248367642
primary_remove_constant_only,CrippenMR,0.939902104875638,-0.11467996539483007,-0.24005792886196384,0.12003642894839539,0.031838239613785284,-0.010854666012611916,0.07954060109623762,0.020531228838923988,-0.03026847244676789,-0.020120284488659473,0.006802584042850379,0.03919429462498982,-0.017474884039781636,0.0282025251430747,0.009492271667926107,0.012396995944182197,0.06289475467955405,0.058074816256984976,-0.029620135747677037,0.03586225340683997
primary_remove_constant_only,ECCEN,0.9293220885033553,0.10939501041985569,-0.1020237648532604,0.14453782441593024,0.071399959669225,0.04988035516698657,0.02288070509702832,0.024168514154812342,-0.03094108173556135,0.01395203320149412,0.029554073316320737,0.0206148671610038,-0.0256307796055042,0.0684233169380052,0.015498125305418631,0.04426786927088177,-0.029722654875139618,0.03980509865404832,0.018588742469791333,0.08756691345788643
primary_remove_constant_only,nHBd,0.5947932557852034,0.4770582532982461,0.29775484149874776,0.04181377792389385,0.31424542064423905,0.3631192855734964,0.05198712415093477,-0.13810047866472736,0.04805243793361792,0.03946451949980701,-0.020268933896902395,-0.0021143098435340586,0.010288025800891018,0.054572251336218625,-0.08474655505420152,0.09832772285272465,-0.041197277336660634,0.046316339309592176,-0.029406699673987773,0.01633765896721683
primary_remove_constant_only,nwHBd,0.059301358964601245,-0.004395037384204477,-0.02614355317530048,-0.1581448651969585,0.01572348981913016,-0.11303046914570485,0.12031075018964565,0.02272286081925568,-0.28088717121443546,-0.05495031084723993,0.45176417673623187,-0.5089787966901015,0.08264979512944488,0.2788712693287082,-0.14378624304508422,-0.011550938385452071,0.04053587800862434,-0.16997513983680193,-0.33162278596360956,-0.1416563667311883
primary_remove_constant_only,nHBa,0.794422149692616,0.5267836324234945,0.007099093218971714,-0.034080609723061324,-0.03941027561511027,-0.07466839591108074,-0.15148011758560775,0.012286087375487918,0.022733825290541618,0.0858506269546333,0.0743282647488575,-0.007431621653774049,-0.03082194418762446,-0.007874348988980167,-0.026873159361774018,0.03654512539860906,0.032322629634540544,-0.0008451285149891649,0.028895254020319647,-0.025247696196066448
primary_remove_constant_only,nwHBa,0.39253942429873423,0.14604560079936407,-0.8226387480687486,-0.03287399803831749,-0.05098744931163682,0.15025335531243494,0.24069711092744453,0.03049193758084629,0.020577075068567062,-0.08094221769991089,-0.12712962059559144,-0.03562162339626964,-0.007970882634372978,-0.011987509419915365,0.07338348655087185,0.012890560869732545,-0.007474126145665279,-0.036317066978121995,-0.030757525723935756,-0.011457507099999036
primary_remove_constant_only,nHBint2,0.646911516803755,0.4943699783961777,0.39024742868936957,0.23139321240719776,0.04260941259239543,0.09999350363758554,0.1261588874024379,-0.027375742631820073,0.025809897574547845,0.006431124632678694,0.0038030435347339844,-0.06227485553965751,-0.003740202285358124,-0.016394331878463824,0.0009669797588080282,0.039362756331631894,-0.0743248863835517,-0.08283098079006108,0.06403936503454706,0.04336883868277974
primary_remove_constant_only,nHBint3,0.607405152721495,0.4757625074591079,0.4384698945215526,0.21901041357980028,0.1244372679115725,0.18378409948403515,0.05228646290690466,-0.039367958217682075,-0.060490055469017076,0.01751574643354477,0.00776290164899961,-0.022097227753855447,-0.001048730529785725,-0.000582273375097756,0.04366173361277859,0.012622902424261893,-0.012968090351749135,-0.06510330901805929,0.04318944134804314,-0.007236412064563273
primary_remove_constant_only,nHBint4,0.040314297095048086,0.3475306574052326,-0.04990617599846207,-0.051560000937660805,0.1358262221338516,0.011740164305818805,-0.28611046363907033,-0.07813726060597363,0.24303047062641855,-0.11336806867818164,0.015295713219267407,0.03690888906805601,0.0028387041025596444,-0.023193356644285203,-0.09886590467812087,0.09822333901083885,0.13596064667661054,0.11134320887959863,-0.15251471925328552,0.03894431512398871
primary_remove_constant_only,nHBint5,0.5672957857991779,0.46763992164850265,0.30634148326024674,0.21055105362463694,0.1346332703304639,0.2219930102234972,-0.0863328280407012,-0.07494025841852829,0.003739210599185493,0.03812569216728149,0.043076362305386626,0.05632020974040763,-0.03181680138632594,0.009970041125261144,-0.027498708876784843,0.012256606991058659,0.03016627963989132,0.003786663239907468,0.011307409820064255,-0.10246798434029826
primary_remove_constant_only,nHBint6,0.6284538813923671,0.49170148129731783,0.3687127170942075,0.15850977735875685,0.1791832336599037,0.17540318098578545,0.05789660149490668,-0.10032557755545589,0.006161969298939643,0.05270693474401514,-0.020648400232406102,-0.018822595799312804,0.025620816555544493,-0.06450143770562139,0.030102949386212486,0.02721025673861898,-0.013863478571798716,-0.07351983760306731,0.04846325530362566,-0.0427532371926399
primary_remove_constant_only,nHBint7,0.6333938620252805,0.4579754574475783,0.2373261124474054,0.14022170527532163,0.11637233534354433,0.17654342063896394,-0.08333252575215239,-0.08896966961859913,0.061589817042533745,0.0714109697044882,0.03622588350406113,-0.049672931636011955,0.02089041825325818,-0.011551168231480098,0.01644062365960659,0.1123673000466438,-0.07739988180224062,-0.026330140165061633,-0.004326297875075477,-0.042138429785241086
primary_remove_constant_only,nHBint8,0.6381979575589798,0.4428106544108723,0.38966593816507783,0.1687526354580022,0.07818122526847922,0.2439477396097076,0.021590156621251893,-0.1353953904426153,-0.059335299031470376,-0.023596244721322036,-0.021263521509660425,-0.04385970178090972,0.031540531406458766,-0.01756121522606262,0.0662642588238325,0.047832029660005125,-0.052452520904870646,-0.05737449415089376,0.06554443393436848,0.02405999460165101
primary_remove_constant_only,nHBint9,0.640305288914803,0.4782430517507266,0.3622498463211351,0.1310819989260466,0.16372325852121342,0.19955073021901587,0.025610606786506583,-0.08295611221861911,-0.023605754496093874,0.03736948622301157,-0.022392294756497018,-0.03077393326355631,0.02358575844547153,-0.02569298518796041,0.054700695849939494,0.0396431318864649,-0.056391322054667015,-0.07969984534693023,0.031283240676813255,-0.001347709123143066
primary_remove_constant_only,nHBint10,0.5785744087052072,0.3049684011830188,0.15843291315830596,-0.009233668913271348,0.2451193630285887,0.34582962388051164,-0.055817957614062184,-0.0860122480437372,-0.04072066229964062,0.1735335849371623,0.10665416992821115,0.0471309452017521,-0.007762488128667039,0.09906857646693396,-0.004924736740162392,0.0033988352779750182,-0.12841327549265322,0.011504083354681597,-0.01744136408470777,0.01154657405954696
primary_remove_constant_only,nHsOH,-0.03599110313994509,0.09278294872852104,-0.22594177802195775,-0.4782135040675457,0.553308147187805,0.3860926656247318,-0.07675801589632136,-0.19333010908344347,0.1480592939426731,0.14477750394958255,0.016657082987139943,0.033974420123826767,0.0227186562267836,0.05268824424512802,-0.15247364431888685,-0.0033570624032953464,0.015059142175320176,0.14058912091020423,-0.10704437101875273,-0.0022818993845138903
primary_remove_constant_only,nHdNH,0.6020635102720209,0.4256538246237438,0.39197457295183574,0.23958651600232167,0.1486691046222431,0.2057196972942036,0.07791344417075208,-0.05736031555045189,-0.030255792222799893,0.00012572093594979516,0.04166288078730396,-0.1101908108697061,0.046869191789995365,-0.07566065790578057,0.0895076891021673,0.011150865968360936,-0.08699129029807028,-0.11389953598816704,0.0928952230581294,0.0032915271631552855
primary_remove_constant_only,nHsSH,-0.013973702918267368,0.022648700464234322,-0.0061650576662884765,0.01889267942904138,-0.04103557163170518,-0.03130719140178722,0.13120575174581717,0.04371819140915206,0.12197964849600043,-0.06552922390489772,0.22665772842354623,0.39889076760144526,0.7834380887881799,0.2436878566849849,0.12242076095520717,-0.040185212472705574,-0.08322238234271503,-0.04923752523278353,0.040165318742130134,-0.023612786210579953
primary_remove_constant_only,nHsNH2,0.613664296796726,0.4306990967237019,0.41901092300629683,0.25152282110716684,0.1316046075882252,0.18703744161198702,0.08629658818779197,-0.04908069572637999,-0.003971078117055921,-0.022723487882409354,-0.005802566722178011,-0.08704099172227972,0.051994505707024165,-0.1200059868898175,0.05505054518823171,-0.05346031461062845,-0.05480532656075824,-0.09619808346494164,0.06037104261056757,0.037855270262273324
primary_remove_constant_only,nHssNH,0.6194599066008132,0.44796715140144033,0.3906057763025788,0.36104005890209145,0.017219654585203855,-0.01449235672149117,0.09902008790346042,0.032446004854892775,0.020171599469727932,-0.006542534744307899,0.00960041127685314,0.019359476333138104,-0.0755086683156083,0.045230203608347695,-0.03854604308230077,0.08751600690154701,-0.07626852648713396,-0.02868154578056495,-0.01744265067469514,0.09574172255111638
primary_remove_constant_only,nHaaNH,-0.007052339445438502,-0.10199402571865367,0.13233807006815382,0.15155065256460698,-0.5272585640633517,0.22800396161473396,0.010729862625534693,-0.3097552325843814,-0.27374348682474026,-0.2378221598217928,-0.17585275480798415,-0.03944749258968953,0.057881335733708676,0.10670984602282631,0.0805610046785447,0.21645533852330498,0.04159809310473553,0.20174036821422595,0.06634920482536791,-0.278457131764855
primary_remove_constant_only,nHtCH,-0.023673842658903804,-0.09272480502464882,0.20225310743493569,-0.1650440111517298,0.04260804125665592,0.3013026576552986,0.030137657740226694,0.5878625756826448,-0.055890071777245996,0.05530843912974604,-0.21899663893628046,0.08044121769427996,0.0029551405324409305,0.2492027578814653,-0.18433475402336202,0.379554424829337,0.27003707424803364,-0.26353779108099373,0.09293671418071801,-0.02321689201960312
primary_remove_constant_only,nHdCH2,-0.0793529889538886,-0.040098334081396216,0.22727689268431,-0.23337123943216428,0.048444887291371565,0.16316745685799958,0.1541195166416719,0.18597070161215395,0.22917143965754638,-0.12500349563315288,0.29965061979767754,0.18621633846198457,-0.39276930428196566,0.16608635871398694,0.5467208455918587,0.06701995075568361,-0.04140146924056604,0.17074693567947222,-0.0755160943052245,-0.14463514686366657
primary_remove_constant_only,nHdsCH,0.07182230297226218,0.06553893504115213,0.060284906220060455,-0.49641234211517216,-0.06995485101708504,-0.016385397484022107,0.5755880339210517,-0.0018970913130713046,0.3909481775966616,-0.1908446465549845,0.12387144208099314,-0.16104678966185138,0.011934536682703837,-0.051917600798563876,-0.05260592921499174,-0.005721892417332736,0.06412151074929792,0.05259113806016273,0.12021459765489807,0.008899667979799238
primary_remove_constant_only,nHaaCH,0.27925354289059134,-0.06488172898792698,-0.8428220626825248,0.11312488250969775,0.039176880921377166,0.030379075903125347,0.2152849984760491,0.02877812642432035,-0.06224315704873223,0.03064187091430819,-0.11755204005420154,0.01560126091525873,-0.022272805547474333,-0.011770622220649764,0.04001444169788236,0.08753910722933059,-0.2046324005580347,-0.10959181629425668,-0.009454624151637317,-0.026878109924131872
primary_remove_constant_only,nHCHnX,0.04570065978698717,-0.00329972200888571,-0.014033338981171456,-0.15575166709535684,0.014829650063405985,-0.09945239123205636,0.1224079251131588,0.013518013976948365,-0.2594634087411476,-0.03455459058767267,0.4538744597420093,-0.5177363912373537,0.08419557391557475,0.2829389974758406,-0.13182131294964144,-0.01855443137518708,0.053371965241538415,-0.16737720548211596,-0.3068351939069665,-0.1252927076216809
primary_remove_constant_only,nHCsats,0.7170904790906211,-0.46196494094079815,0.3161902209866856,0.043999993005778754,0.1925393210917843,-0.07486662586855101,-0.11704160997536416,-0.024714156213307085,-0.0996050823524121,-0.014349758482841504,0.08031242204218984,0.04359734161476264,-0.0036693425574324777,0.07015717327919338,-0.07113754598784057,0.03402543794131408,-0.033135213625167484,0.11801741511828358,0.0183103185295284,0.07623047532844462
primary_remove_constant_only,nHCsatu,0.573461414979299,0.07633951972535248,0.42446389684165897,-0.0026450519055727867,-0.03289503108464943,0.04603616954862847,-0.09947556046976413,0.0368116063673794,0.11312149964284074,-0.24137193319074765,-0.1475120823668541,-0.17544007523144187,0.015996017661715798,0.17597200639683847,0.16370399243186584,-0.04193661246430964,-0.1082573794917187,-0.08128996955773002,-0.05680660576119262,0.08921629694138394
primary_remove_constant_only,nHAvin,0.08703526516676353,0.15673605593879555,-0.20226701503766956,-0.3918759120621733,-0.12816882053775558,-0.0028253347872745117,0.5612362041710911,-0.05999830005935208,0.30439912708275774,-0.12219722264896803,0.010357043075806835,-0.12137025266372406,-0.012158657945569116,0.006057763403301463,-0.0955052820428756,-0.06666475337651603,0.06825043044849663,0.039587355337191335,0.17736429854477892,0.0010745214803182348
primary_remove_constant_only,nHother,0.29055012041592315,-0.05221583568019097,-0.8175631085769811,-0.0043801778501684225,0.02598966631203826,0.03365275364097447,0.34552784253930585,0.03615315566104154,0.032135963411854575,-0.015986881117570104,-0.0777324974979835,-0.011364529560909336,-0.036254806916390686,-0.01592135911589681,0.05167086294771117,0.08886932912524395,-0.19189546157538115,-0.09065829364563448,0.013355450995974029,-0.030995613987118874
primary_remove_constant_only,nsCH3,0.33546281018736956,-0.09679308079348246,0.41997624512566684,0.028619618154976368,0.11964994642505657,-0.25632292180207167,0.2308282466906974,-0.13098158698143855,-0.1483408218723678,-0.15581626007017593,-0.15229098108188702,0.2585838989961119,-0.06386728227979048,-0.05834982349456688,-0.05846288909397974,-0.3242759300054158,0.3416483902417263,-0.09226967890239951,-0.10741113748162,-0.21978693835835672
primary_remove_constant_only,ndCH2,-0.0793529889538886,-0.040098334081396216,0.22727689268431,-0.23337123943216428,0.048444887291371565,0.16316745685799958,0.1541195166416719,0.18597070161215395,0.22917143965754638,-0.12500349563315288,0.29965061979767754,0.18621633846198457,-0.39276930428196566,0.16608635871398694,0.5467208455918587,0.06701995075568361,-0.04140146924056604,0.17074693567947222,-0.0755160943052245,-0.14463514686366657
primary_remove_constant_only,nssCH2,0.6537428205870714,-0.5097976793810163,0.13715641994122965,0.15091498458402353,0.12108262268383026,-0.11855081877478986,-0.1766149701369056,0.03398164915754754,-0.13302647134442433,-0.043955607018427996,0.09023030581512946,0.03164748488002243,-0.018531893740152603,0.12267031551376831,-0.016958656793484263,0.10613197093395318,-0.05338370001600315,0.1596773981077411,-0.008746755519505172,0.1833638435378236
primary_remove_constant_only,ntCH,-0.023673842658903804,-0.09272480502464882,0.20225310743493569,-0.1650440111517298,0.04260804125665592,0.3013026576552986,0.030137657740226694,0.5878625756826448,-0.055890071777245996,0.05530843912974604,-0.21899663893628046,0.08044121769427996,0.0029551405324409305,0.2492027578814653,-0.18433475402336202,0.379554424829337,0.27003707424803364,-0.26353779108099373,0.09293671418071801,-0.02321689201960312
primary_remove_constant_only,ndsCH,0.07182230297226218,0.06553893504115213,0.060284906220060455,-0.49641234211517216,-0.06995485101708504,-0.016385397484022107,0.5755880339210517,-0.0018970913130713046,0.3909481775966616,-0.1908446465549845,0.12387144208099314,-0.16104678966185138,0.011934536682703837,-0.051917600798563876,-0.05260592921499174,-0.005721892417332736,0.06412151074929792,0.05259113806016273,0.12021459765489807,0.008899667979799238
primary_remove_constant_only,naaCH,0.27925354289059134,-0.06488172898792698,-0.8428220626825248,0.11312488250969775,0.039176880921377166,0.030379075903125347,0.2152849984760491,0.02877812642432035,-0.06224315704873223,0.03064187091430819,-0.11755204005420154,0.01560126091525873,-0.022272805547474333,-0.011770622220649764,0.04001444169788236,0.08753910722933059,-0.2046324005580347,-0.10959181629425668,-0.009454624151637317,-0.026878109924131872
primary_remove_constant_only,nsssCH,0.6128882015879189,-0.20725407166527432,0.3546041035838601,-0.14768295208516455,0.18598320845005822,0.05978617634124265,-0.14282451536077595,0.009897620275748347,0.12743936406309236,0.045059913023466035,0.1320964587770264,-0.04924029797147711,0.006817552245898434,0.0023114901179890827,-0.12643034149087043,-0.060500698677562414,-0.0692161275733487,-0.01821175741020901,0.11061635407239899,-0.08082618494412179
primary_remove_constant_only,ntsC,-0.09271451128044224,0.02367823628267997,0.11677827081832448,0.0024485957552879117,0.01795907046941231,0.24155633959081693,0.04110440285525083,0.7307531308962384,-0.18165716779189414,-0.008666096771011362,-0.23900900081160917,-0.16678460815360052,0.1487926293348578,-0.06947858455189239,-0.0014502746971231985,-0.25368019710438294,-0.04610510274955934,0.2723182148674728,-0.03334568645485474,-0.06844146063531997
primary_remove_constant_only,ndssC,0.5125394176468352,0.3023799259462625,0.2994493800192892,-0.01954932672090533,-0.22490648569862565,-0.10881419335833908,-0.04058838392459494,-0.017072935593709485,0.15662597205708914,-0.301196017321147,-0.22110463234587327,-0.25165451565028507,0.083995347327975,0.05564829441630917,0.0861197801022465,0.050307006064312945,0.007046235313867552,0.023093543909941013,-0.019021755139406106,0.08270450898813482
primary_remove_constant_only,naasC,0.1657684512727375,0.1604170034799619,-0.7085843688191836,-0.18779697516078137,0.21319236206616798,0.024217802401095063,-0.06210768036551437,-0.032910712192219804,-0.0026180936417804068,0.04488272274402564,0.002151583114435261,0.07836772731714568,0.01236302276571384,-0.04468984180019925,0.028240030593877148,-0.1069375555769484,0.2691435027032599,0.04292590135136244,-0.01314134085994536,-0.12414184591230641
primary_remove_constant_only,naaaC,-0.17991301221597966,0.09646123406510189,-0.181587940247571,0.22920956915516263,-0.356964797633412,0.5428216405815304,0.10024799501319748,-0.1079595821258063,-0.16816536153168468,0.030618767304482642,0.0631959560084747,0.11443929960258839,-0.08649430081677638,-0.004015706417454834,0.0020703772121819456,-0.07518934828124413,0.0741218774064795,-0.017551601588134198,-0.11965553047098824,0.16150042941078846
primary_remove_constant_only,nssssC,0.11075468488098617,-0.37469634412431196,0.5206242824489402,-0.4828471351518572,-0.24694523465558604,0.07799115634805007,0.13212676608369392,-0.011270139408920509,-0.19212277836232605,0.037953098050895834,0.025634373800847664,0.08664443157412881,0.0024685619300176013,-0.15849342525952487,-0.013597249644049247,-0.006004366306911576,-0.10513152357019465,-0.07508202838825237,0.06316669471054036,0.058391275094290825
primary_remove_constant_only,nsNH2,0.613664296796726,0.4306990967237019,0.41901092300629683,0.25152282110716684,0.1316046075882252,0.18703744161198702,0.08629658818779197,-0.04908069572637999,-0.003971078117055921,-0.022723487882409354,-0.005802566722178011,-0.08704099172227972,0.051994505707024165,-0.1200059868898175,0.05505054518823171,-0.05346031461062845,-0.05480532656075824,-0.09619808346494164,0.06037104261056757,0.037855270262273324
primary_remove_constant_only,ndNH,0.6020635102720209,0.4256538246237438,0.39197457295183574,0.23958651600232167,0.1486691046222431,0.2057196972942036,0.07791344417075208,-0.05736031555045189,-0.030255792222799893,0.00012572093594979516,0.04166288078730396,-0.1101908108697061,0.046869191789995365,-0.07566065790578057,0.0895076891021673,0.011150865968360936,-0.08699129029807028,-0.11389953598816704,0.0928952230581294,0.0032915271631552855
primary_remove_constant_only,nssNH,0.6194599066008132,0.44796715140144033,0.3906057763025788,0.36104005890209145,0.017219654585203855,-0.01449235672149117,0.09902008790346042,0.032446004854892775,0.020171599469727932,-0.006542534744307899,0.00960041127685314,0.019359476333138104,-0.0755086683156083,0.045230203608347695,-0.03854604308230077,0.08751600690154701,-0.07626852648713396,-0.02868154578056495,-0.01744265067469514,0.09574172255111638
primary_remove_constant_only,naaNH,-0.007052339445438502,-0.10199402571865367,0.13233807006815382,0.15155065256460698,-0.5272585640633517,0.22800396161473396,0.010729862625534693,-0.3097552325843814,-0.27374348682474026,-0.2378221598217928,-0.17585275480798415,-0.03944749258968953,0.057881335733708676,0.10670984602282631,0.0805610046785447,0.21645533852330498,0.04159809310473553,0.20174036821422595,0.06634920482536791,-0.278457131764855
primary_remove_constant_only,ntN,-0.09060008613489562,0.09272802669695492,0.020932505093435427,0.09463410092314473,-0.013220845077356911,0.1289137079093958,0.017278756357015326,0.5443072958470305,-0.1663858800044833,-0.03194794814297851,-0.15777346065526926,-0.23044859680244695,0.1678270429277329,-0.18109004865649364,0.06524745695064132,-0.4505222489948627,-0.16022111101386988,0.4189309886265522,-0.07627598782397332,-0.06594585991769275
primary_remove_constant_only,ndsN,-0.1109092987611728,0.19824834406631017,0.060635516106622864,0.05032269912606943,-0.01244203459461109,-0.09890393795539294,0.029487041041570797,0.06929478958930112,0.33843561157926516,-0.11713889570147093,0.1210013291228597,-0.05256381884769708,0.17590639900759775,-0.16567929197516507,-0.043050258828215754,0.18434086628464635,0.10015176935067577,0.04992110719981462,-0.05133033638163154,-0.05900118546440173
primary_remove_constant_only,naaN,-0.17089753091005475,0.1499520084631579,0.0991544863132905,0.3441145769304638,-0.48916253281133126,0.06256402757756795,0.07409915007072683,0.08511887436176144,-0.06687147491385868,-0.015444186752998844,0.2512807529571184,0.14208823030015108,-0.1095128744631811,-0.005231051916018806,-0.04164738939367044,-0.044526041158544284,0.08265594071858236,-0.07888906219311073,0.07397939351400461,0.012931702710109587
primary_remove_constant_only,nsssN,0.34968532762848586,-0.23976236954046337,-0.3010298337783424,0.09661024678859291,0.06051735518024273,-0.26998855694066987,-0.16791844595191527,0.1379914798745102,-0.007843472655827102,0.019884468791906983,0.13100021299731418,0.040724682868138615,0.059245699217126385,-0.3144034569791002,-0.006440547178276981,0.3160551327228397,0.05493205764877849,0.14420600215978868,-0.08087063958414875,-0.2194675786368702
primary_remove_constant_only,naasN,0.06956958655057816,-0.05169795710361524,-0.15319662719439014,0.20503998810551763,-0.20965115269028314,0.16721527142025108,0.12349973956201,0.02212590463505359,-0.043714294610236376,0.06352035392080549,0.21560574519489237,0.3098744846507157,-0.047681545248753204,-0.10975700403189337,-0.047261596289494584,-0.18138069116379227,0.22588558769202435,-0.08218735034777576,-0.19246529738910384,0.2000130634599192
primary_remove_constant_only,nssssNp,0.008227697728321735,-0.011908371843339344,-0.009421062317039553,0.006019349251601185,0.00987519711168642,0.021959851766323323,0.027915596290291472,-0.021695053265389647,-0.028851916870664473,0.018758180891714642,-0.007397551764713317,0.07335841557971971,-0.01661250028244009,-0.020295948452612633,-0.0076979284357149656,-0.08536180660959852,0.07067272025637596,-0.05152812889988427,-0.08583929948179621,-0.026483238624775036
primary_remove_constant_only,nsOH,-0.03599110313994509,0.09278294872852104,-0.22594177802195775,-0.4782135040675457,0.553308147187805,0.3860926656247318,-0.07675801589632136,-0.19333010908344347,0.1480592939426731,0.14477750394958255,0.016657082987139943,0.033974420123826767,0.0227186562267836,0.05268824424512802,-0.15247364431888685,-0.0033570624032953464,0.015059142175320176,0.14058912091020423,-0.10704437101875273,-0.0022818993845138903
primary_remove_constant_only,ndO,0.5346224193322231,0.49835864489248627,0.26953742970120187,-0.046916281499503644,-0.29080504582132044,-0.22484046645345604,-0.012098389008226166,-0.04277059500060639,0.17943866857385912,0.032540347362139184,-0.2867939820421312,0.0008043936739885174,0.014545542131185852,0.07421251897121435,-0.024121544766502315,0.050136180224466344,-0.06477984126280245,-0.039739925791735076,-0.10898544327855188,-0.027464119526256374
primary_remove_constant_only,nssO,0.36026453092021826,-0.09730522748464468,-0.419075436715849,-0.08045006320215385,0.11794629562510969,-0.27195480478936485,-0.39428881899278867,0.08979757506750778,0.07909639947503806,-0.21689488993995568,-0.050883870091627134,-0.037277949903997826,-0.03319564725144972,0.13811390182741687,0.11737328460272316,-0.20492968973165981,0.14558306774262628,-0.16229214305797698,0.20282351113251446,-0.05600283419182906
primary_remove_constant_only,naaO,-0.23563161550700917,0.30789439349663084,0.028897968716960487,0.1507599339158123,-0.1874791896909421,0.09290857915900323,-0.11671090773790078,0.15760771996048203,0.060033272143971014,-0.029603643063041536,0.2151895887056054,0.06842985722078389,-0.21962548351585984,0.18586880306618056,-0.08931594875593858,-0.31461894903088733,-0.020300163363071777,-0.09577888323532262,0.10459588669868243,0.03702806981778014
primary_remove_constant_only,nsOm,0.0034472247959728346,0.10382844078664574,-0.012934417259311526,0.011816162662523453,-0.09127366920134762,-0.07011790403453454,0.01620148631588522,0.07955877170166134,0.09832335699922315,2.819331281054566e-05,0.06694102372699758,0.1830941945488347,0.3047287004637692,0.03685669732520274,-0.03833190153719795,0.029691217164848977,0.00043183090995870405,0.14037803749552683,-0.14522845535015902,0.06966279301256145
primary_remove_constant_only,nsF,0.013674121026794887,0.27334475034412115,-0.07006019065708571,-0.5126799535532047,-0.22403815707699087,-0.09435641862284727,0.07413175122881702,0.04668192785023446,-0.5712760428358937,0.01898344402015761,0.28591511304435807,-0.01600555229551106,-0.004246334198507138,-0.11566992885458413,0.06368857040226837,0.10297318168047473,-0.06607960268239155,0.052021431774342965,0.20916681598243445,0.15729368527748042
primary_remove_constant_only,ndsssP,0.02362043087405365,0.019131742878844258,0.0198013481798016,-0.05032578145325481,-0.056031643829587814,-0.103752088618119,0.0061728823257685425,0.028398083177990203,0.021823055857370637,0.09971932698820504,-0.10007822948991041,0.03166595204347993,-0.017790746578733554,-0.011051405637324886,0.10301592182252639,-0.027580769503093582,-0.08893143574499253,-0.15103448842573566,-0.038594581651297644,-0.10191053826891618
primary_remove_constant_only,nsSH,-0.013973702918267368,0.022648700464234322,-0.0061650576662884765,0.01889267942904138,-0.04103557163170518,-0.03130719140178722,0.13120575174581717,0.04371819140915206,0.12197964849600043,-0.06552922390489772,0.22665772842354623,0.39889076760144526,0.7834380887881799,0.2436878566849849,0.12242076095520717,-0.040185212472705574,-0.08322238234271503,-0.04923752523278353,0.040165318742130134,-0.023612786210579953
primary_remove_constant_only,ndS,0.012039928810353961,0.046111103305850325,0.03548556253353759,0.08650135865770829,-0.033019572306027006,-0.2049405461453142,-0.07979453887514962,0.1501203972903374,0.1143069254423566,-0.015546396211137367,0.03807619397122309,-0.04742325617086187,0.07451335864849383,-0.23694218458531538,0.029630295719909563,0.3791605777817472,0.00814067143537828,0.2280045791911864,-0.27470958917957045,0.07826665133058167
primary_remove_constant_only,nssS,0.199282026758234,-0.03137378659355859,0.03489095022207716,0.20495826549496388,0.031207257213958096,-0.08717359095071257,-0.14731090859539464,0.15325345139337138,0.1633330756395723,0.30324722975831,0.23177976306216186,-0.13196808797257442,0.004677617759977452,0.0021825868970990958,-0.08422054971247965,-0.06217027190259309,-0.03805592021519636,0.13445223581457258,0.26336615956154746,-0.279829191295231
primary_remove_constant_only,naaS,0.030275005048419894,0.06597069037462899,-0.10726351338691881,0.16304526191602864,-0.30487218595649024,0.009474593218007699,0.12624757259905708,0.019425109343066328,0.21231059157010543,0.29074838354703536,0.05291870066368316,-0.04037728975637647,-0.09080239071540762,0.1496621662952703,-0.21922517123531265,-0.06344545977799704,0.012107558485191483,0.05509114055566493,-0.052853447370230316,0.09487753522566317
primary_remove_constant_only,ndssS,0.03878241558738814,-0.032309673125260896,0.04108578839184666,-0.08284522490755465,-0.02649042668349108,-0.03645893354575512,-0.01518450689159993,0.0034472358170791156,-0.10280821333516338,0.07350594483845344,0.04471405147247452,0.0519340021906755,-4.8965348424529005e-05,-0.04077680526748958,-0.008357004079629594,-0.006622102756196477,-0.06091158678188158,0.0182030387340249,0.06573332012262256,0.16452212221942614
primary_remove_constant_only,nddssS,0.12393354130187247,0.12089370134798971,-0.08164684645428559,-0.1999663243781943,-0.1599584322756052,-0.2490121928460954,0.001026873225479682,0.005319770927798164,0.12964061765165202,0.3545198691195273,-0.33634799679015726,0.06965960938116049,-0.0475109865215025,0.16182166497796613,0.14968370500598985,-0.02510072148243389,-0.34352586001678337,-0.2170983960346338,-0.20043857497580872,-0.14675393921329136
primary_remove_constant_only,nsCl,-0.09770573729498273,0.08425913959586677,0.00974881356506675,0.10068352502045073,-0.04896986595164094,-0.024220282295325947,0.008928501015997823,-0.001610251256314608,0.009785398458667485,0.27554919558707475,0.07353509047218743,-0.10378655834288024,0.0714264869266074,-0.2212880729559747,0.18223610975018498,0.1338021926580792,0.178571954039935,-0.11248546448204726,-0.30784877916973274,0.05549823466054888
primary_remove_constant_only,nsBr,-0.13570869351227677,0.04815035135391256,0.09145430920856107,0.03471362543578514,-0.11659669305630055,0.0317306284623531,-0.036813729149665644,-0.12468742757703252,0.05253150802932757,0.34777152548264445,-0.043769236535821085,-0.2184057883769965,0.10235382251492882,0.09868375632563699,0.30535294976497135,-0.032413308402313996,0.25318365730124837,0.03027267582872579,0.17320863754464344,0.03367397346668821
primary_remove_constant_only,nsI,-0.035325595750517906,-0.009109207993626623,0.06305196298129426,0.023137601080529206,0.04250094106050829,-0.10254082549014487,0.008446592725996791,-0.063210835775935,-0.007686999942455816,0.22090484103143943,-0.09083771596106098,-0.1304067676013828,0.07450127848700445,0.16905312548675028,0.21790955002049786,-0.03186959220116676,0.31450678296962903,0.16623586959373776,0.20230007897424798,0.219542913966405
primary_remove_constant_only,SHBd,0.44409002936957764,0.5933872493005007,0.17465395464455669,-0.035130974261566604,0.3524121574003373,0.3992163573396151,0.05506378658240769,-0.16577391519213056,0.05987240286798691,0.03461697225445369,-0.03120219038784676,-0.01949113257095894,0.028643026261058076,0.0676956045121473,-0.12131802919743001,0.1080629485387455,-0.03882542618148177,0.06863179623185665,-0.005053101558475613,0.013926413120933689
primary_remove_constant_only,SwHBd,0.05728034926620227,0.03639981885039693,-0.04145530840690924,-0.17335345056510443,-0.0019959423328914975,-0.12089066028062423,0.1288992475227092,0.03122611662367106,-0.3036938952186476,-0.06595463783804253,0.4562545054351683,-0.5200105675496719,0.08277236612337756,0.28715289290299784,-0.15316029279833598,-0.0232033187511603,0.045198320563576165,-0.1752613275857046,-0.32078699561437424,-0.17118906159779027
primary_remove_constant_only,SHBa,0.6729766032382389,0.5922412311871998,0.047447624532873836,-0.37083083535287326,-0.02588057451487443,-0.03783749837089089,-0.1168336242593412,-0.06346156820411616,-0.08669123291149494,0.020509923138784133,-0.03052016833470436,0.004477181192643735,-0.005540410457778454,0.027543279860643012,0.006647424738343782,0.029830518605037683,-0.042030239680890584,-0.00998715172238106,0.028608705261398824,0.03719781955039477
primary_remove_constant_only,SwHBa,0.25421496832094687,-0.3813528201924843,-0.7184698995331251,0.21319112301758592,-0.01262555447531277,0.1122216748884107,0.34264810238187593,0.09363201915178261,0.05350508538917885,0.007634192088974533,-0.09445813041347026,-0.0513268445369952,-0.027173990816206986,-0.0023607145322572954,0.08752542792245119,0.065500952527575,-0.08613141018858858,-0.10836533595755272,-0.018252395520535217,-0.04624573464579031
primary_remove_constant_only,SHBint2,0.6235871128884176,0.5128950173885279,0.3352019638550753,0.14670225734404457,0.0026954476653736803,0.04849323981756687,0.1992227538506377,-0.029831856101489217,0.0415140016266185,-0.00876096990573792,-0.019824447478035894,-0.0654146931360353,-0.02904917692596527,0.01577096413224781,-0.06475518784954302,0.03139042637983153,-0.049255365716118354,-0.08281181115100983,0.08678653318244892,0.049025413893062524
primary_remove_constant_only,SHBint3,0.4510216908750031,0.4810613175841459,0.3824841180762404,0.07760633348495626,0.16367353103238963,0.23488868407067973,0.0131794707947457,0.021691420674873566,-0.15387434187815285,-0.003235642039539917,0.015485499460732102,0.029118208664864784,-0.01050367611458384,0.056704677163633345,0.0459702216955386,0.03901864526140678,0.015376970517817896,0.01278221109720092,0.0545962538929689,0.016961281995044618
primary_remove_constant_only,SHBint4,-0.1196158495811079,0.35816191500292804,-0.01801167753854246,-0.18011904545816124,0.11697512389281284,0.009102890374002054,-0.29303576328501424,-0.06409330766964348,0.18329473601503066,-0.19848512693191608,-0.03508807041025665,0.04733961034874228,0.01959884038837629,-0.017625481586854785,-0.021611946912583044,0.08261511164693719,0.10339978991812995,0.10691048451829563,-0.210326819985727,0.08819104171135575
primary_remove_constant_only,SHBint5,0.4786344338590684,0.4629421430015569,0.31545368843233584,0.11817162971916581,0.14309940241219438,0.19956119767329508,-0.12730838497041336,-0.07593419404569987,-0.0065304518290033725,0.0029179111465500304,-0.012341621061561675,0.057750987660328955,-0.02080603354857577,0.03604272654792963,-0.05121824653501979,-0.003673519437963496,0.01878295048966276,-0.004342898799063799,0.0370101063013809,-0.10749782930525399
primary_remove_constant_only,SHBint6,0.4637877689518402,0.5621098154592836,0.3571796359144706,0.061436529213379186,0.17232596617310825,0.09596287333814883,0.009026216929346697,-0.09334718799277647,0.031699445166154055,0.0076075897743526286,-0.11608879564573223,0.012077409217807828,0.02431760832009238,-0.03989843482298276,0.048801261250256495,0.039025407087938085,0.021190871732380063,-0.09237889413438621,-0.0045277707114298816,-0.023716772078356454
primary_remove_constant_only,SHBint7,0.48529236933212244,0.44033041480127144,0.11584061150500283,-0.039052869869988384,0.08777402410548733,0.1279308952004757,-0.1303117128583629,-0.10219246920718203,0.07845516128711622,0.05115095778104818,0.009056424792235205,-0.032913385304417106,0.03563712989950857,0.01150826742305783,-0.0646792102297989,0.13136180964479013,-0.06554190108302857,0.0237479169992038,-0.05175574742530255,-0.0865110571963113
primary_remove_constant_only,SHBint8,0.5685351062110467,0.4390326011356583,0.3882757177430397,0.1117440250483823,0.026422440149767513,0.25623213601581857,-0.0012194819220184227,-0.17150872223508057,-0.10536911557324778,-0.03559272464472341,-0.031996427056936866,-0.039506097314036606,0.03997782197094915,0.0017658661924416829,0.06261484157009718,0.0785618277657832,-0.06150396749023981,-0.023401248790006792,0.06952829526341649,0.02570405215416351
primary_remove_constant_only,SHBint9,0.560019069779885,0.4863337847345993,0.29520306567804205,0.051006203358553256,0.1652474926099379,0.20524354738713071,-0.03811289533822364,-0.07372104760777258,-0.025258168162319534,0.05393562232625969,-0.027564000239923402,-0.011095319110198728,0.019552957988538292,0.002176192884655717,0.05085869578177859,0.05756803336084479,-0.06752951746819374,-0.05900013482064249,0.02801329041951972,0.011579399634726945
primary_remove_constant_only,SHBint10,0.35318922835757155,0.2933023994396303,-0.01915622966843607,-0.16631293000896508,0.2033247581498228,0.3439580240867821,-0.06488254987616038,-0.07975380891849575,-0.09563702563769264,0.21458161413595,0.1261257759113306,0.10352017532137078,-0.026187091870687938,0.17254748281138899,-0.038925525693590576,-0.028138785315153927,-0.14994602960988238,0.07892124871058062,-0.04444150575037679,0.0069657189570486115
primary_remove_constant_only,SHsOH,-0.12057369542754998,0.25580953556881936,-0.2974278327249829,-0.43114972930090417,0.5280518652029378,0.3637889998031841,-0.034471686436805545,-0.21430011080836278,0.11502547202023058,0.11186292797884943,-0.008174485297993724,0.0127787955865842,0.027305810496727506,0.05919869311774559,-0.15974251197934553,0.023540333614983713,0.008236546685765277,0.15385747406681893,-0.06288339117261085,-0.002911452204849048
primary_remove_constant_only,SHdNH,0.5960053336290817,0.4256011490797438,0.3966250458429893,0.24220699036006993,0.15012573629589882,0.20091913782944637,0.08185332773455135,-0.05579218485118169,-0.03174305035146165,-0.0027066792318904743,0.0413650279800091,-0.11584364167260255,0.04920290809962831,-0.078547179437335,0.08917928240801104,0.005332900018925511,-0.0863267701154034,-0.11695603538611557,0.08926267126048039,0.00026053332244050704
primary_remove_constant_only,SHsSH,-0.01397370291826737,0.022648700464234322,-0.0061650576662884765,0.01889267942904138,-0.04103557163170518,-0.03130719140178722,0.1312057517458172,0.04371819140915206,0.12197964849600043,-0.06552922390489772,0.22665772842354623,0.39889076760144526,0.7834380887881801,0.24368785668498494,0.1224207609552072,-0.04018521247270558,-0.08322238234271503,-0.04923752523278355,0.04016531874213014,-0.023612786210579953
primary_remove_constant_only,SHsNH2,0.6092588864498929,0.4330102338238138,0.41764064009623925,0.251668765995216,0.13095560613797308,0.18656348432090333,0.08701717134879162,-0.04779996021458071,-0.002628000523481151,-0.025902141576511193,-0.006683552167689025,-0.08892234973779377,0.05255055244180146,-0.12248542029198142,0.055008897382867454,-0.054840585052316086,-0.05595318774107267,-0.0990497858753398,0.06025652482207662,0.03764129125473403
primary_remove_constant_only,SHssNH,0.5493846982394958,0.46101604065471435,0.35588587576721414,0.3553726468283472,-0.048045921627582394,-0.0697784743687115,0.0835996867555968,0.07914345951627327,0.062498774995692515,-0.008037913808346852,0.02414740666665157,0.02823383608328097,-0.09873974097389003,0.07100946359669746,-0.07685619057778416,0.0948676604285099,-0.07798876877039851,-0.02869077948149217,-0.02819709277307538,0.1161307463076709
primary_remove_constant_only,SHaaNH,-0.025999316858108325,-0.101736836532293,0.1659311158746266,0.12936166215983058,-0.5593132192418461,0.22558050706413285,-0.015109915397754385,-0.3126050122861958,-0.27710253504279403,-0.23436201628823833,-0.16862313496969014,-0.052350244609515116,0.06989388083257123,0.09957212324654686,0.0883075318590379,0.20245336131543837,0.02917668590565205,0.18820939663137923,0.08532927491584101,-0.266309831296927
primary_remove_constant_only,SHtCH,-0.029051799873642772,-0.07111637616963098,0.18146835159581579,-0.15231407744700068,0.046933961112020424,0.3017646862291746,0.028996901779063264,0.5804551241725507,-0.06740000178491876,0.05431026519564533,-0.22321565653360229,0.0801410061139324,0.005636092348737733,0.2529138041879817,-0.18631905839004723,0.38466819204493297,0.27503576749111724,-0.2602172867681554,0.09594594207062378,-0.02471363359676307
primary_remove_constant_only,SHdCH2,-0.08868145723837524,0.006076332003410793,0.18526424136156386,-0.21371295292669562,0.04636922787377692,0.15646133392937642,0.15221570298856393,0.168304925207717,0.21636080169895608,-0.1327364881267966,0.3041688520283509,0.1865492112033156,-0.3955180980639253,0.17101114092146538,0.5518037164520293,0.06355752552282919,-0.03053139627145666,0.19141774348509666,-0.0643712642288125,-0.14900084527887075
primary_remove_constant_only,SHdsCH,0.06296912169287722,0.1685538881883079,-0.04515202470611301,-0.47007017400237144,-0.08141074958584445,-0.05167078899038357,0.5921024094115859,-0.033353508323133614,0.3539840927573263,-0.20706445447541746,0.09500241973383702,-0.1616852165817115,0.04902929614327997,-0.07689968516221957,-0.09777540397687387,0.0004273079110098803,0.11232654267880074,0.07624451035273566,0.15084461620765233,-0.01326127141750829
primary_remove_constant_only,SHaaCH,0.23590037156222804,0.09403345985158046,-0.8735431515694285,0.02446009535280547,0.01023114430645579,0.0512474731139205,0.13702112561877294,0.056624900912611506,-0.060457443401211536,-0.0033330693834671362,-0.09502597344388061,0.02570395916655408,-0.029439417276336127,0.010792635093377181,0.0431477261167148,0.06208956802937718,-0.19388827826263955,-0.1078617467017942,0.005537753190634374,-0.0019888828544044113
primary_remove_constant_only,SHCHnX,0.05047754211043568,0.03858871682318396,-0.03751823347585835,-0.17259849646301875,-0.0019729294056346175,-0.1151716069471814,0.1312840439954394,0.026857128272161343,-0.2973034497313118,-0.05663591609195156,0.46263461075894763,-0.529741346060615,0.08396815047627608,0.2931998566361178,-0.148956031303725,-0.026638325663808776,0.05255888068399598,-0.17600224493415584,-0.31258527360187766,-0.1652906251003539
primary_remove_constant_only,SHCsats,0.8311536917891615,-0.26463087559655774,0.27477505717649864,0.059466499379836155,0.16696850244183992,-0.04585866838567855,-0.1491341439914137,-0.025040353325628147,-0.09267721758729336,-0.019003452071551526,0.06191842990143239,-0.00010990811691614744,0.02047419424462339,0.037200560663614206,-0.024298194258852112,0.052824541906433826,-0.04667116010828006,0.05952196125239272,0.026659016659645266,0.0018503118735305906
primary_remove_constant_only,SHCsatu,0.6593657930168858,0.22309655786333565,0.34557023111605734,0.05039389440481098,0.007243940388241043,0.05713220585602943,-0.10762816652194135,0.014289571705283409,0.08531112158606984,-0.21390057028740625,-0.1546000714530776,-0.1559814710795634,0.02141459325252128,0.14943982324962343,0.17459314197780934,-0.04547911738007097,-0.09753720102218191,-0.11723601496962062,-0.0231140141796813,0.06602646405120341
primary_remove_constant_only,SHAvin,0.07746552693132265,0.1767504300776958,-0.19778646841698658,-0.39215598898562054,-0.13080695629685637,-0.007806028296362185,0.5563538700304138,-0.05998532783026866,0.2967573695656201,-0.1320210830398108,0.02484092254710934,-0.11763445449526075,-0.006224502808494208,-0.0004360074968915921,-0.11000687213713883,-0.07020664885271284,0.08449593230114115,0.04442313852338398,0.18117323736219326,0.0006153361443765077
primary_remove_constant_only,SHother,0.24011127370047444,0.12979726032706954,-0.8515432402788317,-0.09074525771825853,-0.00690558507598884,0.04361584154603504,0.27301655423701215,0.05342299269133682,0.02951840364162175,-0.05505164335366731,-0.05973878652031534,-0.005099550496862931,-0.031623599165999834,-0.000863950571794427,0.03945932339543664,0.06264617579883273,-0.1637726726503843,-0.08050574448225217,0.03734480730668587,-0.010289484907424519
primary_remove_constant_only,SsCH3,0.31508532607383893,-0.17324393233959576,0.4198432070852101,0.036560035061178296,0.13701122043027192,-0.2418923418243652,0.25235198202609144,-0.13526934536992347,-0.1584832905512342,-0.1436078298750768,-0.13828916980736178,0.2628505708794386,-0.06335010677165141,-0.05766747410527432,-0.06768084033056357,-0.3095066503293213,0.33033116786999955,-0.07698113249915853,-0.10787468512048648,-0.20873682337565835
primary_remove_constant_only,SdCH2,-0.07560287267185216,-0.05595174713293486,0.23987825530981416,-0.2381698799268393,0.04861751713964919,0.16481703089890368,0.15387030705445812,0.19062086130861852,0.23198301553467424,-0.12095914595609487,0.2960331808701381,0.18435366863521904,-0.3885631709059836,0.16304714395784647,0.5403414285482478,0.06792549539386766,-0.04400139294512188,0.16188724259251894,-0.078240254358491,-0.14164141964595817
primary_remove_constant_only,SssCH2,0.41144154832064944,-0.6871363459683333,0.016510047186542722,0.12112493362376023,0.15738592409212646,-0.11436470296173065,-0.16464759109544913,0.02414052232211634,-0.0981795298057523,-0.019306991745534,0.11067648869627558,0.0569945512642004,-0.023896534283968426,0.12187323943714323,-0.051713443597866164,0.07908949432965091,-0.023051162867563462,0.20964930031580833,0.007468498458572114,0.18099827189715884
primary_remove_constant_only,StCH,-0.022367818702661708,-0.09599600188421897,0.20537245164902918,-0.16679111974742727,0.041819774061369365,0.30044567865971084,0.03011287148956217,0.5876493451772838,-0.05358757316065562,0.05526393649889791,-0.21792976078881598,0.08009721706794824,0.00269643462904601,0.2481119198706061,-0.18395126519913518,0.3779330308566901,0.2686466041015655,-0.2632967390118671,0.09208454717940612,-0.022856716459802633
primary_remove_constant_only,SdsCH,0.06578195706147935,-0.02590227470367663,0.13745768573921044,-0.46145595810708284,-0.0662908557771004,0.017514774333505206,0.5164964544995576,0.03631587739153472,0.42636492696795114,-0.1660295742318941,0.1411543171231871,-0.14612127976803502,-0.008410892583399542,-0.02928150944345908,3.642915315726492e-05,-0.01080745433928288,0.014333998820107852,0.025621000798320196,0.08390833317086385,0.030353604548872343
primary_remove_constant_only,SaaCH,0.30098366018049466,-0.20599990314308847,-0.7831269889730954,0.22980907034654013,0.04196279936607658,0.023977751371385046,0.2513491481313069,0.01943770524647745,-0.04691500571979604,0.028509640181885464,-0.10700855118689495,-0.0013490854257288526,-0.021521969214304795,-0.02978437591034311,0.0433461024584666,0.08817935824204791,-0.17361011989778377,-0.12274889587357783,-0.0030968635703494947,-0.03612149208516598
primary_remove_constant_only,SsssCH,-0.48923453874515044,-0.6165940420068933,-0.08027778380326443,-0.11668970326113223,-0.04021209597705526,-0.08506940549645946,-0.01735976022228676,0.09250011120339396,0.13020568153403514,0.052512663548026084,0.08775735240241181,0.12795112179654902,-0.052209172318045574,-0.08183893026433854,-0.18044605565679206,0.017237569325124182,0.01617752663120196,0.15397130890336053,0.1033838252892505,0.10496206441273188
primary_remove_constant_only,StsC,-0.08220364417656281,-0.006186151817526235,0.13307064761242582,-0.0148171756848544,0.021695351197308185,0.24601013924222276,0.04691505427169281,0.7270359773402066,-0.16989165624319533,-0.0010342240656398755,-0.24457851288955607,-0.14256076149188998,0.1360202898809614,-0.04502880764658015,-0.013335118295650301,-0.19977053183907825,-0.021965088443812706,0.22596456773094262,-0.023229912620652386,-0.06401616522626778
primary_remove_constant_only,SdssC,-0.2697361245586088,-0.5815081827473908,-0.07539268553021398,-0.007099467817450765,-0.08043984892473426,-0.04191548841209731,-0.12807666985125896,0.058464390548804035,0.11642872228014903,-0.14949939727981018,-0.09284839988288095,-0.22717552062105326,0.0808452340001672,0.15465142943873,0.19801094461364013,0.004168433502226398,-0.1030209330728708,0.05189062893766101,-0.13501085525057477,0.08584618812051861
primary_remove_constant_only,SaasC,0.2729850879073009,-0.44558550265764285,-0.41437246650819437,0.3391368702623428,0.06979232423019573,-0.07434832558458344,0.18068201429374303,-0.058982326360476234,0.10290882496359792,0.1256171770224665,-0.031858857491727566,-0.04769467339434735,0.016081914055496194,-0.07389111435149735,0.0006328575943253307,-0.05278269456325271,0.17196452534984835,-0.105817788395632,0.05214790477904421,-0.1571501234684406
primary_remove_constant_only,SaaaC,-0.10909018613702877,-0.02135864166261996,-0.19434482437758843,0.290417780235638,-0.35868063962123614,0.49884352541200716,0.1479252962688254,-0.1501609037410307,-0.1129182434245345,0.04098756225263208,0.025232871567584664,0.0747793503892577,-0.059011427934418104,-0.010332192435743966,-0.013748625399250572,-0.0394791788572593,0.1038649229361623,-0.03624637811289672,-0.14232900316961128,0.14423546687753316
primary_remove_constant_only,SssssC,-0.08563891124846561,-0.16954170904847785,-0.003915653267366345,0.43819375151048756,0.2786782894868505,0.14188432560059183,-0.06470534653737063,-0.034430942534811056,0.4336201042315696,-0.08947848841061457,-0.10354972101743831,-0.1418262866359197,0.021050655597687318,0.213217062744537,-0.0463696178287758,-0.0758577448166195,0.130292792504234,0.025060160625564768,-0.2650094982627562,-0.15934853965720927
primary_remove_constant_only,SsNH2,0.6111134300829018,0.42931951901517473,0.4164931337694351,0.25173256490268997,0.12865142496234702,0.18716150602201584,0.08532419527863433,-0.04584831651506898,-0.002377671906323479,-0.02328950727085441,-0.005855742421758775,-0.08732249551863568,0.05299000352650829,-0.12227057246166309,0.05431013226395543,-0.05641575247799266,-0.052960385621019644,-0.09392420373705226,0.059115648688752596,0.039708377179712054
primary_remove_constant_only,SdNH,0.6015772485212244,0.42463686598950867,0.3888759288852975,0.2382803137885719,0.14722722193699922,0.20654034646385808,0.07660190021529106,-0.056922850564911025,-0.028639838864877764,0.0005937690665501529,0.04267477015338998,-0.10928111379071244,0.046365534707703875,-0.07535358872805792,0.08941087046716927,0.013449190388504357,-0.08730193196661468,-0.11263958725902146,0.09448633886384432,0.004169566211384578
primary_remove_constant_only,SssNH,0.603776803201614,0.4258428006901473,0.38100466270381866,0.380571991345288,0.013446987364184657,-0.040040307885334414,0.10560467580248334,0.040093740512252014,0.017922537848778265,-0.010820198283039685,0.009721502667800919,0.028094851219421912,-0.0838438122208228,0.046439147298982346,-0.045734944368787445,0.09947902228311538,-0.07216369764629547,-0.01209619254349467,-0.030828393380051996,0.10315216920978457
primary_remove_constant_only,SaaNH,-0.0028831455345220205,-0.10417719584959043,0.11652367279348631,0.1614245503054614,-0.5074959552758683,0.22814970757030678,0.021289610036970982,-0.30460248900132414,-0.2640317027154679,-0.23416669557268135,-0.1755803988733857,-0.036791056195852795,0.053190870106062035,0.10818770208231165,0.0775222587484765,0.2186661388839934,0.045693907988090754,0.20125595559898196,0.05736378413082827,-0.2774174034784173
primary_remove_constant_only,StN,-0.0876617052503559,0.08987129968985996,0.018842364661088882,0.09573978421736705,-0.015088205576443121,0.12756946951839362,0.018852414853572984,0.5460405623948679,-0.16614235035641595,-0.03428200709637704,-0.15968855482803074,-0.2291318909184543,0.16802498486639444,-0.18418623930320344,0.06587004490735922,-0.4510920895402748,-0.15973563215664952,0.4176382300905768,-0.07603251080232774,-0.06515989614434611
primary_remove_constant_only,SdsN,-0.10457541186522286,0.1921823639491332,0.06188756276745826,0.057485846462134414,-0.021854889748794,-0.10684415114449,0.019100118305911424,0.0759390561859054,0.34118337203623056,-0.11306491128337631,0.12201540508330679,-0.052407432986788904,0.17638399401347885,-0.1645165630828796,-0.03493366146522446,0.1838603765995124,0.10643734868729589,0.047952838644730676,-0.053255309287603386,-0.06624204245520282
primary_remove_constant_only,SaaN,-0.16971117547131975,0.14286630926116023,0.09384979896957121,0.3584994489366367,-0.4799536881701417,0.06184295990875599,0.08023431617128783,0.08942062148600514,-0.06050979651752727,-0.01127352073093804,0.24991893687559738,0.14511111298600007,-0.1130320388983326,-0.0114958671473679,-0.0410644605737899,-0.0438602049587122,0.0861745795680001,-0.08403720765660283,0.06636524129254677,0.01646459084183952
primary_remove_constant_only,SsssN,0.3739143919019539,-0.3126157407831326,-0.3360580605440373,0.12889792788169058,0.1111270396625648,-0.22331421514264224,-0.15343690476642477,0.12409552453562471,-0.03106677037398305,0.0180771401804736,0.15226473988504702,0.040397352223682036,0.04984339562452235,-0.2920973555867187,-0.007155096482674119,0.28334926177254716,0.06636201449095751,0.13661747217674775,-0.03506644933011976,-0.21422996401188604
primary_remove_constant_only,SaasN,0.08170944071774977,-0.0860735725271489,-0.16941820025450377,0.2234093435708788,-0.19215978622726698,0.18385979578507508,0.12447094829831735,0.009651798371732795,-0.046280073944433384,0.06398998388864219,0.1966585800853512,0.29855810120544996,-0.05293644909091747,-0.10628768492145423,-0.04292940577535149,-0.18419999111360194,0.23704827031885142,-0.08553631888394982,-0.20434094022595256,0.195245995492164
primary_remove_constant_only,SssssNp,0.008227697728321735,-0.011908371843339345,-0.009421062317039553,0.006019349251601185,0.00987519711168642,0.021959851766323323,0.027915596290291476,-0.021695053265389647,-0.028851916870664476,0.018758180891714642,-0.007397551764713317,0.07335841557971971,-0.01661250028244009,-0.020295948452612636,-0.00769792843571497,-0.08536180660959852,0.07067272025637596,-0.05152812889988427,-0.08583929948179622,-0.026483238624775036
primary_remove_constant_only,SsOH,-0.015878703367724727,0.0606417589463132,-0.2165680083897077,-0.4784514761675176,0.5521742847200545,0.3877448399646784,-0.09188911797323825,-0.18668757840690783,0.15352528340318455,0.1483153912677376,0.021883678355143352,0.039513098365251964,0.022052679143272875,0.04908469303551556,-0.14599394020085146,-0.011496790168314251,0.02135547179245616,0.13520178899663748,-0.11650064273746305,-0.004269759831711985
primary_remove_constant_only,SdO,0.5661909472795008,0.49562350659470494,0.2763114525456963,-0.027331750638682584,-0.273914673028367,-0.19530134503277882,-0.024332816268838525,-0.0444098389307528,0.17074050055525153,0.0395212995340892,-0.2816048015474949,0.001973456207689003,0.013106704613466344,0.06680263259934241,-0.004397389341756644,0.049091382209593346,-0.07547336989106018,-0.04752489050679278,-0.11546718713505273,-0.031824896142284426
primary_remove_constant_only,SssO,0.3759701218285384,-0.12867472467621147,-0.4335259897053651,-0.07159820442166966,0.13870410591097942,-0.24785709797202596,-0.39917117500330646,0.08416273393516022,0.08049211014451335,-0.20381316491746554,-0.04128334272126349,-0.04184046138533511,-0.027697818133607884,0.1381862006656011,0.12133137300851021,-0.19524326377095325,0.13512127113389388,-0.1558734466698007,0.20388143744861517,-0.0640985800591368
primary_remove_constant_only,SaaO,-0.23348591489402076,0.3010641956376194,0.026059285981571763,0.1486876589605142,-0.18671153200922597,0.10122405400225373,-0.11392488611372258,0.1562561340155986,0.05928966511571177,-0.0286870426691796,0.213969878071203,0.06807571324548871,-0.21741777898552986,0.18066762803545539,-0.0834449098191969,-0.32057948128880026,-0.01422266294667365,-0.0977258840873005,0.09982333231467537,0.03603976122746514
primary_remove_constant_only,SsOm,0.003807522270709125,0.10383552770732599,-0.013089907021055574,0.012066768517139264,-0.09255915211311756,-0.06956468950802659,0.015902334282331836,0.0798761302680454,0.0982135584506746,-7.558191147413711e-05,0.06671238317343285,0.18273833977468024,0.30337349452331686,0.03544640784432831,-0.03808629679167501,0.028915529853146677,0.0011404708505221926,0.13960544596286595,-0.14549186586180266,0.06920082349447323
primary_remove_constant_only,SsF,0.014559466719007508,0.27137458306238094,-0.07015767928592817,-0.5152251849376458,-0.2227546947051308,-0.09020901612468012,0.07585366210521291,0.04321062506801707,-0.5718879575510285,0.01730798251139062,0.2862970895988446,-0.0161371625661016,-0.0028111974266887014,-0.11632876715397282,0.06136399317854995,0.10409173050924977,-0.06075775046140052,0.05685008127883214,0.2063920290620466,0.1507952154544703
primary_remove_constant_only,SdsssP,-0.023619317226992415,-0.019133325171442978,-0.01980081839364145,0.050324614360188,0.056031685438386776,0.10375242362786552,-0.0061730570221231506,-0.028398987647173864,-0.021823284255807807,-0.09971284133359277,0.1000740154911565,-0.0316659847989465,0.01779088442685858,0.011058198985579925,-0.10300977670452541,0.027576110569176287,0.08893211833100119,0.1510407829811881,0.03859927210503737,0.10191026797151363
primary_remove_constant_only,SsSH,-0.013973702918267368,0.02264870046423433,-0.006165057666288475,0.01889267942904138,-0.04103557163170518,-0.03130719140178723,0.1312057517458172,0.04371819140915207,0.12197964849600046,-0.06552922390489774,0.22665772842354628,0.39889076760144526,0.7834380887881801,0.24368785668498494,0.1224207609552072,-0.040185212472705574,-0.08322238234271505,-0.04923752523278355,0.04016531874213015,-0.023612786210579953
primary_remove_constant_only,SdS,0.0051525130995418245,0.032359783257236624,0.046660121093415094,0.09538194673099226,-0.035386959439537,-0.2159231472443927,-0.07264521277414183,0.1451096222399834,0.11367655077967911,-0.005279612130565363,0.04358812312356358,-0.05395989217710652,0.06714095640885158,-0.2241429097889698,0.0315741692196507,0.37653488201346125,0.005673462127911409,0.21984448784910068,-0.25732457908983664,0.07025381576733924
primary_remove_constant_only,SssS,-0.25078109578148755,-0.010887117725832673,-0.035668527424147924,-0.21205328448149546,-0.0398890052548072,0.07249745421801461,0.14744633675265456,-0.1406350407904199,-0.1574216916497466,-0.28994852552096234,-0.24516670748669084,0.11737066868435576,0.0067291921303936,-0.00044180506747395484,0.09196692270290695,0.054504957134558996,0.03795714077588449,-0.11454788352679815,-0.27239929961849985,0.2971006394014731
primary_remove_constant_only,SaaS,-0.05429577961172338,-0.06822824825043888,0.1414429992711271,-0.1220572988064971,0.2942485624690994,-0.03588986049496627,-0.14310190921552546,-0.0027263969985689657,-0.20689640091161415,-0.2843983256957063,-0.0450184087894971,0.04029100379442493,0.07903604406622686,-0.14551471204248453,0.22639075908469353,0.060662620791173745,-0.028784943502227114,-0.0773386619129844,0.06701339639082214,-0.09809446711691512
primary_remove_constant_only,SdssS,-0.03878241558738814,0.03230967312526089,-0.041085788391846643,0.08284522490755465,0.02649042668349108,0.03645893354575511,0.015184506891599924,-0.0034472358170791148,0.10280821333516336,-0.07350594483845342,-0.044714051472474516,-0.05193400219067549,4.8965348424528876e-05,0.040776805267489565,0.008357004079629594,0.0066221027561964765,0.06091158678188156,-0.018203038734024898,-0.06573332012262256,-0.1645221222194261
primary_remove_constant_only,SddssS,-0.13226687850655844,-0.12269710646474716,0.0912216192906359,0.21096491312990268,0.1597887799592862,0.2428046216194595,-0.0023590764239418216,-0.004571733875656564,-0.13312979393299984,-0.3494381352332993,0.34013596293937154,-0.06694531172444786,0.046369042411702185,-0.16655609006689984,-0.15263408282446123,0.02699671211350702,0.345961916000841,0.21519712812792063,0.2019505907026116,0.1408958260806634
primary_remove_constant_only,SsCl,-0.08325792550256386,0.051158975653645064,0.011796491501359634,0.12937304251101164,-0.05612673245245972,-0.02488402529787731,0.026311669003120042,0.0020220596810525864,0.011791408660175248,0.2681739309148406,0.09059744664453798,-0.11129510912845589,0.06199202934424766,-0.21636424754208283,0.17830173437512983,0.14695274415616943,0.17370422761552415,-0.11388234253899884,-0.314468567685713,0.05967015645401221
primary_remove_constant_only,SsBr,-0.035637014024522184,-0.06409039754445099,0.03426390420368648,0.1171275904095965,-0.068660906887871,-0.00028847550993667373,0.05607886866488042,-0.06528759693771191,0.08887621895976262,0.1355453963160835,0.0010824977697041008,-0.20059097066209175,0.08709622158690176,0.030054193390992755,0.10180940212712947,0.018566603580345883,0.1668206016720271,-0.019898522931343397,0.15129909467715313,0.04369696364765578
primary_remove_constant_only,SsI,0.03627085335010039,0.008022370303299147,-0.06319277589814458,-0.02387454068404578,-0.04427359558896653,0.10433240533823387,-0.00866237126971484,0.0628614404388287,0.008761542027767714,-0.21859234128562902,0.09048970896022983,0.1284242739327083,-0.07325649774067249,-0.16951066623357114,-0.21545983448240336,0.031247032271469525,-0.312004407168835,-0.16570301110416286,-0.20191622497804151,-0.21853152173954515
primary_remove_constant_only,minHBd,-0.29966621250017567,0.3455572695058193,-0.19126455476040952,-0.13123504815298803,0.21053826756765892,0.16723831975756748,-0.014030654343031081,-0.22849609402141519,-0.07491546267875722,0.05101435395818766,-0.027888790014652394,-0.05874567391386671,0.09367028997672924,0.07043257751331457,-0.03155712018407836,0.10352512853836406,-0.09578024545935471,0.06661638169069146,0.07036867522418085,-0.04534205099529153
primary_remove_constant_only,minwHBd,0.0543758477947486,0.03616315854312874,-0.03739630535872772,-0.17144091533699776,-0.00061901689672262,-0.1201693504174462,0.14100773606591466,0.028587370520356887,-0.29257610154540276,-0.06424157988723676,0.45064900454912543,-0.5177001103380444,0.08166844477586381,0.2815306570540544,-0.16185340820848731,-0.02532805066343223,0.04460998950586032,-0.1737072344967932,-0.31785625227417846,-0.17723190253772791
primary_remove_constant_only,minHBa,-0.30314772341030166,-0.08127334824902785,0.30763302930392894,-0.287824094569179,0.25884139831523395,0.22981842898297117,0.06703261729332,-0.03256129434811465,-0.12068075238254176,-0.23770124129189635,-0.2123299816188485,0.024640959616745714,0.014604136900123339,0.07464791154251431,0.15354318900023875,-0.06198163979988752,-0.13105806968344574,-0.08780345493719983,-0.03801935054727917,0.20644450260001598
primary_remove_constant_only,minwHBa,-0.051225701199132036,-0.6405669074223648,0.18996047840240848,0.39129365231912616,0.11871072608551621,0.1664004787146087,-0.07686984650387663,0.05870343169655626,0.16899587492198448,0.10714541606950742,0.07122068582242332,-0.033660990232623006,-0.003190918479553131,0.033070672037118096,0.1192525723353686,-0.036121999261605156,-0.12490024820122751,-0.16032359334185306,-0.14882342694941011,-0.048328200071990395
primary_remove_constant_only,minHBint2,0.13151378012068937,0.22372863400860835,-0.10651503632805194,-0.22490825506749612,-0.16833222296141326,-0.21715268601391682,0.4213614982128621,-0.037141735664580455,0.08707867466365207,-0.07573799847703684,-0.07532075820031604,-0.08283211409427906,-0.04736673532651042,0.04244662824646231,-0.26727084174854804,0.03274932885770301,0.0572505536519622,0.039397620974779626,0.13479452664172945,0.0800228861776984
primary_remove_constant_only,minHBint3,-0.11226236568363153,0.17681864880029488,0.04429200648739172,-0.16996568730059328,0.06602545956141097,0.19451416389024284,-0.0441295968744068,0.16192326370745244,-0.25138307376990304,0.006174091869943059,0.06182874076391655,0.10320508888446406,-0.06120571622240751,0.14995146998750572,0.04156586048176513,0.07001549703716153,0.0661110579774217,0.17091923043732687,0.03740115112817511,0.061388569113801736
primary_remove_constant_only,minHBint4,-0.13390948012694534,0.3031649258808655,-0.029912888295846537,-0.14727243665500314,0.11152017686981847,-0.04130458730778393,-0.2558745624523744,0.017013243060446746,0.08874495908017456,-0.26691308371616806,-0.022684377324620066,0.012829740437006533,-0.026354445634378717,0.014126882970563174,0.1530587932941751,0.03140312307867502,0.0810986695898714,0.02416733813928849,-0.11250502378935832,0.11742010873208754
primary_remove_constant_only,minHBint5,-0.06329050009372206,0.1416802918669456,-0.055622015809414706,-0.011454623690010192,0.10948062487303362,0.08533456692227842,-0.23379660933177535,-0.026413298452529505,0.01055707773470931,0.0589575922075907,0.07756454478103106,0.10197692760972882,-0.09136478131836563,0.10393677036228317,-0.08316542441279852,-0.054334611249324836,-0.013891001070302821,0.08453459036579022,0.1258351407317573,-0.1829141358429063
primary_remove_constant_only,minHBint6,-0.18588852012086135,0.31759719578306433,-0.00872528445631958,-0.20859681831543092,0.11944584052085112,0.004117376742235062,-0.08964041715948319,-0.05684708487994791,0.07457825008874504,-0.11961350912130155,-0.11133128879334572,0.05189755337801748,-0.03235061111420258,0.010727331083870665,-0.027394939939318044,-0.05304702156487838,0.21167216791396543,-0.005685591132596333,0.027188334038228446,0.030624159336915886
primary_remove_constant_only,minHBint7,0.10760694753193077,0.16158835044233166,-0.22824195292900362,-0.18335038230158945,0.05511644694142755,0.06061555548574567,-0.20939322116523304,-0.08117964868574344,0.17220235929541036,0.04523561659555263,0.01360867655347562,-0.06044754109484857,0.05903025606839807,0.05643000026486186,-0.16249256998112938,0.10741806724091477,-0.009512718035876156,0.08704553111894826,-0.09060449543156095,-0.1289037179685903
primary_remove_constant_only,minHBint8,-0.033692178170073174,0.0529943383255419,0.035801556817889345,-0.14249492817529663,-0.23497352055619383,0.17593051582670569,-0.10739022655442691,-0.22327357522380104,-0.072492363262022,-0.10688791052199903,-0.1447250788633081,-0.06864858964969711,0.059965230617932436,0.15923419054532037,-0.016857968054314616,0.1344540372586547,0.009885701631448104,0.16831138206197352,-0.040874145150178016,0.056391530000590856
primary_remove_constant_only,minHBint9,-0.09603444221627498,0.2286622711285637,-0.05228465008843006,-0.24507877383733795,0.15002014255416776,0.12059321465501553,-0.13092251388269818,-0.014569646577504007,-0.08878208665685156,0.023199985267108432,0.05452302966401586,0.062110718142523856,2.7881878328410674e-05,0.001252538345134735,-0.037701434308371896,0.061526660679934196,0.10611435665690719,0.0836061776609143,-0.03502741633441511,-0.05863206514664183
primary_remove_constant_only,minHBint10,0.03916956727392106,0.06822006569629359,-0.22593213493757183,-0.18582281091378147,0.24318910603858354,0.2906192855759259,-0.06530074557401132,-0.021110250999272537,-0.17923101891119705,0.14152018806298028,0.1836449653978354,0.12862120357750548,0.005079539122706492,0.20591640968996847,-0.06486999815553676,-0.009690638415558554,-0.07175870240555546,0.19506000138675403,-0.057885683456463576,-0.042705030328088874
primary_remove_constant_only,minHsOH,-0.14919466757958724,0.14280283606433317,-0.344793438970714,-0.31873014189852544,0.571131694979907,0.22897222459013428,0.03476562825289755,-0.21926984313312176,-0.06587198774702825,0.12115330195359846,-0.027964981694840393,-0.022777394155247165,0.03222352405279343,0.051893493409260236,-0.03514791956758191,0.06535741203710577,-0.04841688002054067,0.06926716988642688,0.0031888441463371487,0.03560997931776539
primary_remove_constant_only,minHdNH,0.3573711930496373,0.3163334735378577,0.3397530512698556,0.19463584746722062,0.10344764257289685,0.06984209156775101,0.10429356930828863,0.006126943255020957,-0.0227630671855192,-0.05470934301409783,0.04688242292128937,-0.16713272393084214,0.06935563942673212,-0.10918635857498188,0.047877119831002436,-0.08980006224732698,-0.03838036088762142,-0.1039645871308319,0.019718279336753713,-0.0712324563686291
primary_remove_constant_only,minHsSH,-0.01397370291826737,0.022648700464234322,-0.0061650576662884765,0.01889267942904138,-0.04103557163170518,-0.03130719140178722,0.1312057517458172,0.04371819140915206,0.12197964849600043,-0.06552922390489772,0.22665772842354623,0.39889076760144526,0.7834380887881801,0.24368785668498494,0.1224207609552072,-0.04018521247270558,-0.08322238234271503,-0.04923752523278355,0.04016531874213014,-0.023612786210579953
primary_remove_constant_only,minHsNH2,0.16651389956418808,0.19613057505639736,0.1906172454134442,0.16269707716969936,0.005705749782777723,0.030018696528923146,0.07235548955748466,0.06858343667752412,0.08478457921349598,-0.08028791039035366,-0.03598846649034322,-0.11450777440475529,0.07072866854863342,-0.1899034968320416,-0.03375835172752374,-0.15437328993179256,-0.008149241893340297,-0.0311763835038845,-0.014403511538781104,0.09831742156646855
primary_remove_constant_only,minHssNH,0.12812568341760644,0.2359516335069217,0.08949751380671618,0.3047898667291242,-0.2591597346779718,-0.36424915430068705,0.05573563332417634,0.22060087338868647,0.1368189031534047,-0.015004162633176839,0.016750149378518354,0.06981131601205579,-0.1671411230484906,0.1520855901575926,-0.2009823860505014,0.13911295537065962,-0.08762661780943343,0.09532947390698568,-0.13503170703649128,0.19954738547834444
primary_remove_constant_only,minHaaNH,-0.02408416385609459,-0.10599774329660568,0.17420654498753754,0.1240590754445883,-0.5620838326351424,0.22181344316639137,-0.018375629328559517,-0.3153877034992833,-0.27839131447586823,-0.23700673313136358,-0.17009025786329265,-0.053403926791989825,0.07210749127465291,0.10059918105970517,0.08508612664207739,0.2006835998600148,0.02913140515743325,0.19314640450299853,0.08268071652162855,-0.26086846862888674
primary_remove_constant_only,minHtCH,-0.029051799873642772,-0.07111637616963098,0.18146835159581579,-0.15231407744700068,0.046933961112020424,0.3017646862291746,0.028996901779063264,0.5804551241725507,-0.06740000178491876,0.05431026519564533,-0.22321565653360229,0.0801410061139324,0.005636092348737733,0.2529138041879817,-0.18631905839004723,0.38466819204493297,0.27503576749111724,-0.2602172867681554,0.09594594207062378,-0.02471363359676307
primary_remove_constant_only,minHdCH2,-0.08868145723837524,0.006076332003410793,0.18526424136156386,-0.21371295292669562,0.04636922787377692,0.15646133392937642,0.15221570298856393,0.168304925207717,0.21636080169895608,-0.1327364881267966,0.3041688520283509,0.1865492112033156,-0.3955180980639253,0.17101114092146538,0.5518037164520293,0.06355752552282919,-0.03053139627145666,0.19141774348509666,-0.0643712642288125,-0.14900084527887075
primary_remove_constant_only,minHdsCH,-0.001151852586855929,0.22705269826806274,-0.02959429051636632,-0.4317655292917431,-0.06864328494417107,-0.03060492454155059,0.5395831861372975,-0.02039682293735944,0.4054071798250329,-0.22510553130359948,0.11080641729132565,-0.14005024459308968,-0.0070945743339322085,-0.07985225277293874,-0.08927358701987927,0.026098859594024103,0.10796453539119563,0.09207035322167402,0.14346605066411539,-0.02586515399281439
primary_remove_constant_only,minHaaCH,-0.2795533711164268,0.5089205116937884,-0.502748490391031,-0.014119647701170156,-0.020669008499285192,-0.020122423742845823,-0.2225451034638982,-0.06475129650127907,-0.14542094123371713,-0.11901912836654176,-0.06868673665110024,0.06672733539265523,0.029788039161250345,0.050945187803477295,-0.014134430536051646,-0.0440548368782662,0.129541115454273,0.0997468747723416,0.07594075398629033,-0.02590933517777641
primary_remove_constant_only,minHCHnX,0.04708337616332716,0.03847412069481561,-0.033200191694525705,-0.17049681646100381,-0.0006111279405113995,-0.11394733074932571,0.14327495766154102,0.023919554807229935,-0.2856051421046731,-0.05423320172341335,0.4571236034739841,-0.5276553084100506,0.08288522452996812,0.2878073187665603,-0.15709464351480587,-0.02895263579522278,0.05245045965595344,-0.17435689202850102,-0.30882087893653115,-0.17067952366409075
primary_remove_constant_only,minHCsats,0.3815488477666037,-0.26689946795972286,-0.030373323974396887,-0.10095402039157003,-0.08062539727950752,-0.2004566346950862,-0.08519994769017253,-0.03227152659062752,-0.029428819073461707,-0.010141822262759973,-0.09571311578522601,-0.009381660604876534,0.03767034057988116,-0.007893700597318155,0.011928525445232967,0.07752781390465453,-0.06417911086492334,0.005225401121904488,-0.08090970247224911,-0.13504711217421841
primary_remove_constant_only,minHCsatu,0.25398377228872804,-0.024991998314059495,0.09794616864864363,-0.0343512081279768,-0.18457560045957355,-0.18052203049203217,-0.17021803877965486,0.061121965705728906,0.10287135044282206,-0.34004199868222357,-0.2093168150696288,-0.19590915254498736,0.0030618554464944634,0.244981358014408,0.1681317490123735,0.0014907366090779039,-0.08356194900317682,0.006859368943083906,-0.09707388796024234,0.08233873647885187
primary_remove_constant_only,minHAvin,0.043143672026526796,0.19450520338959776,-0.16426643636910093,-0.3943307591403948,-0.11158134606132405,-0.030888914819728153,0.5861107851764323,-0.059936649579437236,0.2775117131956364,-0.16262884646808204,0.06336978279066344,-0.129151724742584,0.0017011705636024647,-0.01608194642024729,-0.1451014119155236,-0.05091822649682394,0.1111661014953523,0.07550061444812645,0.21880726508288567,0.016007542408835226
primary_remove_constant_only,minHother,-0.29522995481902486,0.5363967264596453,-0.4226091354950399,-0.0993932973865872,-0.023241487697704087,-0.00020760762695279565,-0.275761536450136,-0.014567801584064885,-0.12114019873231023,-0.1481357197159714,-0.048168365799460475,0.0623727123281796,0.03955619408245349,0.03967354029472955,-0.02851505315152363,-0.05983726711827863,0.11876579490922552,0.07244445493736629,0.057984137287621376,-0.009908283473954114
primary_remove_constant_only,minsCH3,0.127476309741923,-0.2909494080068755,0.30173469676264325,-0.015243521473038448,0.0013840799804746553,-0.2284077785994299,0.19799616270699724,-0.141980865099954,-0.12090528560538549,-0.12304199174140679,-0.11330094637024889,0.20815169913017584,-0.03190347453205437,0.04392035102260817,-0.09000489906223155,-0.20052797654342036,0.28441823022456714,-0.004746207692072168,-0.08124649153619308,-0.16876960562930007
primary_remove_constant_only,mindCH2,-0.07560287267185216,-0.05595174713293486,0.23987825530981416,-0.2381698799268393,0.04861751713964919,0.16481703089890368,0.15387030705445812,0.19062086130861852,0.23198301553467424,-0.12095914595609487,0.2960331808701381,0.18435366863521904,-0.3885631709059836,0.16304714395784647,0.5403414285482478,0.06792549539386766,-0.04400139294512188,0.16188724259251894,-0.078240254358491,-0.14164141964595817
primary_remove_constant_only,minssCH2,0.12075169047158424,-0.6469700582140949,0.05630912771423974,0.1756821427018722,0.1070073574673159,-0.06280376916808939,0.036634133296440205,-0.02715972413719122,0.0789859377572192,0.04166850518472499,0.03362264690303223,0.041747598687341125,0.00012465722894036956,-0.10139019530273176,-0.029190634856694028,0.021190854803965365,0.026869620215065393,0.07081222214959093,0.05355947579002348,-0.08103470759456198
primary_remove_constant_only,mintCH,-0.022367818702661708,-0.09599600188421897,0.20537245164902918,-0.16679111974742727,0.041819774061369365,0.30044567865971084,0.03011287148956217,0.5876493451772838,-0.05358757316065562,0.05526393649889791,-0.21792976078881598,0.08009721706794824,0.00269643462904601,0.2481119198706061,-0.18395126519913518,0.3779330308566901,0.2686466041015655,-0.2632967390118671,0.09208454717940612,-0.022856716459802633
primary_remove_constant_only,mindsCH,0.012057847693509115,0.0213541804760449,0.1522778080315901,-0.4297452310387837,-0.05988556210474601,0.042717332933628026,0.4852427200650791,0.059586018695810455,0.4788431614663749,-0.1864580899034053,0.14457294628158987,-0.12305837606307603,-0.062451816419926275,-0.019829169645537593,0.013217020771467688,0.007903694289086455,0.00528260765119339,0.035195289130794796,0.08818748196589488,0.017349657388552892
primary_remove_constant_only,minaaCH,-0.04602469105386811,-0.29413601937474765,-0.3072131602573058,0.5165088794751488,-0.08354758601190718,-0.1243902804419551,0.10063384494309585,-0.15020750400089727,-0.032293828503232945,-0.022233232316734006,-0.18968197468853235,-0.06349232818961172,0.05447989452243436,-0.010131666416370881,-0.04885412810286148,-0.014205598562958995,0.12968217163046633,-0.025358549077161674,0.05294427479864907,-0.09295732404558417
primary_remove_constant_only,minsssCH,-0.30874189154390613,-0.26741245158733795,0.06684002093400858,0.24660256191581145,-0.015349503688203668,0.0578327939468867,0.131574189936281,-6.818050363964326e-05,0.14559984863134254,0.07559686530669231,-0.11903040390260902,0.29397546324522555,-0.06241479638762999,-0.22669144180071638,-0.08717313428509982,0.08049125627602796,0.009818308710426497,0.16170742858109305,0.21465794294733712,0.16576563423692706
primary_remove_constant_only,mintsC,-0.0884533741612981,0.010032022421575526,0.13201337328607973,-0.017510182544655417,0.02202493150959899,0.27130162552075543,0.04127505671933978,0.7815285565870143,-0.1828714523544691,-0.011479286670680763,-0.26113841559266965,-0.1435573823831023,0.14435738472930837,-0.04040554434508873,-0.027115504917250413,-0.18648928654393743,-0.0040338874881156225,0.22049755382176234,-0.025858003867427853,-0.06497122745456727
primary_remove_constant_only,mindssC,-0.016324125329060937,-0.5063335277309828,0.08363269773203097,0.1525267264643457,0.16151091910049895,0.17165544556474335,-0.1760945700573786,0.11533795634474503,0.0740464375311339,-0.0461363411632987,0.07245892274838364,-0.13463278109432403,0.033767880758093706,0.12693973211072487,0.28355961441981825,-0.016757866191492297,-0.17546762309435812,-0.12297849410801026,-0.15065529301275135,0.06455751914697468
primary_remove_constant_only,minaasC,0.04874840220701042,-0.4412627526335923,0.16377761174572142,0.5674019270804459,-0.22286238663373464,-0.09204319542879551,0.0930996716096788,-0.08329049346791317,0.2131807983358707,-0.038628325279234564,-0.1578194532702602,-0.14823659621071267,0.022927317023572997,0.03368608697589347,-0.046091532209972204,-0.008207457284959986,0.03700721991789984,-0.12562801858418887,-0.01574760430730109,-0.1305944315999867
primary_remove_constant_only,minaaaC,-0.12410638052119688,-0.0033967350495160632,-0.17880964639057434,0.28322405504128917,-0.3543530350048199,0.49243690358418374,0.17337988817423083,-0.18010664197684334,-0.13628704117436663,0.04577061865485104,-0.010290890279466922,0.07845035595260341,-0.05822362955607468,0.04846739166764513,-0.022421347889519022,-0.01831462793612057,0.1290651988008064,0.033456774554988286,-0.16371157484163085,0.09122745795103973
primary_remove_constant_only,minssssC,-0.08366743647056618,-0.1728215441851213,-0.005732698987764334,0.44917608620599564,0.2803146004346391,0.1457798830140823,-0.0823744856732789,-0.03609311015080915,0.41619315260226813,-0.0788490039091727,-0.10125219831580853,-0.12719190139668532,0.026601207018811086,0.20638805406482488,-0.05259631170948434,-0.07967529590319768,0.1325539873644231,0.03360333932433957,-0.26427111227479005,-0.15223475174053047
primary_remove_constant_only,minsNH2,0.2147807865879489,0.2138649297333209,0.2167398551837423,0.17492271710315271,0.010364942097278172,0.043342436114239005,0.07418158936482246,0.06499899900329445,0.0787391473881314,-0.07511387401496973,-0.03511789036045834,-0.11017091003361904,0.07242472647338201,-0.19110795747983175,-0.03002514154289567,-0.15908102156548726,-0.001690380484772752,-0.025934049644661818,-0.014613384267601273,0.0984563612449893
primary_remove_constant_only,mindNH,0.3893052532922188,0.33178218583273367,0.34708383152853667,0.19446381514196684,0.10117603443033567,0.07949602198857297,0.10152838638618322,0.003939682457481703,-0.018864145390143958,-0.05598835954692268,0.048899241601136366,-0.15914793940488614,0.06683364691919456,-0.11071150540286943,0.04785556806244107,-0.08591402673426467,-0.03574705497673717,-0.09972808712573906,0.026158495186932397,-0.07408189396525319
primary_remove_constant_only,minssNH,0.19451995365329264,0.15926705514428893,0.08590025591435001,0.3575451063353187,-0.19469295307496032,-0.3576809945598035,0.08464409780551081,0.18736237753351903,0.0807053123187404,-0.020389198558795583,-0.012546441657656254,0.0900937012193972,-0.16979234226289802,0.15941466720200184,-0.17245158480216072,0.18416211232550367,-0.07881801775620347,0.15260277492589547,-0.17354724953971143,0.20754939655612664
primary_remove_constant_only,minaaNH,0.0012365085013435158,-0.10875161224994974,0.12306475245291333,0.15646314368087152,-0.5112005702009037,0.22474730527454465,0.018771870871517726,-0.3080420296434916,-0.2666141038312942,-0.23810209339618693,-0.17794736096284167,-0.03637743996181646,0.05478648884164439,0.10985581370350556,0.07367246713110003,0.2183485473900676,0.04649591952062669,0.20840539270722114,0.05336674352493903,-0.27402259752073843
primary_remove_constant_only,mintN,-0.08980302791263756,0.09839831245894305,0.011947349267706462,0.08986858614730704,-0.010144557429022441,0.1304229781214536,0.016638749970011236,0.5405872202293063,-0.1737738030109198,-0.049348842161243654,-0.15913928349020126,-0.22052844854345632,0.16697332659230824,-0.19140885440465277,0.06836710074547386,-0.4419961405502815,-0.15646840697535522,0.41063126659953236,-0.08279757569337061,-0.06176135577423608
primary_remove_constant_only,mindsN,-0.10942495548042101,0.19528109447898961,0.064361702824872,0.053221439167576344,-0.012712595953901744,-0.10823123661046263,0.01361731561286464,0.07372260153836777,0.3445289434999133,-0.11499183046114969,0.11764339750052173,-0.04882471367042974,0.17975186312449218,-0.16047727082800137,-0.03638917783509717,0.18659151738878418,0.10506712542618202,0.04840030061976692,-0.055609421043487844,-0.07313509696508007
primary_remove_constant_only,minaaN,-0.24935769607020702,0.1880010173238708,0.10569947160263879,0.321102030706382,-0.46240564051846245,0.17096089150062113,0.060604118555054265,0.04985849372558943,-0.10474753918608183,-0.018496453271090684,0.23259793258686876,0.140326323390742,-0.11831394304042724,0.026010872381895988,0.0027660675782814888,-0.029365364447771776,0.04994482586785628,-0.07617709031123537,0.06759547521828178,0.0315193592679551
primary_remove_constant_only,minsssN,0.3920111049425298,-0.33693632781659516,-0.39664532523950835,0.10203717004547272,0.18410144344189142,-0.199087067213985,-0.13722048336791043,0.07085821295669684,-0.06170738695961804,0.003596702921780678,0.1617190104065175,0.03232568573587933,0.03500310735558578,-0.2035229762517916,-0.026461831917762184,0.19387711193015558,0.08265103800323408,0.0882001200466981,0.07395886044196198,-0.26683967186180874
primary_remove_constant_only,minaasN,0.07706058082110073,-0.08857879161610736,-0.1712254129354196,0.22522746147877867,-0.19146959762046759,0.18107773376325553,0.1253899271161828,0.010159227920721532,-0.048700040590752385,0.061275892927314314,0.20007744529986266,0.2978896503691132,-0.051347829687964884,-0.10644166317935333,-0.03977365835379333,-0.18176581018926663,0.23853547111217355,-0.08599409553733968,-0.19887978967533249,0.19350181075685927
primary_remove_constant_only,minssssNp,0.008227697728321735,-0.011908371843339345,-0.009421062317039553,0.006019349251601185,0.00987519711168642,0.021959851766323323,0.027915596290291476,-0.021695053265389647,-0.028851916870664476,0.018758180891714642,-0.007397551764713317,0.07335841557971971,-0.01661250028244009,-0.020295948452612636,-0.00769792843571497,-0.08536180660959852,0.07067272025637596,-0.05152812889988427,-0.08583929948179622,-0.026483238624775036
primary_remove_constant_only,minsOH,-0.014169141476797816,-0.1258520969818966,-0.2345029579610679,-0.41675898615448914,0.6092827928847133,0.28456899738232294,-0.008740586366561696,-0.16282544272695712,-0.006525279095266122,0.1692276328274954,0.01616969553337221,0.0063931215019156894,0.025853856930752952,0.0268561657678339,-0.046445382203994745,0.025820684177459714,-0.026673973516323446,0.04092292272217525,-0.060419463997952776,0.05025674658955156
primary_remove_constant_only,mindO,0.13053945859663885,0.2702638196935495,0.08688781266041598,-0.19774232911205933,-0.43826392338014075,-0.3306927449394404,-0.03342893639640577,-0.13962149550195996,0.21286056304564396,-0.07523917199569315,-0.3713192953880389,-0.03411268064127082,0.054574373615987166,0.09596129912511013,-0.10489975751891681,0.09081940064976639,0.03610238121707525,0.10906300981435701,-0.11512716503501186,-0.023348381163604857
primary_remove_constant_only,minssO,0.31943660084933123,-0.10272008266633871,-0.40932789105866424,-0.03434096851896924,0.16127082633138481,-0.22910853178418336,-0.27294371100107745,0.02004628235185719,0.04944769108995742,-0.10086179803741789,-0.04059637710994412,0.018365171000480053,-0.05398569779029281,0.16057796776551178,0.024118860788637404,-0.20045456553301308,0.2036902139247409,-0.057711878305849756,0.13062710985032147,-0.07618880975500544
primary_remove_constant_only,minaaO,-0.24258495076540326,0.30632180706052026,0.028309529928291072,0.14224144038577333,-0.17663216712603352,0.11647206742189904,-0.12110601389648416,0.14235421651369642,0.055593716158908124,-0.023541948717366378,0.20850763287890164,0.08382313416583292,-0.22157436464083094,0.18388820005715972,-0.07698632158686546,-0.31254658125071594,-0.010526886825508603,-0.09139784912660377,0.09518562815931957,0.04226741998045649
primary_remove_constant_only,minsOm,0.005666554666534529,0.1004788731813903,-0.020119595127673463,0.016442465785252696,-0.10363746290798259,-0.05444755283031361,0.02294219323394779,0.0861030908971192,0.10704082202756476,-0.0033361302641207605,0.07521622142226839,0.19825048286323493,0.3390704054349091,0.029923338047989377,-0.03588321670425793,0.026860482263828426,-0.008554180174811517,0.13979964129765915,-0.1593691359847502,0.06427191926984388
primary_remove_constant_only,minsF,-0.026782796333182174,0.26414769202663857,-0.11116443545237951,-0.4418733934739028,-0.13622638521395036,0.005881735713320691,0.08022631836035311,0.06539241889938291,-0.5061346405977108,-0.03337087893474188,0.27350691965939145,-0.04806813464554401,-0.0036585699288683043,-0.07430813373709617,0.08151365444478345,0.107356544022491,0.007816017564429562,0.1119491118065944,0.16061632349139665,0.09722116717315421
primary_remove_constant_only,mindsssP,-0.023619317226992415,-0.019133325171442978,-0.01980081839364145,0.050324614360188,0.056031685438386776,0.10375242362786552,-0.0061730570221231506,-0.028398987647173864,-0.021823284255807807,-0.09971284133359277,0.1000740154911565,-0.0316659847989465,0.01779088442685858,0.011058198985579925,-0.10300977670452541,0.027576110569176287,0.08893211833100119,0.1510407829811881,0.03859927210503737,0.10191026797151363
primary_remove_constant_only,minsSH,-0.013973702918267368,0.02264870046423433,-0.006165057666288475,0.01889267942904138,-0.04103557163170518,-0.03130719140178723,0.1312057517458172,0.04371819140915207,0.12197964849600046,-0.06552922390489774,0.22665772842354628,0.39889076760144526,0.7834380887881801,0.24368785668498494,0.1224207609552072,-0.040185212472705574,-0.08322238234271505,-0.04923752523278355,0.04016531874213015,-0.023612786210579953
primary_remove_constant_only,mindS,0.0051525130995418245,0.032359783257236624,0.046660121093415094,0.09538194673099226,-0.035386959439537,-0.2159231472443927,-0.07264521277414183,0.1451096222399834,0.11367655077967911,-0.005279612130565363,0.04358812312356358,-0.05395989217710652,0.06714095640885158,-0.2241429097889698,0.0315741692196507,0.37653488201346125,0.005673462127911409,0.21984448784910068,-0.25732457908983664,0.07025381576733924
primary_remove_constant_only,minssS,-0.19832991995978438,0.026013273689987453,0.019232129863183907,-0.18787925079433043,-0.03449863476424787,0.09235318750486313,0.16117159762704195,-0.14181344354420294,-0.15134362028063067,-0.2713471773359144,-0.2508743777776361,0.09301078962140957,0.020888501529580463,-0.0076688098600127316,0.11034498729871212,0.05285324806305266,0.03285214847819841,-0.10849188965864273,-0.26651772870431417,0.30657090944011267
primary_remove_constant_only,minaaS,-0.06679251540914281,-0.06531426779895141,0.16543996817891085,-0.10433707875329953,0.2845100854762838,-0.06074831533697601,-0.15518292628974903,0.006997743995649078,-0.20055656239075373,-0.2719099046185842,-0.04676138972935945,0.038119441218421125,0.07277770024865779,-0.13953409852872858,0.23213594948397934,0.0615864358122825,-0.04197298094635773,-0.09320017324737508,0.06838222661630833,-0.1008176858545387
primary_remove_constant_only,mindssS,-0.03878241558738814,0.03230967312526089,-0.041085788391846643,0.08284522490755465,0.02649042668349108,0.03645893354575511,0.015184506891599924,-0.0034472358170791148,0.10280821333516336,-0.07350594483845342,-0.044714051472474516,-0.05193400219067549,4.8965348424528876e-05,0.040776805267489565,0.008357004079629594,0.0066221027561964765,0.06091158678188156,-0.018203038734024898,-0.06573332012262256,-0.1645221222194261
primary_remove_constant_only,minddssS,-0.13226687850655844,-0.12269710646474716,0.0912216192906359,0.21096491312990268,0.1597887799592862,0.2428046216194595,-0.0023590764239418216,-0.004571733875656564,-0.13312979393299984,-0.3494381352332993,0.34013596293937154,-0.06694531172444786,0.046369042411702185,-0.16655609006689984,-0.15263408282446123,0.02699671211350702,0.345961916000841,0.21519712812792063,0.2019505907026116,0.1408958260806634
primary_remove_constant_only,minsCl,-0.07452204191639995,0.043424269269657687,0.0033283558809241607,0.15105872274138804,-0.0703471240887482,-0.026882415748845118,0.03807101924077023,0.01658447476554569,0.015604785770804694,0.23911122961273973,0.093883368514243,-0.11299470149568179,0.052914295440909476,-0.21209444647903902,0.1568626728746254,0.16153568607710256,0.1345021363886545,-0.11062768045961091,-0.32674993173126515,0.06380199800149702
primary_remove_constant_only,minsBr,-0.03431980145355439,-0.06715707328865758,0.033514500567724925,0.12079038595386038,-0.07777777623187875,0.012339680605363945,0.05619901148207228,-0.06115914254773355,0.09254324009167296,0.12021665713627443,0.01804969986292036,-0.1919344899809679,0.07903357663951996,0.02568572378909231,0.0899700281975187,0.018677982621251615,0.15439495025960012,-0.02114469378099156,0.14297018055383484,0.03749741575585719
primary_remove_constant_only,minsI,0.038746616468327354,0.009407632046706322,-0.06490212197500429,-0.022365554671688912,-0.04215581300338365,0.09810044656409098,-0.006804303027599691,0.06230821683681378,0.007884075401658336,-0.2024289270082031,0.08691487928606953,0.12133767618165506,-0.06963968158829784,-0.1587854828404898,-0.19824069048930032,0.028208731266438018,-0.2842389703341895,-0.15274399153809987,-0.18614106025156485,-0.20453088497504274
primary_remove_constant_only,maxHBd,-0.11713668505636782,0.3706064028099141,-0.13014329597697455,-0.2758998248547989,0.25838066164288526,0.24836200201883588,0.14650563051982257,-0.2475823054470274,-0.0578801407874503,0.05300182636996686,-0.05971848611873409,-0.03406587720319845,0.062084381035233636,0.12588116005888636,-0.1874516100910036,0.15725043810359352,-0.04771315933962028,0.18835112231471776,0.03738607861472076,0.012228132891459294
primary_remove_constant_only,maxwHBd,0.05636323649167452,0.03658858377163888,-0.03985319602519644,-0.1738758103913432,-0.001352264687071628,-0.12154860068502071,0.1357757174446155,0.030220094979837735,-0.30088451467442257,-0.06568086241870637,0.45735511832687764,-0.5232205892217238,0.08293032456510147,0.2868413447530707,-0.1586005053113577,-0.024414820112094438,0.04529151389414212,-0.1759714064503108,-0.32204532888513515,-0.17550814021612704
primary_remove_constant_only,maxHBa,0.20954724281334927,0.2885369695779396,-0.022816807196983466,-0.49491028150709243,-0.25478761825247903,-0.10986148132254596,-0.15133279608756373,-0.06952511306585495,-0.07704637126001897,0.006207487447042103,-0.09999101354103858,-0.011060871067434074,0.028068893177677346,0.10025188798391986,-0.01138858569739483,0.13281567719357928,-0.010442713701389638,0.17750351325357663,-0.10967511319044855,0.015739845041576807
primary_remove_constant_only,maxwHBa,-0.0742601750639518,-0.42102393245021785,0.19071870341014097,-0.11074528593664312,0.016082425282416088,0.2890801962879957,0.20783131085357284,0.5462104090891985,0.11032722691817828,-0.0021298532129619,0.0281361306195434,0.09382238112202214,-0.20492803228223658,0.2144774901492787,0.20586071170915712,0.2583627190600353,0.1323971132665993,-0.06278275286615853,0.013136168368564525,-0.1000904936160794
primary_remove_constant_only,maxHBint2,0.20561449617088262,0.31713181017436265,-0.01723197383407524,-0.13120451620960832,-0.22441570029667188,-0.2463149586117382,0.38833073007854124,0.01609044602932506,0.1194183277629743,-0.051386969959721876,-0.056468535186527405,-0.07975959814818039,-0.07728412131424812,0.06682836285900036,-0.2906310524534449,0.010986049679070168,0.03138693912710729,0.04381909199239999,0.10947311937065403,0.0890932110117023
primary_remove_constant_only,maxHBint3,-0.025764618262986993,0.28035641096478714,0.1265984799461905,-0.11439212121002505,0.058931713974601896,0.18496589878730468,-0.047628094163613674,0.1669660185947573,-0.23243487600875912,0.017052634388981493,0.07001629648827382,0.08946680876127282,-0.0673519915040485,0.15143390597628714,0.03153034423105913,0.06188832297893001,0.06617345436809209,0.16143273905665947,0.026429255761768383,0.052727529497251395
primary_remove_constant_only,maxHBint4,-0.11628737663728309,0.39398021481090734,-0.05069881432919703,-0.14951072738174276,0.0885436857041947,-0.019284078833449403,-0.30517708901720497,-0.0190371998295998,0.18266655842932925,-0.22977309018413192,0.0049635784850413246,0.030339482302615618,-0.007755996052470916,-0.026741181916941314,0.029961655951958346,0.09306886911698353,0.1251146832153128,0.1081022875401602,-0.1740192724507198,0.09099088942991086
primary_remove_constant_only,maxHBint5,0.09573653996944798,0.29054310775494757,0.05919362951062141,0.03757836569220597,0.09596433367366204,0.1106873771839082,-0.2644630726753324,-0.03945661564220188,0.020746042581780456,0.0361074107899388,0.043203408970002674,0.10674523124796158,-0.0765673459066184,0.09636601922070884,-0.12248436103146765,-0.04364927438560248,0.027048935253716433,0.09055256463439616,0.06489223514801626,-0.20908708524733802
primary_remove_constant_only,maxHBint6,-0.07292562098897212,0.4562528413611227,0.05194375132925992,-0.19631921332940028,0.158433703910682,-0.05669026223441735,-0.09173263068883203,-0.08556566205377292,0.13972985080340913,-0.020297672769116676,-0.1625718041112355,0.0635101921747366,-0.003117577739114781,-0.007945942239361216,-0.04038708276919551,0.02407930764368633,0.17028326512625191,0.013191208169185132,-0.04299520761733089,-0.04115672860160357
primary_remove_constant_only,maxHBint7,0.21907087126762784,0.27548259962761795,-0.14150454989284614,-0.13814778697723776,0.0644720798617547,0.055848308030278015,-0.24818015481624303,-0.08338580590830758,0.19248774788825596,0.05203558264276506,0.0024296258977307096,-0.03688750728468224,0.048245434196421286,0.047402070644734784,-0.1549713433357003,0.14997015893249274,-0.013915253209557903,0.11239961776378987,-0.13257697987165298,-0.14238025410284966
primary_remove_constant_only,maxHBint8,0.08495135295930872,0.15270276254548382,0.11550936334567449,-0.11450761243026059,-0.21455198541405635,0.2015484906178388,-0.10254352280996286,-0.2380454896641152,-0.0683109597358173,-0.11557006088948153,-0.15503393900053825,-0.054167326539690246,0.05532501391571051,0.15338036382082101,-0.022924201396221092,0.1197306081740841,0.018894583553964468,0.15735198861753943,-0.049070596995456274,0.038174439151937384
primary_remove_constant_only,maxHBint9,0.08996630960162715,0.3323132814893554,0.028837893305551386,-0.21646084614279099,0.13621654835816144,0.09679921939593647,-0.1268895319394056,-0.007327297108455142,-0.03583646164056774,0.03660131839732819,-0.0015759156339568666,0.06789353193859474,-0.01030552238742536,0.031891050770476326,-0.027023977512741496,0.06999024773606684,0.06737949273174063,0.0857747753407406,-0.08819857348977875,-0.04700127245658858
primary_remove_constant_only,maxHBint10,0.20199569567567058,0.12394250427894848,-0.15795913880166867,-0.22238593266825146,0.22668581957234968,0.33871318205361894,-0.07500751840661077,-0.0288080057985192,-0.1265204382462646,0.19458204127595607,0.15001374176265667,0.12917975440156146,-0.010138905798371657,0.23439104147021428,-0.06873892509558847,-0.040599399181294134,-0.09952250123973584,0.16848784304991402,-0.10740479019334921,-0.02865884160576204
primary_remove_constant_only,maxHsOH,-0.11603969323748467,0.1382213269992309,-0.31654155275038376,-0.435651975575308,0.5622235818774811,0.2609497105046534,0.09802320804732481,-0.22616428324582247,-0.024738466160920746,0.13360666277803626,-0.019706444981606997,-0.022027252306600884,0.028319908977185154,0.03775188932600546,-0.10605381258133191,0.04300906927670051,-0.020416887935579837,0.10536392238122214,0.0060439987038351595,0.05128448097665404
primary_remove_constant_only,maxHdNH,0.3785108496661918,0.3275546612545955,0.3507384278809924,0.19920964664930804,0.10763074232214864,0.07693810351255036,0.10545479309684923,0.0011237966622170289,-0.02495841794906835,-0.053996993765199265,0.04469497195641073,-0.16352552761396222,0.06852013019351116,-0.10913971700677162,0.04995061513239302,-0.08840357406656175,-0.03890906492868907,-0.10616557880806851,0.021624060336567774,-0.07025428765165727
primary_remove_constant_only,maxHsSH,-0.01397370291826737,0.022648700464234322,-0.0061650576662884765,0.01889267942904138,-0.04103557163170518,-0.03130719140178722,0.1312057517458172,0.04371819140915206,0.12197964849600043,-0.06552922390489772,0.22665772842354623,0.39889076760144526,0.7834380887881801,0.24368785668498494,0.1224207609552072,-0.04018521247270558,-0.08322238234271503,-0.04923752523278355,0.04016531874213014,-0.023612786210579953
primary_remove_constant_only,maxHsNH2,0.23902285719713467,0.23971138811905782,0.2380595153288085,0.18203609436841667,0.024303196263011813,0.048766161816214,0.08008305070165679,0.054181765722390925,0.0741988935887282,-0.07918389668520308,-0.03640178784514682,-0.1140311853082388,0.07128478926615792,-0.19021716446959427,-0.024776979802635796,-0.15436165133951968,-0.010476889422599696,-0.04254532686556398,-0.009461444042363964,0.08843064210951901
primary_remove_constant_only,maxHssNH,0.17293267263737422,0.26233060895132854,0.11838786054694722,0.3189241304635567,-0.24759578104381075,-0.3512392051460718,0.061011680961755056,0.21469232313335562,0.13352299758649425,-0.013717877406493953,0.016233284666430817,0.0715306421332067,-0.168000404549903,0.15172320647826315,-0.19673294582832096,0.13661203624426824,-0.08614845548547338,0.08662985757887559,-0.13402761064530236,0.19558570353488575
primary_remove_constant_only,maxHaaNH,-0.023541209793340633,-0.10527018356596808,0.1729221188341533,0.12393607797725478,-0.5629893270815511,0.22222589249098956,-0.018445287530475946,-0.31512087049647297,-0.2790387349792813,-0.23708339764070768,-0.16997004088832202,-0.052606856000432814,0.0717229831825871,0.10043863595773496,0.08537149987602338,0.20113565151319285,0.029169979204319907,0.19315716457554055,0.08292136205206221,-0.26240510768168634
primary_remove_constant_only,maxHtCH,-0.029051799873642772,-0.07111637616963098,0.18146835159581579,-0.15231407744700068,0.046933961112020424,0.3017646862291746,0.028996901779063264,0.5804551241725507,-0.06740000178491876,0.05431026519564533,-0.22321565653360229,0.0801410061139324,0.005636092348737733,0.2529138041879817,-0.18631905839004723,0.38466819204493297,0.27503576749111724,-0.2602172867681554,0.09594594207062378,-0.02471363359676307
primary_remove_constant_only,maxHdCH2,-0.08868145723837524,0.006076332003410793,0.18526424136156386,-0.21371295292669562,0.04636922787377692,0.15646133392937642,0.15221570298856393,0.168304925207717,0.21636080169895608,-0.1327364881267966,0.3041688520283509,0.1865492112033156,-0.3955180980639253,0.17101114092146538,0.5518037164520293,0.06355752552282919,-0.03053139627145666,0.19141774348509666,-0.0643712642288125,-0.14900084527887075
primary_remove_constant_only,maxHdsCH,0.007803280933992647,0.21517063472894657,-0.027538315793922657,-0.45019170211047604,-0.06764660396411853,-0.03466933684072487,0.5561583215461886,-0.02668627655791189,0.3963306550911602,-0.22758127263411032,0.1146605506834269,-0.14907369433803874,-0.002086566321235472,-0.080484409029529,-0.09830392635821034,0.022224344721636237,0.11276350293550873,0.09280277551523769,0.1454179495641822,-0.024678265256782805
primary_remove_constant_only,maxHaaCH,-0.2366460074493177,0.5208314974953276,-0.5553740112038535,-0.03324541115061422,-0.10981827691722446,-0.06035291488465857,-0.17946771580674623,-0.024507015492868996,-0.1638194478770568,-0.09995943914424937,-0.02677568144228306,0.08556061796076696,0.003123923721203685,0.03322627978491685,-0.014762921875937007,-0.01815932629223369,0.0724631366861288,0.06787487801897607,0.11062284186838023,0.00888458322306784
primary_remove_constant_only,maxHCHnX,0.04925811857173268,0.038846640946710254,-0.03575038669922224,-0.17298956854581593,-0.0013354457055509423,-0.11551804207225944,0.138102653894179,0.025665270589906822,-0.2941006563511048,-0.055942194486578105,0.4637415581302656,-0.5330359864604067,0.08412938675441939,0.29298971142658764,-0.15406935464860871,-0.027964893749409803,0.05293305172348235,-0.17663989375360814,-0.3133136146957212,-0.16921691133141453
primary_remove_constant_only,maxHCsats,0.5439031436637989,-0.39695862833929574,-0.061161832510590666,-0.06455235109028373,0.0637361613037327,-0.2362935414418534,-0.1793471399788363,-0.05455051512585235,-0.09892376984204432,0.007021354720790948,-0.023872419494903437,0.006681058519673437,0.032670283710811404,0.05884344564033408,-0.01297619459622019,0.0609146211098692,-0.03336068080590196,0.05873933511324828,-0.002386421274525412,-0.15293882528979286
primary_remove_constant_only,maxHCsatu,0.3007839895471155,-0.030513620446965418,0.08787762461719062,-0.048200572978016186,-0.1474280207325876,-0.16557591540256988,-0.2076934625747297,0.07006201408484594,0.11022991337074145,-0.36099493759453266,-0.2154583325825651,-0.20126129369030388,0.0083921575997826,0.25057533899371304,0.19385688385748495,-0.022771592985048765,-0.08333295069200161,-0.029240858794145792,-0.08634410830354411,0.08828430484333236
primary_remove_constant_only,maxHAvin,0.044110221703819556,0.1935248936753552,-0.1660753214343176,-0.39348049066982854,-0.11356225232027468,-0.029461350134128945,0.5871624242444488,-0.059609233525114054,0.2781718042320241,-0.16239116586258825,0.06337186373963112,-0.12839591908998965,0.000979461178556388,-0.017183860087679425,-0.1442347564611573,-0.05141356887797029,0.11085835313687394,0.07381709268905084,0.2188487144691792,0.015579540007401771
primary_remove_constant_only,maxHother,-0.25558355892585916,0.5563197346004136,-0.45422334463796904,-0.22974100592490546,-0.11318596123411925,-0.041649839773605216,-0.06312049223653235,0.01595060096913674,-0.043153400740696395,-0.1874449695812462,0.06317566514389193,0.05031552833339488,-0.014455914157584838,0.006247512974405453,-0.045126306480678224,-0.0160101418999316,0.09058062994765341,0.07858508792584364,0.11955670389438156,-0.0033760448941329044
primary_remove_constant_only,maxsCH3,0.1399122288396905,-0.30320633300261857,0.32038058262839547,-0.025163276285136805,-0.004093193431463543,-0.2422816283439922,0.19391164948914713,-0.1394536739007831,-0.12068904492247416,-0.12939604065065477,-0.1214075365585062,0.22238419973172613,-0.036957027256648005,0.035615671750326865,-0.09366588530490734,-0.22501577016881671,0.3015119967719244,-0.011621557678623473,-0.08670598813471027,-0.17695734709853164
primary_remove_constant_only,maxdCH2,-0.07560287267185216,-0.05595174713293486,0.23987825530981416,-0.2381698799268393,0.04861751713964919,0.16481703089890368,0.15387030705445812,0.19062086130861852,0.23198301553467424,-0.12095914595609487,0.2960331808701381,0.18435366863521904,-0.3885631709059836,0.16304714395784647,0.5403414285482478,0.06792549539386766,-0.04400139294512188,0.16188724259251894,-0.078240254358491,-0.14164141964595817
primary_remove_constant_only,maxssCH2,0.40957953064560454,-0.7017173441015906,0.038228409838889005,0.16711309685371883,0.10508902909518082,-0.16493566854399047,-0.11126793695993581,-0.014150692814235654,-0.07398828392306347,-0.016774232651003772,0.07117437649410573,0.016340844243331598,-0.004279840118280146,0.05554489542094616,-0.04937944856668379,0.07335195740953737,-0.0031495532347743777,0.145856553061989,0.0712314357800602,0.011389730125937908
primary_remove_constant_only,maxtCH,-0.022367818702661708,-0.09599600188421897,0.20537245164902918,-0.16679111974742727,0.041819774061369365,0.30044567865971084,0.03011287148956217,0.5876493451772838,-0.05358757316065562,0.05526393649889791,-0.21792976078881598,0.08009721706794824,0.00269643462904601,0.2481119198706061,-0.18395126519913518,0.3779330308566901,0.2686466041015655,-0.2632967390118671,0.09208454717940612,-0.022856716459802633
primary_remove_constant_only,maxdsCH,0.0261685713335259,0.025992028387912966,0.1324087612957638,-0.4682885837028045,-0.06181628569294879,0.02810792224405313,0.5316432152574869,0.041260122107830206,0.45888017886705146,-0.19341344455583273,0.1452645488742254,-0.14598231772977147,-0.05528399957565245,-0.030416854647333826,-0.01901887428578781,0.007689216831621802,0.022937485866383407,0.04099301129049219,0.10423921826121048,0.01760700317364285
primary_remove_constant_only,maxaaCH,-0.026714278149712726,-0.18981160931634766,-0.5313845085595298,0.3944625371963472,-0.06883959801734214,-0.11862899319820445,0.10874532521434342,-0.14371483131103183,-0.1331839508322212,0.04463681928748649,-0.13932183106147555,-0.016219836424251285,0.05874675409202223,-0.04914088381093817,-0.02977184343547626,0.040260771441175666,0.08124078473948998,-0.0004967745489620571,0.08649907028440604,-0.05476879601440059
primary_remove_constant_only,maxsssCH,0.1895119255335665,-0.5090232064831846,0.20782485820081673,-0.09758630033923936,0.15493388303076672,0.012604777396595782,-0.016640217276118415,0.05025814722383865,0.13197625767027943,0.10492806373362064,0.19272142452537352,0.033867773629822275,-0.026819667891764844,-0.08803575404957854,-0.23934036298043254,-0.003645190514078421,-0.04496623580811917,0.08511844037143391,0.19207934294651083,-0.09333919715562865
primary_remove_constant_only,maxtsC,-0.08826063081547476,0.00921300990902695,0.13224814785143535,-0.017747956499273985,0.02213339486536931,0.27069719661589187,0.041697533029912366,0.7801542812310184,-0.18275659200353048,-0.011346696935733563,-0.2609353685464589,-0.1433154562783171,0.14406856251667977,-0.0407365518454668,-0.026593243438102127,-0.1869001875777611,-0.004722861140251629,0.22069083917427698,-0.02590082550540436,-0.06488097616221851
primary_remove_constant_only,maxdssC,0.09781204601824477,-0.33689245769584303,0.19900214940569963,-0.0999911469682031,-0.1023265804466087,-0.040888571537036233,-0.06293676315056475,0.02317372544773267,0.194268116068716,-0.2978939000756384,-0.13916073428312276,-0.3377214413417908,0.10999964063708033,0.13475637551030706,0.21551942159856274,0.09926332674365504,-0.1197463036095307,-0.012344837340828686,-0.08955285181990892,0.1627109121300893
primary_remove_constant_only,maxaasC,0.05704619946829537,-0.40676619629055133,-0.2675086208250763,0.4394724984040276,-0.09774060237716535,-0.09023135339039583,0.22127542014868062,-0.14657150721075426,-0.01594730814494729,0.18757795113424974,-0.0684141450733406,-0.0855306618314931,0.05726423087829432,-0.04153821684485765,-0.04004122467641733,0.04830477027009685,0.11074952308932842,-0.006306229407615741,0.07876476988366049,-0.04338055716726832
primary_remove_constant_only,maxaaaC,-0.13861931470099265,0.027508570411083545,-0.18933495424721677,0.2696585401824589,-0.37148727092330586,0.5105182235385749,0.162628025030494,-0.1718686841895124,-0.14501497996417964,0.05830918299577486,0.00982358522934149,0.0855527762522558,-0.06407623535795151,0.03715690168885549,-0.030551573555524895,-0.03320913975750252,0.11044913984449833,0.02590657382544725,-0.15080600351821222,0.11541581659026737
primary_remove_constant_only,maxssssC,-0.014343206345964782,-0.39545045460222006,0.43061589524723387,-0.13966277648727943,-0.12720582134927888,0.13943945695359172,-0.05958643277561319,-0.11798820616804917,0.08497771296273582,0.010876560809104381,0.04022676953213209,-0.07222835341421968,0.0345423226233794,0.02539165947953514,-0.011549438226132034,-0.033550619583057065,-0.10132367266875839,0.021429776775218217,0.0014806951299976589,0.02948260510311749
primary_remove_constant_only,maxsNH2,0.2450401753805449,0.23209153412091982,0.23668576946599942,0.18265469551072017,0.018303900829333475,0.05099726449502124,0.07747991328493901,0.058562101199508075,0.07395417850968222,-0.07478207715202455,-0.035408522685695554,-0.10969519713229406,0.07247655092762918,-0.1908582455573986,-0.026188684250272216,-0.15892948395960763,-0.0025590805105844988,-0.030942814669812576,-0.012635216266369997,0.09356969355286897
primary_remove_constant_only,maxdNH,0.39728576911168456,0.33593880723924363,0.3513436021351668,0.19616992015087198,0.10286226447738257,0.08213583889248738,0.10201790855369763,0.0018973513858538881,-0.019826720868242588,-0.05568944656173061,0.04787993157750685,-0.15761238198903943,0.06647069316004064,-0.11062508026347895,0.04863483007031435,-0.08545926509518184,-0.03589417522639294,-0.1006355028168952,0.026741507005084774,-0.07365869929328772
primary_remove_constant_only,maxssNH,0.20797909552678687,0.16958166786863715,0.09473702435506628,0.3613381443691219,-0.193254855978906,-0.3539313728204265,0.08552866006442478,0.18726181489121863,0.0818857656536835,-0.0191562929741221,-0.012446878829568091,0.09029302218773287,-0.17117616508753816,0.16198153638516607,-0.17224880556954442,0.18293996858628558,-0.07826420083190307,0.14917724083876807,-0.173423124700774,0.2070028251224097
primary_remove_constant_only,maxaaNH,0.0013928488967202275,-0.10852733032613195,0.12272950575122124,0.15637882239966533,-0.5116043932890837,0.22488724120954637,0.01869834558847983,-0.3079919655406439,-0.26686619593026417,-0.23816367591732013,-0.17792100150977275,-0.03613360224957793,0.054687372117653746,0.10980235240713514,0.07376812979294092,0.2184905403418197,0.046480079251397154,0.20842143281907755,0.05346640293474701,-0.2745184665271011
primary_remove_constant_only,maxtN,-0.08980429492155724,0.09838247686327767,0.011964240994336914,0.08992501932921833,-0.010184785508750599,0.13042909114350626,0.016661365454114358,0.5407098612261634,-0.17377763194217202,-0.04930006314280614,-0.15917920136518113,-0.22058711872716782,0.16699410955500443,-0.19139977573481992,0.06834749257775488,-0.442108109724271,-0.1565125364850986,0.4107369588504122,-0.08278300834690737,-0.06178145978345265
primary_remove_constant_only,maxdsN,-0.1093202499137978,0.19526636377876816,0.06432922471964318,0.05357049050891687,-0.013109218762932353,-0.10824866585646623,0.013921943149333565,0.07386254758792313,0.34470870302772055,-0.11497518013476893,0.1179463185996306,-0.049135477730757084,0.17962063290024105,-0.16063709605932508,-0.03630269255584048,0.18651091032217781,0.1051856497226372,0.048242715199119206,-0.055288773727598425,-0.07304429699939519
primary_remove_constant_only,maxaaN,-0.24638233469372062,0.18647889186978622,0.1058741931824526,0.3237818383005757,-0.47230894926763367,0.16786390684046504,0.060458406580770965,0.05071001130035319,-0.1057071007090164,-0.0179046587408172,0.2336890255755951,0.14162094585937082,-0.11929754234274806,0.02426462427406329,0.0006575454437760788,-0.03012193566508094,0.050325483865056524,-0.07692929807998851,0.06942885027467713,0.030511376226483866
primary_remove_constant_only,maxsssN,0.39888393380884535,-0.3357800266546829,-0.3969228388830641,0.10345488507046624,0.17106312880126728,-0.20697367969879543,-0.14643997411204507,0.07888690886656617,-0.05707529094434593,0.00502229723210084,0.15900785108072354,0.03409598866237782,0.0378017464926229,-0.21593757199303443,-0.024376192228146472,0.208770307205776,0.08130108690961077,0.0973679543252455,0.05862828470562045,-0.2644085772565408
primary_remove_constant_only,maxaasN,0.0775062309347181,-0.08811495015623992,-0.17106777893824776,0.22591828852688173,-0.19231826128486315,0.1811254816031552,0.1254818735694896,0.010599537291547945,-0.04822899177580603,0.06126416434107696,0.20001271290225292,0.2978516538988934,-0.05153142581231899,-0.10701037865821125,-0.040128512361599,-0.1824371773664502,0.23878898225863326,-0.08614122479574801,-0.19940833850952192,0.19404205977238928
primary_remove_constant_only,maxssssNp,0.008227697728321735,-0.011908371843339345,-0.009421062317039553,0.006019349251601185,0.00987519711168642,0.021959851766323323,0.027915596290291476,-0.021695053265389647,-0.028851916870664476,0.018758180891714642,-0.007397551764713317,0.07335841557971971,-0.01661250028244009,-0.020295948452612636,-0.00769792843571497,-0.08536180660959852,0.07067272025637596,-0.05152812889988427,-0.08583929948179622,-0.026483238624775036
primary_remove_constant_only,maxsOH,-0.008335250950030085,-0.1139482574792525,-0.23421486045901266,-0.44686636742775326,0.6054683797739379,0.29171478280836927,0.010197044588756485,-0.1664759696866964,0.005460039194556958,0.17019251342061914,0.01593259641511498,0.005339227065939448,0.02456069596556154,0.02498382356653582,-0.06631308526830113,0.021539275970159373,-0.0184188564813112,0.05358666539770749,-0.057615033206495185,0.05339695362769445
primary_remove_constant_only,maxdO,0.1579658951756456,0.2921643363264651,0.08701452821378154,-0.2050998681980849,-0.4433393449655351,-0.33453503318320377,-0.025864386141794562,-0.13436598942911387,0.21531333425026636,-0.0736432702357849,-0.37478896224065344,-0.03330229274294678,0.053842460315414016,0.09792843646346684,-0.10656204065194026,0.08911499018586043,0.03527628959312811,0.1074652112189636,-0.11561993734751773,-0.018513067218966024
primary_remove_constant_only,maxssO,0.33489520099827036,-0.1032149154298548,-0.42514989124289354,-0.04915200367091546,0.1602331975614913,-0.2378317167754218,-0.284308557775359,0.026403429739403725,0.049708562585846154,-0.10995722053243787,-0.039646161443470974,0.008987104886601673,-0.0525361544462227,0.16354353697009344,0.03400403862155116,-0.20232126939154083,0.1959203226677421,-0.07035237529169222,0.14464658106509815,-0.07532758472413958
primary_remove_constant_only,maxaaO,-0.2424519843148839,0.3065459230729378,0.02816485283638359,0.1427521010016143,-0.1774700591244425,0.1161074426265711,-0.12084496051305525,0.1430689826817907,0.055783463765044505,-0.02368878691472121,0.20960466795838775,0.08292212358902676,-0.22164757536772306,0.18398307516859674,-0.0775125057497114,-0.31327381254488446,-0.010522859693840791,-0.09219985130883412,0.09519770129873975,0.04192673280237819
primary_remove_constant_only,maxsOm,0.005722763443479976,0.10076517230901058,-0.020057096733442883,0.01642160841585866,-0.10366969488414603,-0.054874611255037654,0.022899307369344646,0.08616097092410828,0.10711569172699857,-0.0030386121542393114,0.07517175933975558,0.1979045665747917,0.3384535371384368,0.03002868518110677,-0.03595164212846285,0.027082899313996725,-0.008240633305161808,0.1399149969486197,-0.15906434076635553,0.06444080967639465
primary_remove_constant_only,maxsF,-0.025892570268986163,0.2650211657166222,-0.11119154313673753,-0.44480944797648625,-0.13644977685437257,0.0040217527828896715,0.08091454557495448,0.06507620545271031,-0.5092661602304345,-0.03433986035625021,0.27759851774468663,-0.052084294684002753,-0.0028056307628184646,-0.07227751445807638,0.07998349049314954,0.10735781491885163,0.00867338045049491,0.11094337253088131,0.15816812003687555,0.09705674737944686
primary_remove_constant_only,maxsSH,-0.013973702918267368,0.02264870046423433,-0.006165057666288475,0.01889267942904138,-0.04103557163170518,-0.03130719140178723,0.1312057517458172,0.04371819140915207,0.12197964849600046,-0.06552922390489774,0.22665772842354628,0.39889076760144526,0.7834380887881801,0.24368785668498494,0.1224207609552072,-0.040185212472705574,-0.08322238234271505,-0.04923752523278355,0.04016531874213015,-0.023612786210579953
primary_remove_constant_only,maxdS,0.0051525130995418245,0.032359783257236624,0.046660121093415094,0.09538194673099226,-0.035386959439537,-0.2159231472443927,-0.07264521277414183,0.1451096222399834,0.11367655077967911,-0.005279612130565363,0.04358812312356358,-0.05395989217710652,0.06714095640885158,-0.2241429097889698,0.0315741692196507,0.37653488201346125,0.005673462127911409,0.21984448784910068,-0.25732457908983664,0.07025381576733924
primary_remove_constant_only,maxsCl,-0.07642344750377993,0.04554256163245842,0.003650586146832368,0.1497840612690722,-0.0693550862837513,-0.02652796913234788,0.036267250959497455,0.015232057703866922,0.015303186933874634,0.2432138656965435,0.09405295383868359,-0.11363164519090592,0.05432869834376681,-0.21504699645874625,0.15992035410031233,0.16168705468895062,0.1397264939417037,-0.11222112368968817,-0.328507835291474,0.06394230423544
primary_remove_constant_only,maxsBr,-0.07115799085404102,-0.02052829617914712,0.05513866094882206,0.10013247915801722,-0.12044594143677297,0.006941539777494457,0.03260182125910443,-0.07440782578352867,0.09621768592540597,0.2566678930130501,0.008964864788192651,-0.22666334081464695,0.08723586729981629,0.05033399468744909,0.19884645878426538,-0.008272436456693627,0.20965366882415223,-0.02807977403674827,0.18594707300696012,0.040180712175968865
primary_remove_constant_only,sumI,0.8978385156041099,0.3141312470949151,-0.1908933442702229,-0.1759880007595331,-0.04673677551039262,-0.014311270271540147,0.03707347197520519,0.04325293443439307,-0.09072995791763777,-0.03620071100885613,-0.01148910758613369,0.03110085258816002,-0.001311832975183349,0.013636401018198725,-0.0013566910998016595,-0.0036854755955606326,-0.00885080881834176,0.04042964237974351,0.006594904662451501,0.03424717501752632
primary_remove_constant_only,hmax,0.28606434213048776,0.3165848146180344,-0.265494123693586,-0.4015980241922891,-0.21843129768448621,-0.31014763956562613,-0.11094319447730026,0.054300027954549225,-0.13559809956963137,0.15115394760104905,-0.10447971269507207,0.04524572222859429,-0.03850454166817759,0.04360332398436366,0.1451048489533076,-0.019377987041464827,-0.2501588057834086,-0.20680707686200794,0.051814071530814326,-0.08174015226357745
primary_remove_constant_only,gmax,0.217789394280286,0.3056840495618951,-0.019281411538033155,-0.4888328181378978,-0.29754746267332083,-0.1177552798043364,-0.14011187465194613,-0.014435264446285068,-0.0937601844445103,0.0023572108175886675,-0.11765436961249602,-0.035906244612525305,0.039498617327275436,0.08412865754050504,0.0035467372207653234,0.0996259690628332,-0.019326925325767623,0.2108488900195286,-0.1174123445081525,0.0109905308401898
primary_remove_constant_only,hmin,-0.5775165147600174,0.2817846684454409,0.40002757235361597,0.09124326713803092,-0.14700371834280085,0.1264568076394972,0.12510128848396695,-0.01617124742777603,-0.09498255813246156,0.008508168928324393,-0.05097260509039142,0.006752377188648839,0.056040411560208184,-0.06303321328648473,-0.025138512305617568,0.1289887316764338,-0.10954353413120886,0.07945819330061211,-0.1152887072758479,0.17247782860951397
primary_remove_constant_only,gmin,-0.23680406558145004,-0.26724800537348664,0.13038977428927162,0.43432915592379207,0.3119108777664704,0.28660027251033743,-0.015317558995584095,-0.05442703025317647,0.026577732162202414,-0.41195847018961346,0.12218177559985506,-0.050433142875697626,0.054363549444320626,-0.07696182990123929,-0.05094142162357466,0.006213049578299628,0.2980231860004496,0.12001861579591475,-0.03862611886466598,0.10580481400559877
primary_remove_constant_only,LipoaffinityIndex,0.45433855915142,-0.5978985035865747,-0.4004273130413479,0.00982346094855075,0.08033960131710292,-0.09127591354967639,0.2762213454355569,0.010307496001574146,-0.3084912817440501,-0.07999432514215324,0.07339057851489003,0.13448697809399066,-0.06869378938220963,-0.04403425029534557,0.026634448717979976,0.04999147649531608,0.021604213977626078,0.03319895804900309,0.025022499865337177,0.07933490384884295
primary_remove_constant_only,MAXDN,0.18695462738478613,0.3467150958021501,-0.12758619946757815,-0.514789081344701,-0.2988743446447538,-0.2887724659648194,0.042428603544067314,0.0459273343699267,-0.11069739115250353,0.3183153264157885,-0.13323194598908294,0.0723527908967192,-0.03814559361413152,0.04755215960184091,0.07372952615512923,0.021520465982846123,-0.2841638198247782,-0.11360139871314973,0.03914129970512155,-0.05022655914615156
primary_remove_constant_only,MAXDP,0.3309496367270363,0.2467000342130055,-0.012862980897797317,-0.44233121932351954,-0.34293318581455573,-0.12130263928274267,-0.1750896098575803,-0.01133246519856688,-0.02257490093382682,0.015839967285781097,-0.17709373368895284,-0.0020651214024449915,0.023566621495789437,0.07343302195865838,0.021291104961335197,0.0941061176084005,-0.010929879137245371,0.17625985174968758,-0.19024581941802818,-0.024684653779147383
primary_remove_constant_only,DELS,0.7017212332283126,0.5694453242846036,0.07015009493941606,-0.3455278618825098,-0.09644443107551205,-0.014528082246307914,-0.1171642244734156,0.014999317473313567,-0.06772570197894015,0.04626406108916573,-0.025805073199546016,0.013360813125900352,0.013003121908823993,0.02117215762897292,0.02729520319618404,-0.013865209190376655,-0.048116255446886184,0.013143209677847661,0.008461526973209422,0.012065038646820125
primary_remove_constant_only,MAXDN2,0.14342036600300964,0.404048301112274,-0.07943107642419658,-0.5779360407231057,-0.30345443038371966,-0.28498306543233376,0.06889539967785173,0.03612659955557171,-0.19597963063498558,0.22203567855963022,-0.11003515012593114,0.0682799559318748,-0.019691392082012333,0.0021259996177747996,0.08531649812400469,0.04880012946799197,-0.23351288862323802,-0.0990488290985664,0.05577884318212589,0.022635845371832483
primary_remove_constant_only,MAXDP2,0.3323715207844364,0.2426907959075222,-0.011248390751742436,-0.44584412322776684,-0.3367857361765606,-0.11211151095248545,-0.17312190655356952,-0.013138544545079468,-0.03349828816292812,-0.011873284449522308,-0.1733056912384353,0.0023331214298650837,0.022710446823287878,0.07011812362777636,0.015367505321083892,0.09392577975291964,-0.006872924701288493,0.17912923349719886,-0.18491404685353152,-0.020488409398716198
primary_remove_constant_only,DELS2,0.6930518826901745,0.5781112274529753,0.07325303567144816,-0.34576438990301855,-0.09459454423964371,-0.01433195349119071,-0.1184070786083101,0.011679342665681504,-0.07263581148934402,0.0532931925060643,-0.023124914576538817,0.006392946142018763,0.024090656733816163,-0.0005837563871990351,0.04562537377859021,0.004500992236172863,-0.029720304028750012,0.011026407293554401,-0.01721507493330003,0.022651280133749032
primary_remove_constant_only,ETA_Alpha,0.9536055045262648,-0.07694442105331817,-0.2554761725935643,0.04619193867124073,-0.017417276000087543,-0.023939838836980348,0.053136567585493254,0.041912753089795925,-0.020384055494993024,0.02146340992898477,-0.0014193146920899612,0.010861446356441566,-0.010652871987256703,0.031863276786402696,0.028141857470213538,-0.00018241941913837615,0.03623716437180035,0.04181373515878849,-0.008317932929224212,0.021459679552995478
primary_remove_constant_only,ETA_AlphaP,-0.06275890874414955,-0.3828555734241771,0.08271110946529378,0.3368036472927361,-0.07019110237827049,-0.03425689319182205,0.1620311742489661,-0.062156039125325656,0.19944133366566905,0.5820077317805152,-0.10588504653930546,-0.2943228761867966,0.10671017503604846,0.09680854882469743,0.2949408362346458,0.017572165462320984,0.18312376992450652,0.032922141342236845,0.05666146653632867,0.016352862342765572
primary_remove_constant_only,ETA_dAlpha_A,-0.12951405445447453,-0.022604865379074485,0.15187198507951705,0.10884061260794728,-0.07128167252956048,-0.07805749242730456,0.012655444654318115,-0.08554101902477078,0.07661906166113785,0.4390457435056582,-0.08556637475465646,-0.29286351277863887,0.13531941504343278,0.13607650190229953,0.33394238063376347,-0.03927689724845858,0.3330282526443982,0.12108102710084596,0.2147881842624082,0.11530131692815335
primary_remove_constant_only,ETA_dAlpha_B,0.008120461330804976,0.4892089361774815,-0.021481838069668708,-0.3794044779730211,0.05122795612536245,0.00021427737672524287,-0.2052723599686588,0.03252069676769971,-0.21769678772167134,-0.5118512369036553,0.08986096783867097,0.21826430440194103,-0.06244172684571892,-0.04902089898981894,-0.19554126139192507,-0.04554873529784759,-0.04940486401174491,0.026182162356951016,0.048728218103060744,0.0446041333181922
primary_remove_constant_only,ETA_Epsilon_1,-0.3070884796852528,0.7856278621626543,-0.16666645160679674,-0.22472510150636743,-0.25655922113535873,0.057376673000875095,-0.19419585773866088,0.08566996108152576,0.014673326203800236,0.12929428894313091,0.11974083361669714,-0.048375624067555474,0.02908641704936335,-0.06070023752232447,0.03611123269190955,-0.014663536835027573,0.050231007693763485,0.0036584943949025516,0.038936470946317664,0.042730551703735825
primary_remove_constant_only,ETA_Epsilon_2,-0.10654458256862752,0.7743007469971039,0.0020326936245007414,-0.3432888259489041,-0.1809671320719218,-0.1820878734688138,-0.3051885998912224,0.053796395929693,-0.06397387207180737,0.10141324180905424,0.1721524142325205,0.050306100071279766,-0.009789329464734637,-0.012940622254066444,-0.03504232770934287,-0.013390193313566164,0.060562034632555814,0.028474631633847492,0.029889162973024262,0.016036799687371792
primary_remove_constant_only,ETA_Epsilon_3,0.008834545840814364,-0.4036159005960834,-0.24633251470344772,-0.01899872700467252,-0.37187672541610034,0.5247446284606653,-0.3173236890691116,-0.0378703573638542,0.2030403589587977,-0.1019394474518237,0.1467128832099963,-0.10876561681955793,0.03214253221287961,-0.17142297378270935,-0.021975367542223474,0.053198827333275814,-0.11179829297896107,-0.16096046480660356,0.09589339393995276,0.00689860128414991
primary_remove_constant_only,ETA_Epsilon_4,-0.13159660008542798,0.7332760530077965,0.060857031064183796,-0.24838943725471466,-0.3353023999713539,-0.15338940961115816,-0.3229378009600138,0.09822579186100837,0.013706727609012034,0.1312297883617704,0.17135003675942026,-0.02755279701062954,0.03518415424789463,-0.05357781961407839,-0.019583713866783044,-0.014743399570566192,0.08595206127380159,0.07083667445632683,0.03740501485291426,0.02729836914849552
primary_remove_constant_only,ETA_Epsilon_5,-0.0809028787181363,0.5942546713943153,-0.11103794869925884,-0.3212433968402189,-0.36056308711052204,-0.3533648105197119,-0.3051122052388072,0.1442021759084568,-0.11457750677684286,0.0935099257970266,0.18003847244460958,0.04880720737900828,-0.01772160433171255,-0.026028122244129044,0.037207257267031967,-0.0415262151421965,0.07628693011922007,-0.03078215641782949,0.09011302500192404,0.0049632460542714495
primary_remove_constant_only,ETA_dEpsilon_A,-0.3059120643430533,0.8017019892313693,-0.1534379616951651,-0.22258645725952464,-0.23657182117027079,0.03078041698386283,-0.17727179386398934,0.0871131421898373,0.004419317865969775,0.1337183567185362,0.11175503587543882,-0.04266931506972215,0.027322826260501705,-0.05179072152962825,0.037021691133469516,-0.017252990021073097,0.0555653669554191,0.011707906230761487,0.033922470682950366,0.042160160132961706
primary_remove_constant_only,ETA_dEpsilon_B,-0.4415526099044511,0.6498858861243554,-0.39966070344617877,-0.1391526863105052,-0.09629851152606633,0.29778616800153707,0.010740898120538071,0.04877258160064506,0.012119537123075565,0.09419311343421434,0.02697175834832857,-0.061305981356288924,0.014341545874205065,-0.05393537886812993,0.09433747151852044,-0.01085273694945072,-0.0057146591061815145,-0.0785225716552271,0.03092681876888678,0.05056953970733543
primary_remove_constant_only,ETA_dEpsilon_C,0.1300217523121337,-0.7528158255898734,-0.07952157363972125,0.2425465552111261,0.29969597766088424,0.19271789881731302,0.2919087127453446,-0.09954062204208611,0.0027831583543015295,-0.13709594771235917,-0.1566189243683464,0.018363669048859284,-0.03199405598653943,0.03891895708692636,0.01748421255220499,0.0187438557181885,-0.09340576638173395,-0.08248261318313992,-0.02906498356939767,-0.026276934846311797
primary_remove_constant_only,ETA_dEpsilon_D,-0.07929870616068788,0.5619525722667934,0.25755302521415147,-0.11772651697702449,0.3728238857372452,0.353678300526512,-0.06026928513332275,-0.19502925918121528,0.10249200248732249,0.03793214470005082,0.01596515046232108,0.013314872048495303,0.016119040109951445,0.027228462593777966,-0.17121100536331127,0.0613497874034294,-0.023831376777745918,0.14037402201510948,-0.13108271874595992,0.028341790900429483
primary_remove_constant_only,ETA_Psi_1,0.04722720667254663,-0.7378777573515155,0.051766293170635955,0.3890750978288644,0.09729281532726602,0.11762363678171203,0.30070000347743864,-0.0683755538365734,0.11239687995887926,0.18013520417373569,-0.1650473600491255,-0.1611428747110375,0.052107159832161985,0.05017811564982526,0.15843915822842902,0.022783290692451115,0.029180739553287958,-0.004583071356104269,0.011307078595952492,0.009585116075561749
primary_remove_constant_only,ETA_dPsi_A,-0.048139046431572616,0.7402465873600834,-0.05054688429574866,-0.389739894004169,-0.09668612656869999,-0.12050227872947211,-0.3014074693879824,0.0674320343580976,-0.11284729466673318,-0.17492001367323473,0.16346409130816036,0.15815260889660235,-0.05036312145319721,-0.046331527248931186,-0.15344332327451626,-0.023877136434568114,-0.021480440897289454,0.00873104098542627,-0.006197383884758918,-0.004666989028982673
primary_remove_constant_only,ETA_dPsi_B,-0.028450195590846612,-0.0062558892426942975,0.05302235664193255,0.02547148194519706,0.03570215924874969,-0.0939171106178728,0.012335963500752226,-0.04471669150377227,-0.002446787194643098,0.2213904103943373,-0.08159257563085189,-0.13447943561989567,0.07297650817491488,0.15251708068003852,0.21023862772238952,-0.03854263542632707,0.296029525835659,0.15681856819522835,0.19538676716415618,0.18789236874365156
primary_remove_constant_only,ETA_Shape_P,-0.18929998232573164,0.3190604139247065,0.5354559632344806,-0.281506701663955,0.09211957422100245,-0.17696263859146746,0.07651432614082947,-0.131517817813257,-0.06269624488409317,0.2070110280646897,-0.14970763945528676,0.04580528919972072,0.08167375895877087,-0.04752535588541076,0.18433439269162877,-0.1354314403204221,0.41762531569412065,0.062388563617946584,-0.15093536504436417,-0.07866608629789314
primary_remove_constant_only,ETA_Shape_Y,-0.23092755929217984,0.42562153556168886,-0.10069477630164612,-0.21898851530271607,0.006423678870659201,0.37599957709933685,-0.3327401575397867,-0.14212375751974757,0.13923227782180636,-0.19197691761974225,0.0630682854130235,-0.01956432240907651,0.07150676260060165,-0.17606198137653298,-0.05926126310154467,-0.11904110915030364,0.3267334595970616,0.048097972677523,-0.0819799864947463,-0.07592109819345066
primary_remove_constant_only,ETA_Shape_X,0.05734198912756713,-0.2751457798541195,0.47391812951121615,-0.48821832531051634,-0.2810353825373023,-0.07470642313441629,0.09059961401695887,-0.01594333886986661,-0.09298390504269821,0.22721941244860142,-0.16539562063810245,0.10494181658161184,-0.023233219646112274,-0.029958663914544926,0.0912532360757762,0.010660191452760462,-0.2991248321322322,-0.20079671416826358,-0.06473156590224707,-0.053103116622521304
primary_remove_constant_only,ETA_Beta,0.7433386222833208,0.1786063066495324,-0.5940027212131394,0.06473542415788955,-0.14038412810492806,0.0779435305760022,0.0928808730930963,0.08937199813729815,-0.00269591453943979,-0.028606681878749596,-0.03305406674451168,0.03421508272483655,-0.01540139735638969,-0.006188741871841083,0.02733682412503835,-0.02421304810178644,0.024538470979750555,0.005124131633093219,-0.040708508382154986,-0.005579396668901857
primary_remove_constant_only,ETA_BetaP,-0.41558054712116194,0.5810315129300095,-0.5181500896692792,0.20827300909669022,-0.153052771477421,0.28345804410988984,0.09056908889223432,0.05528373163368679,0.03683409318568862,0.02630134003602698,-0.0618892830657876,-0.011736041060994308,0.013279889779143683,-0.07040693541377359,0.05609382076142452,-0.04647124041074033,-0.0237808759385559,-0.07982652797146114,-0.0304863718375295,-0.039923760808751
primary_remove_constant_only,ETA_Beta_s,0.9481139074331972,0.01644152386457772,-0.27131832850570425,0.03920769110561979,-0.06338342052278476,-0.015942926722741835,-0.035471126023298036,0.07087580659393405,-0.016115446413525185,-0.049610010549758964,0.053412187627811525,0.04196889014082902,-0.02347111446433758,-0.014738749581081954,0.00040918172624109,0.010137770081009826,0.03700434082862681,0.01851359305107174,0.0009494937719640116,0.011690666524416235
primary_remove_constant_only,ETA_BetaP_s,0.11293221161383896,0.2814878892451843,-0.2595894581782851,0.17039378390412274,-0.39146447392927064,0.0028457229422148324,-0.4810154417302525,0.18798904771085043,0.18092724053142145,-0.12107214606479141,0.33816397726139114,0.0806377516197466,-0.06272443845866912,-0.2241747912675454,-0.08508724628355845,0.05786868277409939,0.12410992402638686,-0.07242013877338611,0.04788242564731011,-0.06704771470262263
primary_remove_constant_only,ETA_Beta_ns,0.3846422739631378,0.297849401701587,-0.7800258803110158,0.07564038209122123,-0.18506613259769733,0.15244954716916775,0.1976755132119381,0.08815086075382815,0.010925707833285041,-0.002048518876811307,-0.10999089743521587,0.019329486026151282,-0.0042500699379610955,0.003450443619241248,0.047635828292446815,-0.05239768827870663,0.007151793084785814,-0.00898986214205125,-0.07245171001298904,-0.02116578167241885
primary_remove_constant_only,ETA_BetaP_ns,-0.4492994877447759,0.5590162226083768,-0.49716836109405615,0.18944296761366994,-0.09730950154520408,0.2938832557961054,0.1697542357995442,0.027816787740209587,0.009769791145996177,0.04636749618697475,-0.1174898156380742,-0.024878574063823142,0.023661682315109758,-0.03782345775166779,0.07163892221658265,-0.057363271732119615,-0.04422737838123318,-0.07149213825325365,-0.039192542849789534,-0.030901464122146758
primary_remove_constant_only,ETA_dBeta,-0.5995243657559564,0.3147852428508323,-0.5766246355129685,0.04191726643932058,-0.13788090100384778,0.18755636492177027,0.2592595299000699,0.02151606999910537,0.029693276661814382,0.051558999129956186,-0.18080874750098908,-0.023966363675626545,0.020729187908359082,0.019850817983623013,0.05275439475604628,-0.0695199905008585,-0.03217758675017439,-0.03013432159961819,-0.08194286799085901,-0.03632648045180535
primary_remove_constant_only,ETA_dBetaP,-0.4739135311309353,0.5222458796209312,-0.462991000013443,0.16500378206541372,-0.036214993612584505,0.29773038679193736,0.2490589156446511,-0.001798887089531085,-0.018981637300975983,0.06638117266458482,-0.1732159043176779,-0.038120701011459396,0.034023942129827366,-0.0025757409915120946,0.08627579503045645,-0.06744377050504816,-0.06469510591923282,-0.060973917182929285,-0.047414354197521415,-0.020644299058268593
primary_remove_constant_only,ETA_Beta_ns_d,0.036132010219656854,0.24133065958898117,-0.512945142567412,-0.1395880713102615,0.3822244013055646,0.09456699966809345,-0.20407035247579744,-0.04307107285897332,-0.02668340708672147,0.23828099929058802,0.05938587043205795,0.07134544896758359,-0.0024743532832883983,0.09416442801657755,0.09133337395699165,-0.06555633983210493,0.2027745142775065,0.08585582069345887,-0.0879616657079744,-0.0002583282626097269
primary_remove_constant_only,ETA_BetaP_ns_d,-0.30779427747542376,0.39868679901268805,-0.26138035344530103,-0.08462631222598456,0.4341912786574844,0.1566096836615251,-0.198419884847978,-0.07872357545344771,-0.04736787035818657,0.2650190336917725,0.05567723839473729,0.054101595188418825,0.016663785296228764,0.04517966222475824,0.1080550736816427,-0.04466297401087419,0.18934277279840733,0.06578623473434997,-0.07964536562184646,0.026204694972068322
primary_remove_constant_only,ETA_Eta,0.9661874613157647,-0.09395648922268568,0.1687835887079315,0.017618842521997347,0.08928012415296255,0.01601122770530436,0.011233216712599163,-0.024360867427710216,-0.06440401663891587,-0.0028572388944945,0.025516688914868847,0.013834724021696996,0.0007929622817848599,0.007397084381711301,0.017067099758931885,-0.012567847496625888,0.013596468821851762,0.01617099472083587,0.020231014417504977,0.03362057577089804
primary_remove_constant_only,ETA_EtaP,0.6449689436485402,-0.5706461662399536,0.4116158249596231,-0.17658897667373308,0.055865925148190235,-0.12843237415547,-0.03964303456915586,-0.040388229169349324,-0.0442854044597965,0.01261565317324785,0.03261120740764517,0.012258963914955444,0.010278937527984871,0.017763823359719468,-0.01962466452919186,-0.03551002819497967,0.07091009094881676,0.059360569013344716,-0.006396961155469311,0.013484469509304585
primary_remove_constant_only,ETA_Eta_R,0.9814881778352743,0.10425221795046521,-0.07948130105179559,0.008203811547380105,0.023196021814020494,0.0424169777554013,0.052267880823699306,0.0035619818546860356,-0.05624492314811941,-0.02285467556731043,-0.009967012553404965,0.019259736547986163,-0.0003192095747611682,-0.008752722764832278,0.0390150321408552,-0.006473419632234986,0.010966968284184555,-0.007013025699018828,-0.0006455515712529482,0.016329185403746387
primary_remove_constant_only,ETA_Eta_F,0.8429030276941107,0.32804801957875807,-0.36797680662342175,-0.004533067342742389,-0.060698273266915445,0.0676637323355619,0.09368671752437874,0.03687064720019338,-0.03733985085415265,-0.043458365032012225,-0.051423781627120815,0.022758202648585902,-0.0016175067663970909,-0.02694596328939325,0.05939778105083158,0.001957484096258167,0.00602062331004356,-0.03401947232616656,-0.025871887933228383,-0.007265110591413991
primary_remove_constant_only,ETA_EtaP_F,0.16807226454377241,0.6477042532520345,-0.6484423477353173,-0.06966459278094281,-0.13445298045391166,0.0915000438000619,0.11184194953336493,0.0628768670243216,-0.04029363302444952,-0.06748223657833036,-0.10982161861328033,0.05161327602673859,0.00735860314691296,-0.10420102642267672,0.06625401266215097,-0.016609484895517345,0.022306633545390857,-0.06496569474568784,-0.08012716239060669,-0.07629056480385904
primary_remove_constant_only,ETA_Eta_L,0.9219191490471325,-0.30625724879090216,0.09837743080034494,0.007951391304339986,0.08042883399079209,-0.06676374073202812,-0.041359734254198796,0.007113844371134712,-0.05376388914851817,-0.007038650740808344,0.047635396424549226,0.02126365969721965,-0.01445461595318994,0.06129471991493305,-0.025213438416746198,0.005570105104573494,-0.0018950798031457002,0.07503753885563375,0.020296134608771957,0.056532128394248385
primary_remove_constant_only,ETA_EtaP_L,0.36690570729712957,-0.6987527103654326,0.5002130807229213,-0.0894063269800706,0.0856660289667691,-0.1631664445438651,-0.11366449262450852,-0.03559236470917175,-0.008812431150302584,0.029085028043550044,0.06495683848103319,-0.0185255018696986,1.3468817816328732e-05,0.09682862747152167,-0.05950885259738092,0.018036022715572222,-0.016116256057415346,0.09857142823495685,0.035477630549617,0.062052171048360444
primary_remove_constant_only,ETA_Eta_R_L,0.9515467050033608,-0.048142709047972895,-0.272918307349295,0.03464191620365377,-0.010992818613019343,-0.017201858316211124,0.03138127679124614,0.051074646811381415,-0.03851460233283056,-0.04455041785456458,0.012374254504154976,0.029396908097859376,-0.019910712111121037,0.02834612763546456,0.004173021631528246,0.002662395418606984,0.015861271801327608,0.03687481436807411,-0.0038368277272817822,0.0278162391532762
primary_remove_constant_only,ETA_Eta_F_L,0.6181539622446388,0.3177921363923734,-0.6651015554991543,0.05694143731352566,-0.12960352670502276,0.05618449577345423,0.11687751243317424,0.0901494985860749,-0.0029042478311780387,-0.07751316354915683,-0.03989013108111504,0.02880217986214765,-0.019437032747012355,-0.027073710324425623,0.04204819313958635,-0.002291431414786034,0.03351458442116675,-0.028900943200105646,-0.03478026866999681,-0.02170467289628638
primary_remove_constant_only,ETA_EtaP_F_L,-0.3516325849333799,0.6505741808422547,-0.5573414260349732,0.15638607373836966,-0.0900222748255783,0.17794482385152202,0.10446133570022875,0.05088840088110653,0.02070054458734,-0.0542723340155005,-0.051868522699249006,0.00204199950382288,-0.003877044755162268,-0.08226250087417479,0.05477872489399314,-0.007618489285432085,-0.0044679812862489544,-0.09703941861919124,-0.019499517536899214,-0.05053354575035306
primary_remove_constant_only,ETA_Eta_B,0.6721934514589626,0.4009485646331056,0.3009018534080917,-0.366725455555743,0.011920963274439639,-0.04330013046078619,0.1422029914824464,-0.08505917419576618,-0.10213110703143284,0.12609961128527403,-0.07967046006146128,0.10519962765218326,0.01784018743438114,-0.10246431117195037,0.02430731999104442,-0.07987500854711385,0.10583581636896383,-0.031100232065499254,-0.07399132927139619,-0.06418192523176121
primary_remove_constant_only,ETA_EtaP_B,-0.01083296004949183,0.3727035758727158,0.43447124708477747,-0.5872174740352852,0.023734467549583083,-0.14628609291436456,0.08361591125333709,-0.11637886344618295,-0.10654418433978101,0.20627179760815229,-0.10800245412966972,0.14964841719948088,0.029286063622709805,-0.12437936090559246,0.033872435817705854,-0.09064296547234653,0.1846473019137392,-0.002354119079726718,-0.13973280013307676,-0.10074477395530558
primary_remove_constant_only,ETA_Eta_B_RC,0.8203104330688006,0.20093658032626863,0.06497061965966038,-0.3804411586470287,-0.11280272394819663,0.06183173359084847,0.026533467691579295,-0.060226041590673775,-0.049835798283774914,0.09318575782991009,-0.033140412935374806,0.09183048462098083,0.019908296888010393,-0.13789563116748185,0.025962796969566417,-0.0660812722698463,0.09622762173509561,-0.06196763500148343,-0.06037816479037596,-0.08275407953742991
primary_remove_constant_only,ETA_EtaP_B_RC,-0.13989508536637055,0.2559309207629413,0.40958992699218766,-0.6264131247051723,-0.1318225076999376,0.10694114687808863,-0.07524277169617777,-0.1551397717512758,-0.02932365548778706,0.1906366520860389,-0.052320893495235825,0.11043739923429965,0.05096938363254306,-0.21530586424839893,0.048774994971756615,-0.07333303537981811,0.14887796433846098,-0.10059773375197124,-0.11419942024228623,-0.13613042578603385
primary_remove_constant_only,FMF,-0.2868917245301645,0.21233853067626138,-0.5279484808215348,0.15500100517847384,-0.28897448065357234,0.34532251279695,-0.23644680799205106,0.11128534309260645,0.20244934888058316,0.08033573619970363,0.1471642970488795,-0.09715712797097212,0.018718383053913018,-0.14088067400708176,0.04771057780649707,0.10992586289806847,-0.1415418322970229,-0.14134302435597418,0.08735550861509842,-0.018267081652094317
primary_remove_constant_only,fragC,0.8996075047922705,0.05448368977251577,0.17061408803449127,0.17524183681670039,0.1741969709128348,0.1046924322710381,0.04095646870737902,-0.05041125439191008,-0.07471891597422972,-0.01983646896598745,0.022737930005592016,0.023719475122716126,-0.012479405562996154,0.02051012372934889,0.03722306549737537,0.022075210736577876,-0.042931650101053945,-0.012349611645638062,0.03795798763112146,0.05941462171603681
primary_remove_constant_only,nHBAcc,0.6617209817248526,0.42623917346328866,0.3406617480281581,0.2362502653167027,-0.3086836139051467,-0.09478070843525141,0.06260763863606134,0.07496755626336503,0.08257230464075013,-0.024326357823724654,-0.020393600919546676,0.023110551341322727,-0.012533770448378828,-0.07862525725872584,-0.04339532757707116,0.07737468982686369,0.0034046150268143725,0.004416622466841428,-0.04339898611814588,-0.03580023038942637
primary_remove_constant_only,nHBAcc2,0.7263271610111018,0.6192679944496248,0.054243435435447324,-0.02939726247808286,-0.06347928625974554,-0.09075469975118833,-0.1417360223267135,0.0978198051300997,0.010243950384728013,-0.033826326227500515,0.09179889721352248,0.022878670782856977,-0.01664298937054366,-0.026514808221028013,-0.027738749896399535,0.004791573325799481,0.0012713320973984621,0.0005117200592050503,0.060308821358448124,-0.004610968478861456
primary_remove_constant_only,nHBAcc3,0.6697905039235705,0.5932987565200195,-0.08653102412262426,-0.15615423088105979,-0.047848643444237934,-0.10149357422286986,-0.17140749065992383,0.09940806504403861,-0.033638089666462555,-0.03055578947299033,0.11596725581870931,0.03273442470184113,-0.008598099106284418,-0.0182684758483625,-0.013006016765678538,-0.046252927594317914,0.019911803144465865,-0.01419556662566994,0.10622985201318451,-0.02350127678715459
primary_remove_constant_only,nHBAcc_Lipinski,0.7437940011203422,0.5394515506838223,0.07198238390134556,0.1706804783353438,-0.09174933758522157,-0.024576024359833647,-0.15166992427933124,0.06203774449193913,0.15198038515024417,-0.05645320050137122,0.023140588498062206,0.07406378584576852,-0.004007931576743252,0.004040029299815247,-0.04761377285600754,-0.026652336571149446,0.05409802992228338,-0.0020769406915463503,-0.022189776731813,-0.051924891522881905
primary_remove_constant_only,nHBDon,0.5978102098844146,0.483408148301319,0.28640479592532375,0.05153969356586171,0.3130237168247787,0.3463457690419193,0.04838286053309541,-0.17433969368255756,0.04973624024595698,0.03719550109441292,-0.010486893027987,-0.012775742739290595,-0.0013141769629075226,0.03618435481532046,-0.0756721613243308,0.07636838989816033,-0.05628219369721567,0.06295895278077102,-0.035639539453987144,0.018114192545704413
primary_remove_constant_only,nHBDon_Lipinski,0.6226911020569003,0.48938021793189007,0.32531410974368913,0.09656499073861574,0.2850921025572502,0.3243838337528184,0.05830491222818186,-0.15355476372189075,0.039926367917379774,0.025594418558322434,-0.00985199299061696,-0.029267798593729726,0.010147716098692888,0.003762498051838071,-0.05016602701885237,0.051080256684799076,-0.05798356510289154,0.030857662126379495,-0.016190621023522752,0.023026386854626633
primary_remove_constant_only,HybRatio,0.42394193097031063,-0.6246864533967786,0.515909248057601,-0.05389303377473883,0.054510101666041075,-0.2305656311117253,-0.14324406781945806,0.012926479646896557,-0.08289780772472996,-0.03503020093244309,0.06426994590691443,0.0716614826370552,-0.019789713176911868,0.06574474583845638,-0.09781360627452318,-0.015757527382006375,0.028991496888766247,0.08042749107150242,0.008925800571339586,0.022473416837001655
primary_remove_constant_only,Kier1,0.9636893232752058,0.08294608248690528,-0.13921107734714222,0.040532035849695475,0.059597885755918255,-0.0724145594009499,0.09909077661659813,0.03527806117732478,-0.08098090707925848,-0.023111618341354872,-0.016021140962178604,0.04455958159578591,-0.02059376056430886,0.044950227514438536,0.013367056601618037,-0.009135171420116642,0.029076382237786823,0.04610436563151408,-0.01661510877806361,0.024686621571986454
primary_remove_constant_only,Kier2,0.909999763019717,0.10664630117724601,-0.13553452457612958,0.1847189366240475,0.13981527096139731,-0.11653029913213062,0.1341900098963282,0.04881962201627297,-0.10003055952215133,-0.04316848199305945,-0.010008874020958635,0.03215100701085492,-0.034572289394879906,0.10564403423948475,0.013024998579221101,0.013798377379136074,0.00637015722861348,0.0701413437646892,0.002000857685847933,0.055657468567994944
primary_remove_constant_only,Kier3,0.8625924581350103,0.23987239768992474,0.006661171544162727,0.23027261067948152,0.18300569884284248,-0.11539353261063764,0.17386076869565828,0.021108041501392144,-0.11485647444443582,-0.017567572637774368,-0.006964742697585991,0.027897741626477356,-0.04003839469427024,0.10501014071313954,0.01663108861025934,0.021417933577596332,-0.016845593514622968,0.03999078930677779,0.03708523099447013,0.05150798372991972
primary_remove_constant_only,nAtomLC,0.7218957303144652,0.28170888625183216,0.3119129185966482,0.1653693525065612,0.1276218360296175,-0.13528770575829807,0.18399103568031877,-0.028201536628343543,-0.12840072266001595,-0.0034573162743973497,-0.09111358270162989,0.01397092464320636,-0.034380998698098415,0.1654430473081075,-0.003148324990844865,-0.017408965635196387,-0.05158768815099188,0.058112300873745255,0.02004165043255495,0.11652858360148176
primary_remove_constant_only,nAtomP,-0.100404715041002,0.38256989399454305,-0.5070568541801131,-0.025315431137514017,-0.16285386129172352,0.1693960518733678,0.15161323797511253,-0.02668289665284386,0.08578364604494093,-0.14611746955261232,-0.15043304137974803,-0.03893950863301607,0.029034003467474825,0.0951950287207658,0.05912648334202148,-0.06462753980021617,0.07091417038128897,-0.015106524758509831,-0.16901216576070674,0.20677568562864804
primary_remove_constant_only,nAtomLAC,0.3899842901015696,-0.19827614475734365,0.029661885061734197,0.01995196528204036,0.18133089517662923,-0.3099150205127206,0.22183108550843034,-0.03163215100380551,-0.1839437186878254,-0.04266033858517063,-0.11611428128072603,0.04292766903556588,-0.040442047256274254,0.33348096246237724,-0.0708067886397149,0.015956176676647442,0.025290454101055147,0.28370072238123234,-0.06996053275870301,0.1978320885544235
primary_remove_constant_only,MLogP,0.630874662854583,-0.5694884970736743,-0.36427308174039125,-0.04011784676022443,0.1762231621606764,0.060371528684552915,0.16442494263786722,-0.019941605201054983,-0.10239285635611814,-0.1688270760330725,-0.09323804257038744,0.03505616113251548,-0.03385936500376723,0.04722893043859284,-0.002293391058293792,-0.017310443302727727,-0.01718490483764521,0.027161023213806323,-0.026506347096548092,0.0518409320315199
primary_remove_constant_only,McGowan_Volume,0.9609217404945324,-0.12488526827208579,-0.14218987826248344,0.08195053049592849,0.06798438260538048,-0.06138986505334887,0.08380645550030531,0.025590917339999655,-0.05128102624381233,-0.0033347965997742486,-0.009980011260877447,0.041826860708548054,-0.023164475784045523,0.046916608990644905,0.009664016545391554,-0.003379501373100478,0.02791364315942842,0.05004380669654876,-0.02447456852141348,0.021323656788745312
primary_remove_constant_only,MDEC-11,0.36053275011785574,0.054223320317722805,0.4204181249611877,0.03382013527184826,0.1914593823537757,-0.11388042219983723,0.23621520987891967,-0.08140833362336466,-0.11957680937246457,-0.10643053222971985,-0.08921311127897462,0.18690054245055465,-0.05827652343905698,-0.10897377222757094,-0.002749655805111467,-0.22218672597098957,0.2443657787283189,-0.11764541454986896,-0.08477858544660617,-0.20285012726039672
primary_remove_constant_only,MDEC-12,0.30138628459527517,-0.3357756811337147,0.331557625353649,-0.08539955746408942,0.14135447591549133,-0.19235029934791445,0.33469553447873457,-0.0489653232210407,-0.19198573125836887,-0.14964474607429484,-0.14266943786837794,0.29588497538680275,-0.10318152063850586,-0.004792961967708228,-0.02438436987029711,-0.23233960441312299,0.28120888705002456,-0.05276015542627686,-0.12171438205906557,-0.18749484590595372
primary_remove_constant_only,MDEC-13,0.29299816016747326,-0.02897858194824143,0.3873767505892433,-0.07290168238561721,0.09228728480427326,-0.1234999140864724,0.18791528938556465,-0.11577686185577227,-0.09037203086105028,-0.19596140263021436,-0.12814138008615994,0.23866090599869874,-0.07530689307219952,-0.08489908739592779,-0.015111315922039889,-0.30641195806651667,0.40932420565197963,-0.07864736820579343,-0.11598013961558437,-0.2817378436238566
primary_remove_constant_only,MDEC-14,0.12267038678227492,-0.33013460557220764,0.49261736391448685,-0.32748618193942414,-0.04868097989025955,0.07479338121473679,0.1791288276301969,0.024473883313789177,-0.05176773824412821,0.006262742119987554,-0.02636214000164445,0.13446207530180285,-0.028044265486451225,-0.13578703090868977,-0.042033482718402924,-0.09183945403231311,0.05889395885991996,-0.12270672165204044,-0.057472974040043624,-0.08563213196926192
primary_remove_constant_only,MDEC-22,0.3532941608485025,-0.39496902109714177,-0.40027059586439484,-0.019833912994799682,0.11528867824237428,-0.030911997026845137,0.10220231231791183,0.0627158278790009,-0.030840621194942786,-0.013719509892593795,0.061391959555598605,-0.07204338262588521,0.04544829133661636,-0.14071707987459278,0.006776005623256067,0.09611726628905279,-0.15354251689546322,-0.10582940892965328,0.09564208339557936,-0.004888905808937116
primary_remove_constant_only,MDEC-23,0.49507507520379934,-0.3992009384050534,-0.6262101258775314,-0.20531065158387904,0.017676083886346148,0.12673666846140447,0.04254653286827059,0.010735217836659185,-0.00033180945934197924,-0.14391435652275752,-0.05826968683438331,-0.1156790854475393,0.037613328721222986,0.02208780504169814,-0.010806809851380224,0.015276730335001125,-0.06283508971809956,0.018465418294265065,0.004055754035202744,0.07710450989735158
primary_remove_constant_only,MDEC-24,0.08055758624524993,-0.4536046012738624,0.49663231256665136,-0.40884555539377737,-0.18756966333403746,0.10733637666103074,0.16606801937049676,-0.023416871022149312,-0.12651150896656443,0.022417798673007593,-0.00676466655531307,0.0376411261658411,0.01919378706856261,-0.11964005361300563,-0.027494825924572776,0.003956226839970203,-0.11176827653702585,-0.05965832535514197,0.019694153728917124,0.031821997372421515
primary_remove_constant_only,MDEC-33,0.2682412722509661,-0.02735978450167475,-0.43035563863279125,-0.32899987102694084,-0.09813518600655205,0.21658244371941646,-0.325665580983935,-0.10026294628028493,0.11204210274745664,-0.2162077845420993,-0.0899706820395265,-0.08962244713225337,0.04769587553171256,0.03320475695172262,0.04640668565240416,-0.1847042463642887,0.31526047815595815,0.05581312938615002,-0.0526922775262508,0.01645743966603513
primary_remove_constant_only,MDEC-34,0.10235795261853534,-0.39388010306854976,0.5042610770770625,-0.42670031977332945,-0.28166333120299786,0.10704361072156941,0.1242485300137942,-0.0955392027256898,-0.1749746348938566,-0.006320861982580432,-0.0018823255563691437,0.03563419365786676,0.03239552698259761,-0.14592608511083896,-0.013346522026301585,-0.011947405785366958,-0.09934002246614505,-0.05217269931810794,0.02990859193686599,0.02074613158730925
primary_remove_constant_only,MDEC-44,0.060933767911885345,-0.2912818455526363,0.3768897026614728,-0.3685350219681073,-0.11168681745202273,0.14917841817145572,0.018544996175134325,0.2370756776542006,-0.01024383054595389,0.07624240471909068,0.03274246217124231,0.11661101649165191,-0.03904179704795751,-0.07048485638058646,-0.03900232999642544,0.0357173416131721,-0.02510557018969434,-0.13700470665858092,0.017808884043242122,0.057792969612735084
primary_remove_constant_only,MDEO-11,0.3185651381537147,0.4690782732928972,0.10925736460033617,-0.3074810322681996,0.04062948105755408,-0.0557384090516188,-0.03227102737435004,-0.11557653759600343,0.22639247335111615,0.07739955140050866,-0.27032969202725426,0.09425475355720585,0.06294554433627517,0.09079208245763863,-0.1065727037422074,-0.0010696902111655717,0.009451532474173388,0.028127194447578878,-0.23837225812225535,-0.09170983419481755
primary_remove_constant_only,MDEO-12,0.16727125952924687,0.26215181451811204,-0.27131256934617354,-0.27380110433803545,-0.011069968450015085,-0.19963275505426473,-0.3884460618588454,0.00030329209606733636,0.24860454375686689,-0.12832668033778574,-0.17547977516047142,0.02656768406169069,-0.09491466566087223,0.25549559842258973,0.04283718280405688,-0.25869687975844236,0.08872452746783842,-0.14545206160519772,0.07143949674912363,-0.03919407868299296
primary_remove_constant_only,MDEO-22,0.21057756895387694,0.02949945933655778,-0.26070620822316626,-0.06446926079597462,-0.016010041669583447,-0.20186220644913944,-0.37555647270628334,0.14435690722790648,0.10604657082021327,-0.25183872477392094,-0.042891578703824235,-0.051782102945082654,-0.04069296015545567,0.11414228159919032,0.12311857646473576,-0.23778534213629102,0.06257332793058135,-0.21917343315154822,0.18512755889879237,-0.020644016948487564
primary_remove_constant_only,MDEN-11,0.3923660882590599,0.29584516192963844,0.3543934688624037,0.16555617215891205,0.09798431039481517,0.07220229506605251,0.10041644986890055,0.00793483268090261,-0.04938426624536416,-0.0676872764468348,-0.043000246811966625,-0.09061633172483541,0.05652197909278403,-0.10997959571043645,0.03541515997777923,-0.16165909877417947,-0.0024722671087940495,-0.05733708012470381,-0.01634405688796138,-0.08147269369174213
primary_remove_constant_only,MDEN-12,0.40657606539571856,0.30550921715850216,0.3560515926296664,0.18804504371695244,0.07628606989461093,0.0650555701939847,0.10707843303386812,0.006645042982579494,-0.03424699241322112,-0.07163474723509142,-0.0310309826087177,-0.060129992915765575,0.04891753187954595,-0.11752899328827536,0.017381976047309053,-0.13867784972836808,0.014022054913975046,-0.04354798186735674,-0.03570923325186344,-0.05808224802618949
primary_remove_constant_only,MDEN-13,0.03520787354338208,0.05823533861809828,0.03028686648353418,0.10459204783470144,-0.11351622309005746,-0.03090844612841536,0.03474894328140709,0.24051152016163974,0.0791901831471491,-0.08190988420314074,0.007594271827759324,-0.06457914418155454,0.08935989490625622,-0.2158415416060684,-0.0028097953835098805,-0.11407776771943638,0.02786277102250208,0.1593668284838482,-0.09034189827658945,0.015241916531705486
primary_remove_constant_only,MDEN-22,0.1529675210650467,0.1521242814051783,0.3140910116411207,0.3591027667185107,-0.37580245008674656,-0.009013418556087994,0.12235800527505572,-0.05604506207351984,-0.0677786892976352,-0.11847040092110038,0.07706120381406675,0.061808557787689136,-0.01255774664460204,-0.00811687471352244,-0.042531551264850295,0.03541827855418141,0.09306150609918737,-0.017534275528815726,0.030994039596343167,-0.10332816990598648
primary_remove_constant_only,MDEN-23,-0.001626901251307185,0.1347757876765522,0.007742599440434382,0.20518542602518952,-0.32158857410569214,-0.09807192309448003,0.027090413223691382,0.15170663127625894,0.10750943807062065,0.006864054803734183,0.2807032889343796,0.1890684544765535,0.008315230446321955,-0.20681180288302456,-0.07483855105687268,0.10657789335421923,0.15412643602816198,0.013598334927935211,-0.10254570113773943,0.0805982814600864
primary_remove_constant_only,MDEN-33,0.15415921370966582,-0.07714319785283447,-0.1092818264219933,0.158117077604115,-0.13675223245815188,-0.11085771984142001,-0.07362795154673023,0.16531063443416408,0.042047935091321126,0.04615913926495215,0.1215030893084121,0.11799687390034688,0.07659279621393296,-0.27378528723287493,-0.007126087660447156,0.20980292271590012,0.07581623219562916,0.15748743579270383,-0.2405241822495773,0.03463594531308473
primary_remove_constant_only,MLFER_A,0.3163956674000692,0.3422248061879375,-0.053945515727483184,-0.24724321932578036,0.4852405742953575,0.4657843755393377,0.018113453935332126,-0.24350870435951258,0.04391274539523478,0.10507796953413691,-0.017638578777044243,-0.0034292059763253078,0.014830484669358709,0.04416403466907675,-0.1079192293993461,0.03559345801432833,-0.017140962347123683,0.1029618748076747,-0.04108587352203702,-0.060467805530395075
primary_remove_constant_only,MLFER_BH,0.8374913774094285,0.27358549719780556,0.008116188885093564,0.2593193267652828,0.09050787583280741,0.05967435835132752,-0.13213740717294273,0.06921994118644859,0.10849773160540253,-0.02162268194497987,0.0815449026569189,0.014663061446508903,-0.016958187581785873,-0.09463381439275961,-0.01895353750228683,0.043644317284129194,0.04157199211965447,0.002862669994180915,0.007941470948768448,-0.06571145454654352
primary_remove_constant_only,MLFER_BO,0.8489386445395791,0.26768835722848644,0.006071200408339528,0.23912320076328225,0.09081614940181887,0.05637168015082594,-0.13782223608757085,0.06787090575608422,0.11709752673769845,-0.01694338238987559,0.07616613522171187,0.0007030845131780887,-0.01567258560454949,-0.0878201479128436,-0.021179820597730964,0.04446387766030998,0.031839878461450866,0.0023701720958794947,0.017387871222380526,-0.06688139790405781
primary_remove_constant_only,MLFER_S,0.7559986347912264,0.42742567054028513,-0.1862815818847152,0.21204511743455207,-0.1111549584131292,0.05884035381935794,-0.06580929980087513,0.10727808191750503,0.15250704920719274,0.0076241253701665145,-0.031843392269360955,-0.020099211990904125,0.010592781235707971,-0.0610501815609254,0.005120681361567687,0.009200734903136136,0.02126170950062283,0.03200056981059239,-0.05627912335127739,-0.025289840364727936
primary_remove_constant_only,MLFER_E,0.572435784772641,0.17372276801176548,-0.5317390050121651,0.2663235291566823,-0.1337137085513726,0.33578437581399256,0.024307872820719605,0.03394377621193782,0.17504767909930685,0.10517397908470988,0.06184845552688557,-0.013349744877265297,0.028597663693672826,-0.10092561224755565,0.01733309196273338,0.09038736996233022,0.0691480942446152,0.054013176205255316,-0.0911226676890393,-0.006414940441201462
primary_remove_constant_only,MLFER_L,0.9366643320214881,0.049935864400234044,-0.2278137304842561,0.16351348199337845,-0.01601671271576723,0.05483031655563896,0.024302500187107504,0.03355554941262444,0.045718500250832454,0.012474299392855612,-0.0007382176554322041,0.016524525198438875,-0.03023068085795049,0.02320667001101619,-0.014487828211069372,0.008017489316810815,0.040514283277217095,0.06481197156867742,-0.048371735919700724,0.025967697592153612
primary_remove_constant_only,PetitjeanNumber,0.18054183626342438,-0.06270056540178397,-0.08390217601955778,0.029958563240906403,-0.0012048022392872019,-0.03866203216038049,0.024951781748057893,0.004902657069798909,0.012582367281179226,0.109232577403572,0.05903369520299261,0.08352327799627923,-0.060273895267491696,0.08359351774135372,0.011328638425107777,-0.08081866458145719,-0.09446021866612851,-0.04509631537517481,-0.04074687817529858,0.015962500597100724
primary_remove_constant_only,nRing,0.44503486566565137,-0.4326234647536102,-0.5324478033052009,-0.08037657386016867,-0.30040366717827904,0.24893844857980507,-0.2617263646161649,0.049175836511512895,0.11346158061213163,-0.06345888538147133,0.1023939353240584,-0.018832535792182935,0.007301412901207566,-0.09895411827815423,0.007134378076929145,0.023117989474070347,-0.009646016440093209,-0.07872580363525793,0.023437687032227893,-0.05321626749882377
primary_remove_constant_only,n3Ring,0.013832312165489,-0.07616040267469144,0.016321788572477475,0.04471931387500494,-0.06452008926517873,0.04990612734154847,-0.02404615363581967,-0.056275759331057315,0.04237098037421257,0.03311117027773921,0.03963035868416733,-0.04477664537594657,0.020776980663479733,-0.017741439439477466,-0.09898993180427217,0.10398450867489632,-0.09104498334663223,0.11831067497627087,0.234125043652911,-0.24495434573071703
primary_remove_constant_only,n4Ring,0.02304081586827246,-0.02959838214940275,-0.06443920048851104,0.007671164886418533,0.029225080215119582,0.02540629253189181,-0.06643800427553054,-0.01959675077925407,0.044896193381455424,0.0021735894564337828,-0.012667457172027377,-0.025749636127103143,0.005801362277777377,0.025176547396059894,-0.04101704706734779,0.01518125029204527,-0.1136834383368968,-0.014117693132494561,0.1052670095729239,-0.1979734143879398
primary_remove_constant_only,n5Ring,0.06553172570697381,-0.07681038976147297,0.05379321619964068,0.12678072336956275,-0.7117146649446204,0.2342125582910249,-0.10764309474721778,-0.030013838595676124,0.1232757196127969,0.11996518028980646,0.10623354875028264,0.07370051253650725,-0.1296837437297439,0.25079626296466384,-0.1647441682611614,-0.24531307531005875,-0.013533450218517231,0.007187073986851162,-0.03720977549041855,0.007445028842990496
primary_remove_constant_only,n6Ring,0.3594997473595768,-0.377137033336362,-0.5683496285397127,-0.1925817960876487,0.1658775538806879,0.08930111179063718,-0.1350352101261607,0.07127630682423232,0.03254782303817295,-0.08725836623478594,0.015887972301534433,-0.020920472322596296,0.08186937205567198,-0.29565022674907243,0.08202139480468763,0.1914407858113077,0.0146402423440317,-0.040902466829093355,0.008532914125312504,-0.07081369087593029
primary_remove_constant_only,n7Ring,0.14425855070129467,-0.13295447195630006,-0.18656172585209047,0.01952403734996974,0.10327646674408719,-0.028119896769068557,-0.25125769458541003,0.0487705200653009,-0.03562590137444346,-0.29818742156819006,0.06340115205275787,-0.19611115770751256,0.06891334807024478,0.059610397705509965,0.23487039330684237,0.003966687243624288,0.017719569254262723,-0.22558464493725464,0.059797132831040524,0.20116839569360806
primary_remove_constant_only,n8Ring,0.016143968866560457,-0.007504481167985391,0.00889201393227417,0.028936495246046638,-0.003981046658955417,-0.016787928709417442,-0.025176993419519827,0.0003757206315947756,0.011117590553879408,-0.007784610194966024,0.0016274966668991448,0.0019474650809926989,-0.006572864141449582,0.015264822491775087,-0.023604878525512015,0.001125308064059748,-0.010286824325650047,0.011133409622779547,-0.00727258360710384,0.05459515157955301
primary_remove_constant_only,n12Ring,-0.004568671146283219,0.007084073937150535,0.02291352714929631,0.0002566671062311212,0.0019274013032265346,-0.06184404844350781,-0.030560918229292466,0.003022722079076865,-0.01085815907347262,-0.03754769857616877,-0.019359746173687138,0.011168079959092836,-0.006261914127945184,0.025734779125347586,0.005264406374136283,-0.028667361575287858,0.024444403195518584,-0.006509204115842462,0.015287757251850356,0.002244080644149444
primary_remove_constant_only,nG12Ring,0.539423558065799,0.3529393173135155,0.36580362025298835,0.17613899376565995,0.1334677928656665,0.15011384415377624,0.06675075276944359,-0.06986519637364423,-0.02415892789894039,0.0022376440917546807,0.0028604053569127883,-0.047965142529742925,0.02855204534652438,-0.06199682729301958,0.057159764516152,-0.03157058460766964,-0.03777908383753239,-0.09056439317351582,0.04472618817298903,-0.020283052448568057
primary_remove_constant_only,nFRing,0.07734110888203102,-0.43560394871933983,0.28282626833326013,-0.21522307542705546,-0.31359759643539675,0.3042471992080261,-0.3336986551366845,-0.08407967574696952,0.12386302151231586,-0.2741092116598859,-0.002368717559325259,-0.127106812747877,0.07915880406041775,-0.07729884922554338,0.027856594061124965,-0.01125830256085797,0.03868756235463182,-0.12113353379669399,0.030162402569415634,0.23798573400102793
primary_remove_constant_only,nF6Ring,0.140953715470108,-0.04828729474482482,-0.0696019594415755,-0.1207364486314496,-0.04112160239507153,-0.005862747420953077,0.07364506236721283,-0.014581513978622767,0.19857113623458675,0.014030450757035214,-0.06288229722950454,-0.07969984955568617,-0.020872594855903943,0.10265441792421692,-0.11308158603323945,-0.011106178530633653,-0.173884222252708,0.09279399996837275,0.05207570377751938,0.24125493463956785
primary_remove_constant_only,nF7Ring,0.022066667895160562,-0.09165119368937942,0.04086822701393666,-0.02889653834978941,0.007345479866987722,0.04020046661643998,-0.07407599788528757,-0.016846108910621528,0.05382324529511053,0.025011846513882035,0.05257209289997504,-0.03097377357986556,0.016955754274196634,-0.013132048999791942,-0.04832587493358708,-0.02103824597412337,-0.060428461452988816,0.0003917474914871878,0.04625466748097155,0.017389613456971154
primary_remove_constant_only,nF8Ring,0.038300718021772075,-0.10143109590987598,0.031599610767499724,0.02556000890854884,-0.0764785952783447,0.02121782699128773,0.058742426017758594,-0.010997349999044984,0.1612707276778171,-0.005741820482442136,0.04783072246821626,-0.07155133900987452,-0.024991952938194038,0.019158506689535997,-0.17710673843353536,-0.03386262549068838,-0.08764226743262105,0.08405395882643105,0.07909523403960672,0.3169823195301186
primary_remove_constant_only,nF9Ring,-0.0689122946741833,-0.20956581046318484,0.22389289160251385,0.042160913189829216,-0.5866509499568623,0.4217190329548716,-0.11485460026434204,-0.2663390653100925,-0.06823816873132058,-0.07247856043062627,-0.00700178851966166,0.013526066281082315,0.008544336634787042,0.08918462546446052,-0.06699431276113312,-0.03905903126361994,0.07568000132358597,0.09751502042655694,-0.07641101165812358,0.06756818554452422
primary_remove_constant_only,nF10Ring,0.041365936800485864,-0.22114436859926745,0.10938618045480909,-0.31744999847761207,0.2155095126881709,0.03569649628374352,-0.21171973703195007,0.16828923683176994,0.16174467423772299,-0.12312961319840567,0.04722809529812225,-0.029590537911483403,0.05586557741995384,-0.36177231936492854,0.03717504965436703,0.05872169882434262,0.07281087634198055,-0.17675064890862419,0.05776437923521249,-0.02727601470601316
primary_remove_constant_only,nF11Ring,0.13091007961703333,-0.1151400715901348,-0.16102279003218636,-0.015656005929061675,0.1002004937161286,-0.029190426624663292,-0.2964270313689996,0.03690805715042986,0.0131970878728439,-0.3414290718517128,0.009719703771139432,-0.21510655637569534,0.08248804979154732,0.05793543213798066,0.24475108852119026,-0.0023868642091074066,0.0030846163733681286,-0.2531853469066955,0.06879573751238749,0.21239265309442126
primary_remove_constant_only,nF12Ring,-0.019793411493541333,-0.15937189395256282,0.12310891272276499,0.09876896680686673,-0.4328562169134406,0.215806329321944,-0.08522207858722519,-0.23059735707535714,-0.12913239320598066,-0.10016914391080936,-0.05064724486390622,-0.04974749530480456,0.05817735494310027,0.043547681496770595,0.02778480872266869,0.06162101336764411,0.046755337227779144,0.06999953482071714,0.021451305529459407,-0.017893979980734512
primary_remove_constant_only,nFG12Ring,0.07574396737247804,-0.41853483108417616,0.35285002373322466,-0.22531714340956424,-0.19909270222767952,0.197106421858562,-0.34390631135870336,-0.017462593055680146,0.0946092028493123,-0.2664230458700291,-0.01725119261470519,-0.10444678492910843,0.08316392872737766,-0.04814039852450544,0.08734483182778419,-0.031912088798621466,0.04760904713460267,-0.1858433794692906,0.00593199652782137,0.19019160444533156
primary_remove_constant_only,nTRing,0.25569273178123025,-0.521109222525101,-0.022071390822125732,-0.19836766197268407,-0.3702582896139355,0.3403818449901438,-0.3683195655352061,-0.041789341707371225,0.1439426272359522,-0.23540030941735343,0.04358250344523422,-0.10446269714486099,0.06309490898411375,-0.10230238627355183,0.024226448795077682,0.001730784805497681,0.0249808878538464,-0.1264861765453727,0.03319455594587078,0.15638180420606212
primary_remove_constant_only,nT4Ring,0.02304081586827246,-0.02959838214940275,-0.06443920048851104,0.007671164886418533,0.029225080215119582,0.02540629253189181,-0.06643800427553054,-0.01959675077925407,0.044896193381455424,0.0021735894564337828,-0.012667457172027377,-0.025749636127103143,0.005801362277777377,0.025176547396059894,-0.04101704706734779,0.01518125029204527,-0.1136834383368968,-0.014117693132494561,0.1052670095729239,-0.1979734143879398
primary_remove_constant_only,nT5Ring,0.06553172570697381,-0.07681038976147297,0.05379321619964068,0.12678072336956275,-0.7117146649446204,0.2342125582910249,-0.10764309474721778,-0.030013838595676124,0.1232757196127969,0.11996518028980646,0.10623354875028264,0.07370051253650725,-0.1296837437297439,0.25079626296466384,-0.1647441682611614,-0.24531307531005875,-0.013533450218517231,0.007187073986851162,-0.03720977549041855,0.007445028842990496
primary_remove_constant_only,nT6Ring,0.3902168166691074,-0.37774213581066457,-0.5682557801128908,-0.22339756842288808,0.14634329271279356,0.08395243008014712,-0.10637854533939321,0.06386311904083543,0.09432672759268582,-0.07939606102234371,-0.004698694437779665,-0.045409664209647434,0.07204500104307503,-0.2515106541247633,0.042913088035091744,0.18043872821344512,-0.04114279234015093,-0.009841499955411882,0.02473467373219663,0.008554286092068784
primary_remove_constant_only,nT7Ring,0.1451840548520834,-0.1537716766899152,-0.16832850019940937,0.0107236516037207,0.10157282447275245,-0.015842031286384055,-0.26284764529735954,0.0422788635051174,-0.01926107376479464,-0.2803292038137712,0.07581042395010158,-0.1976423938832633,0.07115116141822599,0.05376384080515185,0.21279062049619213,-0.002067374416553759,0.00015753405134190816,-0.21726207350660542,0.0705690570456268,0.19871263368612585
primary_remove_constant_only,nT8Ring,0.04039625739952659,-0.10146418165460096,0.03263562843942037,0.02980093642239285,-0.0762410455749998,0.01835177149973516,0.0541412388424012,-0.010814801466385983,0.1611959129259038,-0.006895496848034892,0.04754720595837991,-0.07044142524359252,-0.02573937827487922,0.021331859349650335,-0.17880798055766164,-0.03330547380134368,-0.08826594794554872,0.08485050711469398,0.0770670543242127,0.3219595597328612
primary_remove_constant_only,nT9Ring,-0.0689122946741833,-0.20956581046318484,0.22389289160251385,0.042160913189829216,-0.5866509499568623,0.4217190329548716,-0.11485460026434204,-0.2663390653100925,-0.06823816873132058,-0.07247856043062627,-0.00700178851966166,0.013526066281082315,0.008544336634787042,0.08918462546446052,-0.06699431276113312,-0.03905903126361994,0.07568000132358597,0.09751502042655694,-0.07641101165812358,0.06756818554452422
primary_remove_constant_only,nT10Ring,0.041365936800485864,-0.22114436859926745,0.10938618045480909,-0.31744999847761207,0.2155095126881709,0.03569649628374352,-0.21171973703195007,0.16828923683176994,0.16174467423772299,-0.12312961319840567,0.04722809529812225,-0.029590537911483403,0.05586557741995384,-0.36177231936492854,0.03717504965436703,0.05872169882434262,0.07281087634198055,-0.17675064890862419,0.05776437923521249,-0.02727601470601316
primary_remove_constant_only,nT11Ring,0.13091007961703333,-0.1151400715901348,-0.16102279003218636,-0.015656005929061675,0.1002004937161286,-0.029190426624663292,-0.2964270313689996,0.03690805715042986,0.0131970878728439,-0.3414290718517128,0.009719703771139432,-0.21510655637569534,0.08248804979154732,0.05793543213798066,0.24475108852119026,-0.0023868642091074066,0.0030846163733681286,-0.2531853469066955,0.06879573751238749,0.21239265309442126
primary_remove_constant_only,nT12Ring,-0.02013208305438229,-0.15814949578322943,0.12472002119263967,0.09842973069611198,-0.43109473805448456,0.2094472416640018,-0.08766061881278103,-0.22947927738775067,-0.12963614409419782,-0.10318182026933313,-0.05220426300497606,-0.048559608898706884,0.057400210489932844,0.04570464432089801,0.02815679533470567,0.0588142308125179,0.04878436903999347,0.06915675795506496,0.02274885885850197,-0.01762631566158833
primary_remove_constant_only,nTG12Ring,0.1036645079429591,-0.400199456252497,0.3717406894714237,-0.216164272010647,-0.19215311886321274,0.20485101825924562,-0.34040053980762225,-0.021077713256769576,0.09334465794466823,-0.266268903529672,-0.017100601981514,-0.1069154205013479,0.08463040927353378,-0.05134368608004469,0.09029202316078648,-0.03354223302442552,0.04564600125073939,-0.19050611563411124,0.008247072177403638,0.18911402061540888
primary_remove_constant_only,nRotB,0.8257349220893617,0.15029560715971482,0.049381961589062454,0.2567914501263317,0.10019524025128008,-0.20758791685324612,0.1608864504426946,0.0011346856750535067,-0.13298109225025093,-0.0002381971137692335,-0.03269078923945597,0.08434441752208532,-0.09052912617236822,0.2173827984492631,-0.02110337405372919,-0.0006778966584983294,-0.024672845340019563,0.09687842549758761,-0.00796877232840924,0.08855705370224988
primary_remove_constant_only,LipinskiFailures,0.45728058298207536,-0.05413594270429841,0.173590087978415,0.09650291433911658,0.16720749288182923,-0.08684763214419816,0.20370786468320462,-0.040170345219524985,-0.16492041145009279,-0.04644901666643667,-0.07909781132973215,0.08372685079244413,-0.07765448578417737,0.25964034268508035,-0.03404272018736517,-0.011534963499044683,-0.02476392363498654,0.14439189060977084,-0.11081592853747006,0.21907343195831327
primary_remove_constant_only,TopoPSA,0.6545971031943252,0.5926309961802179,0.1850318120538172,0.1443822755483395,-0.07140826126802662,0.06855243039033738,-0.06982326675211821,0.04586128852920486,0.23210358598019853,0.12823882004984502,0.00232950929879768,-0.021093304883428032,0.02077840668899963,0.05871059421133251,-0.10155065037314613,-0.05590012368759142,-0.039065711221851415,0.0727847981430152,-0.017497355272065866,-0.059965273600016814
primary_remove_constant_only,VABC,0.9673989717845518,-0.11118737579079233,-0.11978995850145693,0.029308777190259906,0.08250620494430251,-0.08060560653653205,0.0723959405832455,0.03323196935611682,-0.046773143080147815,-0.022500711030646978,-0.0196806835617448,0.025523894426827398,-0.013429496961766063,0.04511290144300202,0.01175135046365162,0.0006229743451120777,0.02249046395550541,0.054288748836708055,-0.016879720763392086,0.02260602668462422
primary_remove_constant_only,VAdjMat,0.8703956834120037,-0.16409575464226214,-0.3896932006076747,-0.0489487758570683,-0.06885295116405322,-0.09433902925367633,0.03680487417054713,0.08579669947880987,-0.03541796169478251,-0.059393346138894625,0.01595816725187791,0.051872224714018055,-0.025751637905828507,0.012750120940934747,-0.02696673344197444,-0.010340106463680793,0.049095356288976266,0.060643645966776905,-0.021755470817364835,1.0683263698158637e-05
primary_remove_constant_only,MW,0.9576251050373968,0.015795816723028114,-0.19952572859820425,0.0259619745406947,-0.04157236973247264,-0.05952446127131423,0.01919979147050129,0.031576166160632566,-0.019742634260302976,0.10132109939958693,0.014637314814445291,-0.014863193201162625,0.0022264064410702535,0.048241580963862114,0.06592034902696749,-0.0014602533771073671,0.07674146629771608,0.05077118925219062,0.017633036341071568,0.034735592366007095
primary_remove_constant_only,WTPT-1,0.9506457439220876,-0.059058257574625794,-0.2808391589315868,0.013624205993029883,-0.02546141062101755,-0.003011331242658342,0.02028089293380346,0.047957607124008324,-0.03226687935414299,-0.04342014778169127,0.01569821393360624,0.028781863590437863,-0.017384047393889036,0.016306016104965758,0.004121858812182238,0.002312172879816159,0.0172173247306556,0.02960748586467419,-0.003193108729414998,0.026684291846179185
primary_remove_constant_only,WTPT-2,0.09269899303624843,-0.45401904707503093,-0.3993050070828801,0.10829099365556498,-0.266321967069977,0.45437529628958157,-0.26780143762924985,0.012204237272562852,0.17843624474502232,-0.16743516494085134,0.1576346224479706,-0.12883283157712017,0.02345023430241581,-0.13244402741742953,-0.019620493866251035,0.08437472901431688,-0.12811642754034505,-0.14022969646773106,0.11467056589805652,0.06791980034882324
primary_remove_constant_only,WTPT-3,0.702756195819879,0.5517993878503382,0.0009967693858720708,0.12403334404693032,-0.23783173468476057,-0.11312792558518911,-0.15392961222033882,0.10830696744999044,0.07003477804808177,0.13027197243370095,0.13942708686941288,0.03236810802395011,-0.003928232840708796,-0.026171979031215258,0.005917188015282314,0.020583242925005803,0.060336908191600425,0.012119759634586379,0.01752096880830933,-0.04482077178753438
primary_remove_constant_only,WTPT-4,0.5157915634696749,0.394422107761347,-0.2336437364702223,-0.3021326182498249,0.14414805899623487,-0.09163860531478243,-0.36600644184304376,-0.02541936690672959,0.276134398270511,-0.05718792695665005,-0.14641383136989639,0.021594906817936237,-0.03885189713488719,0.22367536114708245,-0.039459512465538076,-0.188866714007791,0.05695199449294654,-0.07600378242100779,0.027111965721974735,-0.04298712439422709
primary_remove_constant_only,WTPT-5,0.5345871633899716,0.32297089143971014,0.21831214365574447,0.5125202510439484,-0.27292023141104627,0.01491497118643567,0.061103229377153304,0.12575946292818424,-0.03644806295010035,-0.045418985522969836,0.197134022213915,0.10262061297254146,0.010986611129064329,-0.19410183760212282,-0.023236467214008624,0.1317244523470353,0.05137064004517115,0.05066888017385661,-0.04187574380963047,-0.041079364608121574
primary_remove_constant_only,WPATH,0.7330355917645183,0.3052026490013881,0.185683012810073,0.18498857848622646,0.11822162096159694,0.18275524096471346,0.03964126709295094,-0.0482031599544936,-0.0316168969053517,0.03370404437410349,0.026478916834822168,-0.034124681649640665,0.009152912639325134,0.0037382374594574735,0.07610602505647773,0.06475427223761933,-0.08240120414452293,-0.049518187721131875,0.08156208403439551,0.06910717427366944
primary_remove_constant_only,WPOL,0.9199877071190503,-0.15957553994927448,-0.19382178754998658,-0.18399764950301228,-0.061880339330337084,0.07721267278420024,-0.05549220313302711,0.02762688553891204,-0.02473954232934285,-0.08335991106725686,-0.013518905841997457,0.015074435385226981,0.035672387996874694,-0.0906550495016664,0.05529771744788123,-0.0066694764149337,0.06760364419724445,-0.013722402199296862,-0.055284663163438094,0.0133830103524619
primary_remove_constant_only,XLogP,0.21863897944075736,-0.5442963897004918,-0.048450487152429784,-0.06325693815983337,0.14370809200567797,-0.07443339065517765,0.3884439506844188,-0.08401690755942137,-0.27397117794344683,-0.019591826083480753,0.013543995044124877,0.05687274540595634,-0.025360860298444296,0.1634696053017342,0.0647389136894984,-0.0501340529965677,0.0317173038411998,0.10201489647132794,-0.02223766472027109,0.24546018737231995
primary_remove_constant_only,Zagreb,0.9414236693057276,-0.10033670556713623,-0.2822182387396416,-0.06216436434789752,-0.08934936199604615,0.046430101409986574,-0.01754027741804464,0.03788704108797015,-0.010364344383624,-0.03568233841925682,0.019343523505475007,0.029974026294082107,-0.009375796378305205,-0.019041783775490012,0.0031125256584760333,-0.006575080353161818,0.02121203762516227,0.010153333093060277,-0.008361140438135243,0.012673768976536163
