SMILES,PLS_T2_score,PLS_X_residual_ss,flag_PLS_T2_ge_99pct,flag_PLS_X_residual_ge_99pct,flag_PLS_score_space_unusual
Oc1ccc2O[C@H]([C@H](Sc2c1)C3CCCC3)c4ccc(OCCN5CCCCC5)cc4,12.892776563489917,49.40967940129473,False,False,False
Oc1ccc2O[C@H]([C@H](Sc2c1)C3CCCCCC3)c4ccc(OCCN5CCCCC5)cc4,10.85356638804624,88.07189695702402,False,False,False
Oc1ccc(cc1)[C@H]2Sc3cc(O)ccc3O[C@H]2c4ccc(OCCN5CCCCC5)cc4,8.278862904386399,27.4434949187201,False,False,False
Oc1ccc2O[C@H]([C@@H](CC3CCCCC3)Sc2c1)c4ccc(OCCN5CCCCC5)cc4,11.903421599073841,65.39985265409211,False,False,False
Oc1ccc2O[C@H]([C@@H](Cc3ccccc3)Sc2c1)c4ccc(OCCN5CCCCC5)cc4,7.240887038213861,40.60700899142138,False,False,False
Oc1ccc2O[C@H]([C@H](Sc2c1)c3ccncc3)c4ccc(OCCN5CCCCC5)cc4,8.741130205315661,54.95105016780374,False,False,False
Oc1ccc(cc1)C2=Cc3cc(O)ccc3C24Cc5ccc(OCCN6CCCCC6)cc5C4,13.519263203809315,87.98151237203749,False,False,False
Oc1ccc2O[C@H]([C@H](Sc2c1)c3occc3)c4ccc(OCCN5CCCCC5)cc4,8.538060535153258,65.80102008993555,False,False,False
Oc1ccc(cc1)C2=Cc3cc(O)ccc3C24Cc5ccccc5C4,9.18372292549352,99.20407328125668,False,False,False
Oc1ccc(cc1)C2=Cc3cc(O)ccc3C24C(=O)c5ccccc5C4=O,9.575006996074261,132.07694414862283,False,False,False
Oc1ccc(cc1)C2=Cc3cc(O)ccc3C24C(=O)c5ccc(OCCN6CCCCC6)cc5C4=O,8.985469311353139,122.95419074288432,False,False,False
Oc1cccc(c1)C2=Cc3cc(O)ccc3C24Cc5ccccc5C4,9.428903808657394,113.40702686081872,False,False,False
CC(C)(C)[C@H]1Sc2cc(O)ccc2O[C@H]1c3ccc(OCCN4CCCCC4)cc3,15.781490120163976,128.252487207391,False,False,False
Oc1ccc2O[C@H]([C@H](Sc2c1)C3CCCCC3)c4ccc(OCCN5CCCCC5)cc4,10.409926178449266,60.55954265651281,False,False,False
Oc1ccc2O[C@H]([C@H](Sc2c1)c3cccnc3)c4ccc(OCCN5CCCCC5)cc4,8.65896017324859,55.66182832220011,False,False,False
CC(C)C[C@H]1Sc2cc(O)ccc2O[C@H]1c3ccc(OCCN4CCCCC4)cc3,9.626864229805678,34.35811977190387,False,False,False
Oc1ccc(C[C@H]2Sc3cc(O)ccc3O[C@H]2c4ccc(OCCN5CCCCC5)cc4)cc1,7.441649677462705,40.31842510375391,False,False,False
CC(C)[C@H]1Sc2cc(O)ccc2O[C@H]1c3ccc(OCCN4CCCCC4)cc3,8.993599936487726,34.22464896364866,False,False,False
Oc1cccc(c1)C2=Cc3cc(O)ccc3C24C(=O)c5ccccc5C4=O,9.511571339737998,161.87670903295685,False,False,False
Oc1ccc2O[C@H]([C@H](Sc2c1)c3cccs3)c4ccc(OCCN5CCCCC5)cc4,11.070350596700383,49.429924401894525,False,False,False
Oc1ccc2O[C@H]([C@@H](CC3CCCC3)Sc2c1)c4ccc(OCCN5CCCCC5)cc4,14.35484833307518,57.60710404132874,False,False,False
Oc1ccc(cc1)c2sc3cc(O)ccc3c2C(=O)c4ccc(OCCN5CCCCC5)cc4,12.083833314373273,56.875354149171564,False,False,False
Oc1ccc(cc1)[C@H]2Sc3cc(O)ccc3O[C@H]2c4ccc(COCCN5CCCCC5)cc4,8.451578260746722,33.124157916223346,False,False,False
Oc1ccc(cc1)[C@H]2Sc3cc(O)ccc3O[C@H]2c4ccc(cc4)C5=CCNCC5,9.943471391867629,115.00652223768238,False,False,False
CN1CCN(CC1)c2ccc(cc2)[C@@H]3Oc4ccc(O)cc4S[C@@H]3c5ccc(O)cc5,8.764255231899465,55.913800083071045,False,False,False
Oc1ccc(cc1)[C@H]2Sc3cc(O)ccc3O[C@H]2CCCN4CCCCC4,9.961252120183648,45.658952366280275,False,False,False
Oc1ccc(cc1)[C@H]2Sc3cc(O)ccc3O[C@H]2c4ccc(CCCN5CCCCC5)cc4,8.111045655666238,38.87190489975273,False,False,False
CN1CCCN(CC1)c2ccc(cc2)[C@@H]3Oc4ccc(O)cc4S[C@@H]3c5ccc(O)cc5,9.337944951241699,74.41855548186705,False,False,False
Oc1ccc(cc1)[C@H]2Sc3cc(O)ccc3O[C@H]2c4ccc(cc4)C5CCNCC5,5.817980120408884,88.64094250733199,False,False,False
CCN1CCN(CC1)c2ccc(cc2)[C@@H]3Oc4ccc(O)cc4S[C@@H]3c5ccc(O)cc5,8.768504774285754,53.198263402516986,False,False,False
Oc1ccc(cc1)[C@H]2Sc3cc(O)ccc3O[C@H]2c4ccc(cc4)N5CCNCC5,6.860723351755269,76.84004816021749,False,False,False
Oc1ccc(cc1)[C@H]2Sc3cc(O)ccc3O[C@H]2c4ccc(CN5CCCCC5)cc4,7.753079197097125,39.604565652718115,False,False,False
Oc1ccc(cc1)[C@H]2Sc3cc(O)ccc3O[C@H]2c4ccc(cc4)N5CCCNCC5,7.583591731356781,98.08642778241408,False,False,False
C[C@]12CC[C@H]3[C@@H](CCc4cc(O)ccc34)[C@@H]1CC[C@@H]2O,10.664552524205702,65.94347634658038,False,False,False
CCCCN(C)C(=O)CCCCCCCCCCS[C@@H]1[C@H](O)c2cc(O)ccc2[C@H]3CC[C@]4(C)[C@@H](O)CC[C@H]4[C@H]13,15.318410861887951,187.93434064740927,False,False,False
CC\C(=C(/c1ccccc1)\c2ccc(\C=C\C(=O)O)cc2)\c3ccccc3,16.858813006930028,74.28054770407246,False,False,False
C[C@]12CC[C@H]3[C@@H]([C@H](Sc4ccc(Br)cc4)C(O)c5cc(O)ccc35)[C@@H]1CC[C@@H]2O,28.999693087714657,294.4427836686035,False,False,False
C[C@]12CC[C@H]3[C@@H]([C@@H](Cc4cc(O)ccc34)Sc5ccc(\C=C\C(=O)O)cc5)[C@@H]1CC[C@@H]2O,15.59062798976881,129.76894836116088,False,False,False
CN(C)C(=O)\C=C\c1ccc(S[C@@H]2Cc3cc(O)ccc3[C@H]4CC[C@]5(C)[C@@H](O)CC[C@H]5[C@H]24)cc1,14.361415002279655,105.48468443620618,False,False,False
CCCCN(C)C(=O)CCCCCCCCCCS[C@H]1[C@@H]2[C@H](CC[C@]3(C)[C@@H](O)CC[C@@H]23)c4ccc(O)cc4C1=O,13.977496956204826,188.95819288742564,False,False,False
C[C@]12CC[C@H]3[C@@H]([C@H](CCCCCCCCCS(=O)CCCC(F)(F)C(F)(F)F)Cc4cc(O)ccc34)[C@@H]1CC[C@@H]2O,156.31742489944617,5895.767021880579,True,True,True
CCCCN(C)C(=O)CCCCCCCCCCS[C@@H]1Cc2cc(O)ccc2[C@H]3CC[C@]4(C)[C@@H](O)CC[C@H]4[C@H]13,14.812320271519337,175.94364034075147,False,False,False
Oc1ccc(cc1)[C@H]2Sc3cc(O)ccc3S[C@H]2c4ccc(OCCN5CCCC5)cc4,14.214913392514871,64.21325241053948,False,False,False
Oc1ccc2O[C@H]([C@H](Sc2c1)c3cccc(O)c3)c4ccc(OCCN5CCCC5)cc4,7.605488314504345,42.03839278330444,False,False,False
Oc1ccc(cc1)[C@H]2Sc3cc(O)ccc3S[C@H]2c4ccc(OCCN5CCCCC5)cc4,14.104414890792286,70.37335344448381,False,False,False
Oc1cccc(c1)[C@H]2Sc3cc(O)ccc3S[C@H]2c4ccc(OCCN5CCCCC5)cc4,12.599208360698718,80.49137565736109,False,False,False
Oc1cccc(c1)[C@H]2Sc3cc(O)ccc3S[C@H]2c4ccc(OCCN5CCCCC5)c(Br)c4,20.640236216799615,149.16749798344364,False,False,False
Oc1ccc(cc1)[C@H]2Sc3cc(O)ccc3S[C@H]2c4ccc(OCCN5CCCCC5)c(Br)c4,21.972840870497066,140.83780563301326,False,False,False
Oc1ccc(cc1)[C@H]2Sc3cc(O)ccc3S[C@H]2c4ccc(OCCN5CCCC5)c(Br)c4,22.08970897735852,129.99289867518846,False,False,False
Oc1cccc(c1)[C@H]2Sc3cc(O)ccc3O[C@H]2c4ccc(OCCN5CCCCC5)cc4,7.576839478623594,43.157992532020856,False,False,False
CN(CCCc1ccc(Cl)cc1)c2nc(NCCc3ccc(O)cc3)nc(n2)N4CCNCC4,12.685277161681217,317.39236713028566,False,False,False
CN(CCCc1ccc(F)cc1)c2nc(NCCc3ccc(O)cc3)nc(n2)N4CCNCC4,17.51309166514213,254.1907164507403,False,False,False
CN(C[C@@H]1C[C@@H]1c2ccccc2)c3nc(NCCc4ccc(O)cc4)nc(n3)N5CCNCC5,40.77410829053689,814.2764089014784,False,False,False
CN(CCCc1ccc(Cl)cc1)c2nc(NCCc3ccc(O)cc3)nc(n2)N4CCN(Cc5csc(C)n5)CC4,18.43556027602608,390.05316177967416,False,False,False
CN(CCCc1ccc(Cl)cc1)c2nc(NCCc3ccc(O)cc3)nc(n2)N4CCN(CCO)CC4,15.748755363954398,366.14441627377516,False,False,False
Oc1ccc(CCNc2nc(SCCCc3ccc(Cl)cc3)nc(n2)N4CCNCC4)cc1,10.923529685519187,252.312327040443,False,False,False
COc1cccc2OC(c3ccccc3)c4c(Br)c(NS(=O)(=O)C)ccc4c12,11.52449331332012,233.09110148349058,False,False,False
Oc1ccc(cc1)C(=C(CC(F)(F)F)c2ccccc2)c3ccc(O)cc3,18.63978354052254,200.5564059968275,False,False,False
Oc1ccc(cc1)C(=Cc2ccccc2)c3ccc(O)cc3,9.470837147094977,63.79882697578222,False,False,False
CC\C(=C(/c1ccccc1)\c2ccc(OCCN(C)C)cc2)\c3ccccc3,11.285512724184114,90.54852711806697,False,False,False
CCC(=C(c1ccc(O)cc1)c2ccc(O)cc2)c3ccccc3,9.632120204922728,57.75265617403246,False,False,False
CCCCC(=C(c1ccc(O)cc1)c2ccc(O)cc2)c3ccccc3,10.453852061149547,58.125259710759465,False,False,False
CC(=C(c1ccc(O)cc1)c2ccc(O)cc2)c3ccccc3,8.633986761706026,59.68393369672531,False,False,False
CCCC(=C(c1ccc(O)cc1)c2ccc(O)cc2)c3ccccc3,9.832231598480874,57.166799092501044,False,False,False
CC\C(=C(/c1ccccc1)\c2ccc(O)cc2)\c3ccccc3,10.775607071331905,72.18485284326007,False,False,False
CC\C(=C(\CC)/c1ccc(O)cc1)\c2ccc(O)cc2,9.197105391896585,44.64817075770366,False,False,False
CCc1c(oc(c2ccc(O)cc2)c1c3ccc(OCCN4CCCCC4)cc3)c5ccc(O)cc5,6.94061892505728,77.63874567799313,False,False,False
Cc1c(c2ccc(O)cc2)n(Cc3ccc(OCCN4CCCCC4)cc3)c5ccc(O)cc15,6.186174362053162,51.00821213648014,False,False,False
Cc1c(c2ccc(O)cc2)n(Cc3ccc(OCCN4CCCCCC4)cc3)c5ccc(O)cc15,7.003610155520745,76.36855003293724,False,False,False
Cc1c(c2ccc(O)cc2)n(CCCCCCN3CCCC3)c4ccc(O)cc14,5.993896191661457,103.00142576870559,False,False,False
Cc1cc(O)c2C(=O)c3c(O[C@@H]4O[C@H](CO)[C@@H](O)[C@H](O)[C@H]4O)cc(O)cc3C(=O)c2c1,60.7109910502194,328.2433054743085,False,False,False
Oc1ccc(cc1)C2=COc3cc(O)cc(O)c3C2=O,12.061736613562106,76.70636645645064,False,False,False
Oc1ccc(cc1)C2=COc3cc(O)ccc3C2=O,7.636196929803232,60.11747577592235,False,False,False
Cc1cc(O)c2C(=O)c3c(O)cc(O)cc3C(=O)c2c1,16.352617440929844,123.25596675415454,False,False,False
Oc1ccc2C(=O)c3cc(O)ccc3C(=O)c2c1,12.250875046406566,108.61976222903158,False,False,False
Cc1ccc(cc1)S(=O)(=O)N2CCc3cc(O)ccc3C2c4ccc(OCCN5CCCC5)cc4,7.202927162915637,106.91811070732979,False,False,False
Oc1ccc(cc1)C2CN(Cc3cc(O)ccc23)C(=O)c4ccccc4,4.266960065024387,77.57237382771973,False,False,False
Oc1ccc2C(N(CCc2c1)c3ccccc3)c4cccs4,6.582256990368243,78.24336380762588,False,False,False
Oc1ccc2C(N(CCc2c1)c3ccc(\C=C\C(=O)N4CCOCC4)cc3)c5ccccc5,9.565207356067289,74.50925167858655,False,False,False
Oc1ccc2C(N(CCc2c1)S(=O)(=O)c3cccc4ccccc34)c5ccc(OCCN6CCCC6)cc5,9.171433039311534,138.1188705939569,False,False,False
CN(C)C(=O)\C=C\c1ccc(cc1)N2CCc3cc(O)ccc3C2c4ccccc4,8.149446013092303,62.68831117972532,False,False,False
Oc1ccc2C(C(CCc2c1)c3ccccc3)c4ccc(OCCN5CCCC5)cc4,7.258411771241522,37.526865160740094,False,False,False
Oc1ccc(cc1)C2CN(Cc3cc(O)ccc23)S(=O)(=O)c4ccccc4,7.237199211795698,134.680235519536,False,False,False
Oc1ccc2C(N(Cc3ccc4OCOc4c3)CCc2c1)c5ccc(OCCN6CCCC6)cc5,7.73082480045554,74.31807768597602,False,False,False
Oc1ccc2C(CC3CCCCC3)N(CCc2c1)c4ccccc4,10.485872368703825,57.32518424863625,False,False,False
Oc1ccc2C(Cc3ccccc3)N(CCc2c1)c4ccccc4,4.362027657002776,57.9471954488319,False,False,False
Oc1ccc2C(N(CCc2c1)C(=O)c3ccccc3)c4ccc(OCCN5CCCC5)cc4,4.43930680040062,63.88736473164494,False,False,False
Oc1ccc(cc1)C2CN(Cc3ccccc3)Cc4cc(O)ccc24,4.2201145361403105,44.67226098309991,False,False,False
Oc1ccc2C(C3CCCCC3)N(CCc2c1)c4ccccc4,7.651674426040778,55.16087064665653,False,False,False
Oc1ccc(cc1)C2CN(Cc3cc(O)ccc23)S(=O)(=O)c4cccc5ccccc45,8.381559164129094,160.40158831923546,False,False,False
Oc1ccc2C(N(CCc2c1)C(=O)C(F)(F)F)c3ccc(Br)cc3,21.169788737413928,199.59028610453652,False,False,False
Oc1ccc(cc1)C2CN(Cc3cc(O)ccc23)C(=O)C(F)(F)F,23.638621248937046,158.3505141968089,False,False,False
Oc1ccc2C(N(CCc2c1)S(=O)(=O)c3ccccc3)c4ccc(OCCN5CCCC5)cc4,7.7517309071417,113.9439715779358,False,False,False
Oc1ccc(cc1)[C@H]2N(CCc3cc(O)ccc23)C(=O)C(F)(F)F,19.428722050604925,155.6135111340339,False,False,False
Oc1ccc2C(N(CCc2c1)S(=O)(=O)c3ccc4ccccc4c3)c5ccc(OCCN6CCCC6)cc5,9.516154497731183,135.85014934290191,False,False,False
Oc1ccc2C(N(CCc2c1)C(=O)C(F)(F)F)c3ccccc3,15.641867113368106,152.4949965365193,False,False,False
CCCc1ccc(cc1)S(=O)(=O)N2CCc3cc(O)ccc3C2c4ccc(OCCN5CCCC5)cc4,8.17449340398358,111.58448986096239,False,False,False
Oc1ccc2C(N(CCc2c1)c3ccccc3)c4ccccc4,3.9718947797313002,62.58042559240835,False,False,False
Oc1ccc2C(N(CCc2c1)C(=O)C(F)(F)F)c3cccs3,22.026315290949597,161.2722303975908,False,False,False
Oc1ccc2C(N(CCc2c1)c3ccccc3)c4ccc(OCCN5CCCC5)cc4,4.9387660334719,42.021621276496546,False,False,False
CC(C)C1N(CCc2cc(O)ccc12)c3ccccc3,6.427316747616406,36.31289022780346,False,False,False
Oc1ccc2C(N(Cc3ccccc3)CCc2c1)c4ccc(OCCN5CCCC5)cc4,5.181513850359665,50.64059253757252,False,False,False
Oc1ccc2C(N(CCc2c1)C(=O)C(F)(F)F)c3ccc(OCCN4CCCC4)cc3,20.256564498776424,150.28775861211494,False,False,False
CCOC(=O)N1CCc2cc(O)ccc2C1c3ccc(OCCN4CCCC4)cc3,4.782540332987344,71.75616314506988,False,False,False
Oc1ccc(cc1)[C@@H]2Sc3cc(O)c(F)cc3O[C@@H]2c4ccc(OCCN5CCCCC5)cc4,13.377871995607087,64.98161718898628,False,False,False
Oc1ccc(cc1)[C@@H]2Sc3cc(O)ccc3O[C@H]2c4ccc(OCCN5CCCCC5)cc4,8.278862904386399,27.4434949187201,False,False,False
Oc1ccc(cc1)C2=Nc3c(O)cc(O)cc3OC2,12.495904041414336,101.8004183875551,False,False,False
Cc1ccc(cc1)N2CCc3cc(O)ccc3C2(C)c4ccc(OCCN5CCCCC5)cc4,7.022017269866967,46.812293476410105,False,False,False
Oc1ccc(cc1)[C@@H]2Sc3c(Cl)c(O)ccc3O[C@@H]2c4ccc(OCCN5CCCCC5)cc4,11.376116148902774,47.940356481503756,False,False,False
CN(C)CCOc1ccc(cc1)[C@@H]2Oc3ccc(O)cc3S[C@@H]2c4cccc(O)c4,7.4108603017262755,49.824537819869434,False,False,False
CCC1Oc2cc(O)ccc2N=C1c3ccc(O)cc3,6.972343669371873,92.94995527119397,False,False,False
Oc1ccc2[C@H]([C@H](CCc2c1)c3ccccc3)c4ccc(OCCN5CCCC5)cc4,7.258411771241522,37.526865160740094,False,False,False
Oc1ccc2C3=Nc4ccc(O)cc4OC3Cc2c1,9.006454200141743,132.13891222586062,False,False,False
CC(C)c1ccc(cc1)N2CCc3cc(O)ccc3C2(C)c4ccc(OCCN5CCCCC5)cc4,8.193905554412893,49.410676670969224,False,False,False
Cc1cc2S[C@H]([C@H](Oc2cc1O)c3ccc(OCCN4CCCCC4)cc3)c5ccc(O)cc5,6.11393677188813,33.49327720534211,False,False,False
CC1(C)Oc2cc(O)ccc2N=C1c3ccc(O)cc3,7.356873398520864,133.47328196430863,False,False,False
CCC(=C(c1ccc(O)cc1)c2ccc(OCCN(C)C)cc2)c3ccccc3,7.1599563032976,41.82157740609124,False,False,False
Oc1ccc(cc1)[C@@H]2Sc3ccc(O)cc3O[C@@H]2c4ccc(OCCN5CCCCC5)cc4,7.535000575245411,33.05004691022718,False,False,False
Oc1cccc(c1)C2Sc3cc(O)ccc3OC2c4ccc(OCCN5CCCCC5)cc4,7.576839478623594,43.157992532020856,False,False,False
CC1CCN(CCOc2ccc(cc2)[C@@H]3Oc4ccc(O)cc4S[C@@H]3c5cccc(O)c5)CC1,8.19416990282335,46.835287378134936,False,False,False
CCC1Oc2cc(O)cc(C)c2N=C1c3ccc(O)c(Br)c3,5.9447732662020005,160.19407999772284,False,False,False
CC1Oc2cc(O)cc(O)c2N=C1c3ccc(O)cc3,10.413460399814237,111.63888127223387,False,False,False
Oc1ccc(cc1)[C@@H]2Sc3c(F)c(O)ccc3O[C@@H]2c4ccc(OCCN5CCCCC5)cc4,14.32342588247238,84.57585724303695,False,False,False
Cc1ccc(cc1)N2CCc3cc(O)ccc3C2(C)c4ccc(OCCN5CCCC5)cc4,5.138803478221947,50.95562794987149,False,False,False
Oc1ccc(cc1)[C@H]2[C@H](Oc3ccc(O)cc3S2(=O)=O)c4ccc(OCCN5CCCCC5)cc4,15.215494996530222,123.5723758454135,False,False,False
CN(C)c1cccc(c1)N2CCc3cc(O)ccc3C2(C)c4ccc(OCCN5CCCCC5)cc4,14.119016254585583,76.6892253546668,False,False,False
Cc1cc(O)cc2O[C@@H]([C@@H](Sc12)c3ccc(O)cc3)c4ccc(OCCN5CCCCC5)cc4,6.6309035036269774,35.16705659379434,False,False,False
Oc1ccc2OC(C(Sc2c1)c3ccccc3)c4ccc(OCCN5CCCCC5)cc4,7.152024202904899,40.53208580884554,False,False,False
CCC1Oc2cc(O)cc(O)c2N=C1c3ccc(O)cc3,9.82315170609563,110.91041753385848,False,False,False
CC1(N(CCc2cc(O)ccc12)c3ccc(Cl)cc3)c4ccc(OCCN5CCCCC5)cc4,7.461989497905059,98.87987461573425,False,False,False
Oc1ccc(cc1)C2=C(Oc3ccc(O)cc3S2)c4ccc(OCCN5CCCCC5)cc4,8.495292279960363,45.62907503085117,False,False,False
CC1(N(CCc2cc(O)ccc12)c3ccc(Cl)cc3)c4ccc(OCCN5CCCC5)cc4,7.9592706066017485,96.18296074161704,False,False,False
CC1(N(CCc2cc(O)ccc12)c3cccc(Cl)c3)c4ccc(OCCN5CCCCC5)cc4,8.28341852122159,97.02118590081045,False,False,False
Oc1ccc(cc1)[C@@H]2Sc3cc(O)c(Cl)cc3O[C@@H]2c4ccc(OCCN5CCCCC5)cc4,10.768916998314984,46.68587387160164,False,False,False
Cc1cc(O)cc2S[C@H]([C@H](Oc12)c3ccc(OCCN4CCCCC4)cc3)c5ccc(O)cc5,7.911456107021004,27.6748779430989,False,False,False
Oc1ccc(cc1)[C@H]2Sc3c(F)c(O)ccc3O[C@H]2c4ccc(OCCN5CCCCC5)cc4,14.32342588247238,84.57585724303695,False,False,False
Oc1ccc(cc1)[C@@H]2Sc3cc(O)ccc3O[C@@H]2c4ccc(OCCN5CCCCC5)cc4,8.278862904386399,27.4434949187201,False,False,False
Oc1ccc(cc1)[C@@H]2Cc3ccc(O)cc3O[C@@H]2c4ccc(OCCN5CCCCC5)cc4,6.46543679929366,26.28661894887557,False,False,False
Oc1ccc2O[C@@H]([C@@H](Sc2c1)c3ccccc3)c4ccc(OCCN5CCCCC5)cc4,7.152024202904899,40.53208580884554,False,False,False
Oc1ccc(cc1)[C@@H]2Sc3c(Cl)cc(O)cc3O[C@@H]2c4ccc(OCCN5CCCCC5)cc4,12.177023095018553,57.35652962664313,False,False,False
CC1(C)Oc2cc(O)cc(O)c2N=C1c3ccc(O)c(Br)c3,13.271589752094313,211.57390646376837,False,False,False
CC1(N(CCc2cc(O)ccc12)c3ccccc3)c4ccc(OCCN5CCCCC5)cc4,6.370769518761253,55.828781263348226,False,False,False
CC1(N(CCc2cc(O)ccc12)c3ccccc3)c4ccc(OCCN5CCCCCC5)cc4,5.88945446395114,80.90974110208785,False,False,False
Oc1ccc(cc1)[C@@H]2Sc3c(O)cc(O)cc3O[C@@H]2c4ccc(OCCN5CCCCC5)cc4,10.07409766894711,62.655679740000494,False,False,False
Oc1ccc2C3=Nc4ccc(O)cc4OC3CCc2c1,11.768467820362076,124.77097572359644,False,False,False
Oc1ccc2C(N(CCc2c1)c3ccccc3)c4ccc(OCCN5CCCCC5)cc4,5.872770530258177,42.42104015592945,False,False,False
CC(C)c1cccc(c1)N2CCc3cc(O)ccc3C2(C)c4ccc(OCCN5CCCCC5)cc4,7.97127897130163,50.37295567864798,False,False,False
Oc1ccc(cc1)[C@@H]2Sc3ccccc3O[C@@H]2c4ccc(OCCN5CCCCC5)cc4,7.039499847875139,37.82212668686847,False,False,False
C[C@]12CC[C@H]3[C@@H](CCc4cc(O)ccc34)[C@@H]1CCC2=O,9.097531694778665,71.97767199154694,False,False,False
Oc1ccc(cc1)[C@@H]2Sc3c(F)cc(O)cc3O[C@@H]2c4ccc(OCCN5CCCCC5)cc4,11.344315962884417,86.80834566966169,False,False,False
Oc1ccc(cc1)C2=Nc3ccc(O)cc3OC2,9.41536484199568,89.90056637978829,False,False,False
CCC1Oc2cc(O)cc(O)c2N=C1c3ccc(O)c(Br)c3,9.853598500855423,172.88178144421602,False,False,False
CC1Oc2cc(O)cc(C)c2N=C1c3ccc(O)c(Br)c3,6.397239169471838,163.07271411520276,False,False,False
Oc1ccc2C(N(CCc2c1)c3ccccc3)c4ccc(F)cc4,3.7030080276119257,72.46295158731849,False,False,False
CC(C)c1ccc(cc1)N2CCc3cc(O)ccc3C2(C)c4ccc(OCCN5CCCC5)cc4,7.871358590453065,51.5016407891641,False,False,False
CC1(N(CCc2cc(O)ccc12)c3ccc(F)cc3)c4ccc(OCCN5CCCCC5)cc4,7.8984879782863535,58.77140146561316,False,False,False
CN(C)c1cccc(c1)N2CCc3cc(O)ccc3C2(C)c4ccc(OCCN5CCCC5)cc4,11.03725621344829,81.1103029509064,False,False,False
Oc1ccc(cc1)[C@H]2[C@H](Oc3cc(O)ccc3C2=O)c4ccc(OCCN5CCCCC5)cc4,7.711096328123661,51.78621254002929,False,False,False
Oc1ccc2O[C@@H]([C@@H](Sc2c1)c3ccccc3O)c4ccc(OCCN5CCCCC5)cc4,7.316186179403486,48.606699769821454,False,False,False
CC1(N(CCc2cc(O)ccc12)c3cccc(O)c3)c4ccc(OCCN5CCCCC5)cc4,8.377657749012897,52.80366186464725,False,False,False
CCc1cc(O)cc2O[C@@H]([C@@H](Sc12)c3ccc(O)cc3)c4ccc(OCCN5CCCCC5)cc4,6.789262764072161,36.05255486942483,False,False,False
Oc1ccc(cc1)[C@@H]2Sc3cc(O)cc(Cl)c3O[C@@H]2c4ccc(OCCN5CCCCC5)cc4,11.532176302451262,52.51416220883541,False,False,False
CC1(N(CCc2cc(O)ccc12)c3ccc(F)cc3)c4ccc(OCCN5CCCC5)cc4,6.630534610966856,62.695756272540905,False,False,False
COc1ccc(cc1)C2Sc3cc(O)ccc3OC2c4ccc(OCCN5CCCCC5)cc4,7.806535791611563,33.76835264413742,False,False,False
CC1CCCC(C)N1CCOc2ccc(cc2)[C@@H]3Oc4ccc(O)cc4S[C@@H]3c5cccc(O)c5,8.690405301648012,50.24608614324234,False,False,False
CCCC1Oc2cc(O)ccc2N=C1c3ccc(O)cc3,7.113693286471336,92.7948268769626,False,False,False
Oc1ccc(cc1)[C@@H]2Sc3cc(Cl)c(O)cc3O[C@@H]2c4ccc(OCCN5CCCCC5)cc4,10.39066261223128,55.90108034959714,False,False,False
CCc1c(O)ccc2S[C@H]([C@H](Oc12)c3ccc(OCCN4CCCCC4)cc3)c5ccc(O)cc5,6.955354272123997,34.97996364686891,False,False,False
CC1(N(CCc2cc(O)ccc12)c3ccccc3)c4ccc(OCCN5CCCC5)cc4,5.111998878750927,56.08713827649572,False,False,False
CC1(N(CCc2cc(O)ccc12)c3cccc(Cl)c3)c4ccc(OCCN5CCCC5)cc4,8.101327757436296,95.25105781239631,False,False,False
Oc1cccc(c1)[C@H]2Sc3cc(O)ccc3O[C@H]2c4ccc(OCCN5CCOCC5)cc4,13.797673909775813,53.701653217257125,False,False,False
Cc1c(O)ccc2S[C@H]([C@H](Oc12)c3ccc(OCCN4CCCCC4)cc3)c5ccc(O)cc5,6.637650212864715,34.03775320160735,False,False,False
CC1Oc2cc(O)ccc2N=C1c3ccc(O)cc3,7.137715289245666,95.34125612510181,False,False,False
CC1(N(CCc2cc(O)ccc12)c3cccc(O)c3)c4ccc(OCCN5CCCC5)cc4,6.018906259719172,58.89127917447973,False,False,False
CC1(N(CCc2cc(O)ccc12)c3cccc(F)c3)c4ccc(OCCN5CCCC5)cc4,7.621490902652995,65.92365584513801,False,False,False
Oc1cccc(c1)[C@H]2Sc3cc(O)ccc3O[C@H]2c4ccc(OCCNC5CCCCCC5)cc4,7.349293409137933,117.45372481474932,False,False,False
Oc1ccc2OC(C(Sc2c1)c3ccc(F)cc3)c4ccc(OCCN5CCCCC5)cc4,8.491246336868047,52.483480769196355,False,False,False
Oc1ccc2C(=O)c3oc4cc(O)ccc4c3Oc2c1,11.208126543124349,78.24280794178915,False,False,False
COc1cc(O)c2C(=O)c3c(Oc2c1)oc4cc(O)ccc34,18.88775083234287,93.28486989078078,False,False,False
Oc1cc(O)c2C(=O)c3oc4c(cc(O)cc4c3Oc2c1)C#N,30.00799483158447,193.72702781064248,False,False,False
Oc1cc(O)c2C(=O)c3sc4ccccc4c3Oc2c1,14.546114762479753,126.06337384412267,False,False,False
CC1=C(c2ccc(O)cc2)C3(Cc4ccccc4C3)c5ccc(O)cc15,7.848657473269187,102.76362171152809,False,False,False
Oc1ccc(cc1)C2=CC(=O)c3c(O)cc(O)cc3O2,13.76852178956726,90.92190515448824,False,False,False
CC1=CC[C@@]2(CO)COC([C@@H]1C2)c3ccc(O)cc3,9.042604935552772,117.147384185676,False,False,False
Oc1ccc2CC3(Cc2c1)C(=Cc4ccccc34)c5ccccc5,9.327434124308034,123.08961178474777,False,False,False
Oc1ccc2Oc3c(oc4cc(O)ccc34)C(=O)c2c1,12.575484856353663,84.77154275341411,False,False,False
Oc1ccc2c(C=C(c3ccccc3)C24Cc5ccccc5C4)c1,9.548612672402614,123.20577865006118,False,False,False
Oc1ccc2c3C(=O)c4c(O)cc(O)cc4Oc3oc2c1,21.93891282899866,104.84563014837914,False,False,False
Oc1cc(O)c2C(=O)c3oc4c(Br)cc(O)cc4c3Oc2c1,17.27448740875084,171.58647966221687,False,False,False
Oc1ccc2oc3C(=O)c4c(O)cc(O)cc4Oc3c2c1,21.974896198297174,91.80554870166914,False,False,False
OC[C@]12CC[C@H]([C@H](C1)C=CC2)c3ccc(O)cc3,16.094126100753886,118.01853184903001,False,False,False
Oc1cccc(c1)C2=Cc3ccc(O)cc3C24Cc5ccccc5C4,9.383496280094937,113.06168276318574,False,False,False
Oc1ccc2c3Oc4cc(O)cc(O)c4C(=O)c3oc2c1,19.116991589328922,91.31506110700722,False,False,False
Oc1ccc2Oc3c(oc4ccc(O)cc34)C(=O)c2c1,13.42521152527664,107.16543015036513,False,False,False
OC(=O)CCCOc1ccc(cc1)\C(=C\CCc2ccccc2)\c3cccc(O)c3,15.466847545468074,101.99322291014315,False,False,False
CC\C(=C(/c1ccc(O)cc1)\c2ccc(OCC(=O)O)cc2)\c3ccccc3,12.7604362777451,81.30471389961541,False,False,False
CC\C(=C(\c1ccc(OCC(=O)O)cc1)/c2cccc(O)c2)\c3ccccc3,11.915801346900217,82.82898079269631,False,False,False
OC(=O)CCCOc1ccc(cc1)\C(=C\CCc2ccccc2)\c3ccc(O)cc3,16.211995418662234,101.0350989343466,False,False,False
CC[C@@](C)([C@@H](c1ccc(O)cc1)c2ccc(OCCCC(=O)O)cc2)c3ccccc3,10.67978941991828,87.89162657696866,False,False,False
O\N=C/1\[C@H]([C@H](Oc2cc(O)ccc12)c3ccc(OCCN4CCCCC4)cc3)c5ccc(O)cc5,9.658857214949245,93.43123505666904,False,False,False
C[C@H]1[C@H](Oc2cc(O)ccc2C1=O)c3ccc(OCCN4CCCCC4)cc3,5.16341547467274,51.18224038562175,False,False,False
Oc1ccc2C(=O)[C@H]([C@H](Oc2c1)c3ccc(OCCN4CCCCC4)cc3)c5ccccc5,6.28380325887624,60.04313358488828,False,False,False
Cc1cc(O)cc2O[C@@H]([C@@H](C(=O)c12)c3ccc(O)cc3)c4ccc(OCCN5CCCCC5)cc4,6.660551789436963,50.73794084965072,False,False,False
C[C@@H]1[C@H](Oc2cc(O)ccc2C1=O)c3ccc(OCCN4CCCCC4)cc3,5.16341547467274,51.18224038562175,False,False,False
Oc1ccc(cc1)[C@H]2Oc3cc(O)ccc3C(=O)[C@H]2c4ccc(O)cc4,9.772531633586118,78.45117836939846,False,False,False
CCc1cc(O)cc2O[C@@H]([C@@H](C(=O)c12)c3ccc(O)cc3)c4ccc(OCCN5CCCCC5)cc4,7.163418238395437,51.09649990434447,False,False,False
CCCCCc1cc(O)cc2O[C@@H]([C@@H](C(=O)c12)c3ccc(O)cc3)c4ccc(OCCN5CCCCC5)cc4,8.214959132281043,63.419041619342906,False,False,False
COc1cc(ccc1O)[C@H]2[C@H](Oc3cc(O)ccc3C2=O)c4ccc(OCCN5CCCCC5)cc4,9.896059410030299,53.65675522984074,False,False,False
Oc1ccc(cc1)[C@@H]2[C@H](Oc3cc(O)ccc3C2=O)c4ccc(OCCN5CCCCC5)cc4,7.711096328123661,51.78621254002929,False,False,False
Oc1ccc(cc1)[C@H]2[C@H](Oc3cc(O)cc(Cl)c3C2=O)c4ccc(OCCN5CCCCC5)cc4,10.037620529579248,75.90641646763237,False,False,False
COc1cc(O)ccc1[C@H]2[C@H](Oc3cc(O)ccc3C2=O)c4ccc(OCCN5CCCCC5)cc4,8.30544613664116,58.670992098664385,False,False,False
CC(C)[C@H]1[C@H](Oc2cc(O)ccc2C1=O)c3ccc(OCCN4CCCCC4)cc3,5.528108245644011,53.24595338641779,False,False,False
Oc1ccc(cc1)[C@H]2[C@H](Oc3ccccc3C2=O)c4ccc(OCCN5CCCCC5)cc4,7.652252978737657,53.53357799755767,False,False,False
Oc1ccc2c(OC(=O)c3c2oc4cc(O)ccc34)c1,11.403429511680576,75.7690223761159,False,False,False
CC(C)[C@@H]1[C@H](Oc2cc(O)ccc2C1=O)c3ccc(OCCN4CCCCC4)cc3,5.528108245644011,53.24595338641779,False,False,False
C[C@H]1[C@H](Oc2cc(O)cc(O)c2C1=O)c3ccc(OCCN4CCCCC4)cc3,9.127457755710594,74.61840820302758,False,False,False
Oc1ccc(cc1)[C@H]2[C@H](Oc3cc(O)cc(F)c3C2=O)c4ccc(OCCN5CCCCC5)cc4,11.679650538849776,88.08134420012544,False,False,False
CCCc1cc(O)cc2O[C@@H]([C@@H](C(=O)c12)c3ccc(O)cc3)c4ccc(OCCN5CCCCC5)cc4,7.0938525844074665,53.07034810960131,False,False,False
Cc1cc(cc(C)c1O)[C@H]2[C@H](Oc3cc(O)ccc3C2=O)c4ccc(OCCN5CCCCC5)cc4,5.993619960649996,56.96280284169089,False,False,False
O[C@@H]1[C@H]([C@H](Oc2cc(O)ccc12)c3ccc(OCCN4CCCCC4)cc3)c5ccc(O)cc5,8.862331088003026,48.43653788017928,False,False,False
C[C@H]1CCN(CCOc2ccc(cc2)[C@@H]3Oc4ccc(O)c(F)c4[C@@H](C)[C@@H]3c5ccc(O)cc5)C1,10.955219247552506,95.74728715306938,False,False,False
C[C@@H]1CCN(CCOc2ccc(cc2)[C@@H]3Oc4ccc(O)cc4[C@@H](C)[C@@H]3c5ccc(O)cc5)C1,8.916875736829137,37.26384838272551,False,False,False
C[C@@H]1CCN(CCOc2ccc(cc2)[C@@H]3Oc4ccc(O)c(F)c4[C@@H](C)[C@@H]3c5ccc(O)cc5)C1,10.955219247552506,95.74728715306938,False,False,False
C[C@@H](COc1ccc(cc1)[C@@H]2Oc3ccc(O)cc3[C@@H](C)[C@@H]2c4ccc(O)cc4)N5CCCC5,8.061059170470038,32.978390326876294,False,False,False
Cc1cc(C)nc(n1)N2CCN(CC2)c3ccc(cc3)C(=O)c4c(sc5cc(O)ccc45)c6ccc(O)cc6,19.88563806148627,134.2750991088871,False,False,False
CCCN1CCN(CC1)c2ccc(cc2)C(=O)c3c(sc4cc(O)ccc34)c5ccc(O)cc5,10.645411251334954,85.15181577215725,False,False,False
C[C@@H](COc1ccc(cc1)[C@@H]2Oc3ccc(O)c(F)c3[C@@H](C)[C@@H]2c4ccc(O)cc4)N5CCCC5,10.196911878718767,90.72569836949334,False,False,False
C[C@@H]1[C@@H]([C@@H](Oc2cc(O)ccc12)c3ccc(OCCN4CCCCC4)cc3)c5ccc(O)cc5,5.173677632242924,26.42803419660452,False,False,False
C[C@@H]1[C@@H]([C@@H](Oc2ccc(O)cc12)c3ccc(OCCN4CCCCC4)cc3)c5ccc(O)cc5,4.750883414257101,27.713345211509015,False,False,False
C[C@H]1[C@@H]([C@@H](Oc2cc(O)ccc12)c3ccc(OCCN4CCCCC4)cc3)c5ccc(O)cc5,5.173677632242924,26.42803419660452,False,False,False
CC[C@H]1[C@@H]([C@@H](Oc2ccc(O)cc12)c3ccc(OCCN4CCCCC4)cc3)c5ccc(O)cc5,5.081843499153206,27.481644576268074,False,False,False
C[C@H]1[C@@H]([C@@H](Oc2ccc(O)cc12)c3ccc(OCCN4CCCCC4)cc3)c5ccc(O)cc5,4.750883414257101,27.713345211509015,False,False,False
Oc1ccc(cc1)c2sc3cc(O)ccc3c2C(=O)c4ccc(cc4)N5CCN(Cc6ccccc6)CC5,14.958109095913244,89.2022562217154,False,False,False
Oc1ccc(cc1)c2sc3cc(O)ccc3c2C(=O)c4ccc(cc4)N5CCN(CC5)C(=O)c6ccccc6,18.387323105272692,87.75180572259623,False,False,False
Oc1ccc(cc1)c2sc3cc(O)ccc3c2C(=O)c4ccc(cc4)N5CCN(CC5)C(=O)c6occc6,14.266801207232882,111.51389080999056,False,False,False
Cc1ccc(cc1)C(=O)N2CCN(CC2)c3ccc(cc3)C(=O)c4c(sc5cc(O)ccc45)c6ccc(O)cc6,18.1960420908337,99.21408372131478,False,False,False
Oc1ccc(cc1)c2sc3cc(O)ccc3c2C(=O)c4ccc(cc4)N5CCN(CC5)C(=O)c6cccc(Cl)c6,21.34144627587461,111.11364804898403,False,False,False
Oc1ccc(cc1)c2sc3cc(O)ccc3c2C(=O)c4ccc(cc4)N5CCN(CC5)C(=O)c6ccc(Cl)cc6,21.76919217371854,114.4120615653065,False,False,False
C[C@H]1[C@@H]([C@@H](Oc2ccc(O)c(F)c12)c3ccc(OCCN4CCCCC4)cc3)c5ccc(O)cc5,9.239136538586106,80.69160025821496,False,False,False
Oc1ccc(cc1)c2sc3cc(O)ccc3c2C(=O)c4ccc(cc4)N5CCN(CC5)C(=O)c6cccc(O)c6,22.164280226594467,98.94122104032168,False,False,False
Oc1ccc(cc1)c2sc3cc(O)ccc3c2C(=O)c4ccc(cc4)N5CCN(CC5)C(=O)c6ccccc6O,19.015282035632772,98.5475433072694,False,False,False
Cc1ccccc1C(=O)N2CCN(CC2)c3ccc(cc3)C(=O)c4c(sc5cc(O)ccc45)c6ccc(O)cc6,18.496810754115,100.26152855894873,False,False,False
Cc1cccc(c1)C(=O)N2CCN(CC2)c3ccc(cc3)C(=O)c4c(sc5cc(O)ccc45)c6ccc(O)cc6,17.838912685560985,99.16383511227335,False,False,False
C[C@H]1[C@@H]([C@@H](Oc2ccc(O)cc12)c3ccc(OCCN4CCCC4)cc3)c5ccc(O)cc5,4.774325931142475,31.88479208811017,False,False,False
C[C@H]1[C@@H]([C@@H](Oc2ccc(O)c(F)c12)c3ccc(OCCN4CCCC4)cc3)c5ccc(O)cc5,9.106596528094723,85.03753189410787,False,False,False
C[C@H]1CCN(CCOc2ccc(cc2)[C@@H]3Oc4ccc(O)cc4[C@@H](C)[C@@H]3c5ccc(O)cc5)C1,8.91687573682913,37.26384838272552,False,False,False
Oc1ccc(cc1)c2sc3cc(O)ccc3c2C(=O)c4ccc(cc4)N5CCN(CC5)C(=O)c6ccccc6Cl,21.7636921937477,107.49951047289733,False,False,False
Oc1ccc(cc1)c2sc3cc(O)ccc3c2C(=O)c4ccc(cc4)N5CCN(CC5)C(=O)c6ccncc6,21.973434399922887,97.0969629363494,False,False,False
Oc1ccc(cc1)c2sc3cc(O)ccc3c2C(=O)c4ccc(cc4)N5CCN(CC5)C(=O)c6ccc(cc6)[N+](=O)[O-],25.80076090449618,429.93770469889364,False,False,False
Oc1ccc(cc1)c2sc3cc(O)ccc3c2C(=O)c4ccc(cc4)N5CCN(CC5)c6ccc(Cl)cc6,19.088892323810136,117.14959038812717,False,False,False
Oc1ccc(cc1)c2sc3cc(O)ccc3c2C(=O)c4ccc(cc4)N5CCN(CC5)C(=O)c6ccccc6[N+](=O)[O-],27.97554780075533,463.37960337958407,False,False,False
Oc1ccc(cc1)c2sc3cc(O)ccc3c2C(=O)c4ccc(cc4)N5CCN(CC5)c6ccc(cc6)[N+](=O)[O-],22.971340136627518,428.15323599931804,False,False,False
CC(C)N1CCN(CC1)c2ccc(cc2)C(=O)c3c(sc4cc(O)ccc34)c5ccc(O)cc5,10.768801248123717,105.47223452466338,False,False,False
Oc1ccc(cc1)c2sc3cc(O)ccc3c2C(=O)c4ccc(cc4)N5CCN(CC5)C6CCCC6,18.070805802847346,93.39051802742456,False,False,False
C[C@@H](COc1ccc(cc1)[C@@H]2Oc3ccc(O)cc3[C@@H](C)[C@@H]2c4ccc(O)cc4)N5CC[C@@H](C)C5,12.730205965113155,43.81363221085326,False,False,False
C[C@@H](COc1ccc(cc1)[C@@H]2Oc3ccc(O)c(F)c3[C@@H](C)[C@@H]2c4ccc(O)cc4)N5CC[C@@H](C)C5,12.878102169518721,106.38266343235699,False,False,False
C[C@@H](COc1ccc(cc1)[C@@H]2Oc3ccc(O)c(F)c3[C@@H](C)[C@@H]2c4ccc(O)cc4)N5CC[C@H](C)C5,12.878102169518721,106.38266343235699,False,False,False
C[C@H](CN1CCCC1)Oc2ccc(cc2)[C@@H]3Oc4ccc(O)cc4[C@@H](C)[C@@H]3c5ccc(O)cc5,7.25947933714456,34.26216887272936,False,False,False
C[C@H]1[C@@H]([C@@H](Oc2ccc(O)c(F)c12)c3ccc(OCCN4CCCCCC4)cc3)c5ccc(O)cc5,10.192655220770252,101.10077085764777,False,False,False
C[C@@H](COc1ccc(cc1)[C@@H]2Oc3ccc(O)c(F)c3[C@@H](C)[C@@H]2c4ccc(O)cc4)N5CCC[C@H]5C,12.096562941128594,103.354953248005,False,False,False
COc1ccc2[C@H]([C@H](OCc2c1)c3ccccc3)c4ccc(OCCN5CCCC5)cc4,9.183945201193234,73.0974877125949,False,False,False
COc1ccc2[C@H]([C@H](SCc2c1)c3ccccc3)c4ccc(OCCN5CCCC5)cc4,10.959722145554197,69.68824388640807,False,False,False
Oc1ccc2[C@H]([C@H](OCc2c1)c3ccccc3)c4ccc(OCCN5CCCC5)cc4,5.216995620263362,40.86905519193549,False,False,False
Oc1ccc2[C@H]([C@H](SCc2c1)c3ccccc3)c4ccc(OCCN5CCCC5)cc4,8.456490033025792,38.82858173993854,False,False,False
C[C@H]1CN(CCOc2ccc(cc2)[C@@H]3Oc4ccc(O)cc4S[C@@H]3c5ccc(O)cc5)C[C@@H]1C,11.232435065194505,35.337322669453066,False,False,False
C[C@@H]1CN(CCOc2ccc(cc2)[C@@H]3Oc4ccc(O)cc4S[C@@H]3c5ccc(O)cc5)C[C@H]1C,11.232435065194505,35.337322669453066,False,False,False
Oc1ccc(cc1)[C@H]2Sc3cc(O)ccc3O[C@H]2c4ccc(OCCCN5CCCC5)cc4,8.236585594239315,28.984865772330597,False,False,False
C[C@H](COc1ccc(cc1)[C@@H]2Oc3ccc(O)cc3S[C@@H]2c4ccc(O)cc4)N5CCCC5,9.259560231359236,27.379620210126937,False,False,False
Oc1ccc(cc1)[C@H]2Sc3cc(O)ccc3O[C@H]2c4ccc(OCCN5CC6CC6C5)cc4,48.30086691522119,618.3376768447966,False,False,False
Oc1ccc(cc1)[C@H]2Sc3cc(O)ccc3O[C@H]2c4ccc(OCCN5CCCC5)cc4,8.713333134774045,26.144499544538654,False,False,False
C[C@@H]1CCN(CCOc2ccc(cc2)[C@@H]3Oc4ccc(O)cc4S[C@@H]3c5ccc(O)cc5)C1,10.481598279332475,28.31238009399022,False,False,False
C[C@H]1CCN(CCOc2ccc(cc2)[C@@H]3Oc4ccc(O)cc4S[C@@H]3c5ccc(O)cc5)C1,10.481598279332475,28.31238009399022,False,False,False
C[C@@H]1CCCN1CCOc2ccc(cc2)[C@@H]3Oc4ccc(O)cc4S[C@@H]3c5ccc(O)cc5,9.809696229586732,26.966188822137596,False,False,False
C[C@H]1CCCN1CCOc2ccc(cc2)[C@@H]3Oc4ccc(O)cc4S[C@@H]3c5ccc(O)cc5,9.809696229586732,26.966188822137596,False,False,False
CC[C@@H]1CCN(CCOc2ccc(cc2)[C@@H]3Oc4ccc(O)cc4S[C@@H]3c5ccc(O)cc5)C1,10.718004036609342,27.303078388975674,False,False,False
CC[C@H]1CCN(CCOc2ccc(cc2)[C@@H]3Oc4ccc(O)cc4S[C@@H]3c5ccc(O)cc5)C1,10.718004036609342,27.303078388975674,False,False,False
CC(C)[C@@H]1CCN(CCOc2ccc(cc2)[C@@H]3Oc4ccc(O)cc4S[C@@H]3c5ccc(O)cc5)C1,11.771788965304621,33.512816036064656,False,False,False
CC(C)[C@H]1CCN(CCOc2ccc(cc2)[C@@H]3Oc4ccc(O)cc4S[C@@H]3c5ccc(O)cc5)C1,11.771788965304621,33.512816036064656,False,False,False
CC1(C)CCN(CCOc2ccc(cc2)[C@@H]3Oc4ccc(O)cc4S[C@@H]3c5ccc(O)cc5)C1,7.491781895281294,130.89437162833033,False,False,False
CC1(C)CCCN1CCOc2ccc(cc2)[C@@H]3Oc4ccc(O)cc4S[C@@H]3c5ccc(O)cc5,8.118301745956694,80.40346247163691,False,False,False
C[C@@H]1CN(CCOc2ccc(cc2)[C@@H]3Oc4ccc(O)cc4S[C@@H]3c5ccc(O)cc5)C[C@@H]1C,11.232435065194505,35.337322669453066,False,False,False
CN(C)c1cccc(c1)N2CCc3cc(O)ccc3C2c4ccc(OCCN5CCCCC5)cc4,10.4749747224415,55.21628090355566,False,False,False
CC[C@@H](COc1ccc(cc1)[C@@H]2Oc3ccc(O)cc3S[C@@H]2c4ccc(O)cc4)N5CCCC5,9.249774059993234,27.690414640748834,False,False,False
CC[C@H](COc1ccc(cc1)[C@@H]2Oc3ccc(O)cc3S[C@@H]2c4ccc(O)cc4)N5CCCC5,9.249774059993234,27.690414640748834,False,False,False
CC(C)[C@@H](COc1ccc(cc1)[C@@H]2Oc3ccc(O)cc3S[C@@H]2c4ccc(O)cc4)N5CCCC5,10.601396749852578,31.464775538858028,False,False,False
CC(C)[C@H](COc1ccc(cc1)[C@@H]2Oc3ccc(O)cc3S[C@@H]2c4ccc(O)cc4)N5CCCC5,10.601396749852578,31.464775538858028,False,False,False
CC(C)(COc1ccc(cc1)[C@@H]2Oc3ccc(O)cc3S[C@@H]2c4ccc(O)cc4)N5CCCC5,9.565719829246309,60.38717262426326,False,False,False
C[C@@H](CN1CCCC1)Oc2ccc(cc2)[C@@H]3Oc4ccc(O)cc4S[C@@H]3c5ccc(O)cc5,8.598087409348604,28.129669990637375,False,False,False
C[C@H](CN1CCCC1)Oc2ccc(cc2)[C@@H]3Oc4ccc(O)cc4S[C@@H]3c5ccc(O)cc5,8.598087409348604,28.129669990637375,False,False,False
CC[C@@H](CN1CCCC1)Oc2ccc(cc2)[C@@H]3Oc4ccc(O)cc4S[C@@H]3c5ccc(O)cc5,8.442811712251036,28.53651671628748,False,False,False
CC[C@H](CN1CCCC1)Oc2ccc(cc2)[C@@H]3Oc4ccc(O)cc4S[C@@H]3c5ccc(O)cc5,8.442811712251036,28.53651671628748,False,False,False
Oc1ccc(cc1)c2oc3ccc(O)cc3c2,6.6883794795617515,53.329423983126105,False,False,False
Oc1ccc(cc1)c2oc3c(Br)cc(O)cc3c2,10.097870651602012,86.17528704748935,False,False,False
Oc1cc(Br)c2oc(cc2c1)c3ccc(O)c(F)c3,14.000588771556142,114.57822543039399,False,False,False
COc1cc(O)cc2cc(oc12)c3ccc(O)cc3,6.682489767147148,50.716605548992995,False,False,False
COc1cc(O)cc2cc(oc12)c3ccc(O)c(F)c3,9.742801943048118,78.9530077334758,False,False,False
COc1cc(O)c(Br)c2cc(oc12)c3ccc(O)cc3,8.581696751025406,95.41567160390814,False,False,False
COc1cc(O)c(Br)c2cc(oc12)c3ccc(O)c(F)c3,13.543075122955669,144.5023483416794,False,False,False
Oc1ccc(cc1)[C@H]2Sc3cc(O)ccc3O[C@H]2c4ccc(OCCN5C6CCCC5CC6)cc4,18.349307944942108,222.271708024109,False,False,False
Oc1ccc(cc1)[C@H]2Sc3cc(O)ccc3O[C@H]2c4ccc(OCCN5C6CCCC5CCC6)cc4,12.739593528832991,60.261604688817556,False,False,False
Oc1ccc(cc1)[C@H]2Sc3cc(O)ccc3O[C@H]2c4ccc(OCCN5C6CCC5CC6)cc4,13.607496601062596,51.31579672989068,False,False,False
Oc1ccc(cc1)[C@H]2Sc3cc(O)ccc3O[C@H]2c4ccc(OCCN5CC6CC5CO6)cc4,15.187434814022007,49.28645539256486,False,False,False
Oc1ccc(cc1)[C@H]2Sc3cc(O)ccc3O[C@H]2c4ccc(OCCN5CC6CCC5CC6)cc4,14.200710382232385,99.12371229925046,False,False,False
Oc1ccc(cc1)[C@H]2Sc3cc(O)ccc3O[C@H]2c4ccc(OCCN5CC6CC7CC(C6)CC5C7)cc4,55.21996602390555,868.8395659434947,False,False,False
Oc1ccc(cc1)[C@H]2Sc3cc(O)ccc3O[C@H]2c4ccc(OCCN5CC[C@H]6C[C@@H]56)cc4,44.03197611447212,528.9508549862526,False,False,False
Oc1ccc(cc1)[C@H]2Sc3cc(O)ccc3O[C@H]2c4ccc(OCCN5CC[C@@H]6C[C@H]56)cc4,44.03197611447212,528.9508549862526,False,False,False
Oc1ccc(cc1)[C@H]2Sc3cc(O)ccc3O[C@H]2c4ccc(OCCN5CC6CCC6C5)cc4,28.856939814206985,473.3346397660787,False,False,False
Oc1ccc(cc1)[C@H]2Sc3cc(O)ccc3O[C@H]2c4ccc(OCCN5C[C@H]6CCC[C@H]6C5)cc4,17.485899811625366,59.18962235132626,False,False,False
Oc1ccc(cc1)[C@H]2Sc3cc(O)ccc3O[C@H]2c4ccc(OCCN5C[C@H]6CCCC[C@H]6C5)cc4,11.981495024098379,34.54334212288716,False,False,False
Oc1ccc(cc1)[C@H]2Sc3cc(O)ccc3O[C@H]2c4ccc(OCCN5CCC6(CCCC6)CC5)cc4,13.861979674554387,180.1074401720958,False,False,False
Oc1ccc(cc1)[C@H]2Sc3cc(O)ccc3O[C@H]2c4ccc(OCCN5CC6(CCC6)C5)cc4,35.30312809392945,1217.0432247754063,False,True,True
Oc1ccc(cc1)[C@H]2Sc3cc(O)ccc3O[C@H]2c4ccc(OCCN5CCC(F)(F)CC5)cc4,12.190062288489633,64.69082676987358,False,False,False
Oc1ccc(cc1)[C@H]2Sc3cc(O)ccc3O[C@H]2c4ccc(OCCN5CCC6(CC5)OCCO6)cc4,16.375873797711993,67.49452251684598,False,False,False
OC1CCN(CCOc2ccc(cc2)[C@@H]3Oc4ccc(O)cc4S[C@@H]3c5ccc(O)cc5)CC1,10.582267926968656,34.71488554133044,False,False,False
OCC1CCN(CCOc2ccc(cc2)[C@@H]3Oc4ccc(O)cc4S[C@@H]3c5ccc(O)cc5)CC1,10.626763411054142,37.46487635016721,False,False,False
OCCC1CCN(CCOc2ccc(cc2)[C@@H]3Oc4ccc(O)cc4S[C@@H]3c5ccc(O)cc5)CC1,11.618757262913599,38.70182592050888,False,False,False
NC(=O)C1CCN(CCOc2ccc(cc2)[C@@H]3Oc4ccc(O)cc4S[C@@H]3c5ccc(O)cc5)CC1,9.56672032638051,214.1542048828893,False,False,False
Oc1ccc(cc1)[C@H]2Sc3cc(O)ccc3O[C@H]2c4ccc(OCCN5CC[C@@H](F)C5)cc4,27.300667927293475,181.61942580642338,False,False,False
O[C@@H]1CCN(CCOc2ccc(cc2)[C@@H]3Oc4ccc(O)cc4S[C@@H]3c5ccc(O)cc5)C1,11.091245438329842,33.323314922610436,False,False,False
OC[C@H]1CCCN1CCOc2ccc(cc2)[C@@H]3Oc4ccc(O)cc4S[C@@H]3c5ccc(O)cc5,11.120101228536964,33.72308970009924,False,False,False
OC[C@@H]1CCCN1CCOc2ccc(cc2)[C@@H]3Oc4ccc(O)cc4S[C@@H]3c5ccc(O)cc5,11.120101228536964,33.72308970009924,False,False,False
Oc1ccc(cc1)[C@H]2Sc3cc(O)ccc3O[C@H]2c4ccc(OCCN5CCSCC5)cc4,11.880821403047717,45.3306256376235,False,False,False
Oc1ccc(cc1)[C@H]2Sc3cc(O)ccc3O[C@H]2c4ccc(OCCN5CCS(=O)(=O)CC5)cc4,11.370930751137623,82.6550413805115,False,False,False
Oc1ccc(cc1)[C@H]2Sc3cc(O)ccc3O[C@H]2c4ccc(OCCN5CCC(F)CC5)cc4,26.01060525276147,163.49305982740248,False,False,False
Oc1ccc(cc1F)c2oc3c(C=C)c(Br)c(O)c(Br)c3n2,36.9548497857091,594.2381235217915,False,False,False
COc1cc(O)c(Br)c2nc(oc12)c3ccc(O)c(F)c3,18.886578728619472,157.25659737415882,False,False,False
COc1c(Br)c(O)c(Br)c2nc(oc12)c3ccc(O)c(F)c3,28.22512144610912,342.2511733807439,False,False,False
COc1cc(O)c(Cl)c2cc(oc12)c3ccc(O)cc3,8.486861756260021,69.46845921275016,False,False,False
COc1cc(O)c(C#N)c2cc(oc12)c3ccc(O)cc3,15.214473323062409,115.72597129901852,False,False,False
Oc1ccc(cc1)c2oc3c(Cl)cc(O)cc3c2,7.975615551140676,68.42226755363305,False,False,False
Cc1cc(O)cc2cc(oc12)c3ccc(O)cc3,7.783598040809839,45.47787444102542,False,False,False
Cc1cc(O)cc2cc(oc12)c3ccc(O)c(F)c3,10.474008318998994,82.19526439386996,False,False,False
Oc1ccc(cc1)c2oc3c(CC#N)cc(O)cc3c2,14.31828950735151,128.65506561765062,False,False,False
Oc1cc(CC#N)c2oc(cc2c1)c3ccc(O)c(F)c3,20.786120712443857,133.87132806593408,False,False,False
Oc1ccc(cc1)c2oc3c(CC#N)cc(O)c(Br)c3c2,15.517328528767884,197.21329816965908,False,False,False
Oc1ccc(cc1)c2oc3c(CC#N)cc(O)c(Cl)c3c2,14.25194261080152,152.61954835325855,False,False,False
CC(=O)c1cc(O)cc2cc(oc12)c3ccc(O)cc3,7.735507988797903,62.0153290107674,False,False,False
CCC(=O)c1cc(O)cc2cc(oc12)c3ccc(O)cc3,6.1723750263688695,70.75857672983145,False,False,False
Oc1ccc(cc1)c2oc3c(C=O)cc(O)cc3c2,8.25566109467432,99.4604728192461,False,False,False
Oc1ccc(cc1)c2oc3c(cc(O)cc3c2)C#N,15.165842412419229,111.61718317750814,False,False,False
Oc1cc(C#N)c2oc(cc2c1)c3ccc(O)c(F)c3,21.436855419077464,119.16965495447673,False,False,False
Oc1ccc2nc(oc2c1)c3ccc4cc(O)ccc4c3,7.583114025022851,48.45481047596461,False,False,False
Oc1ccc(c(O)c1)c2oc3cc(O)ccc3n2,8.477850285336325,78.61223231676718,False,False,False
Oc1ccc(cc1)c2oc3cc(O)ccc3n2,6.596353163641456,52.313121648961044,False,False,False
Oc1ccc2nc(oc2c1)c3cccc(O)c3O,11.674929154521614,75.00317553806852,False,False,False
Oc1ccc2nc(oc2c1)c3ccc(O)c(O)c3,12.198427490785742,61.066398319050414,False,False,False
Oc1ccc2nc(oc2c1)c3ccc(O)c(F)c3,13.459354270544866,75.55769728889801,False,False,False
Oc1ccc2nc(oc2c1)c3ccc(O)c(Cl)c3,6.703495308133564,67.86279025010406,False,False,False
Oc1ccc(cc1)c2oc3cc(O)c(Cl)cc3n2,6.60179492955949,69.90532456971266,False,False,False
CC(C)(C)c1cc(ccc1O)c2oc3cc(O)ccc3n2,11.049084845724241,116.55520638887309,False,False,False
CCCCOc1cc(ccc1O)c2oc3cc(O)ccc3n2,6.597274255156297,70.03057292176462,False,False,False
Oc1ccc(cc1)c2oc3ccc(O)cc3n2,7.885316923788452,52.9384010266762,False,False,False
Oc1ccc2oc(nc2c1)c3ccc(O)c(F)c3,13.431350797833783,80.43142453113883,False,False,False
Oc1ccc2oc(nc2c1)c3ccc(O)c(Cl)c3,7.395051764173795,66.4827158886801,False,False,False
Oc1ccc(c(Cl)c1)c2oc3ccc(O)cc3n2,7.7469084491477425,69.03873327010248,False,False,False
Oc1ccc(c(O)c1)c2oc3ccc(O)cc3n2,8.821259507257984,68.59497564400124,False,False,False
Oc1ccc(cc1)c2oc3cc(Cl)c(O)cc3n2,7.520650318259384,68.6803561528192,False,False,False
Oc1ccc(cc1F)c2oc3cc(Cl)c(O)cc3n2,14.117004547802496,100.69416361303402,False,False,False
Oc1ccc(cc1F)c2oc3cc(Br)c(O)cc3n2,17.495708691504618,107.49171829447866,False,False,False
Oc1ccc2oc(nc2c1)c3cccc(O)c3O,11.75279515092178,76.15627022661214,False,False,False
COc1cc(O)cc2nc(oc12)c3ccc(O)cc3,7.399545892133847,54.616511045479655,False,False,False
Oc1ccc(cc1)c2oc3c(Br)cc(O)cc3n2,11.242694343645761,71.45135200332132,False,False,False
Oc1cc(Br)c2oc(nc2c1)c3ccc(O)c(F)c3,16.992356049527043,109.03691887396928,False,False,False
Oc1cc(Br)c2oc(nc2c1)c3ccc(O)c(c3)C(F)(F)F,27.302603348829493,200.20626916321226,False,False,False
Oc1ccc(c(F)c1)c2oc3c(Br)cc(O)cc3n2,17.107793635131614,127.09472668282055,False,False,False
Cc1cc(O)ccc1c2oc3c(Br)cc(O)cc3n2,12.518254666122298,75.01065928268747,False,False,False
Oc1ccc(cc1)c2oc3c(cc(O)cc3n2)C#N,18.69741852091588,100.10318706176706,False,False,False
Oc1cc(C#N)c2oc(nc2c1)c3ccc(O)c(F)c3,26.14571500550147,107.74207970281978,False,False,False
Oc1ccc(c(F)c1)c2oc3c(cc(O)cc3n2)C#N,27.981598858911948,136.27594117626808,False,False,False
Oc1ccc(cc1)c2oc3c(CBr)cc(O)cc3n2,23.456924531993657,272.28503555837165,False,False,False
Oc1ccc(cc1)c2oc3c(C=O)cc(O)cc3n2,10.632605894735502,105.15419903587508,False,False,False
CCOC(=O)c1cc(O)cc2nc(oc12)c3ccc(O)cc3,10.258146772500574,86.62237638790239,False,False,False
NC(=O)c1cc(O)cc2nc(oc12)c3ccc(O)cc3,22.5907843276562,284.6101645292221,False,False,False
CCc1cc(O)cc2nc(oc12)c3ccc(O)cc3,7.902454180532592,51.805233768989126,False,False,False
CCCc1cc(O)cc2nc(oc12)c3ccc(O)cc3,7.494417798742363,56.2204449935621,False,False,False
CC(C)c1cc(O)cc2nc(oc12)c3ccc(O)cc3,9.557669721499623,51.84388309631305,False,False,False
CCCCc1cc(O)cc2nc(oc12)c3ccc(O)cc3,6.908457963215567,62.071059027144194,False,False,False
Oc1ccc(cc1)c2oc3c(cc(O)cc3n2)C#C,99.68036869942095,374.9500469284958,False,False,False
Oc1ccc(cc1)c2oc3c(CC=C)cc(O)cc3n2,19.202832590611102,289.78966559751416,False,False,False
Oc1cc(CC=C)c2oc(nc2c1)c3ccc(O)c(F)c3,23.045883510029054,319.17502371025705,False,False,False
Oc1ccc(c(F)c1)c2oc3c(CC=C)cc(O)cc3n2,22.335886733627284,342.1212983380043,False,False,False
Oc1ccc(cc1)c2oc3c(C=C)cc(O)cc3n2,22.23243409372415,283.8826541060467,False,False,False
Oc1cc(C=C)c2oc(nc2c1)c3ccc(O)c(F)c3,26.246492894361786,312.0298775201347,False,False,False
Oc1cc(\C=C/F)c2oc(nc2c1)c3ccc(O)c(F)c3,41.4003865321439,289.2230747400869,False,False,False
C\C=C/c1cc(O)cc2nc(oc12)c3ccc(O)cc3,10.598094897668066,76.32004494377509,False,False,False
Oc1ccc(cc1)c2oc3c(\C=C/Br)cc(O)cc3n2,22.912576839179778,249.80252918304552,False,False,False
Oc1ccc(c(F)c1)c2oc3c(\C=C/Br)cc(O)cc3n2,36.97835599396561,243.15485401502576,False,False,False
C\C=C/c1cc(O)cc2nc(oc12)c3ccc(O)cc3F,16.66783016466566,113.8309914710866,False,False,False
Oc1ccc(c(F)c1)c2oc3c(C=C)cc(O)cc3n2,28.73002380847054,337.0107498346696,False,False,False
Oc1cc(C=C)c2oc(nc2c1)c3ccc(O)c(F)c3F,31.827927980495442,368.9998772727994,False,False,False
Oc1cc(F)c(c(F)c1)c2oc3c(C=C)cc(O)cc3n2,32.06774046172808,380.5389920649525,False,False,False
Oc1cc(C=C)c2oc(nc2c1)c3cc(F)c(O)cc3F,31.628016273921034,365.77288173769045,False,False,False
Cc1cc(O)ccc1c2oc3c(C=C)cc(O)cc3n2,23.797373878792676,269.06604618095787,False,False,False
Oc1ccc(cc1)c2oc3c(cc(O)cc3n2)c4ccccc4,8.110834062587156,48.470617248160885,False,False,False
Oc1ccc(cc1)c2oc3c(cc(O)cc3n2)c4occc4,10.140286218957549,83.02352155555141,False,False,False
Oc1cc(c2occc2)c3oc(nc3c1)c4ccc(O)c(F)c4,14.379194514522716,109.14746205792588,False,False,False
Oc1ccc(cc1)c2oc3c(cc(O)cc3n2)c4cccs4,8.367381085133966,76.3860751738668,False,False,False
Oc1ccc(cc1)c2oc3c(cc(O)cc3n2)c4nccs4,9.40740017869387,82.81196323307829,False,False,False
Oc1ccc(cc1)c2oc3c(cc(O)cc3n2)C4CCCC4,7.658284609542831,82.45796492184698,False,False,False
Oc1ccc(cc1F)c2oc3c(C=C)cc(O)c(Br)c3n2,30.87961562964237,395.9792152262822,False,False,False
Oc1ccc(c(O)c1)c2noc3cc(O)ccc23,10.025504603034802,64.0004437314315,False,False,False
Oc1ccc(c(O)c1)c2noc3ccccc23,9.605312194149839,52.088872523965684,False,False,False
Oc1ccc2c(noc2c1)c3ccccc3O,7.238944357988832,53.225366628176204,False,False,False
Oc1ccc(cc1)c2noc3cc(O)ccc23,7.222359862986926,49.833241968201264,False,False,False
Oc1ccc(c(O)c1)c2noc3ccc(O)cc23,11.55662163919647,71.25361543955546,False,False,False
Oc1ccc(cc1)c2noc3ccc(O)cc23,8.667468970150688,56.91642275768115,False,False,False
Oc1ccc2c(noc2c1)c3ccc(O)c(Cl)c3,8.305856939881238,65.41793855750947,False,False,False
Oc1ccc(c(c1)C#N)c2noc3cc(O)ccc23,19.723606426175074,107.12343326294398,False,False,False
Oc1ccc2c(noc2c1)c3ccc(O)c(Br)c3,9.547572397329349,69.38590601361983,False,False,False
Oc1ccc2c(noc2c1)c3ccc(O)c(F)c3,15.060427172080539,72.96501431009702,False,False,False
Cc1cc(ccc1O)c2noc3cc(O)ccc23,5.886751930924631,43.12797424624915,False,False,False
Cc1cc(O)ccc1c2noc3cc(O)ccc23,6.533396022063833,44.163223959611,False,False,False
CCCc1cc(O)ccc1c2noc3cc(O)ccc23,5.204110294281546,55.08764544590857,False,False,False
CCCc1cc(ccc1O)c2noc3cc(O)ccc23,5.156162575029481,52.93041753939778,False,False,False
Cc1c(O)ccc(c1O)c2noc3cc(O)ccc23,8.333286202369322,62.35401204878151,False,False,False
Oc1ccc(c(CC#N)c1)c2noc3cc(O)ccc23,16.91879828063594,120.72642208129969,False,False,False
O\N=C\c1cc(O)ccc1c2noc3cc(O)ccc23,11.520003010969763,130.41606384358755,False,False,False
Oc1ccc2c(noc2c1)c3cc(Br)c(O)cc3O,11.312383867543598,99.65511759090134,False,False,False
Oc1ccc2c(noc2c1)c3cc(Cl)c(O)cc3O,10.760064334581104,83.03837330697638,False,False,False
Cc1cc(c(O)cc1O)c2noc3cc(O)ccc23,8.130724499307307,62.347677108358106,False,False,False
CCCc1cc(c(CC)cc1O)c2noc3cc(O)ccc23,5.817389233758166,59.4944872299318,False,False,False
CCCc1cc(c(CCC)cc1O)c2noc3cc(O)ccc23,4.802679179954688,65.39530506149846,False,False,False
Oc1ccc2c(noc2c1)c3ccc4cc(O)ccc4c3,8.921863717679994,43.812027744677145,False,False,False
Oc1ccc2c(noc2c1)c3ccc4c(O)cccc4c3,8.931555187386305,42.69217564553297,False,False,False
Oc1ccc2c(noc2c1)c3ccc4c(Br)c(O)ccc4c3,12.707579211132828,78.33257996028217,False,False,False
Oc1ccc2cc(ccc2c1)c3noc4ccc(O)cc34,9.82223518274155,45.746936277767254,False,False,False
Oc1ccc2c(noc2c1)c3cccc4cc(O)ccc34,9.23159006868301,43.927565787522795,False,False,False
Oc1ccc2c(noc2c1)c3cccc4c(O)cccc34,9.84920589894409,42.75458650806799,False,False,False
Oc1ccc2c(noc2c1)c3cccc4ccc(O)cc34,9.573265879296418,44.14625400223604,False,False,False
Oc1ccc2nc(oc2c1)c3cccc4c(O)cccc34,8.591721277375651,43.17608017725456,False,False,False
Oc1ccc2nc(oc2c1)c3cccc4cc(O)ccc34,9.331377252259015,47.06536798693287,False,False,False
Oc1ccc2nc(oc2c1)c3ccc(O)c4ccccc34,8.287113718298627,43.94714374148478,False,False,False
Oc1ccc2nc(oc2c1)c3cccc4ccccc34,8.79599994968919,59.01476790213759,False,False,False
Oc1ccc2nc(oc2c1)c3cccc4c(Br)c(O)ccc34,11.128286148966117,83.97426646344404,False,False,False
Oc1ccc2c(cccc2c1)c3oc4cc(O)c(F)cc4n3,12.886786497710279,71.80705912317549,False,False,False
Oc1ccc2c(cccc2c1)c3oc4ccc(O)cc4n3,9.653842282005868,49.3343864378014,False,False,False
Cc1cc(O)c2cccc(c3oc4cc(O)ccc4n3)c2c1,7.856695526890808,42.094210221286374,False,False,False
Oc1ccc2cc(ccc2c1)c3oc4ccc(O)cc4n3,8.012829518007178,51.343024596050384,False,False,False
Oc1ccc(cc1)C2=C(Br)c3ccc(O)cc3C2=O,15.524629437142206,121.08485513176575,False,False,False
CC1=C(C(=O)c2cc(O)ccc12)c3ccc(O)cc3,11.311628331433944,83.40270280736405,False,False,False
CSC1=C(C(=O)c2cc(O)ccc12)c3ccc(O)cc3,14.601619607578918,88.09507829848366,False,False,False
CCSC1=C(C(=O)c2cc(O)ccc12)c3ccc(O)cc3,11.738408046357167,89.02318855268285,False,False,False
Oc1ccc(cc1)C2=C(c3ccccc3)c4ccc(O)cc4C2=O,9.307316394901463,94.82079787660535,False,False,False
COc1cc(O)cc2C(=O)C(=C(Br)c12)c3ccc(O)cc3,13.304323247023639,135.81528995633337,False,False,False
Oc1ccc(cc1)C2=C(Br)c3c(O)cc(O)cc3C2=O,21.50242692235181,165.417412660432,False,False,False
CSC1=C(C(=O)c2cc(O)cc(O)c12)c3ccc(O)cc3,14.03317781748489,105.25604838755862,False,False,False
CCSC1=C(C(=O)c2cc(O)cc(O)c12)c3ccc(O)cc3,12.289400156245668,107.59025726037987,False,False,False
Oc1ccc(cc1)C2=C(c3ccccc3)c4c(O)cc(O)cc4C2=O,12.474867119382761,92.48038985860396,False,False,False
Oc1ccc(cc1)C2=C(Br)c3cc(O)ccc3C2=O,18.991699570627993,114.3572064602412,False,False,False
COc1ccc2C(=O)C(=C(Br)c2c1)c3ccc(O)cc3,9.761590113676219,116.80916594624365,False,False,False
CC1=C(C(=O)c2ccc(O)cc12)c3ccc(O)cc3,11.143765848958823,71.68081657533382,False,False,False
CSC1=C(C(=O)c2ccc(O)cc12)c3ccc(O)cc3,10.047533121577214,84.66060135888634,False,False,False
CCSC1=C(C(=O)c2ccc(O)cc12)c3ccc(O)cc3,10.690692701328251,84.17468461240554,False,False,False
Oc1ccc(cc1)C2=C(c3ccccc3)c4cc(O)ccc4C2=O,9.277853796289062,82.10281857959322,False,False,False
CC1=C(C(=O)c2c(O)cc(O)cc12)c3ccc(O)cc3,13.683701559153903,76.61622151169935,False,False,False
Oc1ccc(cc1)C2=C(c3ccccc3)c4cc(O)cc(O)c4C2=O,11.778610812334446,83.10908648713064,False,False,False
Oc1ccc2C(=C(C(=O)Oc2c1)c3ccc(Cl)cc3)Cc4ccccc4,7.460370910306935,110.76305189336733,False,False,False
Oc1ccc(C(=O)Cc2oc3ccccc3c2)c(O)c1,6.466827240717874,81.94874247455736,False,False,False
O=C(Oc1ccc2C(=CC(=O)Oc2c1)c3ccccc3)c4occc4,12.163517772233163,127.83874186137174,False,False,False
Oc1ccc(c(F)c1)c2ccc3c(Cl)c(O)ccc3c2,14.473010199713883,110.1519638984864,False,False,False
Oc1ccc2cc(ccc2c1)c3cc(F)c(O)cc3F,15.521050935897048,107.58089931666348,False,False,False
Oc1ccc2cc(ccc2c1Cl)c3cc(F)c(O)cc3F,16.03705278671445,137.53208400375485,False,False,False
Oc1ccc2cc(ccc2c1)c3c(F)cc(O)cc3F,15.884107502170579,106.4237404186685,False,False,False
Oc1cc(F)c(c(F)c1)c2ccc3c(Cl)c(O)ccc3c2,17.755116149154116,136.82279956864346,False,False,False
Oc1ccc(c(Cl)c1)c2ccc3cc(O)ccc3c2,7.6884996500218605,59.90669334073601,False,False,False
Oc1ccc(c(Cl)c1)c2ccc3c(Cl)c(O)ccc3c2,10.99882110498649,108.45273290785018,False,False,False
COc1cc(O)ccc1c2ccc3cc(O)ccc3c2,5.128831384401519,33.55146065965798,False,False,False
Cc1cc(O)ccc1c2ccc3cc(O)ccc3c2,6.363955332822486,36.0296039307095,False,False,False
Cc1cc(O)ccc1c2ccc3c(Cl)c(O)ccc3c2,7.8884023213920695,54.09321382651059,False,False,False
Oc1ccc2cc(ccc2c1)c3ccc(O)c(F)c3,10.937403083061445,64.64479370535872,False,False,False
Oc1ccc(cc1F)c2ccc3c(Cl)c(O)ccc3c2,10.26982523764268,84.89444689132073,False,False,False
Oc1ccc2cc(ccc2c1)c3ccc(O)c(Cl)c3,7.3912909084673855,57.433164614355455,False,False,False
Oc1ccc(cc1Cl)c2ccc3c(Cl)c(O)ccc3c2,10.647418379334836,109.18304845525344,False,False,False
Oc1ccc2cc(ccc2c1)c3cc(F)c(O)c(F)c3,12.324086233958687,87.22726954033102,False,False,False
Oc1ccc2cc(ccc2c1Cl)c3cc(F)c(O)c(F)c3,11.69768260434457,116.4211843735736,False,False,False
Oc1ccc(cc1)c2cc(F)c3cc(O)ccc3c2,12.975741339782171,102.53270610312819,False,False,False
Oc1ccc2cc(cc(F)c2c1)c3ccc(O)c(F)c3,11.449793295607932,124.17696172330642,False,False,False
Oc1ccc(cc1)c2cc(F)c3c(Cl)c(O)ccc3c2,11.086955148746114,111.66464667691852,False,False,False
Oc1ccc(cc1F)c2cc(F)c3c(Cl)c(O)ccc3c2,13.870304908831619,136.2624418363689,False,False,False
Oc1ccc(cc1)c2cc(Cl)c3cc(O)ccc3c2,7.666853725151565,63.42735987236764,False,False,False
Oc1ccc(cc1)c2cc(Cl)c3c(Cl)c(O)ccc3c2,11.645314219175827,112.39674984490853,False,False,False
Oc1ccc(cc1)c2cc(C#N)c3cc(O)ccc3c2,11.8027817619066,123.66270771925164,False,False,False
Oc1ccc2cc(cc(C#N)c2c1)c3ccc(O)c(F)c3,18.69300459410511,121.54103287634432,False,False,False
Oc1ccc(cc1)c2cc(C#N)c3c(Br)c(O)ccc3c2,14.21215286901132,210.2051068016179,False,False,False
Oc1ccc(cc1)c2cc(C#N)c3c(Cl)c(O)ccc3c2,13.894007835913218,143.36769199864983,False,False,False
Oc1ccc(cc1F)c2cc(C#N)c3c(Cl)c(O)ccc3c2,15.959737628007518,153.24168377793097,False,False,False
Oc1ccc(cc1F)c2cc(C#N)c3c(F)c(O)ccc3c2,22.77297593806695,134.69824514028073,False,False,False
Oc1ccc2cc(cc(C=O)c2c1)c3ccc(O)c(F)c3,15.92330294534303,105.32129492591739,False,False,False
Oc1ccc2cc(cc(C=C)c2c1)c3ccc(O)c(F)c3,21.27093775702233,303.1316744463278,False,False,False
CCc1cc(cc2ccc(O)cc12)c3ccc(O)c(F)c3,10.76448885222978,66.77810912793623,False,False,False
Oc1ccc2cc(cc(C#C)c2c1)c3ccc(O)c(F)c3,102.01186374316191,293.2257216267433,False,False,False
CC#Cc1cc(cc2ccc(O)cc12)c3ccc(O)c(F)c3,23.740101181062503,354.9154392990462,False,False,False
Oc1ccc(c(F)c1)c2cc(C#N)c3cc(O)ccc3c2,21.028634773282974,161.0949275984371,False,False,False
Oc1ccc2cc(cc(C#N)c2c1)c3cc(F)c(O)cc3F,24.016995978356196,163.1649185046549,False,False,False
Oc1ccc2cc(cc(C#N)c2c1)c3c(F)cc(O)cc3F,25.556121466999972,176.52964077329423,False,False,False
Oc1ccc2cc(cc(C#N)c2c1)c3cc(F)c(O)c(F)c3,22.4083617276265,135.3094761960341,False,False,False
Oc1ccc(cc1)c2ccc3cc(O)cc(C#N)c3c2,11.608186994685697,121.93304519165298,False,False,False
Oc1cc(C#N)c2cc(ccc2c1)c3ccc(O)c(F)c3,18.538293035722738,120.30223378858861,False,False,False
Oc1ccc(cc1F)c2ccc3c(Br)c(O)cc(C#N)c3c2,21.265252702925597,206.86919530411691,False,False,False
Oc1ccc(cc1F)c2ccc3c(C#N)c(O)cc(C#N)c3c2,32.405804793460774,286.6232999434091,False,False,False
Cc1c(O)cc(C#N)c2cc(ccc12)c3ccc(O)c(F)c3,15.491272603403027,138.60762188186908,False,False,False
Oc1ccc(cc1)c2ccc3c(Cl)c(O)cc(C#N)c3c2,12.59108467994382,144.03525913921393,False,False,False
Oc1ccc(cc1F)c2ccc3c(Cl)c(O)cc(C#N)c3c2,16.148465213576134,154.20822658292806,False,False,False
Oc1cc(C#C)c2cc(ccc2c1)c3ccc(O)c(F)c3,100.75426616620616,302.99834294510697,False,False,False
CC#Cc1cc(O)cc2ccc(cc12)c3ccc(O)c(F)c3,23.62113194718031,351.9197601306604,False,False,False
Oc1cc(C=O)c2cc(ccc2c1)c3ccc(O)c(F)c3,8.640016302840422,117.70539739294463,False,False,False
Oc1cc(C=C)c2cc(ccc2c1)c3ccc(O)c(F)c3,21.193778934175086,301.87872727814124,False,False,False
CCc1cc(O)cc2ccc(cc12)c3ccc(O)c(F)c3,10.517486924934973,65.56305417580228,False,False,False
Oc1ccc(cc1)c2ccc3cc(O)ccc3c2,6.278308452834009,42.75665094454125,False,False,False
Oc1cccc(c1)c2ccc3c(O)cccc3c2,6.810217140826499,50.71749540478065,False,False,False
Oc1ccc(cc1)c2ccc3c(O)cccc3c2,7.753104650926966,40.04370049499787,False,False,False
Oc1cccc(c1)c2ccc3cc(O)ccc3c2,8.114951998758244,41.05923067554892,False,False,False
Oc1ccc2cc(ccc2c1)c3ccccc3,10.539195858938722,62.40701629922198,False,False,False
Oc1ccc(cc1)c2ccc3ccc(O)cc3c2,8.235254849283375,41.34904316005674,False,False,False
Oc1cccc(c1)c2ccc3ccc(O)cc3c2,7.356072821034135,52.750501520446164,False,False,False
Oc1ccc2ccc(cc2c1)c3ccccc3,9.152861715684423,63.22220482190676,False,False,False
Oc1ccc(cc1)c2ccc3ccccc3c2,11.27101490580624,64.46783708414752,False,False,False
Oc1ccc(cc1)c2ccc3c(Cl)c(O)ccc3c2,7.216239019013437,56.3961802206397,False,False,False
Oc1ccc(cc1)c2ccc3c(Br)c(O)ccc3c2,8.992546237582772,95.89424182017407,False,False,False
Oc1ccc(cc1)c2ccc3c(F)c(O)ccc3c2,10.280836095241172,66.98727718177662,False,False,False
Oc1ccc(cc1)c2ccc3c(C#N)c(O)ccc3c2,11.355450208504424,120.32611312121028,False,False,False
Oc1ccc(cc1)c2ccc3c(c(O)ccc3c2)c4ccccc4,7.5911478196089694,54.031582038772555,False,False,False
Cc1c(O)ccc2cc(ccc12)c3ccc(O)cc3,6.580934304184206,37.00622338418656,False,False,False
COc1c(O)ccc2cc(ccc12)c3ccc(O)cc3,5.766261771428097,30.59445678110373,False,False,False
Oc1ccc(cc1)c2ccc3c(c(O)ccc3c2)[N+](=O)[O-],10.95646353053425,396.67632306161056,False,False,False
Oc1ccc(c(F)c1)c2ccc3cc(O)ccc3c2,14.179723218772398,86.48843965739592,False,False,False
CCC1=N[C@@H]([C@@H](N1)c2ccc(O)cc2)c3ccc(OCCN4CCCCC4)cc3,9.759443226276707,117.80526581398311,False,False,False
Oc1ccc2C(N(CCc2c1)c3ccccc3)c4ccc(cc4)N5CCN6CCCCC6C5,9.271113346185306,116.60787596666961,False,False,False
CC1CN(CCN1C)c2ccc(cc2)C3N(CCc4cc(O)ccc34)c5ccccc5,6.262486514858029,94.72888979590057,False,False,False
CCN1CCN(CC1C)c2ccc(cc2)C3N(CCc4cc(O)ccc34)c5ccccc5,5.690673980906405,92.50636138736618,False,False,False
CCC1CN(CCN1C)c2ccc(cc2)C3N(CCc4cc(O)ccc34)c5ccccc5,6.179307683301048,87.11859488080222,False,False,False
CN1CCN(CC1)c2ccc(cc2)C3N(CCc4cc(O)ccc34)c5ccccc5,7.165377181026614,93.3127598929406,False,False,False
CN1CCC(CC1)c2ccc(cc2)C3N(CCc4cc(O)ccc34)c5ccccc5,7.582157694878682,54.695626231503,False,False,False
CN1CCC(CC1)c2ccc(cc2)C3N(CCc4cc(O)ccc34)c5ccc(F)cc5,7.2599176971508275,73.03580640838317,False,False,False
CN1CCC(CC1)c2ccc(cc2)C3N(CCc4cc(O)ccc34)c5cccc(F)c5,7.509865197071761,75.03705283461262,False,False,False
CN1CCC(CC1)c2ccc(cc2)C3N(CCc4cc(O)ccc34)c5cccc(O)c5,5.083801411919972,49.55458208759534,False,False,False
CN1CCN(CC1)c2ccc(cc2)C3N(CCc4cc(O)ccc34)c5cccc(O)c5,6.842220517222921,94.1323231777547,False,False,False
CC(C)N1CCN(CC1)c2ccc(cc2)C3N(CCc4cc(O)ccc34)c5cccc(O)c5,4.782522810516405,92.56574316327787,False,False,False
CC(C)CN1CCN(CC1)c2ccc(cc2)C3N(CCc4cc(O)ccc34)c5cccc(O)c5,5.715808823457582,89.96957853593852,False,False,False
Oc1cccc(c1)N2CCc3cc(O)ccc3C2c4ccc(cc4)N5CCN(CC6CC6)CC5,28.68908953441491,600.4964217184843,False,False,False
Oc1cccc(c1)N2CCc3cc(O)ccc3C2c4ccc(cc4)N5CCN(CC5)C6CCCC6,7.9623987649165775,102.02710468039355,False,False,False
Oc1cccc(c1)N2CCc3cc(O)ccc3C2c4ccc(cc4)N5CCN(CC5)C6CCCCC6,9.119509255311216,103.07800876432883,False,False,False
Oc1ccc2c(c1)sc3c4ccccc4n(Cc5ccc(OCCN6CCCCCC6)cc5)c23,18.58968124896457,256.49100245089613,False,False,False
Oc1ccc2c(c1)sc3c4cc(O)ccc4n(Cc5ccc(OCCN6CCCCCC6)cc5)c23,18.757418446075725,254.4423471634459,False,False,False
CN(C)CCOc1ccc(Cn2c3ccccc3c4sc5cc(O)ccc5c24)cc1,19.576076650492087,229.9916719543559,False,False,False
CN(C)CCOc1ccc(Cn2c3ccc(O)cc3c4sc5cc(O)ccc5c24)cc1,19.582646581228925,234.79288517511583,False,False,False
CCN(CC)CCOc1ccc(Cn2c3ccccc3c4sc5cc(O)ccc5c24)cc1,16.688000247954232,237.68370850630885,False,False,False
CCN(CC)CCOc1ccc(Cn2c3ccc(O)cc3c4sc5cc(O)ccc5c24)cc1,16.376065036931607,241.72530594165792,False,False,False
Oc1ccc2c(c1)sc3c4ccccc4n(Cc5ccc(OCCN6CCOCC6)cc5)c23,17.800258709692077,240.16015258196873,False,False,False
Oc1ccc2c(c1)sc3c4cc(O)ccc4n(Cc5ccc(OCCN6CCOCC6)cc5)c23,19.3367009882445,239.34332982809764,False,False,False
Oc1ccc2c(c1)sc3c4ccccc4n(Cc5ccc(OCCN6CCCCC6)cc5)c23,17.585033936637142,234.1629519223348,False,False,False
Oc1ccc2c(c1)sc3c4cc(O)ccc4n(Cc5ccc(OCCN6CCCCC6)cc5)c23,17.43714145631705,233.82012508567595,False,False,False
Oc1ccc2c(c1)sc3c4ccccc4n(Cc5ccc(OCCN6CCCC6)cc5)c23,21.509173675723584,237.58806246832478,False,False,False
Oc1ccc2c(c1)sc3c4cc(O)ccc4n(Cc5ccc(OCCN6CCCC6)cc5)c23,21.08751184313473,237.72688641346826,False,False,False
Oc1ccc(cc1)c2ccc3cc(O)ccc3n2,5.902800420424442,45.352887684037874,False,False,False
Oc1ccc(cc1)c2ccc3c(Cl)c(O)ccc3n2,6.057046270677815,58.81193353386176,False,False,False
Oc1ccc(cc1)c2ccc3c(Br)c(O)ccc3n2,9.18008628202451,82.53216664857499,False,False,False
Oc1ccc(cc1)c2cc(Cl)c3cc(O)ccc3n2,5.884025432733234,65.04480383402718,False,False,False
Oc1ccc2nc(cc(Cl)c2c1)c3ccc(O)c(F)c3,10.811238195702023,95.86234007473553,False,False,False
Oc1ccc(cc1)c2cc(Br)c3cc(O)ccc3n2,9.711018035638618,97.71663224286394,False,False,False
Oc1ccc2nc(cc(Br)c2c1)c3ccc(O)c(F)c3,14.979215712800075,105.54185438287774,False,False,False
Oc1ccc2nc(cc(Br)c2c1)c3cc(F)c(O)c(F)c3,18.55897766781597,139.6298261388332,False,False,False
Oc1ccc(cc1)c2cc(C=C)c3cc(O)ccc3n2,19.131833776984188,273.31231198198077,False,False,False
Oc1ccc2nc(cc(C=C)c2c1)c3ccc(O)c(F)c3,23.749167320117383,305.1178684279769,False,False,False
CCc1cc(nc2ccc(O)cc12)c3ccc(O)cc3,6.179167612074421,39.62226142969516,False,False,False
CCc1cc(nc2ccc(O)cc12)c3ccc(O)c(F)c3,12.097650364433491,68.70847692970217,False,False,False
Oc1ccc(cc1)c2cc(C#C)c3cc(O)ccc3n2,91.46481967159156,318.81999031680766,False,False,False
Oc1ccc2nc(cc(C#C)c2c1)c3ccc(O)c(F)c3,97.56833552667108,331.62191957956014,False,False,False
Oc1ccc2nc(cc(C#C)c2c1)c3cc(F)c(O)c(F)c3,100.42037488227902,359.84562904770246,False,False,False
Oc1ccc(cc1)c2cc(C#N)c3cc(O)ccc3n2,14.609129566316351,114.11679596683955,False,False,False
Oc1ccc2nc(cc(C#N)c2c1)c3ccc(O)c(F)c3,23.153278450548616,112.0699397494772,False,False,False
CC(=O)c1cc(nc2ccc(O)cc12)c3ccc(O)cc3,6.059504740120587,71.66263696826495,False,False,False
CC(=O)c1cc(nc2ccc(O)cc12)c3ccc(O)c(F)c3,11.379251484283298,98.06484058087494,False,False,False
Oc1ccc2nc(cc(c3ccccc3)c2c1)c4ccc(O)c(F)c4,11.149919758762682,75.22699432312338,False,False,False
COc1cc(nc2ccc(O)cc12)c3ccc(O)cc3,5.9239983904222235,46.29822541365096,False,False,False
C[C@@H](COc1ccc(cc1)[C@@H]2Oc3ccc(O)cc3S[C@@H]2c4ccc(O)cc4)N5CCCC5,9.259560231359236,27.379620210126937,False,False,False
C[C@@H](COc1ccc(cc1)[C@@H]2Oc3ccc(O)cc3S[C@@H]2c4ccc(O)cc4)N5CC[C@@H](C)C5,12.014477319134121,31.30807864396877,False,False,False
C[C@@H]1CCN(CCOc2ccc(cc2)C(=O)c3c(sc4cc(O)ccc34)c5ccc(O)cc5)C1,15.118039693849907,86.22912165070548,False,False,False
C[C@@H](COc1ccc(cc1)C(=O)c2c(sc3cc(O)ccc23)c4ccc(O)cc4)N5CCCC5,13.439860507670815,77.03870714393157,False,False,False
C[C@@H]1CCN(CCOc2ccc(Cn3c(c(C)c4cc(O)ccc34)c5ccc(O)cc5)cc2)C1,8.892793671538483,70.74731509284229,False,False,False
C[C@@H](COc1ccc(Cn2c(c(C)c3cc(O)ccc23)c4ccc(O)cc4)cc1)N5CCCC5,6.956645260750908,62.933369409478274,False,False,False
C[C@@H]1CCN(CCOc2ccc(cc2)[C@H]3[C@H](CCc4cc(O)ccc34)c5ccccc5)C1,9.19545585917234,37.70942726187687,False,False,False
C[C@@H](COc1ccc(cc1)[C@H]2[C@H](CCc3cc(O)ccc23)c4ccccc4)N5CCCC5,8.06974470886592,31.904082952261373,False,False,False
Oc1ccc(cc1)c2[nH]c3ccccc3c2c4ccccc4,18.23339284378357,76.6889945057116,False,False,False
Oc1ccc(cc1)c2c([nH]c3ccccc23)c4ccccc4,18.248585005268453,78.14027343607205,False,False,False
Oc1ccc(cc1)c2[nH]c3ccccc3c2c4ccc(O)cc4,16.97307259730875,75.81147381907608,False,False,False
c1ccc(cc1)c2[nH]c3ccccc3c2c4ccccc4,19.10826742562813,140.6783086131801,False,False,False
Oc1ccc(cc1)c2[nH]c(nc2c3ccccc3)C(F)(F)F,33.11224447579748,181.9772538113702,False,False,False
Oc1ccc(cc1)c2noc(c2c3ccccc3)C(F)(F)F,17.21114426028572,138.3824020340305,False,False,False
Oc1ccc(cc1)n2c(nc3ccccc23)c4ccccc4Cl,11.621319999481079,84.82118427185048,False,False,False
Cc1nocc1c2nc3ccccc3n2c4ccc(O)cc4,12.861296020622172,68.8532405426329,False,False,False
Cn1cccc1c2nc3ccccc3n2c4ccc(O)cc4,11.208024815848697,127.79802597416699,False,False,False
Oc1ccc(cc1)n2c(nc3ccccc23)c4ccccc4,8.938224919891535,69.8245857593364,False,False,False
C[C@]12CCC3C(CC=C4C[C@@H](O)CC[C@]34C=C)C1CC[C@@H]2O,33.346509740950694,184.96284004725462,False,False,False
C[C@]12CCC3C(CC=C4C[C@@H](O)CC[C@]34C=C)C1CC[C@@]2(O)C#C,118.02736250799454,221.2475970051497,True,False,True
C[C@]1(O)CCC2C3CC=C4C[C@@H](O)CC[C@]4(C=C)C3CC[C@]12C,50.23571495278845,243.63917720866647,False,False,False
C[C@]12CCC3C(CC=C4C[C@@H](O)CC[C@]34CO)C1CC[C@@H]2O,30.55024668329699,102.82840498908797,False,False,False
C[C@]12CC[C@H]3[C@@H](CC=C4C[C@@H](O)CC[C@]34C)[C@@H]1CC[C@@H]2O,27.934924792986234,92.89152255191865,False,False,False
C[C@]12CCC3C(CC=C4C[C@@H](O)CC[C@]34CC#C)C1CC[C@@H]2O,98.07385976745634,230.6035485663046,False,False,False
C[C@]12CCC3C(CC=C4C[C@@H](O)CC[C@]34C#C)C1CC[C@@H]2O,96.03359416175431,236.6332491506748,False,False,False
CCC[C@]12CC[C@H](O)CC1=CCC3C4CC[C@H](O)[C@@]4(C)CCC23,29.710059143016867,92.0948525324527,False,False,False
CC[C@]12CC[C@H](O)CC1=CCC3C4CC[C@H](O)[C@@]4(C)CCC23,28.69593021303913,92.24713796808676,False,False,False
C[C@]12CCC3C(CC=C4C[C@@H](O)CC[C@]34CC=C)C1CC[C@@H]2O,33.79948615251163,185.08422689974387,False,False,False
CC\C=C/[C@]12CC[C@H](O)CC1=CCC3C4CC[C@H](O)[C@@]4(C)CCC23,28.678622877010365,98.17417475482188,False,False,False
C\C=C\[C@]12CC[C@H](O)CC1=CCC3C4CC[C@H](O)[C@@]4(C)CCC23,28.03770808164164,93.59073429884464,False,False,False
C\C=C/[C@]12CC[C@H](O)CC1=CCC3C4CC[C@H](O)[C@@]4(C)CCC23,28.03770808164164,93.59073429884464,False,False,False
CO\C=C/[C@]12CC[C@H](O)CC1=CCC3C4CC[C@H](O)[C@@]4(C)CCC23,26.42743381431542,105.54479747771626,False,False,False
C[C@]12CCC3C(CC=C4C[C@@H](O)CC[C@]34\C=C\Br)C1CC[C@@H]2O,61.38159253277351,330.43404228834606,False,False,False
C[C@]12CCC3C(CC=C4C[C@@H](O)CC[C@]34\C=C\Cl)C1CC[C@@H]2O,40.02265692664723,200.33199359686813,False,False,False
C[C@]12CCC3C(CC=C4C[C@@H](O)CC[C@]34\C=C/Cl)C1CC[C@@H]2O,40.02265692664723,200.33199359686813,False,False,False
C[C@]12CCC3C(CC=C4C[C@@H](O)CC[C@]34\C=C\F)C1CC[C@@H]2O,55.77789028556063,176.17183153259373,False,False,False
C[C@]12CCC3C(CC=C4C[C@@H](O)CC[C@]34\C=C/F)C1CC[C@@H]2O,55.77789028556063,176.17183153259373,False,False,False
CN(C)CCOc1ccc(cc1)\C(=C(\CCCCO)/c2ccccc2)\c3ccc(O)cc3,6.9847379094400885,53.36696408233963,False,False,False
CN(C)CCOc1ccc(cc1)\C(=C(\CCCO)/c2ccccc2)\c3ccc(O)cc3,7.128704553152397,58.76981000971156,False,False,False
CN(C)CCOc1ccc(cc1)\C(=C(\CCO)/c2ccccc2)\c3ccc(O)cc3,5.724178220946842,59.184140870006445,False,False,False
CSCCC\C(=C(/c1ccc(O)cc1)\c2ccc(OCCN(C)C)cc2)\c3ccccc3,11.471424091354713,67.75851738397819,False,False,False
CN(C)CCOc1ccc(cc1)\C(=C(\CCCN=[N+]=[N-])/c2ccccc2)\c3ccc(O)cc3,7.478092589469469,128.7883978939621,False,False,False
CN(C)CCOc1ccc(cc1)\C(=C(\CCN=[N+]=[N-])/c2ccccc2)\c3ccc(O)cc3,7.175783626382208,128.21503687385766,False,False,False
CN(C)CCOc1ccc(cc1)\C(=C(\CCCC#N)/c2ccccc2)\c3ccc(O)cc3,14.812437385761326,138.68702154994173,False,False,False
CN(C)CCOc1ccc(cc1)\C(=C(\CCC#N)/c2ccccc2)\c3ccc(O)cc3,14.422956846635579,139.92185663660263,False,False,False
CN(C)CCOc1ccc(cc1)\C(=C(\CCCCl)/c2ccccc2)\c3ccc(O)cc3,26.94657579896144,147.51009983033828,False,False,False
CN(C)CCOc1ccc(cc1)\C(=C(\CCCl)/c2ccccc2)\c3ccc(O)cc3,27.270634713801144,142.44060463302839,False,False,False
CCN(c1ccccc1)S(=O)(=O)c2ccc(O)cc2,9.081405018218792,114.61837489661659,False,False,False
CCN(c1ccccc1Br)S(=O)(=O)c2ccc(O)cc2,14.8825099155207,144.4874781206816,False,False,False
CCN(c1cccc(OC)c1)S(=O)(=O)c2ccc(O)cc2,10.556451444262507,102.06961233126869,False,False,False
CCCN(c1ccccc1)S(=O)(=O)c2ccc(O)cc2,9.399518738652723,111.75166107122558,False,False,False
CCN(c1ccc(O)cc1)S(=O)(=O)c2ccc(O)cc2,10.892481385395245,126.30188725941883,False,False,False
CCN(c1ccccc1)S(=O)(=O)c2ccc(O)c(C)c2,9.956402631379687,101.12985412257345,False,False,False
CC(C)N(c1ccccc1)S(=O)(=O)c2ccc(O)cc2,11.212078640554026,108.8225987891784,False,False,False
CCN(c1ccccc1OC)S(=O)(=O)c2ccc(O)cc2,9.89222054969707,107.78206442559156,False,False,False
CC(C)(C)CN(c1ccccc1)S(=O)(=O)c2ccc(O)cc2,12.913738381251397,205.85518563517553,False,False,False
Oc1ccc(cc1)S(=O)(=O)N(Cc2ccccc2)c3ccccc3,7.8649777978523145,142.64219659342922,False,False,False
Oc1ccc(cc1)S(=O)(=O)N(C2CCCCC2)c3ccccc3,7.7334439140567355,131.15444635726885,False,False,False
Oc1ccc(cc1)S(=O)(=O)N(c2ccccc2)c3ccccc3,8.641525790432853,152.16322050590753,False,False,False
CCCCN(c1ccccc1)S(=O)(=O)c2ccc(O)cc2,9.404519618155406,111.86243843066377,False,False,False
Oc1ccc(cc1)S(=O)(=O)N(CC=C)c2ccccc2,18.160979142375986,404.4122314333787,False,False,False
CCCN(c1ccccc1Br)S(=O)(=O)c2ccc(O)c(C)c2,16.10803070059655,136.93308637858803,False,False,False
CCCN(c1ccccc1c2ccccc2)S(=O)(=O)c3ccc(O)c(C)c3,9.812948641908307,107.34507506151519,False,False,False
CCCN(c1ccccc1F)S(=O)(=O)c2ccc(O)cc2,11.42108335677759,136.78913398714303,False,False,False
CCCN(c1ccccc1Br)S(=O)(=O)c2ccc(O)c(c2)C(F)(F)F,31.527633566965996,230.2362179104705,False,False,False
CCCN(c1ccccc1Br)S(=O)(=O)c2ccc(O)cc2,14.701309892230139,142.404757768197,False,False,False
CCCN(c1c(C)cccc1CC)S(=O)(=O)c2ccc(O)c(C)c2,14.114430874586617,100.34974627850285,False,False,False
CCCN(c1c(C)cccc1C)S(=O)(=O)c2ccc(O)c(C)c2,14.658461219617898,100.81526956709953,False,False,False
CCCN(c1c(Cl)cccc1Cl)S(=O)(=O)c2ccc(O)c(C)c2,24.25519779923355,129.4070381768629,False,False,False
CCCN(c1c(CC)cccc1CC)S(=O)(=O)c2ccc(O)c(C)c2,13.782855144240965,102.92001326291128,False,False,False
CCCN(c1c(C)cccc1Cl)S(=O)(=O)c2ccc(O)c(C)c2,18.759453556283837,93.55063085822889,False,False,False
CCCN(c1c(C)cccc1Cl)S(=O)(=O)c2ccc(O)cc2,16.84961294240624,94.33596365900303,False,False,False
CCCN(c1ccccc1C(F)(F)F)S(=O)(=O)c2ccc(O)cc2,25.384335767054726,137.64667585688653,False,False,False
CCCN(c1ccccc1Cl)S(=O)(=O)c2ccc(O)c(C)c2,15.826597117166227,93.39073065865622,False,False,False
CCCN(c1ccccc1Cl)S(=O)(=O)c2ccc(O)cc2,14.48018968451317,102.52158849616688,False,False,False
CCCN(c1ccccc1C)S(=O)(=O)c2ccc(O)c(C)c2,12.06554555488754,94.27861279205368,False,False,False
CC1CCc2ccccc2N1S(=O)(=O)c3ccc(O)cc3,6.705053825047575,113.71125548685151,False,False,False
Oc1ccc2c(CCN(c3ccccc3Cl)S2(=O)=O)c1,10.848174759766144,120.84913874251929,False,False,False
Cc1c(O)ccc2c1CCc3cc(O)cc(C=C)c23,18.29293188875882,284.2531965048833,False,False,False
Cc1cc(O)c(C)c2c1c3ccc(O)c(C)c3OC2(C)CC=C,25.55553562084194,303.55452376412285,False,False,False
Cc1c(O)ccc2c1OC(C)(C)c3c(C)c(O)ccc23,10.410728960961046,99.85741635892832,False,False,False
CC(C)CC1Oc2c(C)c(O)ccc2c3c(C)cc(O)cc13,8.871824708318233,78.28940244347336,False,False,False
CC1Oc2c(C)c(O)ccc2c3c(C)cc(O)c(C)c13,10.23348817814865,95.73723219157127,False,False,False
CCCC1Oc2c(C)c(O)ccc2c3c(C)cc(O)cc13,5.904721262745731,61.64760190120113,False,False,False
CCC1Oc2c(C)c(O)ccc2c3c(C)cc(O)cc13,6.476693333348754,63.016173306395494,False,False,False
CCC1Oc2c(C)c(O)ccc2c3ccc(O)c(C)c13,6.2052047553450445,62.93649728090719,False,False,False
CC1Oc2c(C)c(O)ccc2c3ccc(O)c(C)c13,7.210248193001361,69.34121982483424,False,False,False
CC1Oc2c(C)c(O)ccc2c3c(C)cc(O)cc13,7.493634917551997,69.51955616456435,False,False,False
Cc1cc(O)cc2COc3c(C)c(O)ccc3c12,6.273962127875054,57.00543619285766,False,False,False
Cc1c(O)ccc2c1COc3c(C)c(O)ccc23,5.942613840589755,57.576101287052374,False,False,False
Cc1c(O)c(Cl)c(C)c2c3ccc(O)c(Cl)c3OC(=O)c12,18.508315690217877,145.5192778707364,False,False,False
Cc1c(O)c(Cl)cc2c3ccc(O)c(Cl)c3OC(=O)c12,15.783996150741084,133.78176004958323,False,False,False
Oc1ccc2c(OC(=O)c3c(Cl)c(O)c(F)cc23)c1Cl,15.074976787091412,176.31431630332997,False,False,False
Cc1cc(O)c(C)c2C(=O)Oc3c(C)c(O)ccc3c12,11.75937168223231,78.31827505848393,False,False,False
Cc1cc(O)c(C)c2OC(=O)c3c(C)c(O)ccc3c12,11.852209969550273,78.31907703782312,False,False,False
Cc1cc(O)cc2C(=O)Oc3c(C)c(O)ccc3c12,9.416589840855345,62.48517328662203,False,False,False
CCc1cc(O)cc2C(=O)Oc3c(C)c(O)ccc3c12,7.7329128937440155,63.155426403493344,False,False,False
Cc1c(O)ccc2c3ccc(O)c(Br)c3OC(=O)c12,16.14873918996363,146.30243902638006,False,False,False
CCc1c(O)ccc2c3ccc(O)c(F)c3OC(=O)c12,9.249675938562069,106.40181285649115,False,False,False
Cc1c(O)ccc2c3ccc(O)c(F)c3OC(=O)c12,9.304262626760707,109.68414273536327,False,False,False
CCc1c(O)ccc2c1OC(=O)c3c(C)c(O)ccc23,8.132356839842215,62.478181788760836,False,False,False
CCc1c(O)ccc2c3ccc(O)c(C)c3OC(=O)c12,8.156112070716834,62.07456679589381,False,False,False
Cc1c(O)ccc2c1OC(=O)c3c(O)c(O)ccc23,11.069061807174831,84.5320876634267,False,False,False
Cc1cc(O)c(Cl)c2C(=O)Oc3c(Cl)c(O)ccc3c12,15.656035877886213,129.42201633847787,False,False,False
Cc1cc(O)cc2OC(=O)c3c(C)c(O)ccc3c12,9.316256312574788,63.051378257951036,False,False,False
Cc1cc(O)c(C)c2OC(=O)c3cc(O)ccc3c12,9.491929950539062,63.04008489232468,False,False,False
Cc1c(O)ccc2c3ccc(O)cc3OC(=O)c12,7.903636435305484,59.521648232494826,False,False,False
Cc1c(O)ccc2c1OC(=O)c3cc(O)ccc23,8.05916338481614,60.23575326183389,False,False,False
Cc1c(O)ccc2c1OC(=O)c3c(C)c(O)ccc23,9.246276460259677,63.61190311943638,False,False,False
COc1c(C)c(Br)c2C(=O)Oc3c(C)c(O)ccc3c2c1C,13.991919623484568,190.5813974414061,False,False,False
COc1c(C)cc2C(=O)Oc3c(C)c(O)ccc3c2c1C,10.14301175416698,86.29760218401657,False,False,False
CCc1cc(OC)cc2C(=O)Oc3c(C)c(O)ccc3c12,7.029482549443409,57.72959817072551,False,False,False
Cc1cc(C=C)c2c(c1)C(=O)Oc3c(C)c(O)ccc23,18.782381785718616,305.44533503856593,False,False,False
Cc1cc(CC=C)c2c(c1)C(=O)Oc3c(C)c(O)ccc23,16.11117364657864,308.6664750261453,False,False,False
Cc1cc(Br)c2c(c1)C(=O)Oc3c(C)c(O)ccc23,8.07931323363491,139.02288550581613,False,False,False
Cc1cc(C)c2c(c1)C(=O)Oc3c(C)c(O)ccc23,8.055108737502051,72.00483475728798,False,False,False
CC\C=C\c1cc2c(cc1Br)C(=O)Oc3c(C)c(O)ccc23,7.25891711704641,157.74674862922362,False,False,False
COc1cc2C(=O)Oc3c(C)c(O)ccc3c2cc1Br,7.265893992159102,122.33545513431096,False,False,False
Cc1cc2c(cc1Br)C(=O)Oc3c(C)c(O)ccc23,7.041275335993912,168.67799289793032,False,False,False
Cc1ccc(C)c2c3ccc(O)c(C)c3OC(=O)c12,8.216993170326976,71.96911647146554,False,False,False
Cc1c(O)ccc2c1OC(=O)c3c(Br)cc(Br)cc23,16.433477992287603,381.81160756437293,False,False,False
Cc1c(O)ccc2c1OC(=O)c3c(C)c(NS(=O)(=O)C)ccc23,15.158484914855475,122.53774392373982,False,False,False
Cc1c(O)ccc2c1OC(=O)c3c(C)c(N)ccc23,17.01081664359634,214.6489243415583,False,False,False
COc1ccc2c3ccc(O)c(C)c3OC(=O)c2c1C,7.601417104175556,60.478815771770336,False,False,False
C\C=C\c1cccc2C(=O)Oc3c(C)c(O)ccc3c12,8.65290475135797,65.19801855673407,False,False,False
CCc1c(O)ccc2c1OC(=O)c3cc(Br)ccc23,6.238476049996196,160.1877562177806,False,False,False
Cc1cc(C)c2c(c1)C(=O)Oc3cc(O)ccc23,6.435121296969479,62.2369114078747,False,False,False
Cc1c(O)ccc2c1OC(=O)c3cc(C=C)ccc23,17.104837180853078,294.39523176794364,False,False,False
CCC1Oc2c(C)c(O)ccc2c3c(C)cc(O)c(C)c13,9.038744551765301,86.54787640864058,False,False,False
Oc1ccc(cc1)N2C=Nc3cc(O)cc(O)c3C2=O,16.287527692344156,105.01858807481071,False,False,False
Oc1ccc(cc1)N2C=Nc3cc(O)cc(O)c3C2=S,23.893342536729136,231.12338511759685,False,False,False
Oc1cc(O)c2C(=O)N(C=Nc2c1)c3ccc(O)c(F)c3,20.31400281107725,147.90074628765808,False,False,False
Oc1cc(O)c2C(=O)N(C=Nc2c1)c3ccc(O)c(Cl)c3,16.453309314078815,127.81855316585968,False,False,False
Cc1cc(O)ccc1N2C=Nc3cc(O)cc(O)c3C2=O,13.377182841131269,112.62794491367211,False,False,False
COc1cc(O)c2C(=O)N(C=Nc2c1)c3ccc(O)cc3,16.012614399608335,102.46882536169565,False,False,False
Oc1cc(O)c2C(=O)N(C=Nc2c1)c3ccc(O)nc3,18.913623148010558,133.31869129291152,False,False,False
Oc1ccc(nc1)N2C=Nc3cc(O)cc(O)c3C2=O,19.657700938464654,137.413237575911,False,False,False
Cc1cc(ccc1O)N2C=Nc3cc(O)cc(O)c3C2=O,13.422480040955655,110.73145944569094,False,False,False
Oc1ccc(N2C=Nc3cc(O)cc(O)c3C2=O)c(Cl)c1,18.539594883341458,133.28071416387849,False,False,False
Oc1ccc(N2C=Nc3cc(O)cc(O)c3C2=O)c(F)c1,20.315503394123038,152.10277723979104,False,False,False
CC(C)C1=Nc2cc(O)cc(O)c2C(=O)N1c3ccc(O)cc3,9.718262532294442,130.93985508108975,False,False,False
CCCCC1=Nc2cc(O)cc(O)c2C(=O)N1c3ccc(O)cc3,12.163539364426482,117.52881496513542,False,False,False
CCCC1=Nc2cc(O)cc(O)c2C(=O)N1c3ccc(O)cc3,11.919295221070078,115.85403628334771,False,False,False
CCC1=Nc2cc(O)cc(O)c2C(=O)N1c3ccc(O)cc3,11.682088825680564,115.47370750436387,False,False,False
CC1=Nc2cc(O)cc(O)c2C(=O)N1c3ccc(O)cc3,11.865252711695772,112.13066507361208,False,False,False
Oc1cc(O)c2C(=O)N(C=Nc2c1)c3ccccc3,15.76293410373152,97.939574525014,False,False,False
Oc1cccc(c1)N2C=Nc3cc(O)cc(O)c3C2=O,15.668969333670207,118.32080042097157,False,False,False
Oc1ccc(cc1)N2C=Nc3cc(O)ccc3C2=O,12.731393389929119,100.55113173948561,False,False,False
CCCc1c(O)cc2N=CN(C(=O)c2c1O)c3ccc(O)cc3,13.251882058393429,114.90272694448336,False,False,False
Cc1c(O)cc(O)c2C(=O)N(C=Nc12)c3ccc(O)cc3,13.711674947646436,113.27857075315012,False,False,False
CC(=C)c1cc(O)cc2N=CN(C(=O)c12)c3ccc(O)cc3,18.92741709672003,364.73070685946675,False,False,False
OCc1cc(O)cc2N=CN(C(=O)c12)c3ccc(O)cc3,13.614548179364357,148.91742804346615,False,False,False
Oc1ccc(cc1)N2C=Nc3cc(O)cc(c4ccccc4)c3C2=O,12.873583727856326,104.40089390763777,False,False,False
COC(=O)c1cc(O)cc2N=CN(C(=O)c12)c3ccc(O)cc3,14.598720293737363,130.94474541295108,False,False,False
CCc1cc(O)cc2N=CN(C(=O)c12)c3ccc(O)cc3,11.084161060053649,101.83856023565778,False,False,False
Cc1cc(O)cc2N=CN(C(=O)c12)c3ccc(O)cc3,10.90577501134046,101.28341425439305,False,False,False
Nc1cc(O)cc2N=CN(C(=O)c12)c3ccc(O)cc3,19.437389114961736,284.1262467446577,False,False,False
Oc1ccc(cc1)N2C(=O)c3ccc(O)cc3N=C2c4ccc(O)cc4,12.010735801505502,124.70673778954435,False,False,False
Oc1ccc(cc1)N2C(=O)Nc3cc(O)cc(O)c3C2=O,17.14044043470572,201.36031561824728,False,False,False
Oc1ccc(cc1)N2C(=S)Nc3cc(O)cc(O)c3C2=O,21.60786506286759,214.96566373551354,False,False,False
Oc1ccc(cc1)C2=COc3cc(O)cc(O)c3C2=S,27.03263790565674,195.84171805253288,False,False,False
Oc1ccc(nc1)N2C=Nc3cc(O)cc(O)c3C2=S,20.932693945323685,242.15506309467756,False,False,False
CCc1cc(O)cc2N=CN(C(=S)c12)c3ccc(O)cc3,28.546076699774282,307.65721555737366,False,False,False
Cc1cc(O)cc2N=CN(C(=S)c12)c3ccc(O)cc3,29.625195568020736,313.5296595288293,False,False,False
Cc1cc(ccc1O)N2C=Nc3cc(O)cc(O)c3C2=S,20.229024929925302,249.9826753040355,False,False,False
Oc1cc(O)c2C(=S)N(C=Nc2c1)c3ccc(O)c(F)c3,25.89304013902372,224.2140016634865,False,False,False
Oc1ccc2C3=C(COc2c1)c4ccc(O)cc4O[C@H]3c5ccc(OCCN6CCCCC6)cc5,8.942633425072644,69.44682166681895,False,False,False
Oc1ccc2C3=C(COc2c1)c4ccc(O)cc4O[C@@H]3c5ccc(OCCN6CCCCC6)cc5,8.942633425072644,69.44682166681895,False,False,False
C[C@]12CC[C@H]3[C@@H](CCc4cc(O)ccc34)[C@@H]1CC[C@@]2(O)C#C,94.90401933710174,235.92756912654062,False,False,False
CC(C)CC12CCC(=O)C(=C1c3ccc(O)cc3C2)C,9.164405921736654,79.5759792851344,False,False,False
CCCC[C@]12CCC(=O)C(=C1c3ccc(O)cc3C2)Br,9.278881865214416,113.77078150075215,False,False,False
CCCC[C@@]12CCC(=O)C(=C1c3ccc(O)cc3C2)C,7.141278085744647,55.772585849640485,False,False,False
CCCC[C@@]12CCC(=O)C(=C1c3ccc(O)cc3C2)Br,9.278881865214416,113.77078150075215,False,False,False
Oc1ccc2C3=C(C#N)C(=O)CCC3(Cc2c1)c4ccccc4,9.355981123667865,205.62676975525483,False,False,False
Oc1ccc2C3=C(C(=O)CCC3(Cc2c1)c4ccccc4)c5occc5,5.083056665945238,116.43475084507068,False,False,False
Oc1ccc2C3=C(Br)C(=O)CCC3(Cc2c1)c4ccccc4,9.14312146479592,131.63245148975668,False,False,False
CCCCC12CCC(=O)C(=C1c3ccc(O)cc3C2)I,45.08173508083772,894.5462347790876,False,True,True
CCCCC12CCC(=O)C(=C1c3ccc(O)cc3C2)Cl,8.628185657037278,83.04998586422401,False,False,False
CCCCC12CCC(=O)C(=C1c3ccc(O)cc3C2)C(F)(F)F,19.404326143203807,125.13636395861893,False,False,False
CCCCC12CCC(=O)C(=C1c3ccc(O)cc3C2)C#N,8.136801776665267,196.69660430422303,False,False,False
CCCCC12CCC(=O)C(=C1c3ccc(O)cc3C2)c4ccccc4,4.836700022797829,68.05828628084603,False,False,False
CCCCC12CCC(=O)C(=C1c3ccc(O)cc3C2)c4cccs4,7.347656094780858,87.90508957094178,False,False,False
CCCCC12CCC(=O)C(=C1c3ccc(O)cc3C2)c4occc4,3.959106380954758,94.67777329517983,False,False,False
CCCCC1=C2c3ccc(O)cc3CC2(CCCC)CCC1=O,8.675469865173458,66.26913216971877,False,False,False
CCCCC12CCC(=O)C(=C1c3ccc(O)cc3C2)CCC,7.8538019326069355,62.26770108287526,False,False,False
CCCCC12CCC(=O)C(=C1c3ccc(O)cc3C2)CC,7.457194432315147,58.66774822663247,False,False,False
CCCCC12CCC(=O)C(=C1c3ccc(O)cc3C2)Br,9.278881865214416,113.77078150075215,False,False,False
CCCC12CCC(=O)C(=C1c3ccc(O)cc3C2)Br,10.454963901827616,130.29759896626337,False,False,False
CCC12CCC(=O)C(=C1c3ccc(O)cc3C2)Br,9.165078751633489,113.9248971469371,False,False,False
CC12CCC(=O)C(=C1c3ccc(O)cc3C2)Br,10.27190343292748,119.64873477250538,False,False,False
CC1=C2c3ccc(O)cc3CC2(CCC1=O)c4ccccc4,4.355633478575037,75.10024625961958,False,False,False
CCCCC12CCC(=O)C(=C1c3ccc(O)cc3C2)C,7.141278085744647,55.772585849640485,False,False,False
CC(C)C12CCC(=O)C(=C1c3ccc(O)cc3C2)C,9.046796181743009,65.1105889941412,False,False,False
CCCC12CCC(=O)C(=C1c3ccc(O)cc3C2)C,8.737812214670887,71.3802300613999,False,False,False
CCC12CCC(=O)C(=C1c3ccc(O)cc3C2)C,6.565192353712412,58.1877268301354,False,False,False
CC1=C2c3ccc(O)cc3CC2(C)CCC1=O,7.080220973186814,65.69224975945818,False,False,False
CCCCCC12CCC(=O)C=C1c3ccc(O)cc3C2,9.859660995851877,69.8425687710128,False,False,False
CCCCC12CCC(=O)C=C1c3ccc(O)cc3C2,9.268493217419424,66.7245865156985,False,False,False
CCCC12CCC(=O)C=C1c3ccc(O)cc3C2,10.102133660048784,80.87163237542114,False,False,False
CC12CCC(=O)C=C1c3ccc(O)cc3C2,7.034921620555872,74.8996595934565,False,False,False
CCCCC12CCC(=O)C(=C1c3ccc4[nH]ncc4c3C2)Br,18.96609126342423,100.64021433345283,False,False,False
CC1=C2c3ccc4[nH]ncc4c3CC2(C)CCC1=O,20.21377518608398,35.172569762492884,False,False,False
CC[C@@]12CCC(=O)C(=C1c3ccc4[nH]ncc4c3C2)C,19.837545006969147,30.098307496494527,False,False,False
CCCCC12CCC(=O)C(=C1c3ccc4[nH]ncc4c3C2)C,19.665848540688113,31.371384760684084,False,False,False
CCC1=C2c3ccc4[nH]ncc4c3CC2(CC)CCC1=O,19.954254383735826,29.977823142830378,False,False,False
CCCC[C@@]12CCC(=O)C(=C1c3ccc4[nH]ncc4c3C2)CC,20.15751104685422,34.96316008161799,False,False,False
CC[C@@]12CCC(=O)C(=C1c3ccc4[nH]ncc4c3C2)Cl,23.073341428437004,61.3337983802166,False,False,False
CC12CCC(=O)C(=C1c3ccc4[nH]ncc4c3C2)Br,20.32481156111807,99.58502336109942,False,False,False
CC[C@@]12CCC(=O)C(=C1c3ccc4[nH]ncc4c3C2)Br,19.425909166433378,96.69806009886796,False,False,False
CCCC12CCC(=O)C(=C1c3ccc4[nH]ncc4c3C2)Br,19.466252441531037,114.33068257251718,False,False,False
BrC1=C2c3ccc4[nH]ncc4c3C[C@]2(CC5CC5)CCC1=O,47.793002274181,578.6550290881803,False,False,False
CCCCC12CCC(=O)C(=C1c3ccc4[nH]ncc4c3C2)C5CC5,41.4014999108717,474.5209258386005,False,False,False
CCCC[C@@]12CCC(=O)C(=C1c3ccc4[nH]ncc4c3C2)C(=O)OC,19.233288604235472,50.2109429508055,False,False,False
CC[C@@]12CCC(=O)C(=C1c3ccc4[nH]ncc4c3C2)C5CC5,39.72640977984679,474.0344303081048,False,False,False
CCCC12CCC(=O)C(=C1c3ccc4[nH]ncc4c3C2)C,20.591536945280122,44.23478030674453,False,False,False
C[C@@]12CCC(=O)C(=C1c3ccc4[nH]ncc4c3C2)C(F)(F)F,35.94397852273934,84.7612512280131,False,False,False
BrC1=C2c3ccc4[nH]ncc4c3C[C@]2(CCC5CC5)CCC1=O,47.66234855782956,567.9880071748208,False,False,False
CC[C@@]12CCC(=O)C(=C1c3ccc4[nH]ncc4c3C2)C(F)(F)F,33.66276119592593,77.64589824234511,False,False,False
CCCC[C@@]12CCC(=O)C(=C1c3ccc4[nH]ncc4c3C2)C(F)(F)F,32.84306122818495,77.37204906869295,False,False,False
CC[C@@]12CCC(=O)C(=C1c3ccc4[nH]ncc4c3C2)c5ccccc5,19.524584608699225,34.93472017522251,False,False,False
CCC12CCC(=O)C(=C1c3ccc4[nH]ncc4c3C2=O)C,21.505525133494373,60.95502545746126,False,False,False
CC[C@@]12CCC(=O)C(=C1c3ccc4[nH]ncc4c3C2=O)Cl,22.53838895539525,84.40225325456467,False,False,False
CCC12CCC(=O)C(=C1c3ccc4[nH]ncc4c3C2=O)Br,24.52140534629788,130.6360884137993,False,False,False
CC[C@@]12CCC(=O)C(=C1c3ccc4[nH]ncc4c3C2=O)C(F)(F)F,39.720637464713924,111.29943852934205,False,False,False
CCCC[C@@]12CCC(=O)C(=C1c3ccc4[nH]ncc4c3C2=O)C(F)(F)F,38.21706065130187,111.33373090086019,False,False,False
CCC12CCC(=O)C(=C1c3ccc4[nH]nc(Cl)c4c3C2)C,21.356914480447294,67.72440437571748,False,False,False
CCC12CCC(=O)C(=C1c3ccc4[nH]nc(Br)c4c3C2)C,19.310257627815535,144.0192296291188,False,False,False
CC[C@@]12CCC(=O)C(=C1c3ccc4[nH]nc(F)c4c3C2)Cl,23.045931285221037,93.60178714372734,False,False,False
CCC12CCC(=O)C(=C1c3ccc4[nH]nc(F)c4c3C2)Br,23.16652275192025,122.08014476669176,False,False,False
CC[C@@]12CCC(=O)C(=C1c3ccc4[nH]nc(F)c4c3C2)C(F)(F)F,50.096634431456856,106.26181748136119,False,False,False
CCCC[C@@]12CCC(=O)C(=C1c3ccc4[nH]nc(F)c4c3C2)CC,24.992711850444827,67.47493169445033,False,False,False
CCCC[C@@]12CCC(=O)C(=C1c3ccc4[nH]nc(F)c4c3C2)C(F)(F)F,48.103487305262234,104.67035603827819,False,False,False
CCC[C@@]12CCC(=O)C(=C1c3ccc(O)cc3C2)C,8.737812214670887,71.3802300613999,False,False,False
CC1=C2c3ccc(O)cc3C[C@@]24CC[C@H](C4)C1=O,19.51648557296504,275.9960372883024,False,False,False
CCC[C@@H]1C[C@@H]2C[C@]13Cc4cc(O)ccc4C3=C(C)C2=O,19.474313749307893,261.70368811386766,False,False,False
CC1=C2c3ccc(O)cc3C[C@@]24CCC[C@H](C4)C1=O,10.43967200503531,108.21037752872698,False,False,False
CC[C@@H]1CC[C@@H]2C[C@]13Cc4cc(O)ccc4C3=C(C)C2=O,11.113994266215006,102.27280953259853,False,False,False
CC[C@H]1CC[C@@H]2C[C@]13Cc4cc(O)ccc4C3=C(C)C2=O,11.113994266215006,102.27280953259853,False,False,False
CCC[C@@H]1CC[C@@H]2C[C@]13Cc4cc(O)ccc4C3=C(C)C2=O,10.804637772396736,84.76301650662309,False,False,False
CCC[C@H]1CC[C@@H]2C[C@]13Cc4cc(O)ccc4C3=C(C)C2=O,10.804637772396736,84.76301650662309,False,False,False
CC[C@@]12CCC(=O)C(=C1c3ccc(O)cc3C2)C,6.565192353712412,58.1877268301354,False,False,False
CC1=C2c3ccc(O)cc3CC2(Cc4ccccc4)CCC1=O,3.8481944524131304,72.63204009685677,False,False,False
CC1=C2c3ccc(O)cc3CC2(Cc4ccc(Cl)cc4)CCC1=O,6.3217103072321805,111.2659235243706,False,False,False
CC1=C2c3ccc4[nH]ncc4c3CC2(Cc5ccccc5F)CCC1=O,20.273296343507102,69.56713625666251,False,False,False
O=C1CCC2(Cc3ccccc3)Cc4c(ccc5[nH]ncc45)C2=C1c6ccc(OCCN7CCCCC7)cc6,26.377291639268172,73.9249159388452,False,False,False
Oc1ccc2C3=C(C(=O)CCC3(Cc4ccccc4)Cc2c1)c5ccc(OCCN6CCCCC6)cc5,9.895044309562225,83.06005206334414,False,False,False
Oc1ccc(cc1)C2=C3c4ccc(O)cc4CC3(Cc5ccccc5)CCC2=O,5.567111535388363,103.29179817592728,False,False,False
CCCCC1=C2c3ccc(O)cc3CC2(Cc4ccccc4)CCC1=O,5.054940942186574,71.17024719148895,False,False,False
Oc1ccc2C3=C(C(=O)CCC3(Cc4ccccc4)Cc2c1)c5ccc(OCCN6CCOCC6)cc5,6.538081426949946,90.58880274517338,False,False,False
CN(C)CCOc1ccc(cc1)C2=C3c4ccc(O)cc4CC3(Cc5ccccc5)CCC2=O,8.06115600133053,74.67040685242233,False,False,False
Oc1ccc2C3=C(C(=O)CCC3(Cc4ccc(Cl)cc4)Cc2c1)c5ccc(OCCN6CCCCC6)cc5,10.42935119649933,135.8843234577997,False,False,False
O=C1CCC2(Cc3ccccc3)Cc4c(ccc5[nH]ncc45)C2=C1,23.192060017744314,55.63336438510798,False,False,False
CC1=C2c3ccc4[nH]ncc4c3CC2(Cc5ccccc5)CCC1=O,19.119046880385955,36.66035719078906,False,False,False
CC1=C2c3ccc4[nH]ncc4c3CC2(Cc5cccc(F)c5)CCC1=O,19.17343360430639,55.47248679181185,False,False,False
CC1=C2c3ccc4[nH]ncc4c3CC2(Cc5ccc(F)cc5)CCC1=O,19.08937460204636,46.491474908135,False,False,False
CC1=C2c3ccc4[nH]nnc4c3CC2(Cc5ccccc5)CCC1=O,20.418380683535155,43.09898504097299,False,False,False
CC1=C2c3ccc4[nH]ncc4c3CC2(Cc5ccc6ccccc6c5)CCC1=O,21.3472238146439,56.768475909820886,False,False,False
CC1=C2c3ccc4[nH]nnc4c3CC2(Cc5ccc(F)cc5)CCC1=O,21.293373119014134,52.97158463011618,False,False,False
CCCCC12CCC(=O)C(=C1c3ccc4[nH]nnc4c3C2)Br,19.79560426042297,98.23959190552651,False,False,False
CCCC[C@@]12CCC(=O)C(=C1c3ccc4[nH]nnc4c3C2)c5cccs5,22.356287623009777,63.821371153873734,False,False,False
CCCCC12CCC(=O)C(=C1c3ccc4[nH]nnc4c3C2)c5occc5,20.773762514598374,68.1148926531267,False,False,False
CCCC[C@@]12CCC(=O)C(=C1c3ccc4[nH]nnc4c3C2)C(F)(F)F,35.189863629842264,88.49032456833503,False,False,False
CCCC[C@@]12CCC(=O)C(=C1c3ccc4[nH]nnc4c3C2)Br,19.79560426042297,98.23959190552651,False,False,False
CCCCC12CCC(=O)C(=C1c3ccc4[nH]nnc4c3C2)CCC,22.229704465997987,43.691397940618785,False,False,False
CCCC[C@@]12CCC(=O)C(=C1c3ccc4[nH]nnc4c3C2)CC,21.8755077782818,39.050766845888134,False,False,False
CCCC[C@]12CCC(=O)C(=C1c3ccc4[nH]nnc4c3C2)CC,21.8755077782818,39.050766845888134,False,False,False
CCCCC12CCC(=O)C(=C1c3ccc4[nH]nnc4c3C2)C,21.388607161091638,35.58278213890816,False,False,False
CCCC12CCC(=O)C(=C1c3ccc4[nH]nnc4c3C2)Br,20.876206451927324,111.26994416243616,False,False,False
CCCC1=C2c3ccc4[nH]nnc4c3CC2(CCC)CCC1=O,22.008468805002533,38.71471968339262,False,False,False
CCCC12CCC(=O)C(=C1c3ccc4[nH]nnc4c3C2)CC,23.165216783519384,50.25220697435839,False,False,False
CCCC12CCC(=O)C(=C1c3ccc4[nH]nnc4c3C2)C,22.9888545183531,48.299172909332555,False,False,False
CC[C@@]12CCC(=O)C(=C1c3ccc4[nH]nnc4c3C2)C(F)(F)F,36.265479377449225,90.8333956326929,False,False,False
CCC12CCC(=O)C(=C1c3ccc4[nH]nnc4c3C2)Br,20.556093952850492,93.70074350722258,False,False,False
CCC12CCC(=O)C(=C1c3ccc4[nH]nnc4c3C2)c5ccc(O)cc5,17.904952012512112,72.81886241387203,False,False,False
CCCCC1=C2c3ccc4[nH]nnc4c3CC2(CC)CCC1=O,21.499960101443705,39.974919935122294,False,False,False
CCCC1=C2c3ccc4[nH]nnc4c3CC2(CC)CCC1=O,21.880259993980896,35.3873006477869,False,False,False
CCC1=C2c3ccc4[nH]nnc4c3C[C@]2(CC)CCC1=O,21.683270484271507,35.080402526156206,False,False,False
CCC1=C2c3ccc4[nH]nnc4c3CC2(CC)CCC1=O,21.683270484271507,35.080402526156206,False,False,False
CCC12CCC(=O)C(=C1c3ccc4[nH]nnc4c3C2)C,21.580783855730104,35.30850047434585,False,False,False
Oc1ccc(cc1)[C@@H]2CC(=O)c3c(O)cc(O)c(Cc4ccccc4)c3O2,12.273012070983649,86.78714848715788,False,False,False
CC(C)(C)Cc1c(O)cc(O)c2C(=O)C[C@H](Oc12)c3ccc(O)cc3,13.422738484779352,173.45903824247267,False,False,False
CC(C)Cc1c(O)cc(O)c2C(=O)C[C@H](Oc12)c3ccc(O)cc3,8.91466088875141,89.26433026056105,False,False,False
CC(C)CCc1c(O)cc(O)c2C(=O)C[C@H](Oc12)c3ccc(O)cc3,9.277011868720503,92.41845060392671,False,False,False
CCCCCCCCCCCc1c(O)cc(O)c2C(=O)C[C@H](Oc12)c3ccc(O)cc3,16.938264723141327,143.36519931725175,False,False,False
CCCCCCCCCc1c(O)cc(O)c2C(=O)C[C@H](Oc12)c3ccc(O)cc3,13.739097933024293,113.80833122305773,False,False,False
CCCCCCCc1c(O)cc(O)c2C(=O)C[C@H](Oc12)c3ccc(O)cc3,11.519089891929495,97.14897502777225,False,False,False
CCCCCc1c(O)cc(O)c2C(=O)C[C@H](Oc12)c3ccc(O)cc3,10.728263134660917,85.96069308019185,False,False,False
CCCc1c(O)cc(O)c2C(=O)C[C@H](Oc12)c3ccc(O)cc3,10.80769528778909,80.66406334773318,False,False,False
Cc1c(O)cc(O)c2C(=O)C[C@H](Oc12)c3ccc(O)cc3,12.162050049531214,88.14008288976989,False,False,False
Oc1ccc(cc1)[C@@H]2CC(=O)c3c(O)cc(O)cc3O2,14.957340914178989,88.21230720902298,False,False,False
CC(=CCc1c(O)cc(O)c2C(=O)CC(Oc12)c3ccc(O)cc3)C,14.342035359545555,118.26294204662817,False,False,False
CN(C)CCOc1ccc(cc1)c2c(nn3c(cc(nc23)C(F)(F)F)C(F)(F)F)c4ccc(O)cc4,63.84879090687224,249.26518482302507,False,False,False
Oc1ccc(cc1)c2nn3c(cc(nc3c2c4ccc(OCCN5CCCCC5)cc4)C(F)(F)F)C(F)(F)F,58.5227016802967,255.65861995061735,False,False,False
Oc1ccc(cc1)c2nn3c(cc(nc3c2c4ccc(O)cc4)C(F)(F)F)C(F)(F)F,64.25635147950867,358.53675587490073,False,False,False
Oc1ccc(c(O)c1)c2n[nH]c3cc(O)ccc23,18.23167912553616,118.03938881567387,False,False,False
CC(C)n1nc(c2ccc(O)cc2C)c3cccc(c13)C(F)(F)F,20.28107701340263,125.33514181310551,False,False,False
Cc1cc(O)ccc1c2nn(CC=C)c3c(cccc23)C(F)(F)F,21.265403064314214,416.17167712507415,False,False,False
Oc1ccc(c(O)c1)c2nn(CC=C)c3c(cccc23)C(F)(F)F,18.713002911890964,467.95474611923146,False,False,False
Oc1ccc(cc1)c2nn(C3CCCC3)c4c(F)cccc24,11.975513110655719,140.3891320558021,False,False,False
Oc1ccc(cc1)c2nn(C3CCCC3)c4c(Cl)cccc24,14.898401009479631,123.53500094254692,False,False,False
Oc1ccc(cc1)c2nn(C3CCCCC3)c4c(Cl)cccc24,9.555657252271875,125.11872749191112,False,False,False
CCCn1nc(c2ccc(O)cc2)c3cccc(Cl)c13,10.620226159028478,90.9969597282549,False,False,False
CC(C)n1nc(c2ccc(O)cc2)c3cccc(c13)C(F)(F)F,16.95720655285278,129.8766021806696,False,False,False
CCCn1nc(c2ccc(O)cc2)c3cccc(C)c13,7.530337768281684,65.07275415498067,False,False,False
CCCCn1nc(c2ccc(O)cc2)c3cccc(Cl)c13,9.922181889600177,96.03636837988003,False,False,False
OCCn1nc(c2ccc(O)cc2)c3cccc(Cl)c13,14.892900955495122,100.44408151894362,False,False,False
OCCn1nc(c2ccc(O)cc2)c3cccc(c13)C(F)(F)F,13.773640825065897,197.61175089575957,False,False,False
Oc1ccc(cc1)c2nn(Cc3ccccc3)c4c(cccc24)C(F)(F)F,12.833198998238691,137.20455399160898,False,False,False
Oc1ccc(cc1)c2nn(Cc3ccccc3)c4c(Cl)cccc24,11.032691009564859,81.36086113954732,False,False,False
Oc1ccc(c(O)c1)c2nn(c3cc(F)ccc3F)c4cc(O)ccc24,14.894440893191813,121.38287341242483,False,False,False
Oc1ccc(c(O)c1)c2nn(c3cc(Cl)ccc3Cl)c4cc(O)ccc24,16.216181446478938,157.58283230323303,False,False,False
Oc1ccc(c(O)c1)c2nn(c3cccc(Cl)c3)c4cc(O)ccc24,12.179037235357221,98.99177442987968,False,False,False
Oc1ccc(c(O)c1)c2nn(c3cccc(F)c3)c4cc(O)ccc24,11.008818793502105,93.46999258375016,False,False,False
Cc1ccc(cc1)n2nc(c3ccc(O)cc3O)c4ccc(O)cc24,7.968332754901844,73.01427117818132,False,False,False
Oc1ccc(c(O)c1)c2nn(C3CCCCC3)c4cc(O)ccc24,6.423230357990815,109.98025886072108,False,False,False
CCCCn1nc(c2ccc(O)cc2O)c3ccc(O)cc13,8.195453012128871,101.1926264441571,False,False,False
CCCn1nc(c2ccc(O)cc2O)c3ccc(O)cc13,8.714079805862427,97.60351730055183,False,False,False
Oc1ccc(c(O)c1)c2nn(CC(F)(F)F)c3cc(O)ccc23,21.12331757312118,253.94111051854472,False,False,False
CCn1nc(c2ccc(O)cc2O)c3ccc(O)cc13,9.305573514019997,94.58014483525201,False,False,False
Cn1nc(c2ccc(O)cc2O)c3ccc(O)cc13,8.069874030356067,91.11640390422096,False,False,False
Oc1ccc2c(Oc3ccc(OCCN4CCCCC4)cc3)c(sc2c1)c5ccc(NCCCl)cc5,24.662631961655837,192.04141169192187,False,False,False
Oc1ccc2c(Oc3ccc(OCCN4CCCCC4)cc3)c(sc2c1)c5ccc(NC(=O)CCl)cc5,28.748486544780718,199.22254557162063,False,False,False
Nc1ccc(cc1)c2sc3cc(O)ccc3c2Oc4ccc(OCCN5CCCCC5)cc4,18.48096283981499,184.28091900365519,False,False,False
CS(=O)(=O)c1ccc(cc1)c2sc3cc(O)ccc3c2Oc4ccc(OCCN5CCCCC5)cc4,12.828878045453015,105.6493768241427,False,False,False
Oc1ccc2c(Oc3ccc(OCCN4CCCCC4)cc3)c(sc2c1)c5ccccc5,9.038487056338916,52.44586617188459,False,False,False
Oc1ccc2c(Oc3ccc(OCCN4CCCCC4)cc3)c(sc2c1)c5ccc(Br)cc5,23.56731344641638,237.5123750364145,False,False,False
Oc1ccc2c(Oc3ccc(OCCN4CCCCC4)cc3)c(sc2c1)c5ccc(F)cc5,10.974814453362395,65.83833368056519,False,False,False
Oc1ccc(cc1)c2sc3cc(O)ccc3c2Oc4ccc(OCCN5CCCCC5)cc4,9.429428329121448,48.32696552347488,False,False,False
COc1ccc(cc1)c2sc3cc(O)ccc3c2Oc4ccc(OCCN5CCCCC5)cc4,9.224457466268255,57.273065340546374,False,False,False
CC(C)CCC[C@@H](C)CCC[C@@H](C)CCC[C@@H]1Cc2cc(O)ccc2[C@H]3CC[C@]4(C)[C@@H](O)CC[C@H]4[C@H]13,25.003139602749677,212.67101232712702,False,False,False
Oc1ccc(cc1)N2C(=O)c3cc(O)cc(Br)c3C2=O,21.920302645142954,149.60894769397964,False,False,False
Oc1ccc(N2C(=O)c3ccc(O)cc3C2=O)c(F)c1,23.27526105213722,113.29475852491368,False,False,False
Cc1cc(O)ccc1N2C(=O)c3ccc(O)cc3C2=O,12.110346364636747,81.8856180873111,False,False,False
Oc1ccc2C(=O)N(C(=O)c2c1)c3ccc(O)cc3[N+](=O)[O-],26.64511553671945,462.7236712357947,False,False,False
Oc1ccc2C(=O)N(C(=O)c2c1)c3ccc(O)c4ccccc34,10.215284380386025,77.84347896928371,False,False,False
Oc1ccc2C(=O)N(C(=O)c2c1)c3cccc4c(O)cccc34,10.180908568515777,78.00535034802199,False,False,False
COc1ccc(N2C(=O)c3ccc(O)cc3C2=O)c(OC)c1,8.150330033876042,81.82627163889791,False,False,False
COc1ccc(cc1)N2C(=O)c3ccc(O)cc3C2=O,7.328326181182668,72.7150485584148,False,False,False
Oc1ccc2C(=O)N(C(=O)c2c1)c3ccccc3,7.455705990303013,84.4385770197947,False,False,False
Oc1cccc(c1)N2C(=O)c3ccc(O)cc3C2=O,9.842465025328888,88.18295319126392,False,False,False
Oc1ccc(cc1)N2C(=O)c3ccc(O)cc3C2=O,10.36054532943608,91.38685395948997,False,False,False
O\N=C\c1ccc(c2ccc(O)cc2)c3ccccc13,10.51051721936631,79.10443526344619,False,False,False
O\N=C\c1c(Cl)cc(cc1Cl)c2ccc(O)c(F)c2,18.566739691023464,219.8587400815427,False,False,False
Cc1c(\C=N\O)c2ccccc2n1c3ccc(O)c(F)c3,7.754703009646299,203.3606784143412,False,False,False
Cc1c(\C=N\O)c2ccccc2n1c3ccc(O)cc3,6.878512227635902,133.32351897123453,False,False,False
O\N=C\c1cn(c2ccc(O)cc2)c3ccccc13,7.997383903483387,141.85292411193885,False,False,False
O\N=C\c1ccc(c2ccc(O)cc2)c3occc13,11.20268783049778,104.67008332885281,False,False,False
O\N=C\c1ccc(c2ccc(O)cc2)c3ccoc13,9.468485037202964,112.16690387892848,False,False,False
O\N=C\c1ccc(c2ccc(O)cc2)c3sccc13,11.636028777963855,99.55382178727889,False,False,False
O\N=C\c1ccc(c2ccc(O)cc2)c3ccsc13,12.780230762804347,97.31992106631009,False,False,False
O\N=C\c1ccc(c2ccc(O)c(F)c2)c3ccccc13,14.931891027841019,122.20286991902547,False,False,False
CS(=O)(=O)N1CC(Cc2ccc(O)cc12)c3ccc(O)cc3,6.722797762369614,121.06574448500416,False,False,False
Oc1ccc(cc1)C2CN(CC3CC3)c4cc(O)ccc4C2,25.849734506606087,559.878625120062,False,False,False
CCCN1CC(Cc2ccc(O)cc12)c3ccc(O)cc3,4.509511526381199,31.474078528823636,False,False,False
CCN1CC(Cc2ccc(O)cc12)c3ccc(O)cc3,4.058482996718165,35.3016187283136,False,False,False
CN1CC(Cc2ccc(O)cc12)c3ccc(O)cc3,4.0468503965882405,41.68217478733875,False,False,False
COc1ccccc1[C@H](c2cccc3ccccc23)[C@@](C)(C#N)C(=O)N4CCC(CC4)c5cccc(c5)C(F)(F)F,40.317933840087285,231.80886963306995,False,False,False
COc1cc(ccc1O)C2Nc3ccccc3C(=O)N2Cc4ccccc4,4.13995422783856,82.48789126607444,False,False,False
COC(=O)C1=C(N)Oc2cc(O)ccc2C1c3ccc(OCc4ccc(C)cc4)cc3,9.025802544112496,263.5941200347814,False,False,False
COC(=O)C1=C(N)Oc2cc(O)ccc2C1c3ccc(OCc4ccccc4F)cc3,10.775338643460247,273.7315656493327,False,False,False
OC(=O)CCc1cc(Br)c(OCc2cccc(Br)c2)c(Br)c1,44.841582499875365,932.4382738274834,False,True,True
CC(CCc1ccccc1)NC(=O)Cc2c([nH]c3ccccc23)c4ccccc4,18.040040508800757,84.7035703730061,False,False,False
C[C@H](CCc1ccc(O)cc1)NC(=O)Cc2c([nH]c3ccccc23)c4ccccc4,16.7159952986603,86.37818219859814,False,False,False
C[C@@H](CCc1ccc(O)cc1)NC(=O)Cc2c([nH]c3ccccc23)c4ccccc4,16.7159952986603,86.37818219859814,False,False,False
CC(CCc1ccc(O)cc1)NC(=O)Cc2c([nH]c3ccccc23)c4ccccc4,16.7159952986603,86.37818219859814,False,False,False
C[C@H](CCc1ccc(O)cc1)NC(=O)Cc2c([nH]c3ccc(OCCCCN4CCCCC4)cc23)c5ccccc5,18.82653210856104,89.05350280416435,False,False,False
C[C@H](CCc1ccc(O)cc1)NC(=O)Cc2c([nH]c3ccc(OCCCN4CCCCC4)cc23)c5ccccc5,17.13038947158307,91.84540012000838,False,False,False
C[C@H](CCc1ccc(O)cc1)NC(=O)Cc2c([nH]c3ccc(OCCN4CCCCC4)cc23)c5ccccc5,15.475580305565465,85.68477987022646,False,False,False
C[C@H](CCc1ccc(O)cc1)NC(=O)Cc2c([nH]c3cccc(OCCN4CCCCC4)c23)c5ccccc5,14.962194053506325,89.45651779757378,False,False,False
C[C@H](NC(=O)Cc1c([nH]c2ccccc12)c3ccccc3)c4c(C)c5cc(O)ccc5n4Cc6ccc(OCCN7CCCCC7)cc6,28.27405172840959,145.65985857455354,False,False,False
C[C@H](NC(=O)Cc1c([nH]c2ccccc12)c3ccccc3)c4c(C)c5cc(O)ccc5n4Cc6ccc(OCCN7CC[C@H](C)C7)cc6,29.19373572200105,174.14328789349298,False,False,False
C[C@H](CCc1ccc(O)cc1)NC(=O)Cc2c(c3ccccc3)n(Cc4ccc(OCCCCN5CCCCC5)cc4)c6ccccc26,19.036544533243333,95.48085550177831,False,False,False
C[C@H](CCc1ccc(O)cc1)NC(=O)Cc2c(c3ccccc3)n(Cc4ccc(OCCCN5CCCCC5)cc4)c6ccccc26,18.193720356156067,92.05726962915739,False,False,False
C[C@H](CCc1ccc(O)cc1)NC(=O)Cc2c(c3ccccc3)n(C(=O)c4ccc(OCCN5CCCCC5)cc4)c6ccccc26,16.346251209531747,97.26887037537017,False,False,False
C[C@H](CCc1ccc(O)cc1)NC(=O)Cc2c(c3ccccc3)n(Cc4ccc(OCCN5CCCCC5)cc4)c6ccccc26,16.186479405343633,90.32266182334652,False,False,False
C[C@H](CCc1ccc(O)cc1)NC(=O)Cc2c([nH]c3c(OCCCCCN4CCCCC4)cccc23)c5ccccc5,19.474186280786466,101.80202434322902,False,False,False
C[C@H](CCc1ccc(O)cc1)NC(=O)Cc2c([nH]c3c(OCCCCN4CCCCC4)cccc23)c5ccccc5,17.06794747431103,92.30867827453906,False,False,False
C[C@H](CCc1ccc(O)cc1)NC(=O)Cc2c([nH]c3c(OCCCN4CCCCC4)cccc23)c5ccccc5,16.802492751458292,89.56352267999699,False,False,False
C[C@H](CCc1ccc(O)cc1)NC(=O)Cc2c([nH]c3c(OCCN4CCCCC4)cccc23)c5ccccc5,15.084385105873645,83.70608017934634,False,False,False
C[C@H](CCc1ccc(O)cc1)NC(=O)Cc2c([nH]c3cc(OCCCN4CCCC4)ccc23)c5ccccc5,15.496166547852512,105.74284295906642,False,False,False
C[C@H](CCc1ccc(O)cc1)NC(=O)Cc2c([nH]c3cc(OCCN4CCCC4)ccc23)c5ccccc5,14.020586393809376,99.06984110491358,False,False,False
C[C@H](CCc1ccc(O)cc1)NC(=O)Cc2c([nH]c3cc(OCCCCN4CCCCC4)ccc23)c5ccccc5,17.240197209664714,95.74837516719978,False,False,False
C[C@H](CCc1ccc(O)cc1)NC(=O)Cc2c([nH]c3cc(OCCCN4CCCCC4)ccc23)c5ccccc5,16.416672963870518,94.78771389139085,False,False,False
C[C@H](CCc1ccc(O)cc1)NC(=O)Cc2c([nH]c3cc(OCCN4CCCCC4)ccc23)c5ccccc5,14.826517360293769,88.90134540937407,False,False,False
C[C@H](CCc1ccc(O)cc1)NC(=O)Cc2c([nH]c3ccc(OCCCCCN4CCCCC4)cc23)c5ccccc5,20.45434832541103,103.82307623675072,False,False,False
C[C@]12CC[C@H]3[C@@H](CC=C4C[C@@H](O)CC[C@]34C=C)[C@@H]1CC[C@@H]2O,33.346509740950694,184.96284004725462,False,False,False
C[C@]12CC[C@H]3[C@@H](CC=C4[C@H]5CC[C@@]34CC[C@H]5O)[C@@H]1CC[C@@H]2O,63.45490750455921,275.25140898290374,False,False,False
C[C@]12CC[C@H]3[C@@H](CC=C4[C@H]5CC[C@@]34CC[C@@H]5O)[C@@H]1CC[C@@H]2O,63.45490750455921,275.25140898290374,False,False,False
C[C@]12CC[C@H]3[C@@H](CC[C@H]4[C@H]5CCC[C@@]34CC[C@@H]5O)[C@@H]1CC[C@@H]2O,35.91949962575067,260.4250288301013,False,False,False
C[C@]12CC[C@H]3[C@@H](CC=C4[C@H]5CC=C[C@@]34CC[C@@H]5O)[C@@H]1CC[C@@H]2O,33.19046598466334,136.88500299808504,False,False,False
C\C=C/[C@]12CC[C@H](O)CC1=CC[C@H]3[C@@H]4CC[C@H](O)[C@@]4(C)CC[C@H]23,28.03770808164164,93.59073429884464,False,False,False
CC[C@]12CC[C@H](O)CC1=CC[C@H]3[C@@H]4CC[C@H](O)[C@@]4(C)CC[C@H]23,28.69593021303913,92.24713796808676,False,False,False
CC1=CC2=CC[C@H]3[C@@H]4CC[C@H](O)[C@@]4(C)CC[C@@H]3[C@@]2(C)CC1,32.48258299996982,102.85330616382647,False,False,False
C[C@]12CC[C@H]3[C@@H](CCC4=CC(=C)CC[C@]34C)[C@@H]1CC[C@@H]2O,37.86072033677177,209.73453210973037,False,False,False
C[C@]12CC[C@H]3[C@@H](CC=C4C[C@@H](O)CC[C@]34C=C)[C@@H]1CC[C@@]2(O)C#C,118.02736250799454,221.2475970051497,True,False,True
C[C@]1(O)CC[C@H]2[C@@H]3CC=C4C[C@@H](O)CC[C@]4(C=C)[C@H]3CC[C@]12C,50.23571495278845,243.63917720866647,False,False,False
CC1=CC2=CC[C@H]3[C@@H]4CC[C@@](O)(C#C)[C@@]4(C)CC[C@@H]3[C@]2(CC1)C=C,116.42451796866845,241.94945027845478,True,False,True
CC1=CC2=CC[C@H]3[C@@H]4CC[C@](C)(O)[C@@]4(C)CC[C@@H]3[C@]2(CC1)C=C,55.77937922912326,257.56006781499065,False,False,False
C[C@]12CC[C@H]3[C@@H](CC=C4C=C(Cl)CC[C@]34C=C)[C@@H]1CC[C@@H]2O,40.26273956923759,303.82772608635526,False,False,False
CCC1=CC2=CC[C@H]3[C@@H]4CC[C@H](O)[C@@]4(C)CC[C@@H]3[C@]2(CC1)C=C,38.76469500412835,197.5931545746608,False,False,False
CC1=CC2=CC[C@H]3[C@@H]4CC[C@H](O)[C@@]4(C)CC[C@@H]3[C@]2(CC1)C=C,38.13757999838879,194.1321661144246,False,False,False
C[C@]1(O)CC[C@]2(C=C)[C@H]3CC[C@]4(C)[C@@H](O)CC[C@H]4[C@@H]3CC=C2C1,38.68211559740903,189.42515947139054,False,False,False
COC[C@@]1(CC[C@H]2[C@@H]3CCC4=CC(=O)CCC4=C3[C@H](C[C@]12C)c5ccc(\C=N\O)cc5)OC,24.194821187548857,213.9604743465827,False,False,False
Cc1c(O)c(C)c2OC=C(C(=O)c2c1O)c3ccc(O)cc3,9.711478326327866,87.13784647400337,False,False,False
Cc1c(nn(c2ccc(O)cc2)c1c3ccc(CCCN4CCCCC4)cc3)c5ccc(O)cc5,8.801366515866178,73.23288480679307,False,False,False
Cc1c(nn(c2ccc(O)cc2)c1c3ccc(\C=C\C(=O)N4CCCCC4)cc3)c5ccc(O)cc5,13.876811022790118,91.93064559748876,False,False,False
Cc1c(nn(c2ccc(O)cc2)c1c3ccc(OCCN4CCCCC4)cc3)c5ccc(O)cc5,7.789617189938424,67.01790789241258,False,False,False
O\N=C\c1ccc(cc1F)c2ccc(O)cc2,18.48659038535976,192.04181509619116,False,False,False
CC(C)CNc1cc(\C=C\c2ccccc2)nc(NCC(C)C)n1,21.645238729632133,159.71191900568067,False,False,False
CC(C)CCc1cc(NCC(C)C)nc(OCC(C)C)n1,27.05790186376974,164.20094131520898,False,False,False
CC(C)CNc1nc(CCc2ccccc2)cc(n1)N(C)CC(C)C,17.99945517708954,114.78462579862546,False,False,False
CC(C)CNc1nc(CCc2cccc3ccccc23)cc(n1)N(C)CC(C)C,17.111395245199844,134.3116136672749,False,False,False
CC(C)CCc1cc(NCC(C)C)nc(n1)N(C)CC(C)C,31.124731639944358,213.95272448013932,False,False,False
CC(C)CNc1cc(NCc2ccccc2)nc(NCC(C)C)n1,14.977580796786173,190.70346031357866,False,False,False
CC(C)CNc1cc(NCC(C)C)nc(NCC(C)C)n1,24.16313929392586,265.20737197978553,False,False,False
CC(C)CCc1cc(NCc2cccc3ccccc23)nc(NCC(C)C)n1,13.992959963767056,129.69208620789655,False,False,False
CC(C)CCc1cc(NCc2ccccc2)nc(NCC(C)C)n1,15.39877628796414,114.0462292373359,False,False,False
CC(C)CCc1cc(NCC(C)C)nc(NCc2cccc3ccccc23)n1,14.030279269566156,130.09338724680086,False,False,False
CC(C)CCc1cc(NCC(C)C)nc(NCc2ccccc2)n1,15.261148138626536,115.10472850332306,False,False,False
CCc1cc(NCC(C)C)nc(NCC(C)C)n1,21.124664686894445,146.1330813053013,False,False,False
CC(C)CNc1cc(CCc2cccc3ccccc23)nc(NCC(C)C)n1,13.396739198827936,128.33300900847271,False,False,False
CC(C)CCc1cc(NCc2ccccc2)nc(NCc3ccccc3)n1,12.534904767991366,111.24348094327594,False,False,False
CC(C)CCc1cc(NCC(C)C)nc(NCC(C)C)n1,25.913445690579735,184.50253511117916,False,False,False
CCCCc1cc(NCCC)nc(NCCC)n1,23.020019483450415,138.89317127498623,False,False,False
CC(C)CNc1nc(CCc2ccccc2)cc(NCc3ccccc3)n1,11.962806778577999,107.89254792045838,False,False,False
CC(C)CNc1cc(CCc2ccccc2)nc(NCc3ccccc3)n1,12.049766183089675,108.40838051004775,False,False,False
CC(C)CNc1nc(NCc2ccccc2)cc(\C=C\c3ccccc3)n1,18.69538718956902,146.4851124556761,False,False,False
CC(C)CNc1cc(\C=C\c2ccccc2)nc(NCc3ccccc3)n1,18.593604610584553,145.58916364907986,False,False,False
CC(C)CNc1cc(CCc2ccccc2)nc(NCC(C)C)n1,15.1870949854917,112.35318019825405,False,False,False
NC(=N)N\N=C\C1=C(Cl)c2ccccc2CC1,63.85035606182451,760.2464580124692,False,False,False
CC#C[C@]1(O)CC[C@H]2[C@@H]3CCC4=CC(=O)CCC4=C3[C@H](C[C@]12C)c5ccc(cc5)N(C)C,43.62718443499437,455.2458820843579,False,False,False
CC(C)OC(=O)C1=CN(CC(C)(C)c2c1[nH]c3ccccc23)C(=O)c4ccc(F)c(F)c4,15.918104307416467,203.67360024751662,False,False,False
C(CN1CCC1)Oc2ccc(cc2)C3=C(CCOc4ccccc34)c5ccccc5,10.500569123626452,405.94857311502267,False,False,False
Oc1ccc(cc1)C2=C(c3ccc(OCCN4CCC4)cc3)c5ccccc5OCC2,9.67554009200829,350.78910304689737,False,False,False
COc1ccc2C(=C(CCOc2c1)c3ccc(O)cc3)c4ccc(OCCN5CCC5)cc4,12.163808843169138,348.8722579623775,False,False,False
COc1ccc2C(=C(CCOc2c1)c3ccc(O)cc3)c4ccc(OCCN5CCCC5)cc4,11.29296774065636,61.31558650156784,False,False,False
Oc1ccc(cc1)C2=C(c3ccc(OCCN4CCCC4)cc3)c5ccc(O)cc5OCC2,8.43956097303457,60.44133745853495,False,False,False
Fc1ccc2C(=C(CCOc2c1)c3ccccc3)c4ccc(OCCN5CCCC5)cc4,8.915904371909765,122.16720572546924,False,False,False
Oc1ccc(cc1)C2=C(c3ccc(OCCN4CCCC4)cc3)c5ccc(F)cc5OCC2,11.90367382124428,75.446073755214,False,False,False
Oc1cccc(c1)C2=C(c3ccc(OCCN4CCCC4)cc3)c5ccc(F)cc5OCC2,9.8147878396298,78.13343041368677,False,False,False
Fc1ccc(cc1)C2=C(c3ccc(OCCN4CCCC4)cc3)c5ccc(F)cc5OCC2,10.427674125807421,125.90232616132434,False,False,False
Oc1ccc(cc1)C2=C(c3ccc(OCCN4CCCCC4)cc3)c5ccc(F)cc5OCC2,10.496893963953571,70.52885962159263,False,False,False
Oc1ccc(cc1)C2=C(CCOc3cc(F)ccc23)c4ccc(OCCN5CCCC5)cc4,12.247210547267542,78.72149876524716,False,False,False
C\C(=C(\Cl)/c1ccccc1)\C=N\NC(=N)N,67.01106899699684,724.7130407981422,False,False,False
NC(=N)N\N=C\C1=C(Cl)c2ccccc2CCC1,73.94208461822147,754.0888810940886,False,False,False
COc1cc2oc(cc2cc1O)c3ccc(O)cc3O,7.915532593506709,67.79229594944366,False,False,False
COc1cc(O)c2c(C=O)c(oc2c1)c3ccc(O)cc3O,12.648359242375113,135.52843544510628,False,False,False
CC(=CCc1c(O)c(CC(O)C(=C)C)c(O)c2C(=O)C(=COc12)c3ccc(O)c(O)c3)C,38.5663518998685,425.62542709718014,False,False,False
CC(=CCc1c(O)c2C(=O)C(=COc2c3CC(Oc13)C(C)(C)O)c4ccc(O)c(O)c4)C,33.619738769994804,156.22256117996562,False,False,False
CC(=CCc1c(O)c(CC(O)C(=C)C)c2OC=C(C(=O)c2c1O)c3ccc(O)c(O)c3)C,40.227608202288955,426.29209784391594,False,False,False
CC[C@@]12C[C@H](O)[C@@](O)(C[C@H]1CCc3cc(O)ccc23)c4ccccc4,20.348811081511045,88.85054404494822,False,False,False
CC[C@@]12CC[C@@](O)(C[C@H]1CCc3cc(OCc4ccncc4)ccc23)C#CC,29.543036673758557,369.233263823356,False,False,False
CC[C@@]12CC[C@@](O)(C[C@H]1CCc3cc(O)ccc23)C#CC,27.456547219035397,365.70204867011375,False,False,False
CC#C[C@@]1(O)CC[C@]2(CC=C)[C@H](CCc3cc(O)ccc23)C1,42.36144512573052,492.94478775261103,False,False,False
Oc1ccc2C(=C(Cc3ccccc3)C(=O)Oc2c1)C(F)(F)F,15.552783622008555,169.6866309378442,False,False,False
Cc1cccc(SCC2=CC(=O)Oc3cc(O)ccc23)n1,8.076317530016539,91.03417756375798,False,False,False
Cn1cc(nn1)[C@]2(O)CC[C@H]3[C@@H]4CCc5cc(O)ccc5[C@H]4CC[C@]23C,34.41633697593684,162.88925746037822,False,False,False
COc1cc2[C@H]3CC[C@@]4(C)[C@@H](CCC4=O)[C@@H]3CCc2cc1O,8.843767991772491,65.15926130229919,False,False,False
C[C@]12CC[C@H]3[C@@H](CCc4cc(O)c(Cl)cc34)[C@@H]1CCCC2=O,13.099228212152902,125.20782697800142,False,False,False
COc1cc2[C@H]3CC[C@@]4(C)[C@@H](CCCC4=O)[C@@H]3CCc2cc1O,11.16075156535168,78.62741826166567,False,False,False
Oc1ccc2C3=C(CCOc2c1)c4ccc(O)cc4O[C@@H]3c5ccc(OCCN6CCCCC6)cc5,14.499498925819138,71.1330843685891,False,False,False
Oc1ccc2C3=C(CCOc2c1)c4ccc(O)cc4O[C@@H]3c5ccc(OCCN6CCCC6)cc5,15.343488173673983,72.954049891495,False,False,False
Oc1ccc2C3=C(CCOc2c1)c4ccc(O)cc4O[C@@H]3c5ccc(OCCN6CCSCC6)cc5,15.519323017039715,82.10083684299053,False,False,False
Oc1ccc2C3=C(CCOc2c1)c4ccc(O)cc4O[C@@H]3c5ccc(OCCN6CCOCC6)cc5,20.21263789444679,79.8064972461159,False,False,False
Oc1ccc2C3=C(CCOc2c1)c4ccc(O)cc4O[C@@H]3c5ccc(OCCN6CCCCCC6)cc5,19.590566771507422,129.84049024372786,False,False,False
Oc1ccc2C3=C(CCOc2c1)c4ccc(O)cc4O[C@H]3c5ccc(OCCN6CCCCCC6)cc5,19.590566771507422,129.84049024372786,False,False,False
Oc1ccc2C3=C(CCOc2c1)c4ccc(O)cc4O[C@H]3c5ccc(OCCN6CCCC6)cc5,15.343488173673983,72.954049891495,False,False,False
Oc1ccc2C3=C(CCOc2c1)c4ccc(O)cc4O[C@@H]3c5ccc(OCCCN6C(=O)CCC6=O)cc5,17.609566000133754,90.55959115535819,False,False,False
CN(C)CCOc1ccc(cc1)[C@H]2Oc3cc(O)ccc3C4=C2c5ccc(O)cc5OCC4,15.969413627074939,77.83408410098076,False,False,False
Oc1ccc2C3=C(CCOc2c1)c4ccc(F)cc4O[C@@H]3c5ccc(OCCN6CCCCCC6)cc5,22.085073410485393,148.86938629041768,False,False,False
Oc1ccc2C3=C(CCOc2c1)c4ccc(O)cc4O[C@H]3c5ccc(OCCN6CCCCC6)cc5,14.499498925819138,71.1330843685891,False,False,False
Oc1ccc2C3=C(CCOc2c1)c4ccccc4O[C@H]3c5ccc(OCCN6CCCCC6)cc5,13.568249815035095,82.81602154466665,False,False,False
COc1ccc2C3=C(CCOc2c1)c4ccc(O)cc4O[C@H]3c5ccc(OCCN6CCCCC6)cc5,17.03859374209331,82.84218473397566,False,False,False
Oc1ccc2C3=C(CCOc2c1)c4ccccc4O[C@H]3c5ccc(OCCN6CCCCCC6)cc5,18.549872244850057,147.6116017249951,False,False,False
Oc1ccc2C3=C(CCOc2c1)c4ccc(O)cc4O[C@@H]3c5ccc(OCCN6C(=O)CCC6=O)cc5,18.88025833933792,83.84970004780583,False,False,False
COC(=O)COc1ccc(cc1)C2Oc3cc(O)ccc3C4=C2c5ccc(O)cc5OCC4,23.01694299068973,102.84360998590206,False,False,False
CCN(CC)CCOc1ccc(cc1)[C@H]2Oc3ccccc3C4=C2c5ccc(O)cc5OCC4,14.376323760389194,81.88615401885433,False,False,False
CCN(CC)CCOc1ccc(cc1)[C@H]2Oc3cc(F)ccc3C4=C2c5ccc(O)cc5OCC4,16.100911557188233,94.67310695372026,False,False,False
Oc1ccc2C3=C(CCOc2c1)c4ccc(F)cc4O[C@H]3c5ccc(OCCN6CCCCCC6)cc5,22.085073410485393,148.86938629041768,False,False,False
CC(C)N(CCOc1ccc(cc1)[C@H]2Oc3cc(O)ccc3C4=C2c5ccc(O)cc5OCC4)C(C)C,19.562085116230445,103.24399086699358,False,False,False
CC(C)N(CCOc1ccc(cc1)[C@@H]2Oc3cc(O)ccc3C4=C2c5ccc(O)cc5OCC4)C(C)C,19.562085116230445,103.24399086699358,False,False,False
Oc1ccc2C3=C(CCOc2c1)c4ccccc4O[C@@H]3c5ccc(OCCN6CCCCC6)cc5,13.568249815035095,82.81602154466665,False,False,False
COc1ccc2C3=C(CCOc2c1)c4ccc(O)cc4O[C@@H]3c5ccc(OCCN6CCCCC6)cc5,17.03859374209331,82.84218473397566,False,False,False
Oc1ccc2C3=C(CCOc2c1)c4ccc(O)cc4O[C@H]3c5ccc(OCCN6C(=O)CCC6=O)cc5,18.88025833933792,83.84970004780583,False,False,False
Oc1ccc2C3=C([C@@H](Oc2c1)c4ccc(OCCN5CCCCC5)cc4)c6ccccc6OCC3,13.772479381476211,83.05657239179516,False,False,False
COc1ccc2C3=C([C@@H](Oc2c1)c4ccc(OCCN5CCCCC5)cc4)c6ccc(O)cc6OCC3,16.559758249056845,82.53193866177381,False,False,False
CCN(CC)CCOc1ccc(cc1)[C@@H]2Oc3cc(F)ccc3C4=C2c5ccc(O)cc5OCC4,16.100911557188233,94.67310695372026,False,False,False
CN1CCN(CCOc2ccc(cc2)[C@H]3Oc4cc(O)ccc4C5=C3c6ccc(O)cc6OCC5)CC1,16.918306615879374,82.53950019236625,False,False,False
CCN(CC)CCOc1ccc(cc1)[C@@H]2Oc3ccccc3C4=C2c5ccc(O)cc5OCC4,14.376323760389194,81.88615401885433,False,False,False
COc1ccc2C3=C([C@H](Oc2c1)c4ccc(OCCN5CCCCC5)cc4)c6ccc(O)cc6OCC3,16.559758249056845,82.53193866177381,False,False,False
Oc1ccc2C3=C(CCOc2c1)c4ccc(O)cc4O[C@H]3c5ccc(OCCN6CCOCC6)cc5,20.21263789444679,79.8064972461159,False,False,False
CN(C)CCOc1ccc(cc1)[C@@H]2Oc3cc(O)ccc3C4=C2c5ccc(O)cc5OCC4,15.969413627074939,77.83408410098076,False,False,False
Oc1ccc2C3=C(CCOc2c1)c4ccccc4O[C@@H]3c5ccc(OCCN6CCCCCC6)cc5,18.549872244850057,147.6116017249951,False,False,False
CN(C)CCOc1ccc(cc1)[C@@H]2Oc3cc(O)ccc3C4=C2c5ccccc5OCC4,16.149964210533234,84.02609987976709,False,False,False
CN(C)CCOc1ccc(cc1)[C@@H]2Oc3ccccc3C4=C2c5ccc(O)cc5OCC4,15.205924791803318,84.24866209787442,False,False,False
CN(C)CCOc1ccc(cc1)[C@H]2Oc3ccccc3C4=C2c5ccc(O)cc5OCC4,15.205924791803318,84.24866209787442,False,False,False
Oc1ccc2C3=C(CCOc2c1)c4ccc(O)cc4O[C@@H]3c5ccc(OCCCN6CCCCC6)cc5,14.499831118410864,77.0033823493547,False,False,False
Oc1ccc2C3=C(CCOc2c1)c4ccc(O)cc4O[C@H]3c5ccc(OCCCN6C(=O)CCC6=O)cc5,17.609566000133754,90.55959115535819,False,False,False
Oc1ccc2C3=C(CCOc2c1)c4ccc(O)cc4O[C@H]3c5ccc(OCCCN6CCCCC6)cc5,14.499831118410864,77.0033823493547,False,False,False
COc1ccc2C3=C(CCOc2c1)c4ccc(OC)cc4O[C@@H]3c5ccc(OCCN6CCCCC6)cc5,25.370232953656174,148.91016636303755,False,False,False
Oc1ccc2C3=C([C@H](Oc2c1)c4ccc(OCCN5CCCCCC5)cc4)c6ccccc6OCC3,18.356936111053734,147.7140380435676,False,False,False
Oc1ccc2C3=C([C@H](Oc2c1)c4ccc(OCCN5CCCCC5)cc4)c6ccccc6OCC3,13.772479381476211,83.05657239179516,False,False,False
Oc1ccc2C3=C(CCOc2c1)c4ccc(O)cc4O[C@H]3c5ccc(OCCN6CCSCC6)cc5,15.519323017039715,82.10083684299053,False,False,False
OC(=O)CCOc1ccc(cc1)[C@H]2Oc3cc(O)ccc3C4=C2c5ccc(O)cc5OCC4,20.64629633788748,134.27283726958123,False,False,False
Oc1ccc2C3=C(CCOc2c1)c4ccc(O)cc4O[C@@H]3c5cccc(OCCN6CCCCC6)c5,15.202708449340568,72.2085298233321,False,False,False
CN(C)CCOc1ccc(cc1)[C@H]2Oc3cc(O)ccc3C4=C2c5ccccc5OCC4,16.149964210533234,84.02609987976709,False,False,False
Oc1ccc2C3=C(CCOc2c1)c4ccc(O)cc4O[C@H]3c5cccc(OCCN6CCCCC6)c5,15.202708449340568,72.2085298233321,False,False,False
OCCOc1ccc(cc1)C2Oc3cc(O)ccc3C4=C2c5ccc(O)cc5OCC4,24.649397755640372,97.47111445754169,False,False,False
CN1CCN(CCOc2ccc(cc2)[C@@H]3Oc4cc(O)ccc4C5=C3c6ccc(O)cc6OCC5)CC1,16.918306615879374,82.53950019236625,False,False,False
OCCCOc1ccc(cc1)C2Oc3cc(O)ccc3C4=C2c5ccc(O)cc5OCC4,18.412440115637175,101.2944339153925,False,False,False
OC(=O)CCOc1ccc(cc1)[C@@H]2Oc3cc(O)ccc3C4=C2c5ccc(O)cc5OCC4,20.64629633788748,134.27283726958123,False,False,False
Oc1ccc2C3=C([C@@H](Oc2c1)c4ccc(OCCN5CCCCCC5)cc4)c6ccccc6OCC3,18.356936111053734,147.7140380435676,False,False,False
Oc1ccc2C3=C(CCOc2c1)c4ccc(O)cc4OC3c5ccc(OCCN6CCCCC6)cc5,14.499498925819138,71.1330843685891,False,False,False
Oc1ccc2C3=C(CCCOc2c1)c4ccc(O)cc4OC3c5ccc(OCCN6CCCCC6)cc5,15.30021665062627,666.2515327941082,False,False,False
C[C@]12CC[C@H]3[C@@H](CCc4cc(O)ccc34)[C@@H]1CC[C@@]2(O)c5ccc6COCc6c5,28.05508212557191,140.00765932998826,False,False,False
Cc1ccc(cc1)S(=O)(=O)N2Cc3ccc(cc3C2)[C@]4(O)CC[C@H]5[C@@H]6CCc7cc(O)ccc7[C@H]6CC[C@]45C,35.29807672419417,212.01018043748314,False,False,False
CCOC(=O)C1(Cc2ccc(cc2C1)[C@]3(O)CC[C@H]4[C@@H]5CCc6cc(O)ccc6[C@H]5CC[C@]34C)C#N,41.041899096575094,288.3280842426708,False,False,False
CCOC(=O)C1(Cc2ccc(cc2C1)[C@]3(O)CC[C@H]4[C@@H]5CCc6cc(O)ccc6[C@H]5CC[C@]34C)C(=O)C,39.43817877433021,180.11936969231854,False,False,False
CC(=O)C1(Cc2ccc(cc2C1)[C@]3(O)CC[C@H]4[C@@H]5CCc6cc(O)ccc6[C@H]5CC[C@]34C)C(=O)C,38.86686837965329,189.23714734338373,False,False,False
CCOC(=O)C1(Cc2ccc(cc2C1)[C@]3(O)CC[C@H]4[C@@H]5CCc6cc(O)ccc6[C@H]5CC[C@]34C)C(=O)OCC,45.09514741562171,200.67479241575555,False,False,False
Oc1cccc2c(OC(=O)c3ccc(Cl)cc3Cl)cccc12,15.88752030841676,131.1011958901303,False,False,False
COc1ccc(cc1)C(=O)Oc2cccc3c(O)cccc23,4.650244131324326,64.50955148545226,False,False,False
COC(=O)C(C)N1C(=O)S\C(=C\c2ccc(O)c(Cl)c2)\C1=O,18.827918875516325,170.06649269377888,False,False,False
Cc1ccc(cc1)C(=O)C2=C(O)C(=O)N(C2c3ccc(Br)cc3)c4ccc(O)cc4,15.651450277668792,210.61683384403398,False,False,False
Oc1ccc(cc1)N2C(=O)c3ccc(Br)cc3C2=O,8.340273159379809,128.68378379098556,False,False,False
Oc1ccc(\C=C\C(=O)c2ccc(Br)cc2)cc1,24.60176881188064,271.8568923738709,False,False,False
Cc1ccc(cc1)C(=O)Oc2cccc3c(O)cccc23,5.363291546679156,61.934486090420734,False,False,False
COc1ccc(CCCc2ccc(O)cc2)c(O)c1,8.674824054212555,41.13142538433196,False,False,False
CC(=CCc1c(O)c(O)cc([C@H]2CCc3ccc(O)cc3O2)c1CC=C(C)C)C,15.930276732100651,136.66947214314553,False,False,False
CC(=CCc1c(O)c(O)ccc1[C@H]2CCc3ccc(O)cc3O2)C,10.883514637412572,80.07058480930036,False,False,False
Oc1ccc(cc1)[C@H]2CCc3ccc(O)cc3O2,6.4534828595794895,47.048551469922984,False,False,False
CC(=O)S[C@@H]1CC2=CC(=O)CC[C@]2(C)[C@H]3CC[C@@]4(C)[C@@H](CC[C@@]45CCC(=O)O5)[C@H]13,35.10893033855905,224.8670066972149,False,False,False
OC(=O)\C=C\c1ccc2c(C(=O)c3ccc(OCCN4CCCCC4)cc3)c(sc2c1)c5ccc(O)cc5,16.59853147641918,90.15050073580622,False,False,False
Oc1ccc2nc(c3ccccc3)n(Cc4ccc(OCCN5CCCCC5)cc4)c2c1,7.453125257416875,66.55212007304382,False,False,False
Oc1ccc(cc1)c2nc3ccccc3n2Cc4ccc(OCCN5CCCCC5)cc4,7.508106372424206,73.17327393032426,False,False,False
OCC1=Nc2cc3CCC(N(CC#C)c4ccc(cc4)C(=O)N[C@@H](CCC(=O)N[C@H](CCC(=O)O)C(=O)O)C(=O)O)c3cc2C(=O)N1,144.63643233265077,724.3838317125736,True,False,True
COc1ccc(cc1)c2oc(SC\C(=C(\C#N)/C(=N)C)\O)nn2,44.67050884228069,596.2809005506002,False,False,False
Cc1ccc(cc1)c2nnc(S)n2\N=C\C=C/c3ccccc3[N+](=O)[O-],269.15716749114466,13850.134709807118,True,True,True
Oc1c(\C=N\c2cccc3cccnc23)sc4ccccc14,18.287865095173405,128.35724132768567,False,False,False
Cc1nn(c2ccccc2)c3sc(cc13)C(=O)OCN4C(=O)c5ccccc5C4=O,24.19050045326809,146.24996437471833,False,False,False
CCCCn1c(NC(=O)CC)c(C#N)c2nc3ccccc3nc12,21.20651462741812,203.3892854338103,False,False,False
Cn1c(SCC2=CC(=O)N3C=C(Br)C=CC3=N2)nnc1C4COc5ccccc5O4,38.854029268303655,315.7016882384427,False,False,False
CC1Cc2ccccc2N1C(=O)CSc3nnc(NC(=O)Cc4cccs4)s3,18.64600671336705,126.48722385467617,False,False,False
COC(=O)c1oc2ccc(Br)cc2c1NC(=O)CCCN3C(=O)c4ccccc4C3=O,16.938123845393946,160.7757333772987,False,False,False
O=Cc1cn(nc1C2=Cc3c(OC2=O)ccc4ccccc34)c5ccccc5,21.146286645467235,131.12487903281584,False,False,False
FC(F)(F)c1cc(nc2c(Br)c(nn12)C(=O)NCc3occc3)c4cccs4,55.92891096973304,424.09807047005654,False,False,False
O=C(CSc1nnc(SCC(=O)c2occc2)s1)c3occc3,20.828067822656426,202.830403157995,False,False,False
CC(=O)Nc1ccc2nc(C)cc(O)c2c1,11.181977667157534,91.19826444381877,False,False,False
O=C(CN1C(=O)N(Cc2occc2)C(=O)c3c4CCCCCc4sc13)Nc5ccccc5,17.27748081028474,169.34853855841084,False,False,False
O=C(N1CCc2ccccc2C1)c3cc(on3)c4occc4,10.967320320485694,122.1617847746941,False,False,False
Cc1ccc(cc1C)n2nnnc2SCC(=O)Nc3ccc4C(=O)OCc4c3,12.348969950637429,170.45190123614123,False,False,False
CN1C(=O)\C(=C\2/SC(=NC2=O)Nc3cccc(C)c3C)\c4ccccc14,14.039630770939526,173.8177508170993,False,False,False
O=C(COC(=O)CCC(=O)c1cccs1)NCc2occc2,16.851315491234438,189.8249440563465,False,False,False
Cc1oc(\C=C\2/Sc3nc(nn3C2=O)c4occc4)cc1,26.930324427446518,198.07050551245166,False,False,False
OC(=O)c1cc(nc2ccccc12)c3occc3,6.326239878740746,116.76262193249757,False,False,False
Cc1occc1C(=O)NCc2cccc(CNC(=O)c3ccoc3C)c2,15.799758294768031,129.71599731048065,False,False,False
O=C(Nc1cccc(c1)C(=O)Nc2cccc(c2)c3cnc4ccccc4n3)c5occc5,22.640339724693217,141.75350080141672,False,False,False
Cc1oc(cc1)C2CC(=O)N3CN(CSC3=C2C#N)c4cccc(C)c4,26.104020155118807,238.38538023586148,False,False,False
CCOC(=O)c1c(C)oc2c3ccccc3c(O)c(\C=N\C4CCS(=O)(=O)C4)c12,15.715432935223626,200.46241326351233,False,False,False
C=CCN1C(=O)C(=CC2=C1N=C3C=CC=CN3C2=O)C#N,91.14589930749636,531.9783467112361,False,False,False
Cc1ccc(cc1)S(=O)(=O)Cc2oc(cc2)C(=O)NCc3ccc4OCOc4c3,13.027510940246643,149.69630871070865,False,False,False
COc1ccc(Cl)cc1NC(=O)c2ocnc2C,18.338379751318314,109.84451630918687,False,False,False
COc1ccc(cc1OC)C2CC(=NN2S(=O)(=O)C)c3c(O)nc4ccc(Cl)cc4c3c5ccccc5,17.67482018925873,196.3027306790207,False,False,False
COc1ccc(NC(=O)c2occc2)cc1N,21.744202757789182,254.91325605356883,False,False,False
CCCN(CCC)S(=O)(=O)c1ccc(NC(=O)Cc2cccs2)cc1,16.978762833348853,93.23166747212281,False,False,False
CCn1c(SCC(=O)c2oc(CNC(=O)C)cc2)nnc1c3cccs3,15.42249159174385,155.72661770754422,False,False,False
Cc1ccc2nc(O)c(cc2c1)c3nc4ccccn4c3NCc5occc5,14.086164633250654,86.20775205669148,False,False,False
O\C(=C(/C#N)\c1nc2ccccc2[nH]1)\Nc3ccc(Cl)cc3,17.78400170575927,266.06582944069334,False,False,False
CCCNC(=O)c1ccc(s1)c2nc3ccccc3s2,16.46128317439325,99.79272360196077,False,False,False
O=C(Nc1cccc(c1)c2cn3cccnc3n2)c4ccc5OCOc5c4,11.74620627303782,110.30820470752163,False,False,False
CCCN1N=C(C(=O)OCC(=O)c2ccc3OCC(=O)Nc3c2)c4ccccc4C1=O,16.582604856284107,188.26816729620498,False,False,False
Cc1ccc2[nH]c(nc2c1)\C(=C/c3ccc(N4CCCCC4)c(c3)[N+](=O)[O-])\C#N,25.740119720859326,591.5674870516607,False,False,False
CCOC(=O)Nc1on[n+](c1)N2CCOCC2,43.65307676140658,271.8544815728894,False,False,False
NC(=O)C1(CCN(CC1)c2nc(cs2)c3ccc(Br)cc3)N4CCCCC4,39.37890675857554,558.5380672366832,False,False,False
COc1ccc2c(c1)C(=O)Oc3cc(OCC(=O)N4CCC(C)CC4)ccc23,14.24347957861469,75.05751949324369,False,False,False
CCc1nnc2SCC(=Nn12)c3oc(cc3)c4cc(Cl)ccc4Cl,25.978837467422984,253.77506625039337,False,False,False
Cc1nc2sccn2c1c3nc(cs3)c4oc5ccccc5c4,21.342927977512797,172.08627542455588,False,False,False
CCOP(=O)(OCC)C1(NS(=O)(=O)c2ccccc2)C=C(Cl)C(=O)c3ccccc13,70.36612996003278,3884.5546072172356,False,True,True
Oc1c(Cl)cc(Cl)c(Cl)c1Cc2c(O)c(Cl)cc(Cl)c2Cl,68.33265884231469,889.166641434029,False,True,True
NC(=O)c1c2CCCc2sc1NC(=O)c3oc4ccccc4c3,22.107014099160406,323.70546276154187,False,False,False
Cc1cc(c2nn3c(nnc3s2)c4ccccc4)c5ccccc5n1,23.695031114638933,187.40337757483906,False,False,False
COC(=O)c1ccc2C(=O)N(CCCCCC(=O)NCc3ccc4OCOc4c3)C(=O)Nc2c1,31.183591579231464,123.89902667247843,False,False,False
COCCNC(=O)c1c(N)n(\N=C\c2cccs2)c3nc4ccccc4nc13,30.536391892235116,389.94307270012996,False,False,False
CCC1(C)NC(=O)N(CC(=O)Nc2sc3CCCc3c2C(=O)N)C1=O,45.722900870410385,445.1629558249962,False,False,False
Cc1onc(c1)C(=O)OCC(=O)c2ccc(Br)s2,26.52540021172199,341.0266654079153,False,False,False
CC1=Nc2ccccc2C(=O)N1\N=C\c3c(O)ccc4oc5CCCCc5c34,13.562204761835881,229.14642570673806,False,False,False
CCc1cccc2c(c[nH]c12)C(=O)Cn3nnc(n3)c4ccc(OC)c(OC)c4,22.206746634407388,157.95606398900284,False,False,False
CC(C)CN(C1CCS(=O)(=O)C1)C(=O)COC(=O)c2cc3CCCc3s2,25.982469497882416,205.78096806969285,False,False,False
CC(=N)\C(=C(\O)/CSc1oc(nn1)c2ccc(OC(F)F)cc2)\C#N,136.00675086932725,839.5853431091147,True,False,True
O=C(Cc1cn2ccsc2n1)OCc3nc4ccccc4s3,18.06314448404096,172.81430816891296,False,False,False
CCn1c(SCC(=O)Nc2ccc3c(oc4ccccc34)c2)nnc1c5ccc(N)cc5,21.830771676874512,257.80656247990345,False,False,False
CCN(c1ccccc1)S(=O)(=O)c2ccc3ncc(C(=O)NCCOC)c(O)c3c2,12.046446502799014,124.2768773298065,False,False,False
Cc1ccc(cc1)c2csc(NC(=O)c3oncc3)n2,10.745412457221363,89.89623303826586,False,False,False
CCOC(=O)C1=C(C)S\C(=C/N(C)C)\C1=O,32.62911331181003,212.94196287178227,False,False,False
CCc1ccc(NC(=O)c2noc3CCCc23)cc1,10.28009513104389,114.61343014544917,False,False,False
O=C(Cc1ccc(s1)S(=O)(=O)N2CCOCC2)Nc3nc4CCCCc4s3,27.121478800868694,150.35107261626555,False,False,False
CN1C(=O)CSc2ccc(NC(=O)N3CCC(CC3)N4CCCCC4)cc12,20.1644525748317,120.47654605850724,False,False,False
CCn1c2ccccc2c3cc(NC(=O)CSc4nnc(c5ccc(OC)cc5)n4N)ccc13,21.44518029549955,435.97919287191314,False,False,False
CCCc1nnc2SCC(=Nn12)c3oc(cc3)c4cc(Cl)ccc4Cl,24.060137687039102,263.5120244722648,False,False,False
Cc1ccccc1NC(=O)CSc2nnc(c3occc3)c(n2)c4occc4,13.929729708626802,145.3144397510472,False,False,False
O=C(CSc1nc(ccc1C#N)c2cccnc2)Nc3sc4CCCc4c3C#N,39.82538198693798,380.0746733267854,False,False,False
NC(=S)N1NC(=C(\N=N\c2ccc(O)cc2)C1=O)c3ccc(cc3)[N+](=O)[O-],44.80849187270039,796.7705233581573,False,False,False
Clc1ccc(COc2ccc(cc2)c3oc(NCc4cccnc4)c(n3)C#N)cc1,25.14998462525967,173.78451326924923,False,False,False
Cc1ccc(cc1)c2nnc3SCC(=Nn23)c4ccc(Br)cc4,29.52266505183562,449.8595041863339,False,False,False
CCc1cc2C(=O)N(CC=C)C(=Nc2s1)SCC(=O)NC(=O)NCc3occc3,30.151457930335003,450.75254109665127,False,False,False
COc1cccc2C=C(C(=O)Oc12)c3cn4ccc(C)cc4n3,9.6207820708085,96.71621220054269,False,False,False
COc1ccc(CN2C(=O)Nc3cc(ccc3C2=O)C(=O)NCc4ccc5OCOc5c4)cc1,21.25834003455723,120.90700545392502,False,False,False
CCOP(=O)(OCC)C1(NS(=O)(=O)c2ccccc2)C=C(Br)C(=O)c3ccccc13,57.64540823054956,4188.6893396288415,False,True,True
[O-][N+](=O)c1ccc(Oc2cccc(\C=N\NC(=O)c3cncc(Br)c3)c2)c(c1)[N+](=O)[O-],26.913980092658782,939.7676541237463,False,True,True
O=C1Oc2ccccc2N1CCn3c4ccccc4c5nc6ccccc6nc35,30.952674613604994,147.35055282527134,False,False,False
COc1ccc(cc1)C2C=C(Nc3nc(NC(=O)C)nn23)c4ccc(Cl)cc4,18.39578248267042,204.3342326175285,False,False,False
CCOC(=O)Cc1cc(O)n2nc(cc2n1)c3ccc(C)cc3,9.747995120299423,78.70436191993134,False,False,False
Cc1oc(cc1)c2cc(C(=O)NCc3occc3)c4ccccc4n2,9.405607390389841,108.59073981623331,False,False,False
CC(OC(=O)COc1ccc(Cl)cc1C)C(=O)N(C)C,31.876658251409857,137.97523458319245,False,False,False
CC1CCN(Cc2c(O)c(Cl)cc3C(=CC(=O)Oc23)C)CC1,10.111795357521297,104.43436728584899,False,False,False
COc1cc(NC(=O)CSC2=Nc3ccccc3C(=O)N2C)ccc1NC(=O)c4occc4,14.63496688763756,161.4971886034954,False,False,False
FC(F)Oc1ccc(cc1)c2oc(SCC(=O)NC(=O)NCc3occc3)nn2,70.46685683176456,675.1416505992195,False,False,False
CCN=C1C=CC(=CC(=C1O)C(=O)\C=C\c2ccccc2Cl)Br,28.308265762775292,317.52803744680875,False,False,False
COc1ccc2[nH]c3C4=Nc5ccccc5C(=O)N4CCc3c2c1,23.220725364531933,210.7879239036463,False,False,False
CCc1ccc2nc(O)c(cc2c1)C3C(=C(N)Oc4c3ccc5cccnc45)C#N,25.824286475276434,386.7930827710428,False,False,False
CC(=O)c1cccc(NC(=O)CN2C(=O)NC3(CCCCCCC3)C2=O)c1,21.080283865459737,625.6177835848466,False,False,False
Cc1ccnc(NS(=O)(=O)c2ccc(NC(=O)Cc3cccs3)cc2)n1,17.152837071438093,139.46040044964298,False,False,False
Clc1cccc(c1)N2CCN(CC2)C(=O)CCCN3C(=S)Nc4ccccc4C3=O,34.10504548164069,244.1089358132009,False,False,False
CNc1nnc(s1)C2=Cc3cc(Cl)ccc3OC2=O,15.557036345945422,141.80498900703026,False,False,False
COc1ccc2cc3c(N)nn(C(=O)Cc4ccc(Cl)cc4)c3nc2c1,34.81376279592257,318.02894883841407,False,False,False
CC1=CC=CN2C(=O)C3=C(N=C12)N(C(=O)C(=C3)C#N)c4ccc(C)cc4,45.67415913842882,321.02671068121816,False,False,False
NCCNc1nc(NCc2ccccc2)c3CN(Cc4ccccc4)CCc3c1C#N,26.286439945414237,317.0943623997597,False,False,False
Cc1onc(NC(=O)CSc2cn(CCNC(=O)c3ccc(Cl)cc3)c4ccccc24)c1,12.755137240996735,150.40371351306,False,False,False
COc1cccc(c1)c2nnc(NC(=O)Cc3cccs3)s2,16.88821385256513,117.87458761536914,False,False,False
CCCSc1nc(C)c(cc1C#N)c2csc(n2)C(=C3CCCC3)C#N,43.12828252399083,403.4210379582918,False,False,False
O=C(Nc1nc(cs1)c2nc3ccccc3s2)C4COc5ccccc5O4,26.041434019228024,134.37632730688262,False,False,False
O=C(CSc1n[nH]c(n1)c2ccc(cc2)S(=O)(=O)N3CCCCC3)Nc4nccs4,32.09198292035447,207.36023814328166,False,False,False
Cc1ccc(cc1)S(=O)(=O)Cc2oc(cc2)C(=O)O,18.12664463633278,191.97464192618543,False,False,False
O=C(Cc1coc2cc3CCCc3cc12)OCC4=CC(=O)N5C(=N4)Sc6ccccc56,15.48063893926206,223.75722658312054,False,False,False
Cc1cccc(N2CCN(CC2)c3nc4ccccc4n5cnnc35)c1C,15.632171226902926,214.7720298201695,False,False,False
Cc1ccc(C(=O)CSC2=C(C#N)C(CC(=O)N2)c3occc3)c(C)c1,21.577141699617876,194.35348884876083,False,False,False
Cc1snc2sc(C(=O)c3ccc(Br)cc3)c(N)c12,36.34887859155291,484.5140798385264,False,False,False
Oc1ccc(\C=N\c2ccc(cc2)N3CCOCC3)c(O)c1,14.771897265697119,120.81486153931435,False,False,False
CCOC(=O)c1c(C)c(C)sc1Nc2nc(C)c(s2)C(=O)NC,37.38575687824208,305.5936757110598,False,False,False
COc1ccc2c(c1)C(=O)Oc3cc4oc(C)c(C)c4cc23,12.167349112967909,103.7893957498195,False,False,False
COc1ccc(OC)c(\C=N\c2oc(c3occc3)c(c4occc4)c2C#N)c1,43.008944883899936,333.35154432319644,False,False,False
O=C(Cc1cccs1)Nc2ccccn2,17.631795105617734,94.32431427814237,False,False,False
Cc1sc2ncnc(NCc3occc3)c2c1C,12.47076230750751,104.98458156821437,False,False,False
Cc1c([nH]c2CC(CC(=O)c12)c3occc3)C(=O)OCC4CCCO4,17.578609108096263,148.975899415858,False,False,False
CCOc1cccc2C=C(C(=O)Oc12)c3nnc(NCc4occc4)s3,16.20757353925335,129.93467753616017,False,False,False
Cc1onc(C)c1COc2ccc(cc2)C(=O)OCC(=O)N3c4ccccc4NC(=O)C3(C)C,15.813599799923963,133.144759881641,False,False,False
CCOC(=O)C1=C(O)\C(=C/c2oc(CNC(=O)C(=O)Nc3ccccc3)cc2)\N=C1C,14.98008382430503,204.71359373400134,False,False,False
Cc1cc(ccc1n2c(C)ccc2C)C(=O)O,17.140359624181915,115.57247430267458,False,False,False
CCOC(=O)c1[nH]c2CC(CC(=O)c2c1C)c3occc3,14.626212329502247,106.6617938672677,False,False,False
CCN1CCc2nc(NC(=O)Cc3ccc4OCCOc4c3)sc2C1,14.88007612432816,89.25764678108024,False,False,False
COc1ccccc1NC(=O)c2ccccc2NC(=O)c3cc(Cl)ccc3NC(=O)c4occc4,15.802855818348391,211.63448785041544,False,False,False
CC(=O)c1c(C)[nH]c(C(=O)COc2ccc(cc2)C#N)c1C,25.063045249571893,206.69872634345697,False,False,False
CCOC(=O)CSC1=NN(C)C(=S)S1,80.74014188076293,793.4408643996007,False,False,False
COCCCNC(=O)c1ccc2C(=O)N(Cc3ccc4OCOc4c3)C(=S)Nc2c1,33.88187141178887,161.41014534740958,False,False,False
Cn1ccnc1SCC(=O)Nc2ccc3nc(SCC(=O)NC4CC4)sc3c2,30.99128536132328,674.2769150958268,False,False,False
Cc1c([nH]c2CC(CC(=O)c12)c3occc3)C(=O)OCc4ccccc4,12.950015767999977,109.37571007098643,False,False,False
Cc1ccccc1CSCC(=O)NC(=O)NCc2occc2,14.040687048484182,127.77203323046669,False,False,False
C(Oc1ccccc1)c2nnc3sc(nn23)C4COc5ccccc5O4,39.53860627320688,181.00549418744032,False,False,False
Brc1oc(cc1)c2nc3cc(ccc3[nH]2)N4C(=O)c5ccccc5C4=O,15.98385220931432,160.7835163098631,False,False,False
COc1cc2cc(C(N3CCc4ccccc34)c5nnnn5C6CCCC6)c(O)nc2cc1OC,15.032660336433631,233.78685441080398,False,False,False
COC(=O)c1ccc2C(=O)N(CC3CCCO3)C(=Nc2c1)SCC(=O)Nc4ccccc4Cl,21.375708747485312,137.71684456311934,False,False,False
O=S(=O)(N1CCCCCC1)c2cccc(c2)c3cn4cccnc4n3,11.513050622862538,211.88178359885126,False,False,False
COc1ccccc1N2CCN(CC2)C(=O)c3cc4CCCc4s3,10.933683023721736,136.76756631696313,False,False,False
OC(=O)C1Nc2c(cccc2C(=O)N3CCOCC3)C4C=CCC14,19.5365108538981,156.0731414271533,False,False,False
COc1ccc(OCCC(=O)OCC(=O)NCc2occc2)cc1,18.339814261199734,164.4798523320938,False,False,False
COC(=O)C1=C(O)\C(=C/c2oc(CNC(=O)C(=O)Nc3ccc(C)c(C)c3)cc2)\N=C1C,14.328272579248473,218.31599168001208,False,False,False
CN(CC(=O)NC(=O)NCc1occc1)Cc2nc(O)c3ccccc3n2,12.419491956030994,148.69968464110332,False,False,False
OC1=C(C(=O)Nc2ccccc2[N+](=O)[O-])c3nc4ccccc4n3CC1,20.974152951165102,483.7392587834377,False,False,False
COC(=O)c1oc(CSc2nc(O)c3cnn(c4ccc(C)c(C)c4)c3n2)cc1,13.808555585607888,129.77805427379553,False,False,False
CC1(C)Cc2c(CO1)sc3c4nnnn4c5nnnn5c23,66.95133375791329,956.7796619101169,False,True,True
Cc1cccc2cc(C(N(CC3CCCO3)Cc4occc4)c5nnnn5C(C)(C)C)c(O)nc12,30.82709094896819,252.22760260223515,False,False,False
COc1ccc(Cn2c(N)c(C(=O)NCc3occc3)c4nc5ccccc5nc24)cc1,23.163582083964172,321.6863120809295,False,False,False
Cc1ccc(Nc2nnc(SCC(=O)NCc3occc3)s2)cc1,13.952050074719665,113.76602913634005,False,False,False
CCOC(=O)C1=C(O)\C(=C/c2oc(CNC(=O)C(=O)Nc3ccc(C)c(C)c3)cc2)\N=C1C,13.374458669529787,224.34111339547067,False,False,False
Clc1ccc(cc1)N2CCN(CC2)C(=O)CCCN3C(=S)Nc4cc5OCOc5cc4C3=O,28.38627567833381,235.15778000014888,False,False,False
CCc1ccc2nc(NC(=O)c3ccc4c(O)nc(CN5CCOCC5)nc4c3)sc2c1,12.278573336791977,137.56684078236245,False,False,False
Fc1ccc(CNC(=O)C2=CC3=C(N=C4C=CC=CN4C3=O)N(Cc5cccnc5)C2=N)cc1,65.9991185909584,873.418014133451,False,False,False
CCOC(=O)C1=C(Nc2ccc(C)cc2)S\C(=C/c3cn(CC(=O)NCC4CCCO4)c5ccccc35)\C1=O,20.9823352818655,197.26285641367446,False,False,False
COc1ccc2[nH]c3nc(SCc4oc(nn4)c5ccc(C)cc5)nnc3c2c1,25.102858975794362,195.80047796475492,False,False,False
Cc1sc2ncnc(SCC(=O)NC(=O)NCc3occc3)c2c1C,14.865756982467536,158.05601760301528,False,False,False
CCC1=NN2C(=NC(=O)\C(=C\c3oc(SCc4occc4)cc3)\C2=N)S1,62.92984126314563,819.3530160233181,False,False,False
CC1CCN(CC1)S(=O)(=O)c2ccc(NC(=O)Cc3cccs3)cc2,18.244179085312794,103.18747762409002,False,False,False
CC(=O)c1cccc(NC(=O)Cc2cccs2)c1,11.803136463900945,94.29415022535076,False,False,False
Cn1c(SCC(=O)Nc2sccc2C#N)nnc1c3ccccc3,19.950802235503293,178.75067356961108,False,False,False
Cc1csc2nc(CCNS(=O)(=O)c3ccc4OCCOc4c3)cn12,21.45915752535319,160.85445927796638,False,False,False
Cc1cccc2c(C)cc(SCC(=O)NC(=O)NCc3occc3)nc12,8.029014886580587,133.1892360897454,False,False,False
ClC1=CCC2C(C1)C(=O)N(CCCCCCN3C(=O)C4CC=C(Cl)CC4C3=O)C2=O,31.781018571314338,413.0983419822742,False,False,False
CC1CC(n2nc(cc2N1)C(=O)O)C(F)(F)C(F)(F)F,66.66392334452286,612.4066863790932,False,False,False
Cc1nnc(Oc2ccccc2F)c3ccccc13,9.692491332184401,110.43681019194504,False,False,False
COc1ccc(OC)c(NC(=O)c2cc([nH]n2)c3ccc(C)cc3O)c1,22.87391568495086,192.66399396080124,False,False,False
CCN(c1ccccc1)S(=O)(=O)c2cc(ccc2C)C(=O)O,11.063953111634454,121.73190499301828,False,False,False
COC(=O)c1cc2ccsc2n1CC(=O)Nc3ccc(cc3)N(C)C,12.78397640165274,147.27626952068505,False,False,False
CCOc1ccc(Nc2oc(nc2C#N)c3ccccc3Cl)cc1,22.468367593193125,154.66066695269575,False,False,False
Clc1ccc(s1)S(=O)(=O)NCCc2csc(n2)c3cccnc3,28.971330229311274,147.13201467233307,False,False,False
Cc1ccc(cc1)C(=O)N\N=C\c2ccc(s2)[N+](=O)[O-],32.22854288286014,422.6268441784091,False,False,False
COc1ccc(CNC(=O)c2cc(on2)c3cccs3)cc1,10.362457223700684,91.7013873138538,False,False,False
COc1ccccc1\C=C\2/Sc3nc(nn3C2=O)c4occc4,20.11698438682325,159.76681821218128,False,False,False
COc1ccc(cc1)N2Cc3cccc(C(=O)O)c3C2=O,8.873279774419148,100.27490141526869,False,False,False
COc1ccc(cc1)N2Cc3cccc(C(=O)N4CCN(CC4)C(=O)c5occc5)c3C2=O,12.527759811256718,151.2291646387994,False,False,False
Cc1nc2cc(nn2c(O)c1Cl)c3ccsc3n4c(C)ccc4C,23.321347623363444,126.76496662265353,False,False,False
Fc1ccccc1c2oc3ccc(NC(=O)c4cncc(Br)c4)cc3n2,19.303807806020906,148.01542996248986,False,False,False
Clc1ccc(Nc2nc(cs2)c3ccncc3)cc1,14.41630504998804,140.39411636800577,False,False,False
O=C(Nc1ccc(cc1)n2nncc2c3occc3)C4=Cc5ccccc5OC4=O,21.263692523197598,107.26807540784876,False,False,False
Cc1ccc(NC(=O)CN2C(=O)S\C(=C\c3oc(cc3)c4cc(ccc4C)C(=O)O)\C2=O)cc1C,22.53586515440713,175.4083853630115,False,False,False
COc1ccc2c(c1)C(=O)Oc3cc(OCC(=O)NC4CCCCC4)ccc23,13.807476157855344,80.1447499264606,False,False,False
Brc1ccc(cc1)C2NC(=O)c3c4CCCc4sc3N2,29.796023030034203,389.2919170817229,False,False,False
CN(C)CC(=O)N1c2ccccc2CCc3ccc(NC(=O)c4ccc(N)cc4)cc13,21.48065008556973,301.77714010719126,False,False,False
CC(=O)Nc1ccc(cc1)\N=C\c2nc(oc2O)c3ccc(C)cc3,16.268495165594725,125.78959879721353,False,False,False
CCOc1cccc2C=C(C(=O)Oc12)c3cn4cc(C)ccc4n3,11.497039331850958,91.4443830888334,False,False,False
CN1N=C(SCC(=O)Nc2nc(C)cc(C)n2)SC1=S,90.42182506544079,539.1696478967143,False,False,False
COc1cc(cc2OCOc12)C3C(=C(N)OC4=C3C(=O)OC(=C4)C)C#N,43.196880572768535,432.1623307509848,False,False,False
CN(\N=C\c1cccnc1)C2=C(Cl)C(=O)N(N=C2)c3ccc(F)c(Cl)c3,19.240551174655703,337.5491202078017,False,False,False
CCSc1nnc(NC(=O)C2Cc3ccccc3CN2C(=O)c4occc4)s1,11.959812960035602,119.76035754087437,False,False,False
CS(=O)(=O)c1ccc2nc(NC(=O)CCC(=O)c3cccs3)sc2c1,23.46527258870398,170.53960403537002,False,False,False
Cc1nnc(NC(=O)Cc2cccs2)s1,18.840808634015758,117.11716448845698,False,False,False
Brc1cnc2cc(nn2c1)C(=O)N3CCN(CC3)C(=O)c4occc4,25.69621126398778,209.43125745895276,False,False,False
OC1=C(\C=N\c2cc(Cl)ccc2O)C(=O)CC(C1)c3occc3,14.685560782146938,155.72435662204157,False,False,False
CCOC(=O)c1ccc(NC(=O)CSc2nc(C)cc(O)n2)cc1,13.94807324975047,109.26076076821231,False,False,False
COc1ccc(NC2=NC(=O)S/C/2=C\c3ccc(cc3)N(C)C)cc1,26.68287613871326,145.70765754054537,False,False,False
CC1CC2=C(S1)C(=O)N(CCc3ccccc3)C(=N2)SCC(=O)Nc4cc(C)on4,17.813045824498158,193.1101522192813,False,False,False
CCN1C(=O)c2ccccc2N=C1SCC(=O)Nc3ccc(NC(=O)c4occc4)c(OC)c3,12.365005784217164,158.7612586206926,False,False,False
CCOCCCNC(=O)c1cnc2ccc(cc2c1O)S(=O)(=O)Nc3cccc(OC)c3,18.991876274589178,155.39920912555243,False,False,False
CCOc1cc(N2CCOCC2)c(OCC)cc1NC(=O)c3cc(nc4ccccc34)c5occc5,13.129200933745397,114.67872195970435,False,False,False
OC1C(Sc2ccccc2NC1=O)c3ccccc3,16.938966728548543,181.4718145267635,False,False,False
Nc1c(C#N)c(cc(c2ccccc2)c1C#N)c3occc3,57.499400893592174,478.67631507947675,False,False,False
O=C(Nc1ccc(cc1)N2CCCC2)C(c3ccccc3)c4ccccc4,12.886163269620184,98.46746162770933,False,False,False
CN1N=C(c2c(c(N)n(C3CCCCC3)c2C1=O)c4nc5ccccc5s4)[N+](=O)[O-],36.83431129003957,968.7657713220451,False,True,True
CC(=O)c1c(COC(=O)c2occc2)nc3ccccc3[n+]1[O-],14.815087476474154,510.3296674731441,False,False,False
NC1=C(C#N)C(C2=C(O1)\C(=C/c3cocc3)\CCC2)c4cocc4,35.236270985102095,370.7477008714154,False,False,False
Brc1ccc(cc1)c2nnc(c3cccnc3)c4conc24,30.130480189662993,289.58968996198894,False,False,False
Cc1ccc(OCc2ccoc2C(=O)O)cc1C,21.073183242161413,105.49854237762241,False,False,False
CCOC(=O)C1=C2N(C(=O)C(S1)c3ccccc3OC)C(=C(N)/C/2=C\c4ccccc4OC)C#N,74.09537859635955,506.5368488312656,False,False,False
Fc1ccc(cc1)c2nnc(c3ccccc23)n4nnc5ccccc45,16.6520616800764,181.194021088408,False,False,False
COc1ccc(cc1)c2oc(nn2)C3=Cc4c(OC3=O)ccc5ccccc45,16.042737279694645,103.48617891638355,False,False,False
[O-][N+](=O)c1cc(ccc1Cl)C(=O)NNC(=O)c2ccc(SCC3CCCO3)c(c2)[N+](=O)[O-],24.130125820567777,963.2309493528732,False,True,True
O=C(Nc1ccc2nn(nc2c1)c3ccccc3)c4ccc5OCOc5c4,13.628103724495006,108.10611415230153,False,False,False
CC(C)CNC(=O)c1c(N)n(\N=C\c2ccccn2)c3nc4ccccc4nc13,27.972830413981125,422.88080168626567,False,False,False
COc1cc(NC(=O)c2cccs2)c(cc1OC)C(=O)OCC(=O)NCc3occc3,19.210937971862474,197.4584840572465,False,False,False
CCn1nnc(NC(=O)CSc2ccc(Cl)cc2)n1,25.482024575625882,228.3069542010782,False,False,False
NC(=O)c1ccccc1OCC2CC(=NO2)c3ccccc3,20.263566571056415,279.4353916678098,False,False,False
COc1ccc(cc1OC)c2nc(C(=O)N)c3nc(O)n(c4cccc(Cl)c4)c3n2,21.056279480566946,311.31018578232397,False,False,False
CS(=O)(=O)N(CC(=O)NCc1occc1)c2ccc3OCOc3c2,15.959114371172836,160.63854109632982,False,False,False
CCOC(=O)c1c(COC)n(C)c2C(=O)C(=O)c3ccc(Br)cc3c12,21.499562124267392,156.08363148987843,False,False,False
Cc1cc(C)c(c(C)c1)S(=O)(=O)\N=C\2/C=CC(=O)C(=C2)Cl,28.906114134616946,204.93307159379364,False,False,False
O=S(=O)(NCc1csc(n1)c2cccnc2)c3cccs3,20.14689908857821,165.92280723433447,False,False,False
COC(=O)c1cnn2c(cc(nc12)c3occc3)C(F)(F)F,26.907552922599976,143.6008894558394,False,False,False
C\C=C\COC(=O)c1[nH]c2CC(CC(=O)c2c1C)c3occc3,17.35707096326747,146.99526258360106,False,False,False
CC1CC2=C(S1)C(=O)N(CCc3ccccc3)C(=N2)SCC(=O)Nc4nnc(C)s4,24.56907220175912,186.97875485192975,False,False,False
Cc1ccc(cc1)S(=O)(=O)Cc2oc(cc2)C(=O)N3CCC4(CC3)OCCO4,18.916407193607537,158.36082279873017,False,False,False
COCCOC(=O)c1[nH]c2CC(CC(=O)c2c1C)c3occc3,20.813058225191522,131.20412066169615,False,False,False
Clc1ccc2cc3cc(oc3nc2c1)C(=O)NCc4occc4,12.416917238662835,151.829509580146,False,False,False
CSc1ccc(cc1)S(=O)(=O)Nc2cccc(F)c2,19.951620790733447,161.7881433923826,False,False,False
CC(C)CC(=O)Nc1ccc(cc1)C(=O)COc2ccc(cc2)c3ocnn3,9.023832181157587,87.9085414233486,False,False,False
Cc1cccc(OCc2nnc(SCC(=O)NC(=O)NCc3occc3)n2CC=C)c1,26.06531581143435,470.2593627193033,False,False,False
O=C(NCc1occc1)c2cc3CSCc3s2,16.658943737019197,177.45002610040297,False,False,False
CCOc1ccc(NC2=NC(=O)S/C/2=C\c3ccc(OC)cc3)cc1,15.294460466319608,138.31429556100196,False,False,False
NC(=O)c1c2CCCCCCc2sc1NC(=O)c3cccs3,31.74125831184891,788.171868250167,False,False,False
CCC\C(=N\Nc1ccc(Cl)cc1)\c2cnnc(n2)c3ccccc3,14.854679424732087,232.7125320091176,False,False,False
O=C(Cc1cccs1)Nc2nnc(COc3ccccc3)s2,19.257750952420704,130.62389831830197,False,False,False
COc1cccc2sc(Nc3oc(nn3)c4ccc(F)cc4)nc12,20.055825129025518,126.97289022501337,False,False,False
Cc1onc(c1C(=O)OCC(=O)NCc2occc2)c3c(F)cccc3Cl,14.613751879881406,169.91227770414514,False,False,False
O=Cc1ccc2OC3=C(C(=O)N4CCCSC4=N3)C(=O)c2c1,32.31792710822073,232.48930451213607,False,False,False
CN1C(=O)c2cc(C(=O)Nc3ccc4OCOc4c3)n(C)c2c5ccccc15,11.231974892959087,124.18002109259237,False,False,False
O=C(CSc1ncccn1)Nc2oc(c3ccccc3)c(c4ccccc4)c2C#N,25.980260186552208,160.92453089975317,False,False,False
Cc1ccc(cc1C)n2nnnc2SCC(=O)Nc3cccc(NC(=O)c4occc4)c3,19.240705902160908,182.22810823544648,False,False,False
Clc1ccc(cc1)c2nc(NC(=O)CSc3nnnn3c4ccccc4)ns2,22.698618250295503,255.13891998576372,False,False,False
Fc1cccc(c1)C(=O)N2CCN(CC2)C(=O)c3cc4ncc(Br)cn4n3,22.066093739771144,215.43776507921825,False,False,False
Cc1ccc(cc1)C(=O)ONc2ccc(cc2)N=NC(=O)c3ccccc3O,23.83593732210558,236.0315736792541,False,False,False
COc1ccc(C)cc1n2nnnc2SCC(=O)NC(=O)NCc3occc3,19.96692968709729,217.28146491652154,False,False,False
O=C(COC(=O)c1cccc(c1)S(=O)(=O)N2CCc3ccccc3C2)NCc4occc4,13.554296529416936,171.1654460068638,False,False,False
OC(=O)c1ccc2N[C@H]([C@H]3CC=C[C@H]3c2c1)c4ccccn4,10.48905215454521,136.96471766207097,False,False,False
CC(C)c1c(O)c(O)c(C=O)c2c(O)c(c(C)cc12)c3c(C)cc4c(C(C)C)c(O)c(O)c(C=O)c4c3O,45.62573571800363,644.8963346991123,False,False,False
CC1CCc2c(C1)sc(NC(=O)c3oc(Cn4cc(cn4)[N+](=O)[O-])cc3)c2C#N,27.17648705236101,552.2327939570063,False,False,False
Cc1[nH]c2ccc(cc2c1C)c3oc(SCC(=O)c4ccccc4F)nn3,16.43102470495537,122.88301428004851,False,False,False
COc1cc(\C=C\2/Sc3nc(nn3C2=O)c4ccncc4)ccc1OC(=O)C,24.283259477483462,157.35891228294602,False,False,False
O=C(COC(=O)c1ccccc1Oc2ccccc2)NCc3occc3,8.852814210942308,143.2207310839271,False,False,False
CCc1ccc2nc(O)c(CN(Cc3ccc4OCOc4c3)C(=O)c5occc5)cc2c1,11.641697399320162,86.88090052694997,False,False,False
CSC1=N\C(=C/c2oc(Br)cc2)\C(=O)S1,33.19404698361197,354.9166966973567,False,False,False
CC1=C(SCCC#N)S\C(=C\2/SC(=C(SCCC#N)S2)C)\S1,161.99725473104655,1147.881809082096,True,True,True
Cc1ccccc1Nc2nnc(SCC(=O)NC(=O)NCc3occc3)s2,12.234081569152787,162.70904869874872,False,False,False
O=C(CSc1n[nH]c(n1)c2occc2)Nc3sc4CCCCc4c3C(=O)Nc5ccccc5,21.11903098058162,210.85773742893116,False,False,False
CCOC(=O)C1CCCN(C1)C(=O)c2cc3ncc(Br)cn3n2,19.76646247635803,176.92037575231902,False,False,False
CCCc1cc(n2ccnc2)n3c4ccccc4nc3c1C#N,41.932052713778184,215.14148031416778,False,False,False
CC(=O)c1ccc(NCC(=O)N2CCN(CC2)c3ccccc3)cc1,11.971637764771463,76.68248157753038,False,False,False
Cc1ccc(NS(=O)(=O)c2cccc(c2)C(=O)OCC(=O)NCc3occc3)cc1,13.819407702499207,168.08486492094272,False,False,False
O=C(NCc1occc1)C2=Cc3ccccc3C(=O)O2,12.302081288199052,150.65918359194592,False,False,False
O=C(Nc1ccc2oc(nc2c1)c3ccc4ccccc4c3)c5cccs5,16.646322096182285,103.97029502813376,False,False,False
Cc1ccc(N\C=C/2\C(=O)N(C(=O)c3ccccc23)c4ccc5OCOc5c4)cc1,11.47076795001301,91.817195078049,False,False,False
Clc1cc2C(=O)c3ccccc3C(=O)c2cc1NC(=O)COC(=O)CC4CCCC4,7.122227495604705,159.3160113644667,False,False,False
COc1ccc2nc3oc(cc3cc2c1)C(=O)N4CCN(CC4)c5cccc(c5)C(F)(F)F,27.19038801045781,138.43048357156763,False,False,False
Cc1nn(c(Cl)c1\C=N\Nc2ccc(cc2[N+](=O)[O-])S(=O)(=O)Nc3ccccc3C(=O)O)c4ccccc4,44.08498202978167,601.1682600938814,False,False,False
Cc1ccc2nc(O)c(cc2c1)C3C(=C(N)Oc4c3ccc5cccnc45)C#N,26.69189181729818,379.92184031243244,False,False,False
COc1cc(NC(=O)COc2ccc(cc2)n3cnnn3)c(OC)cc1Cl,26.86778262092153,193.4913109720929,False,False,False
FC(F)(F)c1cc(nc2c(cnn12)C(=O)Nc3cnn(c3)C45CC6CC(CC(C6)C4)C5)c7occc7,61.309227465750794,633.0570569616577,False,False,False
O=S(=O)(\N=C(\Sc1ccccc1)/c2ccccc2)c3ccccc3,19.65861217310971,278.2133909760955,False,False,False
Oc1c(Cl)cc(Cl)cc1Sc2cc(Cl)cc(Cl)c2O,53.00999856307918,418.33134071248514,False,False,False
O=C(COC(=O)CCOc1ccccc1)NCc2occc2,15.949421906764076,157.9952068196929,False,False,False
OC(=O)c1cc(nc2ccc(Br)cc12)c3occc3,12.018117250992702,153.89533243825707,False,False,False
O=C(CSC1=Nc2scc(c3occc3)c2C(=O)N1c4ccccc4)NCC5CCCO5,15.722701111860648,173.9526834716329,False,False,False
Cc1occc1c2nnc3sc(nn23)c4cc(oc4C)c5ccc(Cl)cc5,39.14730241509058,205.69308222684663,False,False,False
Cc1cc(C)n2nc(SCC3=CC(=O)Oc4cc(O)ccc34)nc2n1,9.36294269872083,148.42094465606561,False,False,False
CCCCCCc1cc2C=C(C(=O)Oc2cc1O)c3oc(nn3)c4ccccc4,8.838273853326639,120.57085832533011,False,False,False
CN(c1ccccc1C(=O)O)S(=O)(=O)c2ccc3NC(=O)c4cccc2c34,14.332496834041631,201.28836136348065,False,False,False
CCOc1ccc(NC(=O)c2oc3nc4cc(OC)ccc4cc3c2)cc1,16.877710580898757,92.20616613897741,False,False,False
COc1ccccc1C(=O)Nc2nc(c(NC(=O)C)s2)c3cccs3,15.190772663421342,157.25993729498322,False,False,False
Clc1ccc(s1)S(=O)(=O)NCc2csc(n2)c3cccnc3,30.341213816315815,146.2684782362714,False,False,False
CC(Cc1ccc(O)c(O)c1)C(C)Cc2ccc(O)c(O)c2,15.108434596348923,101.55087193428196,False,False,False
COc1ccc(OC)c(c1)N2C(=O)[C@H]3ON=C([C@H]3C2=O)c4ccccc4Cl,31.440338090032935,160.35897273388696,False,False,False
CC(=O)OC1CC(C)(C)N(OC(=O)c2ccc(N)cc2)C(C)(C)C1,24.26595453578317,351.48264707458344,False,False,False
O=C(Nc1ccc2c(c1)nc3CSCCn23)c4occc4,12.569880745652343,135.04968950170814,False,False,False
COc1ccc(cc1)N2C(=Nc3sc4CN(C)CCc4c3C2=O)SCC(=O)Nc5nccs5,28.00327068058347,202.28666815593184,False,False,False
Cc1oc2c(cccc2n1)C(=O)NCc3ccccc3,12.245065143970807,58.51189316389038,False,False,False
CC(=N)\C(=C(\O)/CSc1oc(COc2ccccc2Cl)nn1)\C#N,48.009088832673456,597.9265444116695,False,False,False
COC(=O)c1oc(CSc2nc(C)nc3sc(C)c(C)c23)cc1,19.557675507746854,135.02114865543314,False,False,False
Oc1ccc2C=C(C(=O)NCc3occc3)C(=O)Oc2c1,16.556141601449436,119.21957493147656,False,False,False
CN(C)S(=O)(=O)N(CC(=O)N(Cc1ccccc1)Cc2ccccc2)c3ccccc3,15.191415613233879,255.13281400035208,False,False,False
O=C(CCCCCN1C(=S)Nc2ccccc2C1=O)N3CCC(CC3)Nc4ccccc4,44.34087510727787,153.80410615595258,False,False,False
CC(C)(C)OC(=O)[C@@H](CCC(=O)N1CCN(CC1)c2ccc(cc2)C#N)N3C(=S)Nc4ccccc4C3=O,30.125290793490308,340.42764081620373,False,False,False
O=C(CCCCCN1C(=S)Nc2ccccc2C1=O)N3CCN(CC3)c4ccccc4C#N,55.665455979477045,286.039552183812,False,False,False
Clc1cccc(c1)N2CCN(CC2)C(=O)CCCCCN3C(=S)Nc4ccccc4C3=O,38.973817922517426,249.1590241346113,False,False,False
O=C(CCCCCN1C(=S)Nc2ccccc2C1=O)N3CCN(CC3)c4ccncc4,52.03811089289258,146.14701148898538,False,False,False
O=C(CCCN1C(=S)Nc2ccccc2C1=O)N3CCC(CC3)c4ccccc4,39.928720748407656,139.25793393321254,False,False,False
O=C(CCCCCN1C(=S)Nc2ccccc2C1=O)N3CCC(CC3)N(Cc4ccccc4)c5ccccc5,46.67425538877373,172.98087546493934,False,False,False
Oc1ccccc1N2CCN(CC2)C(=O)CCCN3C(=S)Nc4ccccc4C3=O,41.319590738706204,143.99079715759106,False,False,False
Clc1ccc(cc1)N2CCN(CC2)C(=O)CCCN3C(=S)Nc4ccccc4C3=O,33.87611307435433,246.7167935294661,False,False,False
FC(F)(F)c1ccc(cc1)N2CCN(CC2)C(=O)CCCCCN3C(=S)Nc4ccccc4C3=O,50.90056852389166,186.19061211281337,False,False,False
[O-][N+](=O)c1cccc(c1)N2CCN(CC2)C(=O)CCCCCN3C(=S)Nc4ccccc4C3=O,70.37304780565115,410.04552601423404,False,False,False
COc1cc2NC(=S)N(CCCC(=O)N3CCN(CC3)c4cccc(Cl)c4)C(=O)c2cc1OC,24.47370213139811,233.83435951733543,False,False,False
OC1(CCN(CC1)C(=O)CCCCCN2C(=S)Nc3ccccc3C2=O)c4ccc(Cl)cc4,32.79862492603049,253.2051663967448,False,False,False
Oc1cccc(c1)N2CCN(CC2)C(=O)CCCN3C(=S)Nc4ccccc4C3=O,42.90356071454817,150.62725042085043,False,False,False
O=C(CCCCCN1C(=S)Nc2ccccc2C1=O)N3CCN(CC3)c4ncccn4,56.2171320654993,165.17227427396773,False,False,False
O=C(CCCN1C(=S)Nc2ccccc2C1=O)N3CCN(Cc4cccc5ccccc45)CC3,42.01261551905796,187.67006542120043,False,False,False
O=C(CCCCCN1C(=S)Nc2ccccc2C1=O)N3CCN(CC3)c4cccc(c4)C#N,54.39726660292167,269.7573306552728,False,False,False
COC(=O)c1ccc2C(=O)N(CCCC(=O)N3CCN(CC3)c4cccc(Cl)c4)C(=S)Nc2c1,25.076720266553657,219.69546589154143,False,False,False
O=C(CCCN1C(=S)Nc2ccccc2C1=O)N3CCN(CC3)c4cccc5ccccc45,41.287818055312165,186.75741235309704,False,False,False
C[C@@H]1CCCCCCCc2cc(OC(=O)C)cc(OC(=O)C)c2C(=O)O1,115.8040906253131,2000.2418944218036,True,True,True
COc1cc(\C=C\2/SC(=O)NC2=O)ccc1Oc3ccc(cc3C(F)(F)F)C#N,39.2457028492543,187.16818572744654,False,False,False
COc1cc(O)c(\C=C/C(C)(C)O)c2O[C@@H](CC(=O)c12)c3ccccc3,11.183286782387887,93.37073720232772,False,False,False
COc1cc(O)c(\C=C/C(C)(C)O)c2OC(CC(=O)c12)c3ccc(O)cc3,13.86127388424039,113.27054705887912,False,False,False
COc1cc(O)c(\C=C/C(C)(C)O)c(O)c1C(=O)\C=C\c2ccc(O)cc2,18.48281710827253,195.11125544234915,False,False,False
CC(C)[C@]1(O)CC[C@@]2(C)[C@H](O)CCC(=C)[C@@H]2[C@H]1O,46.45045861300406,321.1498882229588,False,False,False
Cn1cc(NC(=O)c2cc(NC(=O)CCS(=O)(=O)C)cn2C)cc1C(=O)NCCCC(=O)NCCCCCC[C@@H]3Cc4cc(O)ccc4[C@H]5CC[C@]6(C)[C@@H](O)CC[C@H]6[C@H]35,68.81953976981926,517.9176857734572,False,False,False
Oc1ccc(\C=C\C(=O)OCCc2ccccc2)cc1O,16.84285393298896,100.36016671482668,False,False,False
C[C@]12CC[C@H]3[C@@H](CCc4cc(OC(=O)c5ccccc5)ccc34)[C@@H]1CC[C@@H]2O,9.427620975312013,74.45680489644799,False,False,False
CC(C)(c1ccc(O)cc1)c2ccc(O)cc2,13.139578293854594,65.38726526571341,False,False,False
CCCCCCCCCc1ccc(O)cc1,26.847377269694196,87.70201795891191,False,False,False
CCCCCCCCc1ccc(O)cc1,26.40434167885431,81.27931464297151,False,False,False
C[C@]12CC[C@H]3[C@@H](CCc4cc(O)ccc34)[C@@H]1C[C@@H](O)[C@@H]2O,13.876232577660117,82.18540276501977,False,False,False
CC[C@]1(O)CC[C@H]2[C@@H]3CCC4=CCCC[C@@H]4[C@H]3CC[C@]12C,36.96635095202729,146.9331028018224,False,False,False
CCN(CC)CCOc1ccc(cc1)\C(=C(\Cl)/c2ccccc2)\c3ccccc3,13.952996391852142,120.07840145183823,False,False,False
C[C@]12Cc3cnoc3C=C1CC[C@@H]4[C@@H]2CC[C@@]5(C)[C@H]4CC[C@@]5(O)C#C,94.71126647840758,392.7866928870182,False,False,False
C[C@]12CC[C@H]3[C@@H](CCC4=CC(=O)CC[C@H]34)[C@@H]1CC[C@@]2(O)C#C,92.90824354780557,237.74333504006572,False,False,False
COc1ccc2[C@H]3CC[C@@]4(C)[C@@H](CC[C@@]4(O)C#C)[C@@H]3CCc2c1,94.02234164836747,261.7515899248715,False,False,False
C[C@]1(O)CC[C@H]2[C@@H]3CC[C@H]4Cc5n[nH]cc5C[C@]4(C)[C@H]3CC[C@]12C,59.81748609393906,335.2413873483853,False,False,False
C[C@@H]1CC2=C(CCC(=O)C2)[C@H]3CC[C@@]4(C)[C@@H](CC[C@@]4(O)C#C)[C@H]13,98.24498643926339,243.99925190884548,False,False,False
CCC1=C(c2ccc(O)cc2)c3ccc4cccc1n34,9.30984079657693,89.76447734464894,False,False,False
C[C@H]1CCN(CCOc2ccc(cc2)C(=O)c3c(sc4cc(O)ccc34)c5ccc(O)cc5)C1,15.118039693849907,86.22912165070548,False,False,False
C[C@H](COc1ccc(cc1)C(=O)c2c(sc3cc(O)ccc23)c4ccc(O)cc4)N5CCCC5,13.439860507670815,77.03870714393157,False,False,False
Cc1cccc(c1)C(=O)Oc2ccc3ccc(O)cc3c2,7.576689867941967,59.14407034618914,False,False,False
COc1ccccc1C(=O)Oc2ccc3ccc(O)cc3c2,7.952558480741011,67.8616266896117,False,False,False
Oc1cccc2c(OC(=O)\C=C\c3ccccc3)cccc12,8.788793112764905,88.92291241906423,False,False,False
Oc1cccc2c(OC(=O)c3ccc(Br)cc3)cccc12,14.531864725529786,201.07596417126004,False,False,False
Cc1cccc(c1)C(=O)Oc2cccc3c(O)cccc23,5.872227468877047,62.429202077412185,False,False,False
CCOc1ccccc1C(=O)Oc2ccc3ccc(O)cc3c2,7.860446227480485,62.50950994579894,False,False,False
Oc1ccc(cc1)C(=O)OC(c2ccccc2)c3ccccc3,6.287039853244353,86.10778618298575,False,False,False
COc1cccc(c1)C(=O)Oc2cccc(O)c2,7.8198939438048,60.0776890963024,False,False,False
Oc1ccc2ccc(OC(=O)c3ccccc3F)cc2c1,8.265225794140278,81.83615092209888,False,False,False
COc1ccccc1C(=O)Oc2cccc3c(O)cccc23,5.680558759113469,71.47499083041572,False,False,False
Oc1cccc2c(OC(=O)c3ccccc3)cccc12,5.872985050337594,77.18549063383793,False,False,False
Cc1ccc(cc1)S(=O)(=O)Oc2cccc3c(O)cccc23,9.955421723292883,125.97744000490277,False,False,False
Oc1cccc2c(OC(=O)C3CCCCC3)cccc12,5.780454998762486,79.64644534666331,False,False,False
Oc1ccc2ccc(OC(=O)c3ccccc3Cl)cc2c1,9.928912973395493,79.78032348319847,False,False,False
Cc1ccccc1S(=O)(=O)Oc2cccc3c(O)cccc23,10.129079269145384,126.19085766627627,False,False,False
Oc1cccc2c(OC(=O)c3ccccc3Cl)cccc12,9.583162413938357,81.72931506411759,False,False,False
Cc1ccccc1S(=O)(=O)Oc2ccc3ccc(O)cc3c2,7.713578909574608,130.2275667100688,False,False,False
Cc1ccccc1C(=O)Oc2cccc3c(O)cccc23,5.505220856023495,64.01337350707291,False,False,False
CC\C(=C(/c1ccccc1)\c2ccc(OCCN(C)Cc3ccc(cc3)c4cn(CCCCCC(=O)NO)nn4)cc2)\c5ccccc5,27.995525482088862,206.8273595748214,False,False,False
CC\C(=C(/c1ccccc1)\c2ccc(OCCN(C)Cc3ccc(NC(=O)CCCCCCC(=O)NO)cc3)cc2)\c4ccccc4,26.652866900538516,171.08799202746295,False,False,False
CCCCC(CCCC)(c1ccc(O)c(CC)c1)c2ccc(O)c(CC)c2,13.5654091937269,61.92038600269608,False,False,False
Cc1cc(ccc1O)C(C)(C)c2ccc(O)c(C)c2,14.425440752499306,75.55894880888854,False,False,False
Oc1ccc(cc1)C2(CCCCC2)c3ccc(O)cc3,9.242523919514518,56.998701922148015,False,False,False
CCCC(CCC)(c1ccc(O)c(CC)c1)c2ccc(O)c(CC)c2,13.874581186443297,49.59400962324244,False,False,False
CCc1cc(ccc1O)C(CC)(CC)c2ccc(O)c(CC)c2,13.83324226805289,43.842330538931506,False,False,False
Cc1cc(ccc1O)C2(CCCCC2)c3ccc(O)c(C)c3,7.4262921939701885,41.710587752185006,False,False,False
Oc1ccc(cc1)C2(CCCC2)c3ccc(O)cc3,7.3778438822787855,68.02569140433893,False,False,False
CCC(CC)(c1ccc(O)cc1)c2ccc(O)c(C)c2,13.277237575332881,37.46495608086941,False,False,False
CCCC(CCC)(c1ccc(O)cc1)c2ccc(O)cc2,12.808826111357332,43.172852788746255,False,False,False
CCC(CC)(c1ccc(N)c(C)c1)c2ccc(O)c(C)c2,15.852996768064898,186.76352625304872,False,False,False
CCC(CC)(c1ccc(O)cc1)c2ccc(O)cc2,12.928132630394638,41.088140495360285,False,False,False
Cc1cc(ccc1O)C2(CCCC2)c3ccc(O)c(C)c3,5.747355000925423,51.70091481971437,False,False,False
CCCCC(CCCC)(c1ccc(O)cc1)c2ccc(O)cc2,12.41071936754043,50.46636258076251,False,False,False
CCC(CC)(c1cc(C)c(O)c(C)c1)c2cc(C)c(O)c(C)c2,19.02424556034127,110.08709231219943,False,False,False
CCC(CC)(c1ccc(O)c(C)c1)c2ccc(O)c(C)c2,14.096747558188152,46.58512351156572,False,False,False
CCCCC(CCCC)(c1ccc(O)c(C)c1)c2ccc(O)c(C)c2,13.288648250918365,52.393440617564096,False,False,False
CCCC(CCC)(c1ccc(O)c(C)c1)c2ccc(O)c(C)c2,13.887578841889049,45.66988093705959,False,False,False
C[C@@H](N1C(=O)O[C@](Cc2ccc(F)cc2)(C(=O)NCc3ccc(Cl)c(Cl)c3)C1=O)c4ccc(F)cc4,16.063994588695035,225.29390939373775,False,False,False
COc1cc(CNC(=O)[C@@]2(Cc3ccccc3)OC(=O)N([C@@H]4CCc5ccccc45)C2=O)cc(OC)c1,13.46513169822664,120.12991687987741,False,False,False
COc1cc(ccc1O)C(=O)CCc2cc3[C@H]4CC[C@]5(C)[C@@H](O)CC[C@H]5[C@@H]4CCc3cc2OC,11.879153273331102,85.39946299051786,False,False,False
COc1cc2CC[C@@H]3[C@H](CC[C@]4(C)[C@H](CC[C@@H]34)OC(=O)C)c2cc1C=O,15.762858523990428,100.59867845089641,False,False,False
COc1ccc2[C@H]3CC[C@]4(C)[C@H](CC[C@H]4[C@@H]3CCc2c1)OC(=O)C,14.129200718839686,76.52299603287635,False,False,False
Oc1ccc(CCC(=O)c2c(O)cc(O)cc2O)cc1,17.69005713632997,191.84652653436535,False,False,False
C[C@]12CC[C@H]3[C@@H](CCc4cc(O)ccc34)[C@@H]1CC=C2CO,11.26508804092339,70.62396628746612,False,False,False
CC1C[C@H](C)C2(CC[C@H]3[C@@H]4CCc5cc(O)ccc5[C@H]4CC[C@]23C)O1,33.49712710843409,166.156243060503,False,False,False
CCCOC(=O)[C@H]1CC[C@H]2[C@@H]3CCc4cc(O)ccc4[C@H]3CC[C@]12C,10.746842637100587,66.01129937705907,False,False,False
Cc1ccc2c(C(Nc3ccc(Cl)cc3)c4ccccc4Cl)c(C)[nH]c2c1,23.56906385885019,259.8532633919444,False,False,False
CCOC(=O)COc1ccc(cc1CC2CCCCC2)c3ccc(OCCN(C)C)cc3,16.811776964165187,90.92405828828302,False,False,False
CCOC(=O)COc1ccc(cc1Cc2ccc3ccccc3c2)c4ccc(OCCN(C)C)cc4,16.125780640146548,99.4200729009616,False,False,False
CCOC(=O)COc1ccc(cc1)c2ccc(OCCN(C)C)c(Cc3ccc(cc3)c4ccccc4)c2,15.28809305690254,102.46248787619655,False,False,False
CN(C)CCOc1ccc(cc1)C23CC4CC(CC(C4)(C2)c5ccc(O)cc5)C3,47.43242742981648,406.08324703498215,False,False,False
CCOc1ccc2C(=C(CCCc2c1)c3ccccc3)c4ccc(OCCN(C)C)cc4,12.583486505021577,91.94093690776214,False,False,False
CNCCOc1ccc(cc1)C2=C(CCCc3cc(O)ccc23)c4ccccc4,8.299564609572807,94.42421551381152,False,False,False
Oc1ccc(cc1)[C@H]2[C@@H](C(=O)N2c3ccc(O)cc3)c4ccc(O)cc4,9.3436400873098,329.3873489997009,False,False,False
Oc1ccc(cc1)[C@H]2[C@@H](C(=O)N2c3ccc(O)cc3)c4ccccc4,5.178521465800737,326.8910091520648,False,False,False
Oc1ccc(cc1)[C@H]2[C@H](Oc3ccccc3)C(=O)N2c4ccc(O)cc4,12.65970387447668,317.1096383450049,False,False,False
Oc1ccc(cc1)[C@H]2[C@@H](C(=O)N2c3ccc(O)cc3)c4ccc5ccccc5c4,5.979033036753836,335.74415294075254,False,False,False
Oc1ccc(cc1)[C@@H]2N(C(=O)C2(c3ccccc3)c4ccccc4)c5ccc(O)cc5,10.747149325888724,392.2325669001864,False,False,False
COc1cc(cc(OC)c1OC)[C@H]2[C@@H](N(C2=O)c3ccc(O)cc3)c4ccc(O)cc4,8.96801824077229,343.89753587333837,False,False,False
COc1cc(cc(OC)c1OC)[C@H]2[C@@H](C(=O)N2c3ccc(O)cc3)c4ccc(O)cc4,16.049723272498237,333.94996801550985,False,False,False
COc1ccc(cc1)[C@H]2[C@H](C(O)c3ccc(O)cc3)C(=O)N2c4cc(OC)c(OC)c(OC)c4,16.145343380104876,362.5510321272913,False,False,False
Oc1ccc(cc1)[C@H]2CC(=O)N2c3ccc(O)cc3,7.326697518785053,312.73203192974034,False,False,False
OC(=O)\C=C\c1ccc(CC2=C(C(=O)Oc3cc(O)ccc23)c4ccc(F)cc4)cc1,10.886994227277539,70.27947914371575,False,False,False
OC(=O)\C=C\c1ccc(CC2=C(C(=O)Oc3cc(O)ccc23)c4cccc(OC(F)(F)F)c4)cc1,21.385394086455186,116.99016087092434,False,False,False
COc1cccc(c1)C2=C(Cc3ccc(\C=C\C(=O)O)cc3)c4ccc(O)cc4OC2=O,11.124912161635242,59.68796267300369,False,False,False
Cc1cccc(c1)C2=C(Cc3ccc(\C=C\C(=O)O)cc3)c4ccc(O)cc4OC2=O,11.204770354704204,62.372833660922595,False,False,False
OC(=O)\C=C\c1ccc(CC2=C(C(=O)Oc3cc(O)ccc23)c4ccccc4)cc1,10.884798891187886,68.04484305226023,False,False,False
CC\C(=C(/c1ccc(O)cc1)\c2ccc(\C=C\C(=O)O)cc2)\c3ccccc3,13.30321533846535,56.34612137802472,False,False,False
OC(=O)\C=C\c1ccc(CC2=C(C(=O)Oc3cc(O)ccc23)c4ccc(Cl)cc4)cc1,11.365334174937328,113.24249767228596,False,False,False
OC(=O)\C=C\c1ccc(CC2=C(C(=O)Oc3cc(O)ccc23)c4ccc(cc4)C(F)(F)F)cc1,16.98186383143354,104.49701439180768,False,False,False
COc1ccc(cc1)C2=C(Cc3ccc(\C=C\C(=O)O)cc3)c4ccc(O)cc4OC2=O,10.805106509006373,61.80697706280998,False,False,False
OC(=O)\C=C\c1ccc(CC2=C(C(=O)Oc3cc(O)ccc23)c4ccc(OC(F)(F)F)cc4)cc1,22.14260374215783,119.14377159285254,False,False,False
OC(=O)\C=C\c1ccc(CC2=C(C(=O)Oc3cc(O)ccc23)c4ccc(F)cc4F)cc1,13.904343244520867,102.08489199628036,False,False,False
OC(=O)\C=C\c1ccc(CC2=C(C(=O)Oc3cc(O)ccc23)c4ccc(F)cc4Cl)cc1,11.502123873566088,101.83942624445652,False,False,False
COc1cc(F)ccc1C2=C(Cc3ccc(\C=C\C(=O)O)cc3)c4ccc(O)cc4OC2=O,10.836244041497359,74.49443040730989,False,False,False
Cc1cc(F)ccc1C2=C(Cc3ccc(\C=C\C(=O)O)cc3)c4ccc(O)cc4OC2=O,11.708881813916742,66.70070366740609,False,False,False
Cc1cc(Cl)ccc1C2=C(Cc3ccc(\C=C\C(=O)O)cc3)c4ccc(O)cc4OC2=O,12.862784286405677,110.54318048493994,False,False,False
Cc1cc(OC(F)(F)F)ccc1C2=C(Cc3ccc(\C=C\C(=O)O)cc3)c4ccc(O)cc4OC2=O,25.018781042231044,106.13890885289845,False,False,False
Cc1cc(F)ccc1C2=C(c3ccc(\C=C\C(=O)O)cc3)c4ccc(O)cc4OC2=O,11.734419723152042,66.7816768332975,False,False,False
Cc1cc(F)ccc1C2=C(Oc3ccc(\C=C\C(=O)O)cc3)c4ccc(O)cc4OC2=O,13.546935045015347,68.73841124655627,False,False,False
Cc1cc(OC(F)(F)F)ccc1C2=C(Oc3ccc(\C=C\C(=O)O)cc3)c4ccc(O)cc4OC2=O,24.303977393469587,113.16372973098966,False,False,False
Cc1cc(F)ccc1C2=C(Nc3ccc(\C=C\C(=O)O)cc3)c4ccc(O)cc4OC2=O,13.5849786611321,77.98074071730682,False,False,False
CN(C1=C(C(=O)Oc2cc(O)ccc12)c3ccc(F)cc3C)c4ccc(\C=C\C(=O)O)cc4,10.076657311871683,71.66633400846737,False,False,False
Cc1cc(F)ccc1C2=C(Cc3ccc(\C=C\C(=O)O)cc3)c4c(F)cc(O)cc4OC2=O,17.35369159781329,90.24818093371624,False,False,False
Cc1cc(F)ccc1C2=C(Oc3ccc(\C=C\C(=O)O)cc3)c4cc(F)c(O)cc4OC2=O,13.551147282097126,110.82098035789824,False,False,False
Cc1cc(F)ccc1C2=C(Oc3ccc(\C=C\C(=O)O)cc3)c4ccc(O)c(F)c4OC2=O,13.301105560491672,112.90714899842085,False,False,False
Cc1cc2C(=C(C(=O)Oc2cc1O)c3ccc(OC(F)(F)F)cc3)Cc4ccc(\C=C\C(=O)O)cc4,23.684416946466882,104.21375596563789,False,False,False
Cc1c(O)ccc2C(=C(C(=O)Oc12)c3ccc(OC(F)(F)F)cc3)Cc4ccc(\C=C\C(=O)O)cc4,24.05091248418259,103.15160761435048,False,False,False
OC(=O)\C=C\c1ccc(CC2=C(C(=O)Oc3ccccc23)c4ccc(OC(F)(F)F)cc4)cc1,20.044523639561042,125.81302607035323,False,False,False
Cc1cc(F)ccc1C2=C(Cc3ccc(\C=C\C(=O)O)cc3)c4ccc(CO)cc4OC2=O,10.96820526749027,91.70861939420752,False,False,False
Cc1cc(F)ccc1C2=C(Cc3ccc(\C=C\C(=O)O)cc3)c4ccc(cc4OC2=O)C(F)F,76.7179316814819,296.16104040689777,False,False,False
COc1ccc2C(=C(C(=O)Oc2c1)c3ccc(OC(F)(F)F)cc3)Cc4ccc(\C=C\C(=O)O)cc4,21.133601007115043,119.21536244433048,False,False,False
OC(=O)\C=C\c1ccc(CC2=C(C(=O)Oc3cc(F)ccc23)c4ccc(OC(F)(F)F)cc4)cc1,26.661992758051337,131.80150449081063,False,False,False
Cc1cc(F)ccc1C2=C(Oc3ccc(\C=C\C(=O)O)cc3)c4ccccc4OC2=O,12.07934630439618,74.76563621071307,False,False,False
Cc1cc(OC(F)(F)F)ccc1C2=C(Oc3ccc(\C=C\C(=O)O)cc3)c4ccccc4OC2=O,21.86400939509181,116.9371947309358,False,False,False
Cc1cc(OC(F)(F)F)ccc1C2=C(Oc3ccc(\C=C\C(=O)O)cc3)c4ccc(cc4OC2=O)C(F)F,93.3792120486743,337.7570329017993,False,False,False
CCOc1ccc2C(=C(C(=O)Oc2c1)c3ccc(OC(F)(F)F)cc3C)Oc4ccc(\C=C\C(=O)O)cc4,28.435277864259398,139.9385088924068,False,False,False
Cc1cc(F)ccc1C2=C(Cc3ccc(\C=C\C(=O)O)cc3)c4ccc(N)cc4OC2=O,17.482673885060734,219.60716017956167,False,False,False
C[C@@H](N1C(=O)O[C@@](Cc2ccccc2)(C1=O)c3nc4cc(Cl)ccc4[nH]3)c5ccc(F)cc5,18.949647996892296,147.03048931863844,False,False,False
C[C@@H](N1C(=O)O[C@@](Cc2ccccc2)(C1=O)c3nc4cc(ccc4[nH]3)C(F)(F)F)c5ccc(F)cc5,41.51369025851909,160.95968732260894,False,False,False
C[C@@H](N1C(=O)O[C@@](Cc2ccccc2)(C1=O)c3nc4cc(NS(=O)(=O)C)ccc4[nH]3)c5ccc(F)cc5,22.564560078648082,153.9561353836084,False,False,False
C[C@@H](N1C(=O)O[C@@](Cc2ccccc2)(C1=O)c3nc4cc(ccc4[nH]3)c5cc[nH]n5)c6ccc(F)cc6,35.87806435659277,210.99397695837246,False,False,False
C[C@@H](N1C(=O)O[C@@](Cc2ccccc2)(C1=O)c3nc4cc(ccc4[nH]3)c5conc5C)c6ccc(F)cc6,23.808989177080445,135.00928879919147,False,False,False
C[C@@H](N1C(=O)O[C@@](Cc2ccccc2)(C1=O)c3nc4cc(ccc4[nH]3)N5CCOCC5)c6ccc(F)cc6,22.020162308195168,112.35958834207693,False,False,False
C[C@@H](N1C(=O)O[C@@](Cc2ccccc2)(C1=O)c3nc4cc(ccc4[nH]3)c5cccnc5)c6ccc(F)cc6,26.156448828301304,134.37544133581522,False,False,False
CC\C(=C(\c1ccc(\C=C\C(=O)O)cc1)/c2ccc3[nH]ncc3c2)\c4ccc(F)cc4Cl,21.472814716025493,124.81053952783064,False,False,False
CCCCCCNCCOc1ccc(cc1)\C(=C(\CC)/c2ccccc2)\c3ccc(O)cc3,11.673874059602197,70.13386900543713,False,False,False
CCCCCCCCNCCOc1ccc(cc1)\C(=C(\CC)/c2ccccc2)\c3ccc(O)cc3,14.09977096441795,78.15881191543792,False,False,False
CCCCCCCCCCNCCOc1ccc(cc1)\C(=C(\CC)/c2ccccc2)\c3ccc(O)cc3,17.06656409510612,92.36209247989507,False,False,False
CCCCCCCCCCCCNCCOc1ccc(cc1)\C(=C(\CC)/c2ccccc2)\c3ccc(O)cc3,20.56290925274383,112.87622954187052,False,False,False
CCCCCCCCCCCCCCNCCOc1ccc(cc1)\C(=C(\CC)/c2ccccc2)\c3ccc(O)cc3,24.572660608493955,139.83640014377855,False,False,False
CCCCCCCCCCCCCCCCNCCOc1ccc(cc1)\C(=C(\CC)/c2ccccc2)\c3ccc(O)cc3,29.08773236745158,173.39612115119627,False,False,False
CCCCCCCCCCCCCCCCCCNCCOc1ccc(cc1)\C(=C(\CC)/c2ccccc2)\c3ccc(O)cc3,34.09870897600557,213.72363340688003,False,False,False
CC\C(=C(/c1ccc(O)cc1)\c2ccc(OCCNCCCCCCCCCCO)cc2)\c3ccccc3,18.268390472953627,103.08173613289591,False,False,False
CC\C(=C(/c1ccc(O)cc1)\c2ccc(OCCNCCCCCCCCCCF)cc2)\c3ccccc3,38.65819935150258,197.29912080086308,False,False,False
Oc1ccc(cc1)C2=C([C@H]3O[C@@H]2C[C@@H]3S(=O)(=O)Oc4ccccc4)c5ccc(O)cc5,9.92643195759328,142.5790149684667,False,False,False
COC(=O)CCCCCCC(=O)Nc1ccc(OS(=O)(=O)C2CC3OC2C(=C3c4ccc(O)cc4)c5ccc(O)cc5)cc1,17.55894183600999,171.30757132199872,False,False,False
OC(=O)CCCCCCC(=O)Nc1ccc(OS(=O)(=O)C2CC3OC2C(=C3c4ccc(O)cc4)c5ccc(O)cc5)cc1,24.401803528563327,186.36830893556507,False,False,False
OC(=O)CCCCCCC(=O)Nc1ccc(cc1)C2=C(C3CC(C2O3)S(=O)(=O)Oc4ccccc4)c5ccc(O)cc5,18.10034588241127,172.83140296827952,False,False,False
Cc1ccc(OS(=O)(=O)C2CC3OC2C(=C3c4ccc(O)cc4)c5ccc(NC(=O)CCCCCCC(=O)O)cc5)cc1,18.080193116019217,161.98299574287273,False,False,False
COc1ccc(OS(=O)(=O)C2CC3OC2C(=C3c4ccc(O)cc4)c5ccc(NC(=O)CCCCCCC(=O)O)cc5)cc1,18.129850737020078,174.62203013620135,False,False,False
Cc1ccccc1OS(=O)(=O)C2CC3OC2C(=C3c4ccc(O)cc4)c5ccc(NC(=O)CCCCCCC(=O)O)cc5,18.184355955818454,161.4555225737726,False,False,False
OC(=O)CCCCCCC(=O)Nc1ccc(cc1)C2=C(C3CC(C2O3)S(=O)(=O)Oc4ccccc4O)c5ccc(O)cc5,27.897815588893657,195.0194864489501,False,False,False
OC(=O)CCCCCCC(=O)Nc1ccc(cc1)C2=C(C3CC(C2O3)S(=O)(=O)Oc4ccc(Br)cc4)c5ccc(O)cc5,23.21029747549632,235.96271822770473,False,False,False
OC(=O)CCCCCCC(=O)Nc1ccc(cc1)C2=C(C3CC(C2O3)S(=O)(=O)Oc4ccc(cc4)C(F)(F)F)c5ccc(O)cc5,30.93522378739302,193.27336976113367,False,False,False
OC(=O)CCCCCCC(=O)Nc1ccc(cc1)C2=C(C3CC(C2O3)S(=O)(=O)Oc4ccccc4C(F)(F)F)c5ccc(O)cc5,33.31440013052477,206.3589973145578,False,False,False
OC(=O)CCCCCCC(=O)Nc1ccc(cc1)C2=C(C3CC(C2O3)S(=O)(=O)Oc4cccc5ccccc45)c6ccc(O)cc6,19.63682893337495,182.5053540597383,False,False,False
OC(=O)CCCCCCC(=O)Nc1ccc(cc1)C2=C(C3CC(C2O3)S(=O)(=O)Oc4ccc5ccccc5c4)c6ccc(O)cc6,19.544044843734774,184.48293639307713,False,False,False
ONC(=O)CCCCCCC(=O)Nc1ccc(cc1)C2=C(C3CC(C2O3)S(=O)(=O)Oc4ccc5ccccc5c4)c6ccc(O)cc6,27.657840095045895,233.40424474421735,False,False,False
CC[C@H](C)[C@@H]1NC(=O)[C@@H](CSSC[C@H](NC(=O)[C@H](CC(C)C)NC1=O)C(=O)N[C@@H](CCCNC(=N)N)C(=O)N[C@@H](CC(C)C)C(=O)N[C@@H](CC(C)C)C(=O)N[C@@H](CCC(=O)N)C(=O)NCC(=O)NCC(=O)NCC(=O)N[C@@H](CCCNC(=N)N)C(=O)N[C@@H](CCCNC(=N)N)C(=O)N[C@@H](CCCNC(=N)N)C(=O)N[C@@H](CCCNC(=N)N)C(=O)N[C@@H](CCCNC(=N)N)C(=O)N[C@@H](CCCNC(=N)N)C(=O)N[C@@H](CCCNC(=N)N)C(=O)N)NC(=O)[C@@H](N)CCCCN,1063.8607880373902,3176.2517504481048,True,True,True
CC[C@H](C)[C@@H]1NC(=O)[C@@H](C\C=C/C[C@H](NC(=O)[C@H](CC(C)C)NC1=O)C(=O)N[C@@H](CCCNC(=N)N)C(=O)NC(CC(C)(C)C)C(=O)N[C@@H](CC(C)C)C(=O)N[C@@H](CCC(=O)N)C(=O)N)NC(=O)[C@@H](N)CCCNC(=N)N,191.9699616588156,570.594540968526,True,False,True
CC[C@H](C)[C@@H]1NC(=O)[C@@H](C\C=C\C[C@H](NC(=O)[C@H](CC(C)C)NC1=O)C(=O)N[C@@H](CCCNC(=N)N)C(=O)NC(CC(C)(C)C)C(=O)N[C@@H](CC(C)C)C(=O)N[C@@H](CCC(=O)N)C(=O)N)NC(=O)[C@@H](N)CCCNC(=N)N,191.9699616588156,570.594540968526,True,False,True
CC[C@H](C)[C@H](NC(=O)C(CC)NC(=O)[C@@H](N)CCCNC(=N)N)C(=O)N[C@@H](CC(C)C)C(=O)NC(CC)C(=O)N[C@@H](CCCNC(=N)N)C(=O)NC(CC(C)(C)C)C(=O)N[C@@H](CC(C)C)C(=O)NCC(=O)N,152.88575243448125,539.7694200445593,True,False,True
CC[C@H](C)[C@H](NC(=O)[C@H](Cc1cnc[nH]1)NC(=O)[C@@H](N)CCCNC(=N)N)C(=O)N[C@@H](CC(C)C)C(=O)NC(CC)C(=O)N[C@@H](CCCNC(=N)N)C(=O)NC(CC(C)(C)C)C(=O)N[C@@H](CC(C)C)C(=O)N[C@@H](CCC(=O)N)C(=O)N,191.98353615051812,619.0735661713709,True,False,True
CC[C@H](C)[C@@H]1NC(=O)[C@@H](CSSC[C@H](NC(=O)[C@H](CC(C)C)NC1=O)C(=O)N[C@@H](CCCNC(=N)N)C(=O)NC(CC(C)(C)C)C(=O)N[C@@H](CC(C)C)C(=O)N[C@@H](CCC(=O)N)C(=O)N)NC(=O)[C@@H](N)CCCNC(=N)N,191.65424023690886,590.4540677984546,True,False,True
CC[C@H](C)[C@@H]1NC(=O)[C@@H](CSSC[C@H](NC(=O)[C@H](CC(C)C)NC1=O)C(=O)N[C@@H](CCCNC(=N)N)C(=O)N[C@@H](CC(C)C)C(=O)N[C@@H](CC(C)C)C(=O)N[C@@H](CCC(=O)N)C(=O)N)NC(=O)[C@@H](N)CCCCN,152.78281718447286,663.7047992099419,True,False,True
C[C@@H]1Cc2c([nH]c3ccccc23)[C@H](N1CC(C)(C)F)c4c(F)cc(\C=C\C(=O)O)cc4F,32.07397169706445,189.98428348855936,False,False,False
C[C@@H]1Cc2c([nH]c3ccccc23)[C@H](N1CC(C)(C)F)c4ccc(\C=C\C(=O)O)cc4,14.829395960351825,128.35463435279436,False,False,False
CC(C)CN1[C@H](C)Cc2c([nH]c3ccccc23)[C@H]1c4c(F)cc(\C=C\C(=O)O)cc4F,28.465586922030113,195.2552086642499,False,False,False
CC(C)CN1[C@H](C)Cc2c([nH]c3ccccc23)[C@H]1c4ccc(\C=C\C(=O)O)cc4,14.812229398319607,133.40897960539598,False,False,False
C[C@@H](CO)CN1[C@H](C)Cc2c([nH]c3ccccc23)[C@H]1c4ccc(\C=C\C(=O)O)cc4,12.31225182564597,135.33822333638088,False,False,False
C[C@H](CO)CN1[C@H](C)Cc2c([nH]c3ccccc23)[C@H]1c4ccc(\C=C\C(=O)O)cc4,12.31225182564597,135.33822333638088,False,False,False
C[C@@H]1Cc2c([nH]c3ccccc23)[C@H](N1CCO)c4ccc(\C=C\C(=O)O)cc4,15.270323269875005,129.67381733572665,False,False,False
C[C@@H](CN1[C@H](C)Cc2c([nH]c3ccccc23)[C@H]1c4ccc(Cl)cc4)C(=O)O,13.477973830953795,165.51186121254773,False,False,False
C[C@@H]1Cc2c([nH]c3ccc(O)cc23)[C@H](N1CCO)c4ccc(Cl)cc4,14.991058542586224,135.7695911385272,False,False,False
C[C@@H]1Cc2c([nH]c3ccccc23)[C@H](N1CCC(=O)O)c4ccc(Cl)cc4,16.10914668190183,162.54572537326197,False,False,False
C[C@@H]1Cc2c([nH]c3ccccc23)[C@H](N1CCO)c4ccc(Cl)cc4,19.34888401934367,143.28024786093027,False,False,False
OC(=O)CCN1CCc2c([nH]c3ccccc23)C1c4ccc(Cl)cc4,17.790002700580736,168.2104030943477,False,False,False
OCCN1CCc2c([nH]c3ccccc23)C1c4ccc(Cl)cc4,18.533980869692947,152.02423018850493,False,False,False
CCN(Cc1ccc(cc1)C(=O)N2CCc3ccc(OS(=O)(=O)N)cc3C2)Cc4ccccn4,7.156375150963135,379.3017867785915,False,False,False
CCN(Cc1ccc(cc1)C(=O)N2CCc3ccc(O)cc3C2)Cc4ccccn4,3.433545440301944,93.44601465666099,False,False,False
Oc1cc(Cc2ccccc2)c3CC(C(=O)Oc3c1)c4ccc(Cl)cc4,5.750164271959344,106.19435927019106,False,False,False
CCCCCC(O)[C@@H]1C2CC3=C(COC(=C3)\C=C\C)C(=O)[C@]2(C)OC1=O,20.626807842747255,161.76489287344873,False,False,False
CCCCN(C)C(=O)CCCCCCCCCC[C@@H]1Cc2cc(O)ccc2[C@H]3CC[C@]4(C)[C@@H](O)CC[C@H]4[C@H]13,15.347020488359272,150.6956774208029,False,False,False
CC\C(=C(/c1ccccc1)\c2ccc(OCCN(C)C)cc2)\c3ccc(O)cc3,7.399359681840588,41.27102735940952,False,False,False
C[C@]12CC[C@H]3[C@@H]([C@H](CCCCCCCCCCC(=O)NO)Cc4cc(O)ccc34)[C@@H]1CC[C@@H]2O,25.524053138829064,233.78542705015244,False,False,False
C[C@]12CC[C@H]3[C@@H]([C@H](CCCCCCCCCCC(=O)Nc4ccccc4N)Cc5cc(O)ccc35)[C@@H]1CC[C@@H]2O,17.957298886444338,346.0010005761671,False,False,False
CCCCN(O)C(=O)CCCCCCCCCC[C@@H]1Cc2cc(O)ccc2[C@H]3CC[C@]4(C)[C@@H](O)CC[C@H]4[C@H]13,17.942788138436715,181.24225245622853,False,False,False
CCCCN(O)C(=O)c1cccc(NC(=O)CCCCCS[C@@H]2Cc3cc(O)ccc3[C@H]4CC[C@]5(C)[C@@H](O)CC[C@H]5[C@H]24)c1,16.638557603454014,195.72779405138454,False,False,False
CN(C)CCOc1ccc(cc1)\C(=C(/C)\c2ccccc2)\c3ccc(O)cc3,6.713380006223474,45.085366172756764,False,False,False
C\C(=C(\c1ccc(O)cc1)/c2ccc(OCCN3CCCC3)cc2)\c4ccccc4,6.924064143758086,46.77980557755552,False,False,False
C\C(=C(\c1ccc(O)cc1)/c2ccc(OCCN3CCCCC3)cc2)\c4ccccc4,5.682278033452816,37.4112451006255,False,False,False
CN(C)CCOc1ccc(cc1)\C(=C(\C)/c2ccccc2)\c3ccc(OC(=O)C)cc3,13.091119770025855,76.7957919729634,False,False,False
CCCC(=O)Oc1ccc(cc1)\C(=C(\C)/c2ccccc2)\c3ccc(OCCN(C)C)cc3,12.362044505783205,79.9443961333139,False,False,False
CCCCCCCCCC(=O)Oc1ccc(cc1)\C(=C(\C)/c2ccccc2)\c3ccc(OCCN(C)C)cc3,15.199253648530728,103.48045020995114,False,False,False
CC(=O)Oc1ccc(cc1)\C(=C(\C)/c2ccccc2)\c3ccc(OCCN4CCCC4)cc3,9.003880220025874,75.44456616430924,False,False,False
CCCC(=O)Oc1ccc(cc1)\C(=C(\C)/c2ccccc2)\c3ccc(OCCN4CCCC4)cc3,8.829502305152985,84.62017313464293,False,False,False
CCCCCCCCCC(=O)Oc1ccc(cc1)\C(=C(\C)/c2ccccc2)\c3ccc(OCCN4CCCC4)cc3,14.195543405530422,117.80806565770095,False,False,False
CC(=O)Oc1ccc(cc1)\C(=C(\C)/c2ccccc2)\c3ccc(OCCN4CCCCC4)cc3,9.785733815845521,68.20379456642014,False,False,False
CCCC(=O)Oc1ccc(cc1)\C(=C(\C)/c2ccccc2)\c3ccc(OCCN4CCCCC4)cc3,9.872436805456049,77.43308216105447,False,False,False
CCCCCCCCCC(=O)Oc1ccc(cc1)\C(=C(\C)/c2ccccc2)\c3ccc(OCCN4CCCCC4)cc3,15.986310622324922,112.97809958067351,False,False,False
CC(C)CN1CCc2cc(O)ccc2[C@]1(C)c3ccc(\C=C\C(=O)O)cc3,10.797889752644036,64.604158892738,False,False,False
CC(C)(F)CN1[C@H](c2ccc(\C=C\C(=O)O)cc2)c3ccc(O)cc3CC1(C)C,22.323791582607488,142.23959119638252,False,False,False
C[C@H](CF)CN1[C@@H](c2ccc(O)cc2CC1(C)C)c3c(F)cc(\C=C\C(=O)O)cc3F,43.69115530502354,232.1547888456904,False,False,False
C[C@H](CF)CN1[C@H](c2ccc(\C=C\C(=O)O)cc2)c3ccc(O)cc3CC1(C)C,31.98993420737255,163.23465578510357,False,False,False
COC[C@H](C)CN1[C@@H](c2ccc(O)cc2CC1(C)C)c3c(F)cc(\C=C\C(=O)O)cc3F,21.226261659062672,150.61728290301102,False,False,False
CC(C)CN1[C@@H](c2ccc(O)cc2CC1(C)C)c3c(F)cc(\C=C\C(=O)O)cc3F,23.51660671829619,162.91721198232074,False,False,False
C[C@@H]1Cc2cc(O)ccc2[C@H](N1c3ccc(OC(F)(F)F)cc3)c4ccc(\C=C\C(=O)O)cc4,22.250394738122953,89.47416946400489,False,False,False
C[C@@H]1Cc2cc(O)ccc2[C@H](N1CC(C)(C)F)c3c(F)cc(\C=C\C(=O)O)cc3F,27.789324361992694,157.76987273855497,False,False,False
C[C@H](CF)CN1[C@H](C)Cc2cc(O)ccc2[C@H]1c3c(F)cc(\C=C\C(=O)O)cc3F,42.88847761202705,239.40459813636306,False,False,False
C[C@H](CF)CN1[C@H](C)Cc2cc(O)ccc2[C@H]1c3ccc(\C=C\C(=O)O)cc3,28.702549839805823,169.54144380294787,False,False,False
COC[C@H](C)CN1[C@H](C)Cc2cc(O)ccc2[C@H]1c3c(F)cc(\C=C\C(=O)O)cc3F,19.687605031896506,146.44377261757944,False,False,False
COC[C@H](C)CN1[C@H](C)Cc2cc(O)ccc2[C@H]1c3ccc(\C=C\C(=O)O)cc3,8.841419948529786,63.79985914845939,False,False,False
COc1ccc2[C@H](N(CC(C)C)[C@H](C)Cc2c1)c3ccc(\C=C\C(=O)O)cc3,16.109832294108553,71.95562619424784,False,False,False
CC(C)CN1[C@H](C)Cc2ccccc2[C@H]1c3ccc(\C=C\C(=O)O)cc3,16.466231165248818,72.58525204790524,False,False,False
CC(C)CN1CCc2cc(O)c(C)cc2[C@H]1c3ccc(\C=C\C(=O)O)cc3,9.736588833711403,68.95474515466685,False,False,False
CC(C)CN1CCc2c(C)c(O)ccc2[C@H]1c3ccc(\C=C\C(=O)O)cc3,9.62127967231737,67.84242858997374,False,False,False
CC(C)CN1[C@H](c2ccc(\C=C\C(=O)O)cc2)c3ccc(O)cc3CC1(C)C,14.25572086392214,77.98557909279897,False,False,False
CC(C)CN1[C@H](C)Cc2cc(O)ccc2[C@@]1(C)c3ccc(\C=C\C(=O)O)cc3,13.496613718675809,71.50189704137449,False,False,False
CC(C)CN1[C@H](C)Cc2cc(O)ccc2[C@H]1c3ccc(\C=C\C(=O)O)cc3,10.60467440376742,65.31231299676588,False,False,False
CC(C)CN1CCc2cc(O)ccc2[C@@]1(C)c3ccc(\C=C\C(=O)O)cc3,10.797889752644036,64.604158892738,False,False,False
CC(C)CN1CCc2cc(O)ccc2[C@@H]1c3ccc(\C=C\C(=O)O)cc3,9.368767618700982,62.90007901398994,False,False,False
CC(C)CN1CCc2cc(O)ccc2[C@H]1c3ccc(\C=C\C(=O)O)cc3,9.368767618700982,62.90007901398994,False,False,False
OC(=O)\C=C\c1ccc(cc1)C2N(CCc3cc(O)ccc23)c4ccc(OC(F)(F)F)cc4,21.495963189918488,103.23124130424026,False,False,False
OC(=O)\C=C\c1ccc(cc1)C2N(Cc3ccccc3)CCc4cc(O)ccc24,9.230093192626862,63.71450613210132,False,False,False
OC(=O)\C=C\c1ccc(cc1)C2N(CCc3cc(O)ccc23)c4ccccc4,9.618116727996087,61.062243315628166,False,False,False
CC(C)CN1[C@@H](c2ccc(\C=C\C(=O)O)cc2)c3ccc(O)cc3CC1(C)C,14.25572086392214,77.98557909279897,False,False,False
CCCCCCNCCOc1ccc(cc1)C(=O)c2c(sc3cc(O)ccc23)c4ccc(O)cc4,16.764437676218197,86.67644352712568,False,False,False
CCCCCCCCNCCOc1ccc(cc1)C(=O)c2c(sc3cc(O)ccc23)c4ccc(O)cc4,21.083773648549744,104.28134412917048,False,False,False
CCCCCCCCCCNCCOc1ccc(cc1)C(=O)c2c(sc3cc(O)ccc23)c4ccc(O)cc4,24.04040059121565,116.22802131951985,False,False,False
CCCCCCCCCCCCNCCOc1ccc(cc1)C(=O)c2c(sc3cc(O)ccc23)c4ccc(O)cc4,27.555530225755316,134.076428977967,False,False,False
CCCCCCCCCCCCCCNCCOc1ccc(cc1)C(=O)c2c(sc3cc(O)ccc23)c4ccc(O)cc4,31.605874025772483,158.02425014991985,False,False,False
CCCCCCCCCCCCCCCCNCCOc1ccc(cc1)C(=O)c2c(sc3cc(O)ccc23)c4ccc(O)cc4,36.169633096247594,188.28818646516868,False,False,False
CCCCCCCCCCCCCCCCCCNCCOc1ccc(cc1)C(=O)c2c(sc3cc(O)ccc23)c4ccc(O)cc4,41.23112875694118,225.08133662700232,False,False,False
CCc1ccc2c(c1)C(Cc3cc(O)cc(C)c23)c4ccc(OCCN5CCOCC5)cc4,4.776540920893697,51.990512896934504,False,False,False
CNCCCCCCCCCCCCn1c(c(C)c2cc(O)ccc12)c3ccc(O)cc3,15.92417085276757,137.87357720462592,False,False,False
Cc1c(c2ccc(O)cc2)n(CCCCn3c(c(C)c4cc(O)ccc34)c5ccc(O)cc5)c6ccc(O)cc16,36.78901903407175,135.1869883824154,False,False,False
COc1ccc(\C=C(\C(=O)N(C)CCCCCCCCCCCCn2c(c(C)c3cc(O)ccc23)c4ccc(O)cc4)/c5cc(OC)c(OC)c(OC)c5)cc1O,27.4047389317863,341.72469661823175,False,False,False
CN1CCN(CCOc2ccc(cc2)N3C(=O)c4cc(O)ccc4C5=C3c6ccc(O)cc6C5=O)CC1,31.820344290284883,171.21251319706607,False,False,False
Oc1ccc2C3=C(N(C(=O)c2c1)c4ccc(OCCN5CCOCC5)cc4)c6ccc(O)cc6C3=O,9.38279908407118,107.21989686939814,False,False,False
Oc1ccc2C3=C(N(C(=O)c2c1)c4ccc(OCCN5CCCCC5)cc4)c6ccc(O)cc6C3=O,12.020080466399362,98.68382926426389,False,False,False
Oc1ccc2C3=C(N(C(=O)c2c1)c4ccc(OCCN5CCCC5)cc4)c6ccc(O)cc6C3=O,11.654822887930322,104.81067335871151,False,False,False
CCN(CC)CCOc1ccc(cc1)N2C(=O)c3cc(O)ccc3C4=C2c5ccc(O)cc5C4=O,10.19928825796083,112.38902662455428,False,False,False
CN(C)CCOc1ccc(cc1)N2C(=O)c3cc(O)ccc3C4=C2c5ccc(O)cc5C4=O,12.847314020095677,115.58532466276931,False,False,False
COc1ccc2C3=C(N(C(=O)c2c1)c4ccc(OCCCN5CCN(C)CC5)cc4)c6ccc(OC)cc6C3=O,30.212773365103633,157.0302961688363,False,False,False
COc1ccc2C3=C(N(C(=O)c2c1)c4ccc(OCCCN5CCCCC5)cc4)c6ccc(OC)cc6C3=O,29.320827471740383,134.24871109841615,False,False,False
COc1ccc2C3=C(N(C(=O)c2c1)c4ccc(OCCCN5CCCC5)cc4)c6ccc(OC)cc6C3=O,26.281273999666222,133.44396939404464,False,False,False
CCN(CC)CCCOc1ccc(cc1)N2C(=O)c3cc(OC)ccc3C4=C2c5ccc(OC)cc5C4=O,13.667971469792619,107.92098826723927,False,False,False
COc1ccc2C3=C(N(C(=O)c2c1)c4ccc(OCCCN(C)C)cc4)c5ccc(OC)cc5C3=O,25.75088781574518,129.7186986509028,False,False,False
COc1ccc2C3=C(N(C(=O)c2c1)c4ccc(OCCN5CCN(C)CC5)cc4)c6ccc(OC)cc6C3=O,31.13646639702844,160.19297001400503,False,False,False
COc1ccc2C3=C(N(C(=O)c2c1)c4ccc(OCCN5CCCCC5)cc4)c6ccc(OC)cc6C3=O,14.04572660030785,95.70032574568071,False,False,False
COc1ccc2C3=C(N(C(=O)c2c1)c4ccc(OCCN5CCCC5)cc4)c6ccc(OC)cc6C3=O,26.29090248110987,130.26218177556024,False,False,False
CCN(CC)CCOc1ccc(cc1)N2C(=O)c3cc(OC)ccc3C4=C2c5ccc(OC)cc5C4=O,26.0131064823188,132.40867119849233,False,False,False
COc1ccc2C3=C(N(C(=O)c2c1)c4ccc(OCCN(C)C)cc4)c5ccc(OC)cc5C3=O,25.719258827283568,130.6686094633563,False,False,False
CCN(CC)CCOc1ccc(cc1)\C(=C(\CCCO)/c2ccccc2)\c3ccc(O)cc3,6.360850215003615,62.02718680068388,False,False,False
CN(C)CCCOc1ccc(cc1)\C(=C(\CCCO)/c2ccccc2)\c3ccc(O)cc3,7.437249151061309,60.96383320158685,False,False,False
CNCCOc1ccc(cc1)\C(=C(\CCCO)/c2ccccc2)\c3ccc(O)cc3,8.07424833069556,84.78537991643918,False,False,False
CN(C)CCOc1ccc(cc1)\C(=C(\CCCF)/c2ccccc2)\c3ccc(O)cc3,33.34601233558238,162.18936400852164,False,False,False
CN(C)CCOc1ccc(cc1)\C(=C(\CCC(F)F)/c2ccccc2)\c3ccc(O)cc3,56.82999192085594,279.9852054227101,False,False,False
N#C\C(=C(/c1ccccc1)\c2ccc(OCCN3CCOCC3)cc2)\c4ccccc4,24.21028829446905,153.2521053043807,False,False,False
N#C\C(=C(\c1ccccc1)/c2ccc(OCCN3CCOCC3)cc2)\c4ccccc4,24.21028829446905,153.2521053043807,False,False,False
CN(C)CCOc1ccc(cc1)C(=C(C#N)c2ccccc2)c3ccccc3,20.288177450222875,157.23863405466952,False,False,False
N#CC(=C(c1ccc(OCCN2CCOCC2)cc1)c3ccc(OCCN4CCOCC4)cc3)c5ccccc5,39.16852406595524,196.91325149738623,False,False,False
CC\C(=C(/c1ccccc1)\c2ccc(\C=C\C(=O)O)cc2)\c3ccc(O)cc3,13.53052937607856,56.5797247667204,False,False,False
Cc1c(c2ccc3OCOc3c2)n(Cc4ccc(OCCN5CCCCC5)cc4)c6ccc(O)cc16,8.689650653530766,81.7966583124763,False,False,False
CC(C)Oc1ccc(cc1)c2c(C)c3cc(O)ccc3n2Cc4ccc(OC5C=CC=C5)cc4,13.76841825383119,148.51676849747787,False,False,False
Cc1c(c2ccccc2)n(Cc3ccc(OCCN4CCCCC4)cc3)c5ccccc15,11.794516704279905,95.02195487822732,False,False,False
Cc1c(c2ccc(O)cc2)n(Cc3ccc(OCCN4CCCCC4)cc3)c5ccccc15,7.491947788879853,55.942030547351294,False,False,False
Cc1c(c2ccccc2)n(Cc3ccc(OCCN4CCCCC4)cc3)c5ccc(O)cc15,7.195590089785853,52.35158139512802,False,False,False
COc1ccc2c(c1)c(C)c(c3ccc(O)cc3)n2Cc4ccc(OCCN5CCCCC5)cc4,7.299237469461108,53.4833343290041,False,False,False
COc1ccc(cc1)c2c(C)c3cc(O)ccc3n2Cc4ccc(OCCN5CCCCC5)cc4,6.969239868955505,50.682714243690164,False,False,False
COc1ccc(cc1)c2c(C)c3cc(OC)ccc3n2Cc4ccc(OCCN5CCCCC5)cc4,13.403519981999548,90.0825089507046,False,False,False
COc1ccc(cc1)c2c(C)c3cc(OC)ccc3n2Cc4ccc(OCCN5CCCCCC5)cc4,13.7260664900331,111.7461624285167,False,False,False
CCOc1ccc(cc1)c2c(C)c3cc(O)ccc3n2Cc4ccc(OCCN5CCCCC5)cc4,7.174988569814826,53.20664588089059,False,False,False
CCOc1ccc(cc1)c2c(C)c3cc(O)ccc3n2Cc4ccc(OCCN5CCCCCC5)cc4,8.544468716359646,81.32823583232255,False,False,False
Cc1c(c2ccc(O)cc2)n(Cc3ccc(OCCN4CCCCC4)cc3)c5ccc(F)cc15,5.998653892230792,78.63049303539408,False,False,False
Cc1c(c2ccc(O)cc2)n(Cc3ccc(OCCN4CCCCCCC4)cc3)c5ccc(O)cc15,13.217641828747205,555.7647372730554,False,False,False
CN(C)CCOc1ccc(Cn2c(c(C)c3cc(O)ccc23)c4ccc(O)cc4)cc1,8.660110573125898,53.969966926349024,False,False,False
CCN(CC)CCOc1ccc(Cn2c(c(C)c3cc(O)ccc23)c4ccc(O)cc4)cc1,8.161079876288102,55.8088129901527,False,False,False
CCCN(CCC)CCOc1ccc(Cn2c(c(C)c3cc(O)ccc23)c4ccc(O)cc4)cc1,7.850620756749364,58.92290068373792,False,False,False
CCCCN(CCCC)CCOc1ccc(Cn2c(c(C)c3cc(O)ccc23)c4ccc(O)cc4)cc1,8.54494817669933,74.27590198283063,False,False,False
CC(C)N(CCOc1ccc(Cn2c(c(C)c3cc(O)ccc23)c4ccc(O)cc4)cc1)C(C)C,12.748596343886167,84.7430805196629,False,False,False
CCCCN(C)CCOc1ccc(Cn2c(c(C)c3cc(O)ccc23)c4ccc(O)cc4)cc1,7.899046854680784,54.50942721941641,False,False,False
Cc1c(c2ccc(O)cc2)n(Cc3ccc(OCC[N+](C)(C)C)cc3)c4ccc(O)cc14,103.9122951774794,7551.20456130037,True,True,True
CC1CCCCN1CCOc2ccc(Cn3c(c(C)c4cc(O)ccc34)c5ccc(O)cc5)cc2,6.52958301765311,55.79653237905679,False,False,False
CC1CCCN(CCOc2ccc(Cn3c(c(C)c4cc(O)ccc34)c5ccc(O)cc5)cc2)C1,7.40500653195387,60.238780382285015,False,False,False
CC1CCN(CCOc2ccc(Cn3c(c(C)c4cc(O)ccc34)c5ccc(O)cc5)cc2)CC1,7.285109233376542,62.481604606532414,False,False,False
Cc1c(c2ccc(O)cc2)n(Cc3ccc(OCCN4CCCC(C)(C)C4)cc3)c5ccc(O)cc15,12.144699466597439,129.8189719489626,False,False,False
C[C@@H]1CCC[C@H](C)N1CCOc2ccc(Cn3c(c(C)c4cc(O)ccc34)c5ccc(O)cc5)cc2,8.509490787363179,61.05060709422397,False,False,False
Cc1c(c2ccc(O)cc2)n(Cc3ccc(OCCN4CCC(O)CC4)cc3)c5ccc(O)cc15,6.652418803591627,62.16359573855701,False,False,False
Cc1c(c2ccc(O)cc2)n(Cc3ccc(OCCN4CC5CCC4C5)cc3)c6ccc(O)cc16,12.747995686933757,109.74811997027342,False,False,False
Cc1c(c2ccc(O)cc2)n(Cc3ccc(OCCN4CC5(C)CC4C(C)(C)C5)cc3)c6ccc(O)cc16,23.22739026917581,283.2731749320782,False,False,False
Cc1c(c2ccc(F)cc2)n(Cc3ccc(OCCN4CCCCC4)cc3)c5ccc(O)cc15,6.369377532574414,74.01790144564566,False,False,False
Cc1c(c2ccc(F)cc2)n(Cc3ccc(OCCN4CCCCCC4)cc3)c5ccc(O)cc15,7.272145442297045,98.428693450595,False,False,False
CC(C)Oc1ccc(cc1)c2c(C)c3cc(O)ccc3n2Cc4ccc(OCCN5CCCCC5)cc4,8.935316299533362,53.6665750736085,False,False,False
CC(C)Oc1ccc(cc1)c2c(C)c3cc(O)ccc3n2Cc4ccc(OCCN5CCCCCC5)cc4,9.914182948534725,78.11886046290098,False,False,False
Cc1c(c2ccc(cc2)C(F)(F)F)n(Cc3ccc(OCCN4CCCCC4)cc3)c5ccc(O)cc15,20.84142639698865,106.41063707690999,False,False,False
Cc1ccc(cc1)c2c(C)c3cc(O)ccc3n2Cc4ccc(OCCN5CCCCC5)cc4,8.417595094791631,50.7214963873479,False,False,False
Cc1c(c2ccc(Cl)cc2)n(Cc3ccc(OCCN4CCCCC4)cc3)c5ccc(O)cc15,10.307535692661913,87.92278112559518,False,False,False
Cc1c(c2cccc(O)c2)n(Cc3ccc(OCCN4CCCCC4)cc3)c5ccc(O)cc15,6.131059525293148,62.49597243830031,False,False,False
Cc1c(c2cccc(O)c2)n(Cc3ccc(OCCN4CCCCCC4)cc3)c5ccc(O)cc15,7.455180104313819,85.90723866955005,False,False,False
Cc1c(c2ccc(O)c(F)c2)n(Cc3ccc(OCCN4CCCCC4)cc3)c5ccc(O)cc15,9.700024811155892,103.45338744874783,False,False,False
Cc1c(c2ccc(O)c(F)c2)n(Cc3ccc(OCCN4CCCCCC4)cc3)c5ccc(O)cc15,9.797431200727594,127.71911638437876,False,False,False
COc1cccc(c1)c2c(C)c3cc(O)ccc3n2Cc4ccc(OCCN5CCCCC5)cc4,7.233575659031488,55.203927273638456,False,False,False
Cc1c(c2ccc(OC(F)(F)F)cc2)n(Cc3ccc(OCCN4CCCCC4)cc3)c5ccc(O)cc15,20.573343229668787,132.4381320468302,False,False,False
Oc1ccc(cc1)c2c(Cl)c3cc(O)ccc3n2Cc4ccc(OCCN5CCCC5)cc4,7.951618541533583,91.92740935263251,False,False,False
Oc1ccc(cc1)c2c(Cl)c3cc(O)ccc3n2Cc4ccc(OCCN5CCCCC5)cc4,8.152967961399222,85.89930653803835,False,False,False
Oc1ccc(cc1)c2c(Cl)c3cc(O)ccc3n2Cc4ccc(OCCN5CCCCCC5)cc4,8.408475109928363,115.57560318387874,False,False,False
Cc1cc(O)ccc1c2c(Cl)c3cc(O)ccc3n2Cc4ccc(OCCN5CCCCC5)cc4,8.963757777743641,80.62992937845931,False,False,False
CCc1c(c2ccc(O)cc2)n(Cc3ccc(OCCN4CCCCC4)cc3)c5ccc(O)cc15,6.762647886851601,52.70543384760819,False,False,False
Oc1ccc(cc1)c2c(C#N)c3cc(O)ccc3n2Cc4ccc(OCCN5CCCCC5)cc4,15.790561381486963,166.20204527355938,False,False,False
Oc1ccc(cc1)c2c(C#N)c3cc(O)ccc3n2Cc4ccc(OCCN5CCCCCC5)cc4,14.604897404565738,200.45312073480758,False,False,False
Cc1c(c2ccc(O)cc2)n(Cc3ccc(OCCCN4CCCCC4)cc3)c5ccc(O)cc15,6.591152578014249,54.27058264984102,False,False,False
COc1cc(Cn2c(c(C)c3cc(O)ccc23)c4ccc(O)cc4)ccc1OCCN5CCCCC5,7.651119885524331,60.58293167760888,False,False,False
COc1cc(Cn2c(c(C)c3cc(O)ccc23)c4ccc(O)cc4)ccc1OCCN5CCCCCC5,9.580747914248034,83.56603882560024,False,False,False
COCCCCCC[C@@H]1C[C@H]2[C@@H]3CC[C@H](O)C3CC[C@@H]2c4ccc(O)cc14,12.034842634482176,129.68231099803154,False,False,False
COC[C@@H]1CC2C(CC[C@]3(C)[C@@H](O)CCC23)c4ccc(O)cc14,9.822022842608078,64.04481542266193,False,False,False
COC[C@@H]1C[C@H]2[C@@H]3CCC(O)C3CC[C@@H]2c4ccc(O)cc14,9.494437276815747,107.07787133086785,False,False,False
Cc1ccccc1C(=O)c2sc3cc(O)ccc3c2Oc4ccc(\C=C\C(=O)O)cc4,14.300229155948834,77.06074850951713,False,False,False
Cc1cc(F)ccc1C(=O)c2sc3cc(O)ccc3c2Oc4ccc(\C=C\C(=O)O)cc4,17.62922692966561,80.46591249279462,False,False,False
Cc1ccc(C(=O)c2sc3cc(O)ccc3c2Oc4ccc(\C=C\C(=O)O)cc4)c(C)c1,14.5463001341395,84.27986809627683,False,False,False
Cc1cccc(C)c1C(=O)c2sc3cc(O)ccc3c2Oc4ccc(\C=C\C(=O)O)cc4,15.389503558722383,85.78259573968097,False,False,False
Cc1cc(F)cc(C)c1C(=O)c2sc3cc(O)ccc3c2Oc4ccc(\C=C\C(=O)O)cc4,19.456247406024147,91.87082881831718,False,False,False
Cc1cc(Cl)cc(C)c1C(=O)c2sc3cc(O)ccc3c2Oc4ccc(\C=C\C(=O)O)cc4,22.471481430607074,103.11431505619214,False,False,False
CC(C)c1cccc(c1)N2CCc3cc(O)ccc3C2(C)c4ccc(\C=C\C(=O)O)cc4,12.325583348400201,60.389752374422514,False,False,False
CC(C)c1ccccc1N2CCc3cc(O)ccc3C2(C)c4ccc(\C=C\C(=O)O)cc4,12.071007937217797,62.52797024725663,False,False,False
CC1(N(CCc2cc(O)ccc12)c3cccc(F)c3)c4ccc(\C=C\C(=O)O)cc4,10.73403597393539,58.88470759479988,False,False,False
CC1(N(CCc2cc(O)ccc12)c3ccccc3)c4ccc(\C=C\C(=O)O)cc4,11.402484341711132,62.3821302814376,False,False,False
CC1(N(CCc2cc(O)ccc12)c3ccc(F)cc3)c4ccc(\C=C\c5oc(CO)nn5)cc4,18.69394352324541,121.96050380415126,False,False,False
CCCc1oc(\C=C\c2ccc(cc2)C3(C)N(CCc4cc(O)ccc34)c5ccc(F)cc5)nn1,15.031851623121224,116.23528260774552,False,False,False
Cc1oc(\C=C\c2ccc(cc2)C3(C)N(CCc4cc(O)ccc34)c5ccc(F)cc5)nn1,15.359922814763483,112.18363010754649,False,False,False
Cn1nnnc1\C=C\c2ccc(cc2)C3(C)N(CCc4cc(O)ccc34)c5ccc(F)cc5,13.290186735018265,172.1137440763796,False,False,False
Cn1nnc(\C=C\c2ccc(cc2)C3(C)N(CCc4cc(O)ccc34)c5ccc(F)cc5)n1,13.080488585890455,166.99946687787346,False,False,False
CC1(N(CCc2cc(O)ccc12)c3ccc(F)cc3)c4ccc(\C=C\c5nn[nH]n5)cc4,24.19039125052767,243.31194422242046,False,False,False
Cn1cncc1\C=C\c2ccc(cc2)C3(C)N(CCc4cc(O)ccc34)c5ccc(F)cc5,13.079531694606679,113.23645564822544,False,False,False
CC1(N(CCc2cc(O)ccc12)c3ccc(cc3)C(F)(F)F)c4ccc(\C=C\C(=O)O)cc4,18.6230691287615,85.32284724663432,False,False,False
Cn1cnc(\C=C\c2ccc(cc2)C3(C)N(CCc4cc(O)ccc34)c5ccc(F)cc5)c1,12.66529956211995,110.4207920275193,False,False,False
CC1(N(CCc2cc(O)ccc12)c3ccc(F)cc3)c4ccc(\C=C\c5cnc[nH]5)cc4,16.611002268309562,145.70986131720701,False,False,False
CC1(N(CCc2cc(O)ccc12)c3ccc(F)cc3)c4ccc(\C=C\C(=O)NCCC(F)(F)F)cc4,33.29625940768962,180.38951491559493,False,False,False
CC1(N(CCc2cc(O)ccc12)c3ccc(F)cc3)c4ccc(\C=C\C(=O)NCC(F)F)cc4,92.54008788725702,310.06444306010485,False,False,False
CNC(=O)\C=C\c1ccc(cc1)C2(C)N(CCc3cc(O)ccc23)c4ccc(F)cc4,15.25168665407841,82.87319644781526,False,False,False
CC1(N(CCc2cc(O)ccc12)c3ccc(F)cc3)c4ccc(CCC(=O)O)cc4,5.533603152783447,80.26639647311445,False,False,False
CC1(N(CCc2cc(O)ccc12)c3ccc(F)cc3)c4ccc(\C=C\C(=O)O)cc4,9.705054434951373,58.92130332479462,False,False,False
CC(C)(C)c1ccc(cc1)N2CCc3cc(O)ccc3C2(C)c4ccc(\C=C\C(=O)O)cc4,20.17852606270077,128.41130524535134,False,False,False
Cc1ccc(cc1F)N2CCc3cc(O)ccc3C2(C)c4ccc(\C=C\C(=O)O)cc4,10.254745940837434,61.43308007567223,False,False,False
Cc1ccc(cc1)N2CCc3cc(O)ccc3C2(C)c4ccc(\C=C\C(=O)O)cc4,11.253744439147177,57.86241394178419,False,False,False
CC(C)c1ccc(cc1)N2CCc3cc(O)ccc3C2(C)c4ccc(\C=C\C(=O)O)cc4,11.79481789093691,60.65039354989915,False,False,False
CCCCc1ccc(cc1)N2CCc3cc(O)ccc3C2(C)c4ccc(\C=C\C(=O)O)cc4,11.09206179437832,54.5601716499689,False,False,False
CCCCCc1ccc(cc1)N2CCc3cc(O)ccc3C2(C)c4ccc(\C=C\C(=O)O)cc4,11.664176239843943,56.06781596112066,False,False,False
CC1(N(CCc2cc(O)ccc12)c3ccc(cc3)C4CC4)c5ccc(\C=C\C(=O)O)cc5,27.657814256749116,545.3544531204395,False,False,False
CC1(N(CCc2cc(O)ccc12)c3ccc(cc3)C4CCC4)c5ccc(\C=C\C(=O)O)cc5,17.912983232007477,379.44523621972905,False,False,False
CC(C)Cc1ccc(cc1)N2CCc3cc(O)ccc3C2(C)c4ccc(\C=C\C(=O)O)cc4,13.103332086412623,60.35473105032739,False,False,False
CC1(N(CCc2cc(O)ccc12)c3ccc(CC4CC4)cc3)c5ccc(\C=C\C(=O)O)cc5,30.45145266566996,596.0700606810872,False,False,False
CC1(N(CCc2cc(O)ccc12)c3ccc(CC(F)(F)F)cc3)c4ccc(\C=C\C(=O)O)cc4,19.09164167727704,96.56310999590815,False,False,False
CC(C)c1ccc(cn1)N2CCc3cc(O)ccc3C2(C)c4ccc(\C=C\C(=O)O)cc4,11.504520633906731,78.21529359742485,False,False,False
CCC(C)c1ccc(cc1)N2CCc3cc(O)ccc3C2(C)c4ccc(\C=C\C(=O)O)cc4,12.038888639874038,59.933889172562175,False,False,False
CC(C)c1ccc(cc1F)N2CCc3cc(O)ccc3C2(C)c4ccc(\C=C\C(=O)O)cc4,11.187304861207533,66.50522328919723,False,False,False
CC(C)c1ccc(N2CCc3cc(O)ccc3C2(C)c4ccc(\C=C\C(=O)O)cc4)c(F)c1,11.614649531239854,75.26757345925111,False,False,False
CC(C)Cc1ccc(N2CCc3cc(O)ccc3C2(C)c4ccc(\C=C\C(=O)O)cc4)c(F)c1,12.206490227477127,75.30649646363437,False,False,False
CC(C)c1ccc(cc1)N2CCc3cc(O)ccc3C2(c4ccc(\C=C\C(=O)O)cc4)C(F)(F)F,55.9701207580459,197.50236405652115,False,False,False
CC(C)c1ccc(cc1)N2CCc3cc(O)ccc3[C@]2(c4ccc(\C=C\C(=O)O)cc4)C(F)(F)F,55.9701207580459,197.50236405652115,False,False,False
CC(C)c1ccc(cc1)N2CCc3cc(O)ccc3[C@@]2(c4ccc(\C=C\C(=O)O)cc4)C(F)(F)F,55.9701207580459,197.50236405652115,False,False,False
CC(C)c1ccc(cc1)N2CCc3cc(O)ccc3C2(C(F)F)c4ccc(\C=C\C(=O)O)cc4,81.6413270544887,358.1820979238541,False,False,False
CC(C)c1ccc(cc1)N2CCc3cc(O)ccc3[C@@]2(C(F)F)c4ccc(\C=C\C(=O)O)cc4,81.6413270544887,358.1820979238541,False,False,False
CC(C)c1ccc(cc1)N2CCc3cc(O)ccc3[C@]2(C(F)F)c4ccc(\C=C\C(=O)O)cc4,81.6413270544887,358.1820979238541,False,False,False
CC(C)c1ccc(cc1)N2CCc3cc(O)ccc3[C@@]2(C)c4ccc(\C=C\C(=O)O)cc4,11.79481789093691,60.65039354989915,False,False,False
CC(C)c1ccc(cc1)N2CCc3cc(O)ccc3[C@]2(C)c4ccc(\C=C\C(=O)O)cc4,11.79481789093691,60.65039354989915,False,False,False
OCCCNC(=O)\C=C\c1ccc(cc1)C(=C2C3CC4CC(CC2C4)C3)c5ccc(O)cc5,50.5780509286833,398.0411809295372,False,False,False
OC(=O)\C=C\c1ccc(cc1)C(=C2C3CC4CC(CC2C4)C3)c5ccc(O)cc5,52.2323594448755,355.07503089186133,False,False,False
OCCN(CCO)C(=O)\C=C\c1ccc(cc1)C(=C2C3CC4CC(CC2C4)C3)c5ccc(O)cc5,61.52655212926393,377.2892314683095,False,False,False
CN(CCO)C(=O)\C=C\c1ccc(cc1)C(=C2C3CC4CC(CC2C4)C3)c5ccc(O)cc5,57.71629275576492,347.45508058212516,False,False,False
CN(C)CCNC(=O)\C=C\c1ccc(cc1)C(=C2C3CC4CC(CC2C4)C3)c5ccc(O)cc5,44.78822999776346,353.4647461585804,False,False,False
NCCCNC(=O)\C=C\c1ccc(cc1)C(=C2C3CC4CC(CC2C4)C3)c5ccc(O)cc5,36.79574070854239,549.5880406548199,False,False,False
NCCNC(=O)\C=C\c1ccc(cc1)C(=C2C3CC4CC(CC2C4)C3)c5ccc(O)cc5,40.86750663510239,550.1763483817057,False,False,False
OCCCCCNC(=O)\C=C\c1ccc(cc1)C(=C2C3CC4CC(CC2C4)C3)c5ccc(O)cc5,43.66682952086901,404.14609864087413,False,False,False
OCCCCNC(=O)\C=C\c1ccc(cc1)C(=C2C3CC4CC(CC2C4)C3)c5ccc(O)cc5,48.139744317805935,396.56213765779626,False,False,False
OCCNC(=O)\C=C\c1ccc(cc1)C(=C2C3CC4CC(CC2C4)C3)c5ccc(O)cc5,54.941178728393005,396.412180203762,False,False,False
CCCCNC(=O)\C=C\c1ccc(cc1)C(=C2C3CC4CC(CC2C4)C3)c5ccc(O)cc5,43.76110358798681,370.42609926069855,False,False,False
CCCC(CCC)(c1ccc(O)c(C)c1)c2cc(C)c(O)c(O)c2,19.231754120780433,62.60585050011102,False,False,False
CCCC(CCC)(c1ccc(O)c(C)c1)c2ccc(OCCN(C)C)c(C)c2,15.20678453763277,60.25836357736487,False,False,False
CCCC(CCC)(c1ccc(OCCN(C)C)c(C)c1)c2ccc(O)c(O)c2,16.60532659121952,55.612131498101064,False,False,False
CCCC(CCC)(c1ccc(O)c(C)c1)c2ccc(O)c(O)c2,18.891841480662098,52.4636141538798,False,False,False
CCCC(CCC)(c1ccc(O)cc1)c2ccc(O)c(O)c2,19.721621026871528,51.689010907763674,False,False,False
CCC(CC)(c1ccc(O)c(C)c1)c2ccc(O)c(O)c2,19.617463366240948,50.371902929812066,False,False,False
CCC(CC)(c1ccc(O)cc1)c2ccc(O)c(O)c2,20.394830550606194,48.24898278313504,False,False,False
OC(=O)\C=C\c1ccc(Oc2c(sc3cc(O)ccc23)c4ccc(O)cc4)cc1,15.115791826582385,65.85202425425004,False,False,False
OC(=O)CCc1ccc(Oc2c(sc3cc(O)ccc23)c4ccc(O)cc4)cc1,12.765823654368544,82.67124528305521,False,False,False
NC(=O)\C=C\c1ccc(Oc2c(sc3cc(O)ccc23)c4ccc(O)cc4)cc1,28.062478358027708,205.82013372861456,False,False,False
OC(=O)\C=C\c1ccc(Oc2c(sc3cc(O)ccc23)c4ccccc4C(F)F)cc1,64.27001525133895,392.38235799899064,False,False,False
COCc1ccccc1c2sc3cc(O)ccc3c2Oc4ccc(\C=C\C(=O)O)cc4,13.944396323487615,77.96816360561876,False,False,False
C[C@H](O)c1ccccc1c2sc3cc(O)ccc3c2Oc4ccc(\C=C\C(=O)O)cc4,14.618522287497223,84.17815693914794,False,False,False
CN(C)c1ccccc1c2sc3cc(O)ccc3c2Oc4ccc(\C=C\C(=O)O)cc4,16.450305074928767,74.08217328776041,False,False,False
Cc1ncccc1c2sc3cc(O)ccc3c2Oc4ccc(\C=C\C(=O)O)cc4,12.428189195368164,76.46693320046532,False,False,False
OC(=O)\C=C\c1ccc(Oc2c(sc3cc(O)ccc23)c4ccc(F)cc4C(F)(F)F)cc1,30.96273735242757,116.77204714490969,False,False,False
OC(=O)\C=C\c1ccc(Oc2c(sc3cc(O)ccc23)c4ccccc4C(F)(F)F)cc1,23.634551019142883,103.43983939441755,False,False,False
Cc1cc(F)ccc1c2sc3cc(O)ccc3c2Oc4ccc(\C=C\C(=O)O)cc4,14.33500164410132,69.21379030446838,False,False,False
CC(C)c1ccccc1c2sc3cc(O)ccc3c2Oc4ccc(\C=C\C(=O)O)cc4,14.500662161143048,78.49614666916587,False,False,False
CC(C)(C)c1ccccc1c2sc3cc(O)ccc3c2Oc4ccc(\C=C\C(=O)O)cc4,20.435416489099026,127.61361421273108,False,False,False
CCc1ccccc1c2sc3cc(O)ccc3c2Oc4ccc(\C=C\C(=O)O)cc4,13.05030770349785,69.7329481344179,False,False,False
Cc1ccccc1c2sc3cc(O)ccc3c2Oc4ccc(\C=C\C(=O)O)cc4,13.161559185528096,68.26658287759149,False,False,False
OC(=O)\C=C\c1ccc(Oc2c(sc3cc(O)ccc23)c4ccccc4)cc1,14.013057404053292,68.4120819151111,False,False,False
OC(=O)\C=C\c1ccc(Oc2c(sc3cc(O)ccc23)c4ccc(cc4)C(F)(F)F)cc1,22.032440770117695,88.65889541272006,False,False,False
OC(=O)\C=C\c1ccc(Oc2c(sc3cc(O)ccc23)c4ccc(F)cc4)cc1,15.277140602597921,64.52417667531662,False,False,False
COc1ccc(cc1)c2sc3cc(O)ccc3c2Oc4ccc(\C=C\C(=O)O)cc4,13.019857665983189,72.00446216790655,False,False,False
Cc1cc(ccc1O)c2sc3cc(O)ccc3c2Oc4ccc(\C=C\C(=O)O)cc4,13.838801486531203,70.39578710988178,False,False,False
CC\C(=C/c1ccc(Oc2c(sc3cc(O)ccc23)c4ccc(O)cc4)cc1)\C(=O)O,12.374497749551216,69.35707193824038,False,False,False
C\C(=C/C(=O)O)\c1ccc(Oc2c(sc3cc(O)ccc23)c4ccc(O)cc4)cc1,12.332313259004849,87.21246629792819,False,False,False
C\C(=C/c1ccc(Oc2c(sc3cc(O)ccc23)c4ccc(O)cc4)cc1)\C(=O)O,12.837388468280002,71.93135082142206,False,False,False
COc1cc(Oc2c(sc3cc(O)ccc23)c4ccc(O)cc4)ccc1\C=C\C(=O)O,16.073256355062888,87.49968917812267,False,False,False
Cc1cc(\C=C\C(=O)O)ccc1Oc2c(sc3cc(O)ccc23)c4ccc(O)cc4,13.376764305713305,71.2926238454529,False,False,False
Cc1cc(Oc2c(sc3cc(O)ccc23)c4ccc(O)cc4)ccc1\C=C\C(=O)O,13.361023056732227,70.59348351411775,False,False,False
OC(=O)\C=C\c1ccc(Oc2c(sc3cc(O)ccc23)c4ccc(O)cc4)cn1,16.22255431119574,82.66178530939544,False,False,False
Cn1cnc(\C=C\c2ccc(Oc3c(sc4cc(O)ccc34)c5ccc(O)cc5)cc2)c1,15.564409433345366,94.55862757266532,False,False,False
Oc1ccc(cc1)c2sc3cc(O)ccc3c2Oc4ccc(\C=C\c5c[nH]cn5)cc4,19.578824970883268,146.89486273176755,False,False,False
Cn1nnc(\C=C\c2ccc(Oc3c(sc4cc(O)ccc34)c5ccc(O)cc5)cc2)n1,16.491878448552608,162.65486324422034,False,False,False
Cn1nnnc1\C=C\c2ccc(Oc3c(sc4cc(O)ccc34)c5ccc(O)cc5)cc2,17.428801247812462,156.9704066174491,False,False,False
Oc1ccc(cc1)c2sc3cc(O)ccc3c2Oc4ccc(\C=C\c5nnn[nH]5)cc4,28.049615704375665,221.5104063676793,False,False,False
OCCNC(=O)\C=C\c1ccc(Oc2c(sc3cc(O)ccc23)c4ccc(O)cc4)cc1,18.143070016173095,135.34893288230757,False,False,False
Oc1ccc(cc1)c2sc3cc(O)ccc3c2Oc4ccc(\C=C\C(=O)NCCC(F)(F)F)cc4,33.30861900090405,172.89035946055043,False,False,False
CNC(=O)\C=C\c1ccc(Oc2c(sc3cc(O)ccc23)c4ccc(O)cc4)cc1,13.347110301090853,84.2948713797893,False,False,False
CC(F)c1ccccc1c2sc3cc(O)ccc3c2Oc4ccc(\C=C\C(=O)O)cc4,38.87527112982683,248.63344882966553,False,False,False
CC(F)(F)c1ccccc1c2sc3cc(O)ccc3c2Oc4ccc(\C=C\C(=O)O)cc4,19.639859309252415,84.36490857213877,False,False,False
CC(F)(F)c1cc(F)ccc1c2sc3cc(O)ccc3c2Oc4ccc(\C=C\C(=O)O)cc4,25.791066843586517,87.33743223038672,False,False,False
CN(c1ccc(\C=C\C(=O)O)cc1)c2c(sc3cc(O)ccc23)c4ccc(O)cc4,15.349606534054505,72.88530537072555,False,False,False
CC1=C(C(=O)Oc2cc(O)ccc12)c3ccc(O)cc3C,7.500034637076634,48.50227472770995,False,False,False
CC1=C(C(=O)Oc2cc(O)ccc12)c3ccc(O)cc3Cl,10.727998731840117,61.269020063814466,False,False,False
CCC1=C(C(=O)Oc2cc(O)ccc12)c3ccc(O)cc3F,8.910191347345245,79.19701407541638,False,False,False
Oc1ccc2C(=C(C(=O)Oc2c1)c3ccc(O)c(F)c3)c4ccc(O)c(F)c4,15.046819335711856,118.80120626700821,False,False,False
Oc1ccc(cc1)C2=C(c3ccc(O)cc3)c4ccc(O)cc4OC2=O,7.3589121551844965,61.72139819092881,False,False,False
c1ccc(cc1)c2c3ccccc3nc4cc5ccccc5cc24,17.464993383946297,244.0182031113614,False,False,False
FC(F)(F)c1ccc2cc3nc4ccccc4c(c5ccccc5)c3cc2c1,16.641579813515364,281.90579213407244,False,False,False
Oc1ccc2cc3nc4ccccc4c(c5ccccc5)c3cc2c1,11.768212690264349,145.9703256294177,False,False,False
FC(F)(F)c1cccc2c(c3ccccc3)c4cc5ccccc5cc4nc12,17.69759314979433,300.05450025876576,False,False,False
Oc1cccc2c(c3ccccc3)c4cc5ccccc5cc4nc12,12.037186215634055,148.91259491598814,False,False,False
Clc1ccc2c(c3ccccc3)c4cc5ccccc5cc4nc2c1,18.937916931559837,276.29528552838315,False,False,False
Oc1ccc2c(c3ccccc3)c4cc5ccccc5cc4nc2c1,12.282294715458036,156.33637886565788,False,False,False
Clc1c2ccccc2cc3c(c4ccccc4)c5ccccc5nc13,19.69222513772511,266.41596160164124,False,False,False
Oc1ccc2c(C(=O)c3ccc(OCCN4CCCCC4)cc3)c(sc2c1)c5ccc(Cl)cc5,15.771187298712157,82.01764548012648,False,False,False
Oc1ccc2Cc3sc4cc(O)ccc4c3C(c5ccc(OCCN6CCCCC6)cc5)c2c1,11.20102075420338,68.5983091602301,False,False,False
CN(C)CCOc1ccc(NC2=C(C(=O)Oc3cc(O)ccc23)c4ccc(O)cc4)cc1,13.870814005885137,73.99568962099866,False,False,False
CCN(CC)CCOc1ccc(NC2=C(C(=O)Oc3cc(O)ccc23)c4ccc(O)cc4)cc1,10.442885970875547,69.44955777961172,False,False,False
Oc1ccc(cc1)C2=C(Nc3ccc(OCCN4CCCC4)cc3)c5ccc(O)cc5OC2=O,10.946973951899002,69.10399340032151,False,False,False
Oc1ccc(cc1)C2=C(Nc3ccc(OCCN4CCCCC4)cc3)c5ccc(O)cc5OC2=O,13.823264154488045,64.26589739597715,False,False,False
Fc1ccc(cc1)C2=C(Nc3ccc(OCCN4CCCCC4)cc3)c5ccccc5OC2=O,12.103399105714551,75.43704466290978,False,False,False
COc1ccc2C(=C(C(=O)Oc2c1)c3ccc(F)cc3)Nc4ccc(OCCN5CCCCC5)cc4,12.583238340542643,71.3762091446178,False,False,False
CN(C)CCOc1ccc(NC2=C(C(=O)Oc3cc(O)ccc23)c4ccc(F)cc4)cc1,10.279827991506416,73.3549247867303,False,False,False
CCN(CC)CCOc1ccc(NC2=C(C(=O)Oc3cc(O)ccc23)c4ccc(F)cc4)cc1,10.20234486477878,66.6570646402204,False,False,False
Oc1ccc2C(=C(C(=O)Oc2c1)c3ccc(F)cc3)Nc4ccc(OCCN5CCCC5)cc4,11.70832286789535,67.28606226646474,False,False,False
Oc1ccc2C(=C(C(=O)Oc2c1)c3ccc(F)cc3)Nc4ccc(OCCN5CCCCC5)cc4,12.439541297137056,65.00863095372587,False,False,False
COc1ccc(cc1)C2=C(Nc3ccc(OCCN4CCCCC4)cc3)c5ccc(O)cc5OC2=O,11.03346189838055,55.08759332622583,False,False,False
COc1ccc(cc1)C2=C(Oc3ccc(OCCN4CCCCC4)cc3)c5ccc(OC)cc5OC2=O,19.405107083499267,108.75484450215119,False,False,False
COc1ccc2C(=C(C(=O)Oc2c1)c3ccc(F)cc3)Oc4ccc(OCCN(C)C)cc4,13.327747354047958,104.24572004817385,False,False,False
COc1ccc2C(=C(C(=O)Oc2c1)c3ccc(F)cc3)Oc4ccc(OCCN5CCCCC5)cc4,14.334727403483296,96.29380372215435,False,False,False
CN(C)CCOc1ccc(OC2=C(C(=O)Oc3cc(O)ccc23)c4ccc(O)cc4)cc1,12.447644485704618,64.63438672450326,False,False,False
Oc1ccc(cc1)C2=C(Oc3ccc(OCCN4CCCC4)cc3)c5ccc(O)cc5OC2=O,9.449830454501027,63.43388642409806,False,False,False
Oc1ccc(cc1)C2=C(Oc3ccc(OCCN4CCCCC4)cc3)c5ccc(O)cc5OC2=O,11.456923505593808,59.75128813510434,False,False,False
CN(C)CCOc1ccc(OC2=C(C(=O)Oc3cc(O)ccc23)c4ccc(F)cc4)cc1,10.096225244545936,66.80518644844335,False,False,False
CCN(CC)CCOc1ccc(OC2=C(C(=O)Oc3cc(O)ccc23)c4ccc(F)cc4)cc1,8.75046775871975,64.01141537680323,False,False,False
Oc1ccc2C(=C(C(=O)Oc2c1)c3ccc(F)cc3)Oc4ccc(OCCN5CCCC5)cc4,9.3657656131986,68.21742206653866,False,False,False
Oc1ccc2C(=C(C(=O)Oc2c1)c3ccc(F)cc3)Oc4ccc(OCCN5CCCCC5)cc4,10.150354169903135,66.44679656156998,False,False,False
OC1CCC(CC1)C2=C(c3ccc(O[C@H]4CCN(CCCF)C4)cc3)c5ccc(O)cc5CCC2,32.78842428795004,186.60044486836566,False,False,False
Cc1oc2cc(ccc2n1)C3=C(c4ccc(O[C@H]5CCN(CCCF)C5)cc4)c6ccc(O)cc6CCC3,35.36847490509632,207.04876460678122,False,False,False
Oc1ccc2C(=C(CCCc2c1F)c3ccc(OC(F)F)cc3F)c4ccc(O[C@H]5CCN(CCCF)C5)cc4,154.19634488565524,641.1818005090527,True,False,True
COc1ccc(cc1F)C2=C(c3ccc(O[C@H]4CCN(CCCF)C4)cc3)c5ccc(O)cc5CCC2,33.24760919141845,159.06451301911665,False,False,False
COc1ccc(C2=C(c3ccc(O[C@H]4CCN(CCCF)C4)cc3)c5ccc(O)cc5CCC2)c(C)c1,34.759406643559,151.3349442441807,False,False,False
CN1CCC(=CC1)C2=C(c3ccc(O[C@H]4CCN(CCCF)C4)cc3)c5ccc(O)cc5CCC2,45.47114724783829,192.26649953031102,False,False,False
Oc1cccc(c1)C2=C(c3ccc(O[C@H]4CCN(CCCF)C4)cc3)c5ccc(O)cc5CCC2,30.488267322082347,171.12369953812495,False,False,False
CCCCOC(=O)c1c(F)c(F)c(O)c(F)c1F,48.003226161259406,469.9836753794681,False,False,False
CCCCOC(=O)c1cc(Cl)c(O)c(Cl)c1,19.397062558244876,110.51968074600599,False,False,False
CCCCOC(=O)c1cc(Br)c(O)c(Br)c1,23.566817541508286,314.37044161533333,False,False,False
CCCCOC(=O)c1ccc(O)c(Br)c1,14.973797564250612,106.59176121063996,False,False,False
CCCCOC(=O)c1cc(I)c(O)c(I)c1,165.20105492769449,3290.829383862954,True,True,True
CCCCOC(=O)c1ccc(O)c(I)c1,68.75228573675956,1404.1734804999105,False,True,True
CCCCOC(=O)c1cc(C)c(O)c(C)c1,13.777961634227237,53.3541421172755,False,False,False
CCCCOC(=O)c1cc(O)c(O)c(O)c1,22.71047249326951,153.75438363531737,False,False,False
CCCCCCCCOC(=O)c1cc(I)c(O)c(I)c1,164.2358747875893,3366.965546628718,True,True,True
CCCCOC(=O)c1ccc(O)cc1,14.296420291583082,72.75554386952122,False,False,False
CCCCCCCCOC(=O)c1cc(c(O)c(c1)[N+](=O)[O-])[N+](=O)[O-],32.683205614229664,992.6618853363383,False,True,True
CCCCCCCCOC(=O)c1cc(O)c(O)c(O)c1,22.51974294903101,181.89098636660478,False,False,False
CCCCCCCCOC(=O)c1cc(C)c(O)c(C)c1,15.131720378734913,70.289051037329,False,False,False
CCCCCCCCCCNCCOc1ccc(cc1C)C(CCC)(CCC)c2ccc(O)c(C)c2,21.255852589133568,114.62323659129319,False,False,False
CCCCCCCCCCCCCCCCNCCOc1ccc(cc1C)C(CCC)(CCC)c2ccc(O)c(C)c2,30.755868150329086,209.48043962095971,False,False,False
CCCCCCCCCCCCNCCOc1ccc(cc1C)C(CCC)(CCC)c2ccc(O)c(C)c2,23.90390732184073,139.61627433113443,False,False,False
CCCCCCCCNCCOc1ccc(cc1C)C(CCC)(CCC)c2ccc(O)c(C)c2,19.795980027636407,92.64817066407387,False,False,False
CCCCCCNCCOc1ccc(cc1C)C(CCC)(CCC)c2ccc(O)c(C)c2,18.700913979439314,80.03441857136305,False,False,False
CCCC(CCC)(c1ccc(O)c(C)c1)c2ccc(OCCN)c(C)c2,21.91199883445689,169.71302287614589,False,False,False
CCCCCCCCOc1ccc(cc1C)C(CCC)(CCC)c2ccc(O)c(C)c2,16.28830075759962,83.27733589554518,False,False,False
CCCCCCOc1ccc(cc1C)C(CCC)(CCC)c2ccc(O)c(C)c2,15.430388054780977,69.67562486348614,False,False,False
CCCCOc1ccc(cc1C)C(CCC)(CCC)c2ccc(O)c(C)c2,15.157031435702628,53.48701749187681,False,False,False
CCCC(CCC)(c1ccc(O)c(C)c1)c2ccc(OCC)c(C)c2,15.54038806465671,49.06715586495537,False,False,False
Cc1cccc2[nH]c(nc12)c3cc4ccccc4n3Cc5ccccc5,22.8239231091473,94.31910654263419,False,False,False
Cc1cc(C)c2nc([nH]c2c1)c3cc4ccccc4n3Cc5ccccc5,24.124953469913592,89.18766480962809,False,False,False
C(c1ccccc1)n2c(cc3ccccc23)c4nc5ccccc5[nH]4,21.731412954767034,112.6685452702722,False,False,False
Brc1cnc2[nH]c(nc2c1)c3cc4ccccc4n3Cc5ccccc5,23.801617717070016,225.87792053414864,False,False,False
Brc1ccc2[nH]c(nc2c1)c3cc4ccccc4n3Cc5ccccc5,26.489179841845218,274.5395391921179,False,False,False
Clc1cc2nc([nH]c2cc1Cl)c3cc4ccccc4n3Cc5ccccc5,25.702262328233758,203.9921926950962,False,False,False
BrC1=CN2NC(=NC2N=C1)c3cc4ccccc4n3Cc5ccccc5,39.12300869487855,411.32663082472374,False,False,False
Cc1cccc2[nH]c(nc12)c3cc4ccccc4[nH]3,27.784634480900408,157.83974005755667,False,False,False
O=C(c1ccccc1)c2ccc3[nH]c(nc3c2)c4cc5ccccc5[nH]4,28.6988192666791,141.49492569702687,False,False,False
Brc1ccc2[nH]c(nc2c1)c3cc4ccccc4[nH]3,34.38677611572929,385.6416105987916,False,False,False
N1C(=Nc2cccc3cccc1c23)c4cc5ccccc5[nH]4,24.469124716874937,257.3987809557487,False,False,False
COc1cc(ccc1O)C2Oc3c(OC)cc(\C=C\CO)cc3C2CO,15.255590651118666,138.8112053198766,False,False,False
C[C@@H](COc1ccc(cc1)C2Oc3ccc(O)cc3C(=C2c4cccc(O)c4)C)N5CC[C@@H](C)C5,14.048082142455655,48.48359811788312,False,False,False
CC1=C(C(Oc2ccc(O)cc12)c3ccc(OCCN4CCC4)cc3)c5cccc(O)c5,7.643459470425465,328.09202921628025,False,False,False
CC1=C(C(Oc2ccc(O)cc12)c3ccc(OCCN4CCCC4)cc3)c5cccc(O)c5,5.105755993768502,48.01495800432048,False,False,False
CC1=C(C(Oc2ccc(O)cc12)c3ccc(OCCN4CCCCC4)cc3)c5cccc(O)c5,4.46311497510741,44.267468696636655,False,False,False
CC1=C(C(Oc2ccc(O)cc12)c3ccc(OCCN4CCCCCC4)cc3)c5cccc(O)c5,7.512875016161273,56.37300444089632,False,False,False
CC1CN(CCOc2ccc(cc2)C3Oc4ccc(O)cc4C(=C3c5cccc(O)c5)C)C1,14.1536471662831,308.62024647817066,False,False,False
C[C@@H]1CCN(CCOc2ccc(cc2)C3Oc4ccc(O)cc4C(=C3c5cccc(O)c5)C)C1,10.615037617788618,46.37937495909822,False,False,False
C[C@H]1CCN(CCOc2ccc(cc2)C3Oc4ccc(O)cc4C(=C3c5cccc(O)c5)C)C1,10.615037617788618,46.37937495909822,False,False,False
CC1CCN(CCOc2ccc(cc2)C3Oc4ccc(O)cc4C(=C3c5cccc(O)c5)C)CC1,8.182465253917107,45.97664930467875,False,False,False
C[C@@H](COc1ccc(cc1)C2Oc3ccc(O)cc3C(=C2c4cccc(O)c4)C)N5CCCC5,8.986808089698084,44.509445393926825,False,False,False
C[C@H](COc1ccc(cc1)C2Oc3ccc(O)cc3C(=C2c4cccc(O)c4)C)N5CCCC5,8.986808089698084,44.509445393926825,False,False,False
C[C@@H](COc1ccc(cc1)C2Oc3ccc(O)cc3C(=C2c4cccc(O)c4)C)N5CCC5,10.402621577817014,326.5628194598452,False,False,False
C[C@@H](COc1ccc(cc1)C2Oc3ccc(O)cc3C(=C2c4cccc(O)c4)C)N5CCCCC5,7.4507215072224335,41.5748417295958,False,False,False
C[C@@H](COc1ccc(cc1)C2Oc3ccc(O)cc3C(=C2c4cccc(O)c4)C)N5CCCCCC5,11.60289627821053,53.90139711937996,False,False,False
C[C@@H](COc1ccc(cc1)[C@@H]2Oc3ccc(O)cc3C(=C2c4cccc(O)c4)C)N5CC[C@@H](C)C5,14.048082142455655,48.48359811788312,False,False,False
C[C@@H](COc1ccc(cc1)[C@H]2Oc3ccc(O)cc3C(=C2c4cccc(O)c4)C)N5CC[C@@H](C)C5,14.048082142455655,48.48359811788312,False,False,False
C[C@@H](COc1ccc(cc1)C2Oc3ccc(O)cc3C(=C2c4cccc(O)c4)C)N5CC[C@H](C)C5,14.048082142455655,48.48359811788312,False,False,False
C[C@H](COc1ccc(cc1)C2Oc3ccc(O)cc3C(=C2c4cccc(O)c4)C)N5CC[C@@H](C)C5,14.048082142455655,48.48359811788312,False,False,False
C[C@H](COc1ccc(cc1)C2Oc3ccc(O)cc3C(=C2c4cccc(O)c4)C)N5CC[C@H](C)C5,14.048082142455655,48.48359811788312,False,False,False
C[C@@H](COc1ccc(cc1)C2Oc3cc(O)ccc3C(=C2c4cccc(O)c4)C)N5CC[C@@H](C)C5,11.543583380518477,53.50007171975163,False,False,False
C[C@@H](COc1ccc(cc1)C2Oc3ccc(O)cc3C(=C2c4ccc(O)cc4)C)N5CC[C@@H](C)C5,13.411613260307949,43.54913029978289,False,False,False
C[C@@H](COc1ccc(cc1)C2Oc3cc(O)ccc3C(=C2c4ccc(O)cc4)C)N5CC[C@@H](C)C5,13.668740674770076,45.66102142447477,False,False,False
C[C@@H](COc1ccc(cc1)C2Oc3ccc(O)cc3C(=C2c4ccccc4)C)N5CC[C@@H](C)C5,14.580825225332951,40.08021846872126,False,False,False
C[C@@H](COc1ccc(cc1)C2Oc3ccc(O)cc3C(=C2c4cccc(F)c4)C)N5CC[C@@H](C)C5,19.899499992737308,74.45283102458026,False,False,False
C[C@@H](COc1ccc(cc1)C2Oc3ccc(O)cc3C(=C2c4ccc(F)cc4)C)N5CC[C@@H](C)C5,17.75376132307,61.98797113883739,False,False,False
C[C@@H](COc1ccc(cc1)C2Oc3ccc(O)cc3C(=C2c4cccc(c4)C#N)C)N5CC[C@@H](C)C5,27.88286289813944,125.00066014714389,False,False,False
C[C@@H](COc1ccc(cc1)C2Oc3ccc(O)cc3C(=C2c4ccc(cc4)C#N)C)N5CC[C@@H](C)C5,26.860802539928642,123.1114926334449,False,False,False
C[C@@H](COc1ccc(cc1)C2Oc3ccc(O)cc3C(=C2c4cccc(c4)S(=O)(=O)C)C)N5CC[C@@H](C)C5,18.943821802513764,92.49714589919961,False,False,False
C[C@@H](COc1ccc(cc1)C2Oc3ccc(O)cc3C(=C2c4ccc(cc4)S(=O)(=O)C)C)N5CC[C@@H](C)C5,18.12144743627347,89.03236393590115,False,False,False
Oc1ccc(\C=C\C(=O)c2ccc(O)cc2O)cc1,12.133802913911296,97.10315332544864,False,False,False
COC(=O)Cc1ccc(OCc2oc(nc2C)c3cccc(OC)c3)cc1,13.847959055939272,96.13226671309627,False,False,False
COC(=O)c1ccc(OCc2oc(nc2C)c3cccc(OC)c3)cc1,14.001540227942009,94.9044863679512,False,False,False
COC(=O)Cc1ccc(OCc2oc(nc2C)c3ccccc3OC)cc1,14.180939510184494,99.23614583283361,False,False,False
COC(=O)c1cccc(OCc2oc(nc2C)c3ccccc3OC)c1,14.496968235292531,97.43245027027602,False,False,False
CC1CC(=O)C2=C(C1)OC3=C(C2c4cc5ccccc5n4Cc6ccccc6)C(=O)CCC3(C)C,25.984151196487588,132.4619148827572,False,False,False
CC1(C)CC(=O)C2=C(C1)OC3=C(C2c4cc5ccccc5n4Cc6ccccc6)C(=O)CCC3(C)C,38.38341148313465,212.74900582300316,False,False,False
CC1CC(=O)C2=C(C1)OC3=C(C2c4cc5ccccc5n4Cc6ccccc6)C(=O)CC(C)(C)C3,24.68166224354263,146.26309781191614,False,False,False
CC1(C)CC(=O)C2=C(C1)OC3=C(C2c4cc5ccccc5n4Cc6ccccc6)C(=O)CCC3,23.307277374686834,140.63834038214492,False,False,False
CC1(C)CCC(=O)C2=C1OC3=C(C2c4cc5ccccc5n4Cc6ccccc6)C(=O)CCC3,24.460514734410314,128.71463364878505,False,False,False
CC1CC(=O)C2=C(C1)OC3=C(C2c4cc5ccccc5n4Cc6ccccc6)C(=O)CCC3,16.908360607776576,131.56827315097274,False,False,False
CC1(C)CC(=O)C2=C(C1)OC3=C(C2c4cc5ccccc5n4Cc6ccccc6)C(=O)CC(C)(C)C3,36.874284277644136,241.5453001558227,False,False,False
CC1CC(=O)C2=C(C1)OC3=C(C2c4cc5ccccc5n4Cc6ccccc6)C(=O)CC(C)C3,18.32255185995798,137.85516777948004,False,False,False
O=C1CCC2=C1C(C3=C(CCC3=O)O2)c4cc5ccccc5n4Cc6ccccc6,14.075503146560504,184.20103053206486,False,False,False
O=C1NC(=O)C2=C(N1)OC3=C(C2c4cc5ccccc5n4Cc6ccccc6)C(=O)NC(=O)N3,61.18579091299269,494.96240256950074,False,False,False
COc1cc(OC)cc(\C=C\c2ccc(cc2)C3=C(C4CC(C3O4)S(=O)(=O)Oc5ccc(Br)cc5)c6ccc(O)cc6)c1,19.883586129482506,271.6865973041655,False,False,False
CCc1ccccc1OS(=O)(=O)C2CC3OC2C(=C3c4ccc(O)cc4)c5ccc(\C=C\c6cc(OC)cc(OC)c6)cc5,16.16945911630571,168.8681627976099,False,False,False
Oc1ccc(cc1)C2=C(C3OC2CC3S(=O)(=O)Oc4ccccc4)c5ccc(\C=C\c6cc(O)cc(O)c6)cc5,16.40470096373846,146.33795069230302,False,False,False
Oc1ccc(cc1)C2=C(C3OC2CC3S(=O)(=O)Oc4ccc(Br)cc4)c5ccc(\C=C\c6cc(O)cc(O)c6)cc5,20.063169464844474,231.78296373320853,False,False,False
COc1cccc(OS(=O)(=O)C2CC3OC2C(=C3c4ccc(O)cc4)c5ccc(\C=C\c6cc(O)cc(O)c6)cc5)c1,16.683388887928487,159.1911816592393,False,False,False
Oc1ccc(cc1)C2=C(C3OC2CC3S(=O)(=O)Oc4ccc(F)cc4)c5ccc(\C=C\c6cc(O)cc(O)c6)cc5,15.825337142542384,154.41055928514655,False,False,False
Oc1ccc(cc1)C2=C(C3OC2CC3S(=O)(=O)Oc4ccc(Cl)cc4)c5ccc(\C=C\c6cc(O)cc(O)c6)cc5,18.72045228246602,171.1399106613834,False,False,False
Oc1ccc(cc1)C2=C(C3OC2CC3S(=O)(=O)Oc4ccccc4Cl)c5ccc(\C=C\c6cc(O)cc(O)c6)cc5,19.005622926120285,155.74671042175657,False,False,False
Cc1ccccc1OS(=O)(=O)C2CC3OC2C(=C3c4ccc(O)cc4)c5ccc(\C=C\c6cc(O)cc(O)c6)cc5,16.590566052789484,145.38805899008338,False,False,False
Oc1ccc(cc1)C2=C(C3OC2CC3S(=O)(=O)Oc4cccc(c4)C(F)(F)F)c5ccc(\C=C\c6cc(O)cc(O)c6)cc5,27.809888680103644,182.52566784293217,False,False,False
Oc1ccc(cc1)C2=C(C3OC2CC3S(=O)(=O)Oc4cccc(Cl)c4)c5ccc(\C=C\c6cc(O)cc(O)c6)cc5,18.967609328141027,166.14498415186102,False,False,False
Oc1ccc(cc1)C2=C(C3OC2CC3S(=O)(=O)Oc4cccc(O)c4)c5ccc(\C=C\c6cc(O)cc(O)c6)cc5,18.773415191408784,173.93255426706116,False,False,False
Cc1cccc(OS(=O)(=O)C2CC3OC2C(=C3c4ccc(O)cc4)c5ccc(\C=C\c6cc(O)cc(O)c6)cc5)c1,16.468938730239525,146.190084583155,False,False,False
Oc1ccc(OS(=O)(=O)C2CC3OC2C(=C3c4ccc(O)cc4)c5ccc(\C=C\c6cc(O)cc(O)c6)cc5)cc1,21.200973992765668,162.5199859096221,False,False,False
Oc1ccc(cc1)C2=C(C3OC2CC3S(=O)(=O)Oc4cccc(Br)c4)c5ccc(\C=C\c6cc(O)cc(O)c6)cc5,18.960521133557936,201.62157434195558,False,False,False
Cc1ccc(OS(=O)(=O)C2CC3OC2C(=C3c4ccc(O)cc4)c5ccc(\C=C\c6cc(O)cc(O)c6)cc5)cc1,16.24021499748836,146.85898385991135,False,False,False
Oc1ccc(cc1)C2=C(C3OC2CC3S(=O)(=O)Oc4cccc5ccccc45)c6ccc(\C=C\c7cc(O)cc(O)c7)cc6,21.363853339908847,160.76004989666836,False,False,False
Oc1ccc(cc1)C2=C(C3OC2CC3S(=O)(=O)Oc4ccccc4)c5ccc(\C=C\c6ccccc6)cc5,14.26426829586688,175.0964048202284,False,False,False
COc1cc(OC)cc(\C=C\c2ccc(OS(=O)(=O)C3CC4OC3C(=C4c5ccc(O)cc5)c6ccc(O)cc6)cc2)c1,15.69666353522412,181.10324739062332,False,False,False
Oc1ccc(cc1)C2=C(C3OC2CC3S(=O)(=O)Oc4ccc(\C=C\c5ccccc5)cc4)c6ccc(O)cc6,14.26443065474413,171.2661726617731,False,False,False
COc1cc(OC)cc(\C=C\c2cccc(OS(=O)(=O)C3CC4OC3C(=C4c5ccc(O)cc5)c6ccc(O)cc6)c2)c1,16.398300154432167,183.72824904392795,False,False,False
Oc1ccc(cc1)C2=C(C3OC2CC3S(=O)(=O)Oc4cccc(\C=C\c5cc(O)cc(O)c5)c4)c6ccc(O)cc6,19.013813473557637,168.18181179820692,False,False,False
Oc1ccc(cc1)C2=C(C3OC2CC3S(=O)(=O)Oc4ccc(\C=C\c5cc(O)cc(O)c5)cc4)c6ccc(O)cc6,19.76815993888672,166.22661677055018,False,False,False
Oc1ccc(cc1)C2=C([C@H]3O[C@H]2C[C@@H]3S(=O)(=O)Oc4ccccc4)c5ccc(O)cc5,9.926431957593284,142.5790149684667,False,False,False
COc1cc(OC)cc(\C=C\c2ccc(OS(=O)(=O)[C@H]3C[C@H]4O[C@@H]3C(=C4c5ccc(O)cc5)c6ccc(O)cc6)cc2)c1,15.696663535224122,181.10324739062335,False,False,False
