descriptor,PLS1_corr_loading,PLS2_corr_loading,PLS3_corr_loading,PLS4_corr_loading,PLS5_corr_loading,PLS6_corr_loading,PLS7_corr_loading,PLS8_corr_loading,PLS9_corr_loading,PLS10_corr_loading,PLS11_corr_loading,PLS12_corr_loading,PLS13_corr_loading,PLS14_corr_loading,PLS15_corr_loading,PLS16_corr_loading,PLS17_corr_loading,PLS18_corr_loading,PLS19_corr_loading,PLS20_corr_loading
nAcid,0.06966873228746924,0.043407465706076453,0.07824343016521437,-0.10678840847096284,-0.2035207131459231,0.14162473926425193,-0.1996338751337865,0.15697058969146205,0.07869230802760913,0.012994325821856589,0.16312614419556834,-0.11327972380143761,0.18457813427601977,0.2893949849510076,-0.050720996100752175,-0.2168282673700758,0.019111171964450262,0.018300101169331263,0.0973172594140153,0.07382385269225945
ALogP,-0.0002063859996621302,-0.5368652631476079,-0.17453923073365657,-0.0331471299095506,-0.2618264326818797,0.08437937694052353,-0.13874742964202533,0.20876594570470886,0.02530162728730742,0.13619201343038703,-0.02340140643372965,0.02069195218010749,0.14076885337855,0.2857578157116525,-0.2682241026543123,-0.11222236716452239,0.06095255232542401,0.13463179314504736,0.10828392102570997,0.03956866838052929
ALogp2,0.23103131074213087,0.5414774361993429,0.4639570586492114,-0.029982728295136745,0.08683884147726542,-0.19319424374542885,0.11109065984147691,-0.0027674421279047768,-0.015539989151466819,-0.04322853034333796,-0.060235656941496935,-0.10604677789978727,0.07905571609816421,0.05691569841713529,-0.10669536690028035,-0.025823975825602734,0.019185319546409833,0.04004164705709245,0.03917744826416283,-0.03844766210991518
AMR,0.9092199931634216,0.3112182792681262,-0.022445843375650563,-0.1268923257659272,-0.15357676578286406,-0.06328404359109706,0.06756172421236308,-0.032475537340872614,-0.011727157901915239,0.01961494433937044,0.011374349915928427,-0.004756699327223599,0.022257252727237938,0.06075220273167982,-0.0828447343240036,-0.051499960074948725,0.022038831221404112,-0.003553441676319206,-0.012048531360236205,0.0035992435886223672
apol,0.8886338628643144,0.41762198330373,0.0042698331901590844,0.006699288710591056,0.020524234119876254,-0.018726192066860055,0.059823976751695616,-0.06305393154915592,-0.06578468556210257,0.02968189154190202,0.03469716326971992,-0.02372609157694277,-0.018777607654239248,0.016542255032871617,-0.06122381724792853,-0.06180449133839703,0.032842206175451645,-0.017612247070382104,-0.017248892767242258,-0.004992577583533685
naAromAtom,0.45951844393206775,-0.2938542951938619,-0.08691132967336879,-0.4319062713815664,-0.49575788033364027,-0.38011492992387486,0.16506936386380044,0.08505425132838222,0.08457069701728749,0.04787789876976787,0.009004395788142461,0.04181857443811837,0.007118025772766625,0.08790611461753478,-0.1425200689259542,-0.0730405026473438,-0.017594975594140732,-0.031960864320176696,-0.014682806029357873,0.0018348052251556976
nAromBond,0.3883079140930708,-0.29724447215540756,-0.0709610974648778,-0.40680958186593463,-0.4861712543008716,-0.4477328072767442,0.19479881167468005,0.13231335420071483,0.11633855366202507,0.05355745638392097,-0.007281031548935706,0.06027593459305835,0.0001211384319370388,0.0990126353495072,-0.14934645141722155,-0.07250165270703196,-0.014988006792791062,-0.040711808813979684,-0.025010349501646094,-0.023236367499453334
nAtom,0.8599768272923336,0.44343415292223176,0.032981408344586204,0.04007250913431867,0.09560713726060156,0.004591089934899102,0.061775741911852054,-0.0707180578358755,-0.08515018198385242,0.05388698106291488,0.06596547974627748,-0.034654410593952266,-0.041410217868174753,-0.010643424749667221,-0.0561671625491904,-0.07618776969620562,0.04495493053829524,-0.01615317542909294,-0.009860008295251564,-0.012466401557841232
nHeavyAtom,0.8537320377342279,0.4638804047485323,0.05779010449263826,-0.1457570495511274,-0.11855307504827513,-0.043764731486307946,0.015661319448636853,-0.00451033496015506,-0.01570735650990161,0.003212239249629359,0.014089747748861493,-0.0015408583965643974,-0.027814417093381175,-0.002836559932680744,-0.05020516040004972,-0.052960277906090085,0.034730014611028405,0.0025739860989017474,-0.0017716753980212628,-0.013939088262482018
nH,0.8039862402982817,0.39683072789827406,0.012065926607734067,0.176484199618407,0.24932861407971305,0.04049934008323996,0.09197028621849276,-0.11533728579636758,-0.13117525549630132,0.08805502695547429,0.1001812912447501,-0.05702099513931116,-0.04867589510854494,-0.015742094450062562,-0.0566718987270025,-0.08821681011973491,0.04944479212015242,-0.02904552378622078,-0.0152248454479828,-0.010483463621730327
nC,0.9447047036800916,0.241596537998673,-0.04706891597991086,-0.06654783012145554,-0.006113196691964594,-0.03463335126449327,0.04406861972125143,0.01605424081438647,-0.011335023526868554,0.021640423334411636,0.059505577938287584,-0.04895075786011931,-0.020325131615132178,-0.008384613916959546,-0.07375264211336825,-0.09889674970455589,0.07749416960655223,0.011114434327715349,-0.004675046708138958,-0.004507491038091123
nN,0.08541553559453738,0.7671380998258078,0.10970432021068435,0.05340085966772896,-0.17061673750269793,-0.28163028139583623,0.27795390028221395,-0.14110594516937855,-0.02258364463051993,-0.042718606440558055,-0.07318592522674752,-0.007517950718359838,-0.01603336674477434,-0.0031177598974720644,-0.09091945195563338,-0.09773143058522864,0.02523855360286327,0.019885495301811218,0.05146124928603759,-0.0937435152212888
nO,0.3362032391876616,0.3498949781085316,0.23813862940535466,-0.5664033233350507,-0.055517094396138944,0.24235850233935435,-0.11696571850892964,0.03830506601939177,0.10667913227627332,-0.011725856176134128,0.06029815793821763,0.07192684744060548,-0.014359453130890513,-0.1312207655986905,0.23059281353996222,0.19066114310613017,-0.1522982863280496,-0.029376294799227636,-0.015572619583224999,0.11365138588357085
nS,0.08623168388653334,0.2528661892180629,-0.09366131110903675,0.10300581905307593,-0.43655308662840775,0.14768683600298943,-0.04542750932424943,-0.27778838142688606,0.014039951954834935,-0.12280063310326862,-0.2318999648360692,0.16192493926283563,0.10448379609340926,0.2736069888864781,-0.016165263340946867,0.19882400970084177,-0.23026845422240225,-0.18541979640330242,-0.16635698569509638,0.02888468928156273
nP,-0.014678702500159608,0.06770370583846057,-0.05068878142869188,-0.0218741442573617,-0.031188471654879688,0.07939057036148917,-0.03598221988993133,0.04732087253888038,-0.04365043145498367,0.06974237931753996,-0.013431406851699782,0.06865479535094894,-0.009801071377661641,0.090115303922936,0.007188384941194713,-0.006572156362731094,-0.013815863423820381,-0.12944130201201004,-0.01664101002575239,-0.04439209987021027
nF,-0.033231951682387975,-0.006717340408282658,0.29770744921590636,-0.03017069534640868,-0.29859626068459294,0.023768355061659693,-0.5780294442099612,0.2969199843295641,-0.13890259836129515,0.0815029312233056,-0.024252072893123082,0.06317220236012679,-0.19502782401652854,-0.04318383613100207,-0.17659398018105957,-0.16391425686895145,0.17774590813622757,0.0567948647454626,0.07665666519415534,-0.21768202583608823
nCl,-0.12648446282911388,-0.0046460165348639745,0.026365458654515145,0.024701373975748633,-0.08390114860653732,-0.09693911523695511,-0.001386122417907617,-0.04174208371854676,-0.09861502157601068,0.006032479347817516,-0.09057588997710707,0.17376499270501075,0.0023619243699451327,0.31440756185569146,0.05337069831617513,0.2340021602536642,0.03810220993098419,0.09812153721450328,-0.07864660367393259,0.2329578112744404
nBr,-0.1725581865340176,-0.005635616332184778,0.03031216907899935,0.10135217236087073,-0.026912376222944342,-0.1696699880313508,-0.11215921436045369,0.020436856522165526,-0.1031108414118181,-0.057948380278096505,-0.1733124964879462,0.04965175487417202,0.17174462584291617,0.06245974031113577,0.05304861798422668,0.1547100039480239,-0.17234685333525213,-0.040970529900625045,0.0014853957696728027,-0.09326705426654396
nI,-0.04780067009302823,0.004138533212813825,-0.000199998589402557,0.01011256939869792,0.09124670678565942,-0.07729682733646957,-0.06692002924280241,-0.008245831673721286,-0.2504993999373407,-0.017259103066417796,-0.18043166260302662,-0.08434040810654392,0.13720647493771795,-0.07353510685855179,-0.03265326856671531,-0.03814668444793086,-0.19181420011648878,-0.05198876943824863,0.11385606750624128,0.04861086404214824
nX,-0.13759295874504676,-0.00924238949461918,0.28443505404605035,0.014329891370129669,-0.3009248703534741,-0.07611405156945024,-0.5525749847171432,0.251494305401284,-0.21595556176134958,0.05640997256949298,-0.1256698061783688,0.13692755985544863,-0.11024293393315855,0.10632773382024074,-0.12142889902467331,-0.00461042202555928,0.1072408213184751,0.0753653928312124,0.04481571626259613,-0.11879286229339425
ATSc1,0.35696958464465406,0.676855884812262,0.14629439958486595,-0.39285028165330493,-0.2439931963905043,0.08026740941514608,-0.11144671685005024,-0.06567172441336645,-0.019901828438155286,0.016863424637294545,0.013240630997028078,0.13470746382181742,-0.16481076306589756,-0.11833198008558828,0.08370760545313512,0.06415489034435622,-0.025417841878573606,0.08359552909773142,0.0776942714217273,-0.0753587549630703
ATSc2,-0.31678302802458963,-0.652952391214046,-0.02420065823077013,0.3696879322548216,0.2689557552134632,-0.10592140488321848,0.08784258521154956,0.09898270975774161,0.10734718932387119,-0.06247489370797876,-0.013915322451559553,-0.06562347257890007,0.12603383959277797,0.09353000193435933,0.03202217602788308,-0.03136034629816207,0.0008897845566089795,-0.08850571929931433,-0.03546281804633913,0.11000650412349218
ATSc3,-0.32214826124827717,0.2715505356975104,-0.18764481092699864,-0.23386856895307814,-0.046128629757374494,0.10310076233118418,-0.05584974367975034,0.11960166370563577,-0.13825309281727094,0.03241298380430425,-0.05997107898693698,-0.25644278566482326,0.0855089097032921,-0.05024078941358751,-0.20573996783684528,0.003099442551023723,0.057545043013461465,-0.038336886033047426,-0.1747178190174606,-0.013771651961548927
ATSc4,0.4176795636920362,0.1305537504840017,0.23634058914236747,0.29877133598822037,-0.06022762869919272,-0.08675796910054671,0.1820380710382846,-0.2086632634604204,-0.029338435105294058,0.10842960775838247,0.013438644679945835,0.19383015062759548,-0.04154191347508464,0.07427197292111144,-0.019244307521433645,-0.049460493655491856,-0.038624193867091546,0.04511811352541148,0.13009343448844873,-0.02790893973659336
ATSc5,-0.18274072589697538,-0.42207731776129687,-0.3175846334412184,-0.2218078065571454,0.04000084937677368,0.11011682891946618,-0.25490939532020035,0.1288254112785341,0.007921827830334257,-0.13938724436475736,0.11208286359188675,-0.09595136224958428,-0.027808805237116565,-0.017816011789625955,0.09563720620629482,0.02137463274100514,0.05974864598387659,0.03694753016986202,-0.0737976026424731,-0.0056974866537438515
ATSm1,0.31954481582902916,0.3539516091690919,0.0800946023241171,-0.016764888365363533,-0.17964781698868867,-0.15605978131416762,-0.15491566118456554,-0.0415311128041416,-0.22457207252452654,-0.06978875684518962,-0.2731905708888145,0.06930542451418108,0.18271838364915535,0.1094083217644354,0.0023626286827052407,0.146763616999978,-0.24189914727273656,-0.07576468456180971,0.013133443199268234,-0.011877474301499706
ATSm2,0.7847420472627147,0.49058176734154135,0.001485228342587523,-0.14501733377200932,-0.25006003473239913,-0.04234895380303872,-0.05666033398528635,-0.01270637138755016,-0.039871435146207605,-0.03986715856740342,-0.09183364963096706,0.062433171894084476,0.0002572825101013602,0.06335122931572962,-0.02323929791412227,0.05838280908751655,-0.08272931617225848,-0.046020534176298936,-0.02707832628873785,0.01663849783610696
ATSm3,0.7479207104662682,0.4927578783921836,0.0075964974683508085,-0.10225177559632519,-0.2711281152737018,-0.035279747968272886,-0.1383199407016248,0.06840287466826249,0.009163288077183696,-0.04778036710781901,-0.13725987995476768,0.09870919022932752,0.011864314206447119,0.0697198158026454,-0.00672914975745281,0.10838589499822386,-0.11443859440097502,-0.040191982706316506,-0.010534608851157111,-0.015063278451581473
ATSm4,0.7354751568321448,0.44889394050790393,0.05508498916628147,-0.06042699197888458,-0.15079614609014458,-0.015575619132408933,-0.16547062426963968,0.0795438764168688,0.016628726483334026,-0.03720993454875894,-0.16052078676763704,0.13934041577219217,0.035560002198135036,0.04050484862686271,0.04394309863661255,0.1545506313639022,-0.12182773441736484,-0.0065629875235361105,-0.011855794985534032,-0.00015745927304051412
ATSm5,0.6585231780074812,0.4904166818500507,0.09122348865330847,-0.08303706929765199,-0.15979220646985343,-0.020202978289901908,-0.18152301751904068,0.11518817513132489,-0.0401450097837447,0.005729052659577168,-0.1319002856360121,0.07046626398269829,0.0551264009608591,0.04033405841288017,0.028045609720100135,0.1135285960749062,-0.10998380299671168,-0.013785445446447091,0.00845841500168392,0.025836311941917184
ATSp1,0.8963405458046797,0.38441731255941863,-0.06629976362852692,0.031663994713639926,-0.08584106607215944,-0.009560977561195779,-0.028684956121644938,0.0556401628465879,0.050227504755844185,-0.023791614137270576,-0.056630910083081014,0.012969199446287214,0.05418551430181863,0.06907432261188678,-0.019310118774150353,0.02353226758919688,-0.0205153541914202,-0.010146354182139538,-0.02362773451291718,0.017703921344397043
ATSp2,0.8946572480896402,0.35805935270594,-0.09327241718273084,0.0498452541564957,-0.07955557227926538,-0.006908923679280521,-0.055436597161904355,0.10181251970355339,0.08562516828522235,-0.031249994268711362,-0.06498163163756589,0.017221072632049958,0.0552407838854653,0.06046676035481452,-0.0004485121237574047,0.0370283743833731,-0.02629556932978201,-0.003989435521158107,-0.015974797379156854,0.017460536381765028
ATSp3,0.8695693007861334,0.3221903151269097,-0.1350564632158894,0.08520740625535558,-0.04889734167127299,0.0033355933674864167,-0.10500224223445592,0.18995725369838593,0.1394219312701479,-0.030648411249636888,-0.07549741919937462,0.025474426950931023,0.058031469403728414,0.05138538288034698,0.027610472467237045,0.05577677524912532,-0.03584145520871021,0.0023653811567645754,-0.005517526493561231,0.021842537977543378
ATSp4,0.873711350379535,0.2956475197898156,-0.10064091423748386,0.0774816900091318,0.01654842690757156,0.042299331843570494,-0.11744163451591912,0.1882850517756297,0.12831254538633782,0.0013884880042071817,-0.05001506714612192,0.025563437060849622,0.05146408134554435,0.02303256055512422,0.04179115463397836,0.03693841653403195,0.010428987046514421,0.03997203330482571,0.012719579932000355,0.011787963356716185
ATSp5,0.8657770588360352,0.34251984649997747,-0.05739590199557383,0.030226732284779314,-0.02600383759961837,0.02004922444362995,-0.10306499295033938,0.17693157777439536,0.10238539883394294,0.028240150651978893,-0.014712609178041323,-0.0003661239237595105,0.03670302830782731,0.04677221143935451,0.0194555860564954,0.003080378589632385,0.012860248962819565,0.046234189784813376,0.02556199618338332,0.02815615397451868
nBase,0.44132093407596756,0.4794388659978003,0.3659654338329179,-0.005456772393322344,0.07173573684098648,-0.07733167560711796,0.24564673757752994,-0.2237479277303961,-0.07341732796528432,-0.11472051157905076,0.0032289103410917614,-0.08551793634398804,-0.07872894464199308,0.001119606698888757,0.05295108766587423,0.08942007715680493,0.06231778148832211,0.07685404002773975,0.04707971113594248,-0.05601953057812956
BCUTw-1l,-0.23347411285669475,0.1855196949929975,0.034373207564322515,0.17549819955906742,-0.09626843535712307,-0.028139718588300156,-0.0574872007730648,-0.006316011370887557,-0.1278978449968743,0.0542623224214768,-0.2069066650177543,0.04554266455495446,0.18361431949521273,0.07156642383529091,0.044022131663633744,-0.025365951707948673,-0.084146003210431,-0.00784609318491995,-0.0027315508635516505,0.03565559028477499
BCUTw-1h,-0.14270210495318997,0.05883467341494764,0.021297171175816917,0.1250902551811956,-0.2138305081421164,-0.14346608418287168,-0.14127333414034726,-0.03877192068960308,-0.1999750904682204,-0.1425338328146503,-0.2796505405033311,0.13650053590559746,0.23593609200668367,0.1965785816915144,0.06490413204849418,0.22933426738574067,-0.2820730052443082,-0.08676454965711097,-0.050621417432761,-0.0017857520833640106
BCUTc-1l,-0.31587519685951354,0.33130450214594703,-0.29000365151399704,0.18118622868127382,-0.3618801053520852,-0.22421801484132092,0.10718857761482767,-0.03914473981820862,-0.09696308525194944,0.03344900552548181,0.01451663769877856,-0.06165209807361846,-0.004432374259407649,0.041934484408274846,-0.07794388950796821,-0.07361140562323687,0.11994245616301628,0.01809750330426611,0.07400016419777043,0.017417432933621173
BCUTc-1h,-0.21135608245758578,0.3553002284410989,-0.01861172888635771,-0.3360125483470242,-0.37042382955863784,0.14418090642511175,-0.4764135314263558,0.16149363553421664,-0.024726121192575116,0.10126988973303332,0.05700170067875097,-0.09298896163393348,-0.043570705534095144,-0.03299775521187723,-0.08326765690230759,-0.04717463415352918,0.02959092613044672,0.022863481409108825,-0.041911882870965325,0.034599940211686296
BCUTp-1l,-0.10265981999709979,-0.006728840131866371,-0.35521073016077576,0.2664892636267731,0.24553879442133092,-0.17103361646315485,0.3962183433581208,-0.08761847312353876,-0.0026579167228720575,-0.0542621337616879,-0.04407871988747992,0.02802827784992901,-0.061446853386466556,0.032145920744150784,0.11524011102015941,0.24187589909898535,-0.1787921636685778,-0.06926780302100782,-0.09459446773239467,0.07753483138039051
BCUTp-1h,0.6359326024745363,-0.01658507809864252,-0.14848097609178781,0.3502895692839418,-0.060456309662939606,0.146443344045461,-0.23055886304217207,0.055633833535962685,0.03573352209086661,0.0016652803756823354,-0.03108301735864639,0.022822916929953113,0.19929653602447236,0.1712657254406501,-0.054714086714422516,0.07271698851779174,-0.030477267130337122,-0.025798118817991912,-0.037948512619998875,0.06554052667445019
nBonds,0.8800113275083189,0.4167615965071312,0.00229698118854114,-0.13675444937576955,-0.13595321934725307,-0.05558287919582183,0.013160509989615465,0.023607129771946286,0.017050615964107448,-0.019986073102777436,-0.0023200876180537737,0.002550349073952789,-0.03303461910583462,-0.021722612299821458,-0.026039088098365228,-0.03512987556683135,0.024005600847724524,0.005521508639386471,0.008091536621874978,-0.021401472742252164
nBonds2,0.8779368632298691,0.4250621569822395,0.008048039123710935,0.03764977794413017,0.08009626338336112,-0.0027346224984133973,0.05930119445968961,-0.05551537636191504,-0.06774388972429922,0.04146094338507675,0.05676734192658366,-0.03173271147297957,-0.043638279491051375,-0.01930128818809445,-0.044968282749602254,-0.06745916280394657,0.03983865541883116,-0.01417955065469282,-0.004989754691617643,-0.016113328910267514
nBondsS,0.8513220530122062,0.427316517950177,0.008651189177693641,0.119714519487929,0.15561482815108085,0.024969718583212827,0.05179232011223347,-0.07637668393334394,-0.08905133500665686,0.04919185226779166,0.05889647716845749,-0.02332382700235686,-0.06273231699033277,-0.03210468086580107,-0.02661547944789612,-0.05487351733459988,0.03368683730505542,-0.017776059816447927,0.0012724407554640079,-0.028696108515588074
nBondsS2,0.7856758535374895,0.4673776076949151,0.02266735555025671,0.18161165065092452,0.24108048282232644,0.11800199381883816,0.010434113600786285,-0.10803429969906539,-0.1159003472031789,0.037500693908204874,0.06181522563471571,-0.038454440230571714,-0.06058657916355097,-0.05213597728636686,0.0012164087827932592,-0.042254134897915505,0.03703170210288085,-0.008445695078198822,0.007170350311397403,-0.01823912253978195
nBondsS3,0.7135988982650623,0.5385527676762097,0.036174496849273506,0.17805899874435588,0.21528129895875703,0.21956678793383866,-0.10437011849607389,-0.09142189143006288,-0.08765874741188703,-0.035514590312207786,0.0044320257030624945,-0.010180164485267859,-0.07368621167412476,-0.10002261367298065,0.08221436437822707,0.02461168141002168,0.017459148978976394,0.020902542036475444,0.038109992595258255,-0.02802260943584088
nBondsD,0.5100610676365419,0.13763820254829834,-0.0035204416122957376,-0.5448826104224781,-0.48866505747651046,-0.19404634034030824,0.06600246558411424,0.12689901186633254,0.10352217978809976,-0.00936885101744387,0.03604591905229267,-0.0963481268856869,0.14118586325586613,0.07899845041521925,-0.11503986104880506,-0.08335174779233213,0.036107715989770944,0.004209750280973057,-0.05831495879549633,0.08087252200579764
nBondsD2,0.045939910391777646,0.779300743854069,0.08924335934784555,-0.18574563460497318,-0.0813081907691625,0.21897539176815237,-0.1289481598711649,0.11800051545067416,0.08255559117310957,-0.08591850129479227,0.04267466112029255,-0.20521025008295138,0.22936029794175222,0.012486210216766576,0.03141671816103992,-0.01313027864083034,0.07132770825339742,0.051147197183548335,-0.07769786067956724,0.10696333658273746
nBondsT,-0.13298469074322766,0.008846078929130988,0.02576477417700181,0.02266459473665773,0.06139720519368477,0.057310998460565706,0.06996495548899376,-0.060815417436258845,0.18104104879149235,-0.30872078575392115,-0.3295871692296355,0.3065150539526139,-0.3026173007632627,0.009181086801366745,-0.2824063838448041,-0.2903070004890946,0.2202159035960282,0.1655875647137187,0.15459936775693894,-0.015214184442981138
nBondsM,0.41135986364054244,-0.09036260255218237,-0.04770430809376741,-0.4747031597775205,-0.5263204882892255,-0.4021946386439188,0.16969635023881813,0.1682149404538416,0.15224219093088237,0.018105849321597228,-0.010059667940277597,0.018604340989799916,0.05122931736538817,0.10699735498342533,-0.15906577329286617,-0.0919064974940195,0.01407444638402065,-0.020769118124150193,-0.04106733273617496,0.005161925244141688
bpol,0.7977365044292406,0.496163362112174,-0.04398550017415572,0.07708705413364111,0.08819279962001797,0.05977308770419308,0.04190625783978705,-0.14063606113373595,-0.1560278148172338,0.08526044464350085,0.05083852353190551,0.0021195064434618724,-0.08448988266867229,-0.0069136709535004386,-0.0505885266977532,-0.04508697009852063,0.003502070023151222,-0.038525000003850375,-0.013063799192178097,-0.023854677430481096
C1SP1,-0.13375898599149016,0.01266460380125364,0.026682417029845334,0.01699017407556424,0.04039100879815602,0.05567769682625766,0.07619300583115417,-0.06339070285789082,0.17922933051543818,-0.2945997638198209,-0.3405689451606426,0.2880527682934304,-0.3001631702808888,0.00016736352426054087,-0.287664967669672,-0.2592617021945949,0.22304065110540935,0.1735113833464634,0.13815985527280986,-0.03122671446286931
C2SP1,-0.03179735132487154,-0.00889838257802315,0.02545813656811321,0.08698548285504382,0.2005205163049743,0.11538900254618527,-0.0035997194465606087,0.05658070134375755,0.183386316622997,-0.23801731188419128,-0.19259963939649188,0.23845591934093816,-0.13844348803106193,0.017117880848011854,-0.12021113536087992,-0.2843105973640606,0.17232096163695285,-0.015455729701619608,-0.10339188280826353,0.26987011494163915
C1SP2,-0.20033169900204573,0.7709706082341651,0.011341561642591829,-0.17124848240183052,-0.16690022610345936,-0.03556099475784952,0.07035183707263613,-0.053664016358850083,0.07572802543446569,-0.09181256586232417,-0.013457326192802403,-0.029278165336022198,0.08122780841612404,0.05779954194147295,-0.08817791808808942,-0.07002697518876906,-0.032895548920451836,0.05252971799692638,0.0233844778748455,-0.09169070299035183
C2SP2,0.5876726308795401,-0.3390186464557778,-0.01620936380866877,-0.479909132688366,-0.3914126081356799,-0.19509080470232626,0.05929570099871133,0.02722254070182411,0.06517088801001966,-0.022613949624296664,0.016941547646536572,-0.03897314369583612,0.051823609574907295,0.09725795266987501,-0.07573672902688092,-0.022863278210072068,-0.002621728438289268,-0.04582518965273915,-0.04525577515646937,0.05086490842527759
C3SP2,0.39342687965113293,-0.253794076790498,0.01300751802407884,-0.13273137437159463,-0.09426178513389602,-0.0019646089437443948,0.007382974768837548,0.3746634514778357,0.13745095887676098,0.12246127203068434,0.15932476767930695,-0.11747793099173069,0.11759958746548292,-0.08715472934675583,-0.06031641267839851,-0.13271965793804363,0.24658501510399797,0.20750236467426486,0.018569929191148693,0.05801570761873234
C1SP3,0.6097681221882807,0.2571930512346992,-0.03662183293289197,0.1601406868927194,0.04240069955368861,0.09975316196810509,0.18070982126882798,-0.18698853035947707,-0.2511209905786563,0.2341090064764554,0.11514941236591238,0.1199737961589652,-0.13249524894907483,-0.03710260771481412,-0.07632623437032081,-0.01959151989303221,0.04558615306387215,-0.004842929061977744,0.04423937417610685,-0.10640349585842943
C2SP3,0.5286202539755782,0.3854964162572049,0.016349621706688158,0.3998823974888881,0.3805206448871585,0.052694139530449,-0.09586657908834387,-0.07003715540954017,-0.08220540958366666,-0.0808436604472893,0.011568402176715049,-0.08119919879726634,-0.07903383952897518,-0.10993038564599084,0.10409225760012136,-0.012297059816784119,0.028045876610871726,-0.07640822845506676,-0.047415189144304544,0.009193499216689863
C3SP3,0.22691697705907812,0.24165863330186985,-0.0893445295947963,0.2990199801737491,0.49679826716444253,0.22410426093585514,-0.14248102038447086,0.13201034787517923,0.041291759033102865,-0.0889225905563397,-0.07721552830278036,-0.04292562466636384,-0.011082203240486045,0.012275077212194846,-0.03496908726018655,-0.055726118767298216,-0.12060363412982524,0.02017907969458573,0.15459047344383775,0.01743693022731142
C4SP3,-0.010040614426486958,0.15056032816373602,-0.1353317798666409,0.546655445393921,0.5154811848320332,0.028184343295640856,-0.2217631451037486,0.2735385448305767,0.16045954690089262,-0.04015746436635769,0.021011141522290402,0.014599180346761172,0.05340502829277031,-0.00503120778661229,0.04626499677483642,0.011562481122789113,0.047545048805574835,-0.061049138957354886,-0.01234894842337299,-0.04440529496510876
SCH-3,0.0286619585381197,-0.010424318623355001,-0.0075462553795387095,0.14086370193809175,-0.04665166152879774,-0.08555378464387936,-0.09990619325956383,-0.12346166582526148,0.0441806744383365,-0.20952239265137998,0.04724701946767058,-0.15751483949690046,-0.034698280290398634,-0.07881840014429314,-0.043841714097767444,0.023253256292032592,-0.13161707863082422,-0.0028041882113026047,0.10076092241075688,-0.04010874042176492
SCH-4,0.078359509001841,-0.047560120535238504,0.012642197947353096,0.1165852237841261,-0.07773333853180674,-0.029973721089651444,-0.06442449655242448,-0.1500641265862587,0.047446204890465644,-0.2219226188302771,0.053848955221334635,-0.12912464677501914,-0.051578473800144006,-0.09773040655788567,-0.04280361808392675,0.06259078608370357,-0.15089113084721412,0.018359385719682705,0.1055178457283026,-0.03658526699755791
SCH-5,-0.07408654380084018,0.26186989567525154,-0.3107644137531011,0.22582715924645796,-0.3623908609826283,-0.18764856944880046,0.05450908521847497,0.21906837768988793,0.17008200238556728,-0.14850211952917944,-0.05540780635836779,0.07393602702299856,-0.08927858650226869,0.04894998301702046,0.06691166850103933,0.10101168722381157,-0.20958594788605653,-0.05775780969760514,0.08042841887968573,-0.025768609666546385
SCH-6,0.4183736937989483,0.07358438691856209,-0.41481732440515084,0.15077323701449016,-0.2576887939896846,-0.28028747905483936,-0.027682240879705472,0.28679007894757047,0.2715411623066289,-0.18794740800868343,-0.12299355414788368,-0.013334675257116506,-0.019213694331053334,-0.04172097183273805,0.019223259376251557,0.1436714110711498,-0.16283653488244507,-0.059931400909403756,-0.008336345633473278,0.002112329771392983
SCH-7,0.30812558832127973,0.05322632104015433,-0.3107559676303184,0.17203269227288417,-0.0640556220297588,-0.21390617368075535,-0.13454341308036102,0.48681467124856764,0.38526826073381115,-0.15353404563094203,-0.1351721259264709,-0.0028375074569020474,-0.004203749863323972,-0.08162965099783706,0.128631794470963,0.20321200463742448,-0.16046611276914732,-0.04921758843038692,-0.014554912096828987,0.013136535975352682
VCH-3,0.0286619585381197,-0.010424318623355001,-0.0075462553795387095,0.14086370193809175,-0.04665166152879774,-0.08555378464387936,-0.09990619325956383,-0.12346166582526148,0.0441806744383365,-0.20952239265137998,0.04724701946767058,-0.15751483949690046,-0.034698280290398634,-0.07881840014429314,-0.043841714097767444,0.023253256292032592,-0.13161707863082422,-0.0028041882113026047,0.10076092241075688,-0.04010874042176492
VCH-4,0.07868820272189485,-0.04704080593658407,0.012843119653705612,0.12319734306767502,-0.07568471907980309,-0.032153551943770474,-0.06773860152108971,-0.14728074811287897,0.04245462706929278,-0.23094281316531134,0.053350690919397044,-0.13419438348430032,-0.05041964425187907,-0.09605467918406138,-0.047392645745655784,0.06078510017108093,-0.15452068390780907,0.015970410947208833,0.11009499524370985,-0.04177992874155278
VCH-5,0.117352733697687,0.18186169168731828,-0.2749824024352806,0.3061468339952995,-0.2489775269604384,-0.02771875805118855,-0.0013997240768587672,0.14227280444827642,0.13003984266263374,-0.21272997066574187,-0.09618540647951865,0.07981389384885688,-0.06982685544614577,0.16894989483429998,0.09418657190240502,0.18625643508672535,-0.14827092805302927,-0.13137488822351498,-0.017654925650717815,-0.01998544371140121
VCH-6,0.45624104491552225,0.08401609398527672,-0.36011147922420433,0.3728063352448831,-0.03016499880668583,-0.036763601484767865,-0.13196659526805218,0.16058816355027786,0.24016336211823297,-0.2524457570067305,-0.18497577203352317,0.014084130106373497,-0.006685546663849357,0.05158114718489935,0.06448467800219031,0.21123840410311912,-0.15214028455412545,-0.11435408730778993,-0.043152098367772236,-0.017293195463480616
VCH-7,0.32147136246255403,0.10816058685960568,-0.3107800831483755,0.476596630475461,0.15953109903348833,0.009251935745377518,-0.22239706030990053,0.29195279923511674,0.29504859865092137,-0.2018831461393967,-0.1962351094608147,0.010077299960511566,0.054707699323798736,0.03907413964683085,0.09875106017810344,0.19912936090830588,-0.15387712701610665,-0.08980430051122695,-0.03138530826427707,0.006631596859998897
SC-3,0.535003575415902,0.5470986165854145,0.23102001212535736,-0.06783660008924544,-0.03571186963344296,0.11249627576114633,-0.30205540387618585,0.35189291633838965,0.06848942710801594,0.10128819243151395,-0.005577811868885434,0.042304076456768015,-0.021858520839427048,0.0829335414411903,-0.09096890186632439,-0.0007689164996708609,-0.08414981889419992,-0.03178855558743418,0.042226003306377866,0.025667384848458055
SC-4,0.0547081384880034,0.28187400735702023,0.0005210862010044042,0.18108355718686764,0.07657918142874204,0.15010539473760914,-0.545161147246975,0.3839980592900119,-0.0018306245130819338,0.1350703214724061,0.03446767888467001,0.09091543177575158,-0.07962577777223914,0.10439739761661158,-0.1903546859480617,-0.08220958818971037,-0.0933480034050529,-0.11113459415049635,-0.025554539103245146,0.02077555176454754
SC-5,0.16808359930869968,0.3652542462992188,0.01631939075398778,0.15579859054424505,0.3125730821827502,0.11485508012842531,-0.4207276150392304,0.4297208154988732,0.10683312384222551,0.06411868328256978,-0.09841671688734127,0.17743544317526674,-0.01731529134507661,0.018528178163342478,-0.05209163290409917,0.0008738125319938626,-0.15021891583410518,-0.0080940260276672,-0.06704531371883923,0.049636527374069844
SC-6,0.05160097369106329,0.15693221474697566,-0.10651211567994685,0.24100223070628723,0.3230418006524818,0.15768649707855376,-0.45777790523400747,0.3195305269024832,0.011222819889622372,-0.02493928132670159,-0.06871791860006891,0.14619211140897226,-0.04693915275985765,0.09650009336832624,-0.17267625059000188,-0.12386341845883207,-0.15979153513531932,-0.04792512517439923,-0.09228718401692668,0.07040109443008435
VC-3,0.5404040654744346,0.4652787701757821,0.016751481439117737,0.34136170924798187,0.23884298699105347,0.12796523897208353,-0.15091156233004316,0.2347078757831,0.08622294864519915,0.0558071909150516,-0.04046596106383954,0.07366685256899749,0.04909112150576087,0.17186284651142106,-0.020933114596652896,0.0692217491329745,-0.12642725622526643,-0.03984172712132534,0.10001101779064366,0.002579796254470827
VC-4,0.06579684744337923,0.2885284908930318,-0.05859150874049928,0.39418325622586836,0.4390141398255941,0.07255978517330258,-0.24610339195773226,0.31257448789853703,0.12201195206306639,0.08471615423084419,0.07369863309201301,0.09807798039722612,0.04292074179100301,0.13293890027646094,-0.0018514207342411489,-0.05928958664300431,-0.021215382805973834,-0.08871859467659497,0.06783209191953274,-0.03119944963343014
VC-5,0.28206077907150284,0.14860672929881624,-0.1451564818777526,0.42761267565016486,0.4505667601746681,0.18826076327306174,-0.3072576027335602,0.2896333608297608,0.15274928986556222,-0.08305131377118061,-0.1330737576876649,0.12663862327745293,0.06889747282494212,0.11022599882961052,-0.043272661739817066,0.09269083122887645,-0.1188332848298948,-0.04930942342580112,0.020672901287900215,-0.001524958045313519
VC-6,0.06383041559798718,0.11452164988098633,-0.1760492636549402,0.34624169849147945,0.5557185504949143,0.15363511015539003,-0.29313762546478744,0.2842886255961149,0.12020058634551667,-0.1267555816803711,-0.03656046372337247,0.1326365711221792,0.059235572374371555,0.09515074191271815,-0.08213081131051707,-0.06498869996254743,-0.05822219204994782,-0.06452848996922533,0.003393995613672078,-0.006867616752696582
SPC-4,0.5907594926093949,0.47490936589726274,0.03320301428238174,0.041767317754656856,0.13446593060890968,0.07340433277781362,-0.30232640445173364,0.40049143864431846,0.17234153192243248,0.02559835389961557,-0.07378305142164063,0.1254180612018503,-0.012858453696938568,-0.005554322896860637,-0.0036926337798662873,0.048283745714297485,-0.1019470308659874,-0.0031344092912812148,0.008981387498907213,0.025287017435528743
SPC-5,0.5681182680772924,0.3881250705998563,-0.09802889563769646,0.06837784659886512,0.14069740303878697,0.06037637505647129,-0.31121169313911917,0.48293685784210044,0.22178597025387153,0.013638209145972087,-0.05983590690410405,0.072571690597252,-0.015453749541098783,-0.05159335304691376,0.05365526087716506,0.06595871551617861,-0.05514706919251888,0.01485570929006241,0.024392314705817732,0.032994586890276234
SPC-6,0.5718515796896343,0.3213822550885079,-0.07161274229067441,0.06737031162121594,0.14273906092745528,0.058094553926944195,-0.3027424751806182,0.5014047516380948,0.23372434992399416,0.04047228684273201,-0.041170936530623536,0.035029812894615174,-0.016812329444171825,-0.07184582597289686,0.08580988998474834,0.07280174145246146,-0.032118342253647666,0.043093317911784196,0.03664414943895954,0.033114816392797335
VPC-4,0.5442491884724413,0.2754828055321856,-0.14556698233314527,0.4575915645261884,0.3132936739713024,0.1457511399124231,-0.24906925807604324,0.24055340328884667,0.15547742674305667,-0.07213971798658561,-0.11841158658945695,0.10096508933561549,0.05624127698769784,0.088122536329761,0.01200332816193119,0.1265403439443079,-0.12303955867213814,-0.044180439753228606,0.045298265418883356,-0.004891574455520016
VPC-5,0.4906741796994552,0.21528614743690724,-0.19173728821174546,0.5068013123114425,0.3399119543711096,0.13595626000356908,-0.26848208553463776,0.26521645291950363,0.1769278218960265,-0.08462785898640536,-0.11774008043766217,0.06903744348020585,0.0731267055346314,0.05706118331714344,0.03918218087739465,0.12100109058169216,-0.09623581175864718,-0.04915186391982858,0.03981394542696605,-0.001840484673547812
VPC-6,0.4675649927157351,0.1777705786849483,-0.1932688965514622,0.5110691715748644,0.3545934840312702,0.14511785542169173,-0.2824409032785287,0.27254233577001324,0.18599843727002302,-0.08190423133140907,-0.12112829311416362,0.041847173168429626,0.07593327104098525,0.04121916428331316,0.0511539696132951,0.1160257614575859,-0.08969987880095519,-0.034951966975026526,0.04785733892623569,0.0032683498833410967
SP-0,0.8217044085793036,0.5088587283580538,0.11055876557789532,-0.14994390301927524,-0.09695768116504129,-0.026596497211490534,0.0021747219760750187,-0.0007381373385475571,-0.030229546542740026,0.025943092574457288,0.023681772094123428,-0.0008369195786388106,-0.02256738413320094,0.012539355041639257,-0.06584390466144822,-0.059145605211841985,0.03656720140028591,0.00199783760330459,-0.006116743449300898,-0.0053493431340172325
SP-1,0.8645130970321981,0.44161343041469814,0.03283031576789685,-0.14361165521710056,-0.12606658417021377,-0.05409118433192019,0.02978113623371726,-0.019552678860798485,-0.0150370393562882,-0.006752901109208028,0.013060684176215405,-0.00320204391394167,-0.029997325114400477,-0.01031421508399544,-0.04496686628224948,-0.05419456204018189,0.03934450841412277,0.003898663583052788,-0.00242801644271646,-0.01805313214189591
SP-2,0.8520943407381745,0.46156899281230396,0.06267423693179427,-0.14317960919712217,-0.1319446198788075,-0.028748663876968592,-0.028533548352434556,0.07026958429444154,0.017755092881285805,0.0029863627347530963,-0.002233125795999643,0.0026716584447770858,-0.02828676213741462,0.0011954034669112328,-0.039179890823918484,-0.03141942457976653,0.006176208022940726,-0.0016395556846362156,0.014872652804912468,-0.012867390234889876
SP-3,0.8858139187402684,0.3828949369267153,-0.06100069819510434,-0.10379472945323841,-0.09955585994196325,-0.052412409101828816,-0.027454792169026264,0.10265327839011115,0.08075833359223974,-0.04144667950789932,-0.035864134426799574,0.04250057382400731,-0.03721869469324873,-0.05117630202257419,0.00898552706685163,0.005088645367942049,-0.003987487593284297,0.011174201548713063,0.011177125858975248,-0.02272333024140128
SP-4,0.8751069192972899,0.3325969267511712,-0.13215422991553544,-0.10204164675045213,-0.11862117369310128,-0.05722728848054756,-0.032820533525723616,0.17542053641322095,0.1241313230605468,-0.05088301224833037,-0.04097367369667012,0.01744283925436412,-0.04160832446005227,-0.0783545193209491,0.05100376157563437,0.024782414772062656,0.008863810584407278,0.025093825470300996,0.03282537334551347,-0.021088096812875597
SP-5,0.8977826007542177,0.23921728017975438,-0.11316167804508365,-0.07795182012490423,-0.09221532158470831,-0.057896404568279464,-0.041428554861880434,0.19049005255738316,0.15051389113690075,-0.04282280451139293,-0.03602868457248667,-0.003150856138255719,-0.029791462402942257,-0.08972112698723096,0.06236606496553729,0.028032875958851598,0.027408276218367934,0.04793310861562272,0.039586968220094276,-0.02951468766136216
SP-6,0.856268293540914,0.21130038557787675,-0.14679135695573048,-0.0488585721010111,-0.06642531800656323,-0.030694879329591963,-0.08133301903166604,0.2549148852783513,0.20705825291340174,-0.03744198120989165,-0.04089042102479494,0.016388339809564684,-0.03778318749304905,-0.10262411306038079,0.12717735896090382,0.04857201456212711,0.0274820661829414,0.06624530079145748,0.0577308268162118,-0.049285119773890634
SP-7,0.8466348184079647,0.17977811213059472,-0.19481107191315938,-0.006116908964712864,-0.06367635385291574,-0.052671227383495375,-0.07524031378642987,0.24571108418831508,0.2168257652077291,-0.03611105852504579,-0.04874295101662305,0.004989069318547745,-0.045541826578801035,-0.104933877146743,0.13055620845959223,0.0299752765099573,0.030895144278982888,0.08038455061843433,0.069467989334519,-0.05505494321460001
VP-0,0.8557552285849503,0.47897578710672517,0.020792558315331146,-0.024451148973998197,-0.04968367677924076,-0.02920261281460973,0.036686799556869244,-0.0573723580684224,-0.06736886684300085,0.03378936919583667,0.008986989232215328,0.009406004753903869,-0.011100862926591694,0.04214093019495201,-0.056677079719721864,-0.028501427833057626,0.012751491890911265,-0.008734679194272761,-0.011793781863321714,-0.011868703320648308
VP-1,0.8832205238333682,0.43065462670738625,-0.02890379461152566,0.04673742963225856,-0.036898952869749355,-0.02556542372257207,0.02890488275174205,-0.07559175002887401,-0.05695229989668908,-0.011345306722174908,-0.013611503516920852,0.006644876071188983,-0.019697610735351256,0.02347949595447324,-0.03150154128859657,-0.009633297157677198,0.0015402286797161833,-0.02682703197654183,-0.025249264408959738,-0.020853025401066975
VP-2,0.866843693526892,0.4370716294116125,-0.0393653813428121,0.15072506821605955,0.02482036386972389,0.015581428747661044,-0.015760447613935406,-0.01613048616012975,-0.016764087823150576,-0.024271120553068674,-0.04590554891416336,0.02036217884175995,-0.009259100263291383,0.05422908745370745,-0.014927390300428483,0.031276264851991566,-0.046356806325805903,-0.03678457194976296,-0.0003980968228890313,-0.018601554870223583
VP-3,0.8535325957785814,0.3371140234602269,-0.13514206642580115,0.2566022649412483,0.07641298524881228,0.0396688670059735,-0.0815804733314484,0.015270632275203552,0.046605236622850287,-0.09320154568132949,-0.09441474590440617,0.0493062099941961,-0.0050506858792509135,0.02169456153679679,0.023323318362770837,0.08097009247725066,-0.06619830726002657,-0.04335934062852926,-0.011438679948186507,-0.02450732366850296
VP-4,0.8118894167183967,0.28060033234629084,-0.1781927643623202,0.33143120829690437,0.1098356574652424,0.06047674011078303,-0.11667739146627748,0.054036647600393076,0.0847688339583742,-0.11069674590463516,-0.11700308182232658,0.04118652937452837,0.012569696478657492,0.013283675111861152,0.04941501730080387,0.10347992580448567,-0.07446060559303398,-0.04893602402009257,-0.001251092123987517,-0.02081857668555132
VP-5,0.7809678050744032,0.2219770517650274,-0.18694020463221828,0.3636969751726841,0.15579483494675894,0.07629415431000011,-0.14940381543047793,0.06784169945130576,0.11587890248360302,-0.11936007489739608,-0.12304526183800593,0.02158911966599334,0.020189620505421946,-0.007151086131304376,0.064021114109267,0.10328857023775062,-0.07235730639993866,-0.03157880693155419,0.0083585668608621,-0.02278818799450812
VP-6,0.6973162057429526,0.2228096268765012,-0.19692068833343593,0.41247492049600426,0.20420576659093054,0.09778669254150543,-0.18136933736989083,0.10521559345819656,0.1523077176344735,-0.12269897202042804,-0.14276712154936652,0.02789859234450508,0.03306218770324797,8.933921513177835e-05,0.0872289940072391,0.11282100629626804,-0.08608593151197809,-0.022795424984941044,0.014321377119496761,-0.028759357492861657
VP-7,0.656521709509102,0.21934354308671566,-0.21271482908171402,0.415394522864923,0.2358674662480092,0.09350844386588364,-0.1877659160100988,0.10828000534952736,0.16657565377142458,-0.13550460353713314,-0.15032404110599656,0.015861195661081604,0.030067547868451467,0.00039470960864873,0.09024246156619624,0.0974914428286767,-0.08849500249029425,-0.016073175183227487,0.014725843664315095,-0.031234233154899083
CrippenLogP,0.6052068776114645,-0.4007811022853913,-0.30797893096110285,0.00917498192480836,-0.07245633525955966,-0.1143135807344886,-0.05099258869234758,0.037305472363100126,-0.12756814873284672,0.13386025426178166,-0.026281067208978767,-0.03025546991665511,-0.0612180249713859,0.20028495536868646,-0.16911797432245124,-0.0286658554290192,0.0596731459235109,-0.04133294073907303,-0.08514607092598159,0.0015136446174265148
CrippenMR,0.871209862670548,0.42059401597588364,0.01704292593885675,-0.07955543595277523,-0.07614748587939392,-0.08618800700033923,0.09699090273930423,-0.06135206320874249,-0.03662744849609705,0.020448783415304473,0.011195829952397469,-0.026086942038338758,0.0037343221284885466,0.025998928615449612,-0.05764382474818672,-0.0555028166726038,0.0370829156543577,-0.013169782906401828,-0.025231467138244913,-0.011196843314607562
ECCEN,0.7251653779730987,0.5458623926838106,0.19817880731233176,-0.12820812333974463,-0.04544244043121339,-0.13254133449969166,0.10458028070432518,-0.08330633639202052,-0.04942355007396914,-0.05133360865366979,-0.03318241613912085,-0.03440893363356055,-0.01063741174623288,-0.03314719317735316,-0.04919950918482596,-0.032332926379721856,0.02288882418143137,-0.05056121992213621,-0.04085191703246887,-0.032235661078961565
nHBd,0.237316335826281,0.5069817514990204,0.7051212646158689,-0.09293084608304582,0.176071004664987,-0.10115278555059934,0.1688069993708345,-0.01727448299146219,0.12836472583049194,-0.10643638361177336,-0.007270716790886161,-0.08134672277025538,0.10056735571780322,-0.030347832686057306,0.02778230605062859,0.011271685129114889,-0.033332588300566734,-0.0661762950599704,-0.07385431071714946,0.03577085447220113
nwHBd,0.08656489666503202,-0.034016551096031335,0.09370847534557088,0.009490134284419664,0.011364471357030056,-0.07276547734665159,-0.25553892192047134,0.08160501674902729,-0.29556314626042685,0.033410174671851305,-0.25242289694880765,0.04924207976393384,0.23475511888529155,0.07743297366001349,0.12866967124033707,-0.03969460643328116,0.354247895139536,0.3438775996790978,0.1528308817144069,-0.03395270658206064
nHBa,0.39253946510515836,0.7000053151568548,0.3773566068327145,-0.2766789185233794,-0.2368061901651403,0.028526822244440718,-0.07500226627988266,-0.05397272754011437,-0.01586550341857726,-0.010104089319163609,-0.023785368210119014,0.08809978567697288,-0.05545600715254135,-0.014997710176191103,0.06607273845859624,0.10931617940488626,-0.05022968824869324,-0.01649862278120355,-0.02921126619945691,-0.0017746205597374038
nwHBa,0.5891031620520526,-0.1314230725870216,0.00010967753059679159,-0.5195963612397447,-0.42983482176626714,-0.18423770116268917,0.09328206605033147,0.11383568643636055,0.13353179829461037,-0.02881339853940859,0.03220745429558769,-0.06553385649340943,0.09667025949827036,0.07429270092580195,-0.13288446112257948,-0.1057578721998559,0.08590427724357998,0.04731792353793516,-0.028967050908355055,0.03528822949784354
nHBint2,0.13874141413719485,0.7751297176863847,0.4577416396783202,-0.024568383802856465,0.022694099327688275,-0.1052674076197723,0.1906253350543004,-0.06528667828400088,-0.008856361299296822,-0.04480621962240188,-0.000627022301871611,-0.04680966382910242,0.09208721831800223,0.06392827839749869,-0.026129532202194192,-0.041136168338730864,0.024164337091596808,-0.01557190814907085,0.01211758410768865,-0.01817699187882292
nHBint3,0.12343702572162661,0.7126336425492898,0.5453675062161966,0.024231179317029058,0.10068941655078785,-0.13651089641968603,0.18696309871822428,-0.08279445186728743,0.03599843291851843,-0.004500022898766862,0.022473799050011522,0.05005517358132121,0.03028413322509504,0.03369171735285322,0.011568506995521116,-0.04850209829584409,-0.011279815420980797,0.016274667489288838,0.032498194909242654,0.009245052332998525
nHBint4,-0.07934363896979219,0.11705610605688548,0.15531598807509528,-0.36274213783979253,0.02195115817067096,0.0534278738536413,0.03794764947071852,-0.06326980580257514,0.05578818632899733,-0.11534943667978818,0.06340607052256074,-0.03970145555357412,-0.036217269406388024,-0.11838107677729832,0.27338833393256057,0.17497750330417514,-0.013863419607684996,-0.04875865640125589,-0.10319390103493331,0.04337043472462208
nHBint5,0.15334965721610727,0.611651413221915,0.5212216522990512,-0.03777962184866331,0.032613448851024573,-0.11043699308989137,0.2503769885945189,-0.03074844032509777,0.039426234453161915,-0.006151949089937633,-0.07287697104327448,-0.06028976922404294,-0.0662201142050429,-0.07779782283131094,-0.014390750281583155,0.10150556878411543,-0.10886828557598804,0.030013756191056874,-0.004957605206154794,0.050565204813724555
nHBint6,0.17599594769454918,0.6710285230753635,0.5727896145940454,-0.05203052309216125,0.10445848279761995,-0.10211211959147684,0.1820734987698151,-0.044976377534265595,-0.0009072932151710857,-0.027434130059555847,0.013760369810843966,-0.03692483320274982,0.040160299580443405,0.053773766163499936,-0.0028275590415656345,0.0406920229864259,-0.04032674967739441,0.01648926427812047,-0.016306691281633007,0.009478274920575696
nHBint7,0.23563837324373588,0.6188180494545799,0.4938012819951601,-0.09822550777419062,0.021698709004123278,-0.12919888813640826,0.11775544255697522,-0.08046103386159989,0.022855564495677372,-0.10595353367786296,-0.060435380821986164,-0.06523949342676579,0.0007684857725074835,-0.019285027827384286,0.10017232839884563,0.07873483938453794,-0.07365570983613515,-0.004972061467051918,-0.049660658142086124,0.03529094167455763
nHBint8,0.18478508553364098,0.686152392256085,0.540430845386923,0.02846167126491434,0.08750463299436698,-0.1828089969996305,0.1605611172571659,0.014288200519123577,0.03602479808288351,-0.05051309082895314,0.04947118051481321,-0.045176095167637945,0.02329972862343812,-0.01654547812353974,0.05574052916854967,0.0021105729338742373,0.022343585298654326,-0.0005658608783977801,0.0005907171183794738,-0.012282379522466634
nHBint9,0.19489968585597905,0.6671588291404758,0.5699310769062408,-0.049450582898956,0.1095054907526152,-0.11054853636075355,0.1636561273206789,-0.013123830459429593,0.007778817232196011,-0.02700856069346284,-0.019300183143798957,-0.01960582939754112,0.043796152463475735,0.0007954112497841308,0.03560758127755285,-0.020733020033710553,-0.03284985933900735,-0.03296159011056917,0.0403055419525987,0.020563926946389716
nHBint10,0.3463190635958891,0.3738861663606278,0.569735176601303,-0.05958807765935425,0.14230332044933616,-0.15448887689814036,0.07041275529987753,0.027381505981800277,0.06279553704043236,-0.09215963085318853,-0.11882176276122086,0.020678764991784865,0.004765809718819132,-0.03594929702913748,0.026080804641615468,0.0244752715551952,-0.1513664382570574,-0.06686876667054874,-0.022275279703270874,0.01038827127781871
nHsOH,0.20944878051750992,-0.45148845610893473,0.5156032907189134,-0.2857445712957387,0.2498177921479824,0.13294630080026387,-0.10372644226701282,0.10851215653580028,0.2160352189695443,-0.08959223394083565,-0.04287290442568535,-0.004335577860405241,0.128568472115521,-0.03703435792579921,0.12007002539830612,0.12561732048355095,-0.16650828415844873,-0.10948028749779977,-0.0767156044747544,0.023193226074953704
nHdNH,0.1630319250692454,0.6588851821161846,0.5223583759799194,0.022402917577380024,0.11691717736644294,-0.168006975984223,0.20334455514713531,-0.09696840074647847,0.024304822521601772,-0.034973487210300684,-0.03057269432978134,-0.033948143923910754,0.05921183451754594,0.03131685238693591,-0.02097414066180355,0.028162442893538905,0.022941798041905416,0.07606615011888074,0.06288335628893318,-0.04204394853910001
nHsSH,-0.030275048997596997,0.020778833320608037,-0.023494900556292095,0.007881924179811943,-0.06908505942962626,0.029800215926479797,-0.03285329882694617,-0.0830930747736464,0.015286710983747339,-0.13435592339786043,-0.07587855476061563,-0.08835165965604518,0.19418587243527485,0.08829197779663067,0.05655760327699306,-0.005254114671779942,0.1472525551128417,0.1221384156846987,0.05945676715729399,0.012936487606727179
nHsNH2,0.14982397571779335,0.6999920304800324,0.4994352106474831,0.02724586965819928,0.10952323609770678,-0.11957799834273561,0.25358442861276675,-0.06613774952412195,0.029585991508124014,-0.016076171562687702,0.01725333070560274,-0.004555092924557404,0.03646978371119177,0.09669848699821754,0.009370442817224219,0.0334418271040274,0.056393718702897055,0.05201488896099991,0.06341752834981693,-0.03147109391264226
nHssNH,0.10385964505554565,0.8057948440388922,0.3205844265124566,-0.025110067506460675,0.022833267621719545,-0.11961674306809217,0.2569512606145744,-0.137758053204183,-0.10526655388098476,-0.028421437486657212,-0.01757685837071756,-0.06967117134287618,0.04484745249419199,0.008694268640780826,-0.060348465591648234,-0.08960965121624168,0.029901574648012193,-0.08269399505092351,-0.06089492524186106,-0.01875734213566662
nHaaNH,-0.075560864143293,0.11430648939225356,-0.06112098474285308,0.4601739779682515,-0.2667656451738922,-0.37462352177928565,-0.10568685408380339,0.15262713738417416,0.1892169307352457,-0.044470541481264274,0.280882611342709,-0.2495991508522418,-0.09194253267356327,-0.2446572825882851,0.005638992380200679,-0.05302491492698392,0.0867004965485392,0.1425895921169447,-0.004428544113508287,0.1513800052465379
nHtCH,-0.03652404301563086,0.004220574321099899,0.04086550847579727,0.10368193590033029,0.19814033877449128,0.16365680496640692,0.01684594989127599,0.08251727762973626,0.25273531256321224,-0.2597815067897959,-0.31250250008366176,0.23898142195375932,-0.1645217584889064,-0.01976739476057665,-0.17742409733283218,-0.24910027318859893,0.2538859225845141,-0.005054044592173761,-0.2622196267672199,0.34038653411316216
nHdCH2,-0.11948800604339514,0.023173116385211603,0.007805871326359429,0.0203456640766026,0.225563219848067,0.25805019992620054,0.002191280630145785,0.09972290192518624,0.32206506552412917,-0.144533842515592,0.07637898112419714,-0.004503292422179595,-0.03937150386149427,0.10067211778136649,-0.20035711970249706,-0.06831916040563626,-0.1074629356202867,-0.06761858002400319,0.00554593593842329,-0.1329777313359365
nHdsCH,0.017783345938640147,0.08705529223070557,0.00944748335003558,-0.15979642204842853,0.07755837177853007,0.3174063841587975,-0.27469403784131136,0.201481224019657,0.2662709292982651,-0.1853646941277671,0.1096282949246881,-0.3168303555894827,0.3954061872276403,0.3271582695916682,-0.2019001691658147,-0.05864527226820284,0.09865671455078444,0.11112424217234029,0.11414702958122329,-0.14780581907719567
nHaaCH,0.5960901205748593,-0.29347158227552156,-0.11488049549683527,-0.38751524603555665,-0.3740606359955583,-0.22691299511850846,0.115550253728916,-0.04773685124439897,-0.043539769897312904,-0.013473553371239828,0.020065931781833298,-0.0601647518002533,0.055322830229999786,0.055587086726524154,-0.1534133998628382,-0.1598948148308905,0.017108457310718656,-0.02875592805617483,-0.04573666563852192,0.08849529121979953
nHCHnX,0.07066439756287053,-0.03596090295243688,0.09430244502480692,0.012227752863638823,0.024467899558937058,-0.08178968954446358,-0.248951530428712,0.09430040213591548,-0.3044896555995948,0.011208504444528413,-0.2685385710928022,0.02720612633327905,0.23347148646458132,0.09872472011947968,0.141788861926418,-0.036133938500832685,0.33276561258502635,0.3298037647822548,0.15420963834908719,-0.06609064023965583
nHCsats,0.6466112590591689,0.36754555124156396,0.0029786931043271686,0.39229933875040335,0.3622982293872189,0.10047942063129293,-0.01351721336644657,-0.12604799181957457,-0.15338066937504566,-0.018050039083557783,0.025383042137086153,-0.02334016248234039,-0.0989519706216963,-0.09435237205814158,0.06353971981365217,-0.019962096102333432,0.016496285191112358,-0.0722816615138403,0.012478478553117024,-0.034480909675114566
nHCsatu,0.22246972051151928,0.6324955393593301,0.12177806449027974,0.12059536701798938,0.17888368020873777,0.15395300764653191,0.07645567958682543,0.030025760187701638,0.16121585152731133,0.023531746065674753,-0.033162808166021344,-0.0663470454427872,0.0146483310413081,-0.10831044868638065,0.1750385110176521,-0.019874478056835797,0.14025406015796374,0.07145770368276547,0.06554860301539399,0.10334326270304924
nHAvin,0.09214628785192434,0.007418801665743583,0.027392806325831694,-0.25890675973199084,-0.16594715818284217,0.19685835510560457,-0.2028816389222494,0.20508480651828456,0.24879403570267575,-0.09349876452509893,0.13702285327939262,-0.2719047190233141,0.38123146985382617,0.2955119723452851,-0.20032280330927504,-0.13228607852243673,-0.0074409897347843595,0.06361406599829203,0.16227548310259798,-0.0743452261091717
nHother,0.5930290356174915,-0.27276962704235325,-0.11215285455965522,-0.41998621490245774,-0.34659227235864676,-0.14669375834278944,0.05592445483916631,0.00017296915323581935,0.02777204880828376,-0.05960848107433457,0.04692824110702241,-0.1286357610932891,0.13893126800972133,0.13037592671424633,-0.2050520827487557,-0.1749657510613863,0.03382505675401818,-0.007516144523048806,-0.020693300109812664,0.0506504767363807
nsCH3,0.12280620975189545,0.3979287576870064,0.012737539302455959,0.15937968354317925,0.32307876323340534,0.1744189347643426,0.11781404951266623,0.0849748392402887,-0.1318909936526264,0.4621763017909089,0.27574136017600426,-0.006446940816126683,-0.052092758266708276,0.16154266803723916,-0.18545753471095983,-0.03434900856419795,0.01136696504667829,0.11225607141397233,0.09827832345245824,0.06332450677601945
ndCH2,-0.11948800604339514,0.023173116385211603,0.007805871326359429,0.0203456640766026,0.225563219848067,0.25805019992620054,0.002191280630145785,0.09972290192518624,0.32206506552412917,-0.144533842515592,0.07637898112419714,-0.004503292422179595,-0.03937150386149427,0.10067211778136649,-0.20035711970249706,-0.06831916040563626,-0.1074629356202867,-0.06761858002400319,0.00554593593842329,-0.1329777313359365
nssCH2,0.662569727042391,0.2736533616184745,-0.14098643288139803,0.3434847243749424,0.24233123002197945,0.014819825840737728,0.00574696859087276,-0.20747232932151277,-0.16972009440341024,-0.022748590079778058,-0.0020406342916408403,0.008152222115344889,-0.1209048072913889,-0.16315445479932794,0.09464493917755185,-0.05337940606145281,0.08878815698087004,-0.09120619438577227,-0.09193885387460381,-0.08573286289215301
ntCH,-0.03652404301563086,0.004220574321099899,0.04086550847579727,0.10368193590033029,0.19814033877449128,0.16365680496640692,0.01684594989127599,0.08251727762973626,0.25273531256321224,-0.2597815067897959,-0.31250250008366176,0.23898142195375932,-0.1645217584889064,-0.01976739476057665,-0.17742409733283218,-0.24910027318859893,0.2538859225845141,-0.005054044592173761,-0.2622196267672199,0.34038653411316216
ndsCH,0.017783345938640147,0.08705529223070557,0.00944748335003558,-0.15979642204842853,0.07755837177853007,0.3174063841587975,-0.27469403784131136,0.201481224019657,0.2662709292982651,-0.1853646941277671,0.1096282949246881,-0.3168303555894827,0.3954061872276403,0.3271582695916682,-0.2019001691658147,-0.05864527226820284,0.09865671455078444,0.11112424217234029,0.11414702958122329,-0.14780581907719567
naaCH,0.5960901205748593,-0.29347158227552156,-0.11488049549683527,-0.38751524603555665,-0.3740606359955583,-0.22691299511850846,0.115550253728916,-0.04773685124439897,-0.043539769897312904,-0.013473553371239828,0.020065931781833298,-0.0601647518002533,0.055322830229999786,0.055587086726524154,-0.1534133998628382,-0.1598948148308905,0.017108457310718656,-0.02875592805617483,-0.04573666563852192,0.08849529121979953
nsssCH,0.4624155818078176,0.38980448915933735,0.1565376570030018,0.23015224329331016,0.33283273329118684,0.22417271748029752,-0.04055382591963453,0.00570512456711176,-0.005066973082071967,-0.1557899847418328,-0.0801019515414997,-0.04146086262541589,-0.05326699539142884,-0.027418371699928855,0.0668828980630414,0.11488213355629213,-0.15385901900146268,0.034116905368653964,0.1920221618737677,0.05231684368562604
ntsC,-0.12601404274686778,0.004964156302015185,0.02371770824815967,0.026745368969618006,0.07756461075098262,0.05609180404999939,0.06101584967338471,-0.05561212478777375,0.17415191283922327,-0.30698325806486376,-0.30408755400094295,0.3088208051428077,-0.29058077462462484,0.016927510211346714,-0.2643238607336085,-0.30479467195025706,0.20727313213370627,0.15059266346321615,0.16222995884141395,3.287651473224756e-05
ndssC,0.08892137454693988,0.705093793576943,0.07317083407730852,-0.045797530195776384,-0.07630238742094385,0.14824447446707104,0.0018310259229402548,0.08282941165431451,0.0649816490373038,-0.041397971803232306,0.053962040732103436,-0.1583258295727273,0.1235006127201835,-0.15956617072489288,0.14849904899537156,-0.010643913671769785,0.17446717001151596,0.16844672795261317,-0.05916915633246427,0.05693178099031505
naasC,0.4161391406299574,-0.31240057043278063,0.13951536077772075,-0.5185126362962329,-0.27838398590424385,0.027015298488674018,-0.012783927896123856,0.010748213991085363,0.054913018840618874,0.11793366354406745,0.017084070216267268,0.08896859095019696,-0.05496729946070914,0.03606161412668452,-0.016234759321952855,0.1328611154668703,-0.05718885006185372,0.042790837876079256,0.031844465716886976,-0.014942274407907252
naaaC,-0.13501530745144322,-0.12286340652998944,-0.00040034435082053713,0.03342886629188115,-0.19661741882193792,-0.5809301025070244,0.22041910570750206,0.34672211193177666,0.23216864819680427,0.003110381660664536,-0.01755419444593229,0.08890518921962134,-0.012835014164953197,0.06079535018009877,-0.028375710578596565,-0.03408580708371321,0.05556628672480038,-0.10599074021460367,-0.04750222835792629,-0.08229797345847759
nssssC,0.03720649098719288,0.17192591523303352,-0.07558877179890562,0.4543155409012552,0.37872053396242966,0.08005358581361896,-0.47906961532543335,0.3493513768360755,0.1332788151863061,0.03618683143104304,0.04463830054788106,0.06687189666238122,-0.011738557325694135,0.045454068736896815,-0.10858265132941922,-0.1356101019843272,-0.006956656665524562,-0.030431266677778433,0.037047523935921915,-0.07944674186410469
nsNH2,0.14982397571779335,0.6999920304800324,0.4994352106474831,0.02724586965819928,0.10952323609770678,-0.11957799834273561,0.25358442861276675,-0.06613774952412195,0.029585991508124014,-0.016076171562687702,0.01725333070560274,-0.004555092924557404,0.03646978371119177,0.09669848699821754,0.009370442817224219,0.0334418271040274,0.056393718702897055,0.05201488896099991,0.06341752834981693,-0.03147109391264226
ndNH,0.1630319250692454,0.6588851821161846,0.5223583759799194,0.022402917577380024,0.11691717736644294,-0.168006975984223,0.20334455514713531,-0.09696840074647847,0.024304822521601772,-0.034973487210300684,-0.03057269432978134,-0.033948143923910754,0.05921183451754594,0.03131685238693591,-0.02097414066180355,0.028162442893538905,0.022941798041905416,0.07606615011888074,0.06288335628893318,-0.04204394853910001
nssNH,0.10385964505554565,0.8057948440388922,0.3205844265124566,-0.025110067506460675,0.022833267621719545,-0.11961674306809217,0.2569512606145744,-0.137758053204183,-0.10526655388098476,-0.028421437486657212,-0.01757685837071756,-0.06967117134287618,0.04484745249419199,0.008694268640780826,-0.060348465591648234,-0.08960965121624168,0.029901574648012193,-0.08269399505092351,-0.06089492524186106,-0.01875734213566662
naaNH,-0.075560864143293,0.11430648939225356,-0.06112098474285308,0.4601739779682515,-0.2667656451738922,-0.37462352177928565,-0.10568685408380339,0.15262713738417416,0.1892169307352457,-0.044470541481264274,0.280882611342709,-0.2495991508522418,-0.09194253267356327,-0.2446572825882851,0.005638992380200679,-0.05302491492698392,0.0867004965485392,0.1425895921169447,-0.004428544113508287,0.1513800052465379
ntN,-0.12893790834044377,0.011878993061597008,0.01122374485241695,-0.026380745758945494,-0.04184420222584947,-0.01041924622550912,0.07515604298778644,-0.10420293460013846,0.0847871851177882,-0.20655773041122402,-0.23352846324773088,0.20845470276134642,-0.25370185968088393,0.008715012855712195,-0.23461060617130797,-0.17293883735268628,0.131687348556164,0.1898937339841741,0.26267215104945707,-0.18073355354620796
ndsN,-0.23189850870795503,0.12294907057908062,-0.07643884297088349,-0.20486690182134332,0.027565032337637966,0.048985190491472624,-0.004025592301590124,-0.16988333606210784,0.0257124991730253,-0.2630338131888532,0.0026686180702714343,-0.15232146808726607,0.11599706007270683,0.08418637417591726,0.08782229214733239,0.10631733382707369,0.06816011462957589,0.09701940504234033,0.013073348752247565,0.056099424149653354
naaN,-0.35189339705477907,0.219275890576258,-0.21515248200640416,0.11768343640136368,-0.25921743645533696,-0.3223247863007467,0.1219844618876009,0.055872279789668015,0.0816891836427902,0.029422205110729946,-0.035894014658579686,0.06819174342860539,-0.04323046454878627,0.04844640553514286,-0.11653329798358016,-0.07019835362820337,-0.05743725942896241,0.015007391505104835,0.11766809015541595,-0.12216522633950824
nsssN,0.4739232386140466,0.012098951616354717,-0.19784850136114623,-0.020006357079010616,-0.16773880610750735,0.13121624771449508,-0.009994632881170808,-0.2576227104482157,-0.15140808938577835,0.022097787071985283,-0.12758118323877854,0.013486444692592397,-0.05958889589650254,-0.137320798334985,0.051201472292634075,-0.04995909251257848,-0.0036535786111724323,-0.07985795856731115,-0.027161885350945287,-0.09319934668066487
naasN,0.08463005092761744,0.04906616331602439,-0.20411469941038407,-0.07743428431959376,-0.02384298579587351,-0.32984327521167794,0.213794877200335,0.21448789520387423,0.03270153982866332,0.14755083417623274,-0.06416012326590723,0.15590419090318183,0.029053975793994814,0.13885409682537372,-0.13213926051355254,0.003025554605231294,-0.08052822283002656,0.019569204758317672,0.004833409465995435,0.020540840445821915
nssssNp,0.017266165104911232,-0.0076985686572975075,-0.005334148391434964,-0.016418468951596675,0.03268986693984739,-0.02654799636230151,0.04435040789483688,0.057691080997316346,0.006931603729754883,0.09036010783675587,0.04063264417480393,0.08424697211446767,-0.014399079638373648,0.10045993342465034,0.019533943323526332,0.020104315780843336,0.05262349009900713,-0.06168538703723038,-0.053991257995109364,-0.0862181669938154
nsOH,0.20944878051750992,-0.45148845610893473,0.5156032907189134,-0.2857445712957387,0.2498177921479824,0.13294630080026387,-0.10372644226701282,0.10851215653580028,0.2160352189695443,-0.08959223394083565,-0.04287290442568535,-0.004335577860405241,0.128568472115521,-0.03703435792579921,0.12007002539830612,0.12561732048355095,-0.16650828415844873,-0.10948028749779977,-0.0767156044747544,0.023193226074953704
ndO,0.019937796630485703,0.8149996036516192,0.10342405042085093,-0.20596149735565175,-0.13691747156793685,0.06333135514279817,-0.12244895028826125,0.07242148933783744,-0.0286831110559638,0.01736546205525799,0.033141268401624034,-0.08183443432985182,0.10456928647218401,-0.03702882253319135,0.04154951973818111,0.007494193202746588,-0.04516925500710262,-0.08164120137300733,-0.14588540602094477,0.20293618203507668
nssO,0.47749165423828854,0.014480438849048845,-0.2054524395865179,-0.3381484536137406,-0.10594791730242624,0.2181601658542979,-0.02751864745019543,-0.16921802602469785,-0.030030431226850802,0.040640779170941194,0.1783813849381993,0.17858073317887266,-0.24942965903161451,-0.10163733992135213,0.2264072299851336,0.19188760207364866,0.02388043356263986,0.16797489123400453,0.12925908555096072,0.007374294725678851
naaO,-0.37931896493975253,0.0997268398289718,-0.04603748587081195,-0.16789979756746745,-0.13007517341735209,-0.09029399278776588,0.19461382518384532,0.11213035211956662,0.07399797650048995,0.018885292160699008,-0.15281217831311159,0.10768553810038577,-0.08036676049842542,-0.07749589853877172,-0.04791159847719212,-0.013445411853758343,-0.16486430424662718,-0.039977987171603294,0.24014488652536475,-0.22485531552791693
nsOm,-0.0627216676568994,0.09007083551112512,-0.03369392223519742,-0.047805620029913065,-0.13536508608295333,0.08743416398041008,0.019526719695990888,0.0014603303666046816,0.001233649924112984,-0.00820413584285079,-0.15067148975380948,-0.0431056688538014,0.11283793497972351,-0.028099305478929217,0.03332209303731041,-0.05047132497688269,0.03943742422010276,-0.007946183388057783,-0.05300444239468395,0.07499189475770261
nsF,-0.033231951682387975,-0.006717340408282658,0.29770744921590636,-0.03017069534640868,-0.29859626068459294,0.023768355061659693,-0.5780294442099612,0.2969199843295641,-0.13890259836129515,0.0815029312233056,-0.024252072893123082,0.06317220236012679,-0.19502782401652854,-0.04318383613100207,-0.17659398018105957,-0.16391425686895145,0.17774590813622757,0.0567948647454626,0.07665666519415534,-0.21768202583608823
ndsssP,-0.014678702500159608,0.06770370583846057,-0.05068878142869188,-0.0218741442573617,-0.031188471654879688,0.07939057036148917,-0.03598221988993133,0.04732087253888038,-0.04365043145498367,0.06974237931753996,-0.013431406851699782,0.06865479535094894,-0.009801071377661641,0.090115303922936,0.007188384941194713,-0.006572156362731094,-0.013815863423820381,-0.12944130201201004,-0.01664101002575239,-0.04439209987021027
nsSH,-0.030275048997596997,0.020778833320608037,-0.023494900556292095,0.007881924179811943,-0.06908505942962626,0.029800215926479797,-0.03285329882694617,-0.0830930747736464,0.015286710983747339,-0.13435592339786043,-0.07587855476061563,-0.08835165965604518,0.19418587243527485,0.08829197779663067,0.05655760327699306,-0.005254114671779942,0.1472525551128417,0.1221384156846987,0.05945676715729399,0.012936487606727179
ndS,-0.06257798314761812,0.11912254372518769,-0.09061398795044227,0.006181159287418784,-0.13375351082098197,0.2124473171774671,0.07855687581671611,-0.10631461756172916,-0.08304446029413111,0.04243650489138285,-0.2435059505510453,0.01719096874963423,0.2350866543936206,-0.2038225393457064,0.18801435999142485,-0.29303898497089165,0.028272599305676438,-0.27298643035108544,-0.03938765290874538,-0.13542028055914548
nssS,0.14359692435202195,0.13729055696850126,0.05429060248095564,0.20532727850750834,-0.210151200662286,0.1383044868913215,0.03554660494590716,-0.37189582554274636,-0.0012229391419936366,-0.16995311800974883,-0.19678911581988387,0.08725484389569972,-0.050959336715349135,0.05512801167302225,-0.08787557831767871,0.22934930565750206,-0.28903273096115645,0.12974867117591377,0.11111683578333123,-0.019863210198630382
naaS,-0.024209527499168017,0.10664134932294256,-0.11683437957376476,0.0657305471931293,-0.3439970082106015,-0.08581766756842057,0.010243116610617362,-0.09019415448904564,0.1611473571300891,-0.0517696872134176,-0.012829335201043165,0.16380794292985407,0.13137907330571164,0.38652559886381727,0.06087834108477424,0.13697167735536148,0.06438856375655078,-0.22734011655991754,-0.2851053704612232,-0.09546571722024334
ndssS,0.032866946033028234,0.019634090798836313,0.018498095598411965,0.0535752684776195,0.0149581032981412,0.009338808116935382,-0.09855180067523917,0.06874623564181938,-0.08691042197657675,0.022527280292817586,-0.06711307826940772,-0.029154923190587396,-0.061411699885367016,-0.06290137398694409,-0.1159550784473797,0.018417994106890337,-0.08414107055403423,0.077853827503684,-0.015547146431136236,0.10737904127762475
nddssS,0.04332097374351034,0.16034669328483134,-0.09270030756099028,-0.17989259691243756,-0.13759371401940737,0.13030227133382433,-0.2046360835597275,0.11518274708537872,-0.13712993444387173,0.038368887991676814,-0.07284311816605518,0.016561731374734132,0.004091765776511685,0.12297975778833063,-0.07895109496365313,0.0705034200267361,-0.19528063624994207,-0.19355787595304233,-0.14982929484533994,0.2905353298459621
nsCl,-0.12648446282911388,-0.0046460165348639745,0.026365458654515145,0.024701373975748633,-0.08390114860653732,-0.09693911523695511,-0.001386122417907617,-0.04174208371854676,-0.09861502157601068,0.006032479347817516,-0.09057588997710707,0.17376499270501075,0.0023619243699451327,0.31440756185569146,0.05337069831617513,0.2340021602536642,0.03810220993098419,0.09812153721450328,-0.07864660367393259,0.2329578112744404
nsBr,-0.1725581865340176,-0.005635616332184778,0.03031216907899935,0.10135217236087073,-0.026912376222944342,-0.1696699880313508,-0.11215921436045369,0.020436856522165526,-0.1031108414118181,-0.057948380278096505,-0.1733124964879462,0.04965175487417202,0.17174462584291617,0.06245974031113577,0.05304861798422668,0.1547100039480239,-0.17234685333525213,-0.040970529900625045,0.0014853957696728027,-0.09326705426654396
nsI,-0.04780067009302823,0.004138533212813825,-0.000199998589402557,0.01011256939869792,0.09124670678565942,-0.07729682733646957,-0.06692002924280241,-0.008245831673721286,-0.2504993999373407,-0.017259103066417796,-0.18043166260302662,-0.08434040810654392,0.13720647493771795,-0.07353510685855179,-0.03265326856671531,-0.03814668444793086,-0.19181420011648878,-0.05198876943824863,0.11385606750624128,0.04861086404214824
SHBd,0.14366080085868466,0.35569720533401317,0.7880899913222414,-0.2081471194080171,0.08841903669533106,-0.0840751004194451,0.1381805680279089,-0.0030346239270695997,0.17268343932996147,-0.11613753335766158,0.001313711546004481,-0.09567314689279316,0.12446433575491853,-0.036860529858240045,0.05135576144156957,0.01025251693855413,-0.028965903060538763,-0.08202516189408172,-0.05519775689646367,0.05578375956901085
SwHBd,0.07279423441689284,-0.024077763126405863,0.10620472893299379,-0.021107280351669165,-0.011919958675453519,-0.08818486641268262,-0.28758465603696104,0.07541097386706215,-0.2787063572070679,0.05844423178557414,-0.2613770219756607,0.05594818694252687,0.24490092502239275,0.05694977432987598,0.108560221578112,-0.052402383907883585,0.3609889908752645,0.35491263722106536,0.18589445314329855,-0.03160045081005115
SHBa,0.2946873312123212,0.5980232955603115,0.4903566601830668,-0.35390416146417686,-0.13612019140068346,0.08817050777244866,-0.29518057549106086,0.17620173091594873,-0.007266975583768111,0.022185279035888947,0.016073111943004658,0.0165797742230322,-0.05142899084616933,-0.1020778002323074,0.05470360693833219,0.02111663641019507,-0.014344907414997983,-0.03367091215082285,-0.02935289103187266,0.012516857578151915
SwHBa,0.6361090420313894,-0.3293674846242935,-0.31010169635166623,-0.12418541495590663,-0.2587529614873709,-0.1941074831680866,0.22784713691241032,-0.06763223750526104,0.08628713659179729,-0.04059436909491202,-0.009696346854187621,-0.04586363147641857,0.15292250930815413,0.16999972302738106,-0.20016215715887875,-0.14858379212708225,0.056879941552534515,0.03414529802049074,-0.020278658232473278,0.08901531236451354
SHBint2,0.13160955505447386,0.7498497332635669,0.43076615335441915,-0.07563354915662929,-0.028312444481753043,-0.05600646959530515,0.1244940673064859,-0.027119909338796683,0.0006842594527592126,-0.03642069328871461,0.03944395312525558,-0.07345458061991261,0.12124860214496964,0.10835893963138919,-0.05239368939981479,-0.07905137113926462,0.03406733026601382,-0.021617615707378433,0.022265645447600763,0.01628497229987426
SHBint3,0.04842355474044831,0.5421020872992051,0.5831758766079489,-0.02736459848897421,0.12839320462026244,-0.13297129543818254,0.060024854376698286,-0.07944526347478219,0.11646120507773142,0.0005187873507704008,0.02304669466037704,0.13573416325351645,-0.005822837086443366,-0.04393009751785445,0.018153372529771422,-0.15303720203365687,0.011511757561460584,-0.03427958445067304,0.026966968163073042,-0.037541897566006684
SHBint4,-0.218239877758976,0.0383164183326415,0.12236782184380551,-0.4166439928144413,0.10270575076856994,0.07107599402187631,-0.03117084790515766,0.06661702696816955,0.03425709061885739,-0.08886606528159065,0.043048260315168646,-0.08012188199523626,-0.05700660464128695,-0.1988167700672359,0.2799504406970861,0.08332515860939306,0.011656529321068339,-0.04448791127669862,-0.04513700709123474,0.07104515199516934
SHBint5,0.09048096737396902,0.5464931823156328,0.5223861182443587,-0.03868978290446434,0.03377251278366342,-0.02079338102615525,0.21257633337803242,0.01861779618017106,0.04933475008859926,0.022908017484729183,-0.07355478021225077,-0.07134610683507844,-0.08235054182862463,-0.1393917793441971,0.0001326035804090432,0.08879611034627986,-0.11188041635991793,0.04381968649279411,-0.0005328190863352742,0.0768090432356098
SHBint6,0.0164994059804431,0.6112664491781201,0.5236722635507622,-0.17397403870568312,0.12591871468901397,-0.037215809391799345,0.12942621391528744,0.010386956207121668,-0.03237434943628868,-0.005236917131229849,0.025684853593560476,-0.07155047224859079,0.005669752437217195,-0.003100539913905297,-0.005055328583626346,0.07054181798773394,-0.023674905740186488,0.04628416721255899,-0.09341620031762217,0.07424982575891328
SHBint7,0.18261649835110122,0.45490157601891273,0.4298850962204705,-0.19168925639343296,-0.017223283505406112,-0.052755733946461575,-0.008583227735376906,0.007621853764958018,0.009623582898069197,-0.13377281696564167,-0.05581934501330572,-0.11476367930837389,-0.032385057095510525,-0.04687689795255749,0.14601534628080642,0.08221032072876483,-0.06349543084902118,-0.023982164891369607,-0.08156007836913062,0.08372962159030241
SHBint8,0.13522218988969234,0.6347198023347073,0.5487818032245833,0.06907889781276301,0.04368365899013682,-0.1788412562352688,0.1001680137631891,0.06353999736259569,0.04722971916740845,-0.055961262290736426,0.08572545536187169,-0.04374822723981685,0.007852283750916915,-0.043789821330702104,0.0869796597461635,-0.0069484820346924735,0.052426049297505675,-0.028438193688519357,-0.02103659730528151,-0.01598925915856538
SHBint9,0.16380526110475307,0.5750635363883841,0.5616155591671917,-0.10654039243745268,0.09449470783116957,-0.09606810453302547,0.10155145268295049,0.010468571653688492,0.02021461122698266,-0.04139771941724218,-0.04686263313459089,-0.013512665686714337,0.013393715512267989,-0.04659538608121673,0.0597928360921465,-0.01681177341237488,-0.05112918904792166,-0.0671126292239684,0.02116512507131595,0.02028691044990336
SHBint10,0.2604357320542732,0.11980839538811766,0.5324608255624674,-0.1302727130990105,0.04029917664854462,-0.1319310387696833,-0.05900597731579121,0.10097261302953424,0.09068349763215934,-0.07173089874405023,-0.12818630470178202,0.04931193601195744,-0.023108638657790972,-0.046638273353765025,0.015187456551832266,-0.025943994644765968,-0.2000633066084246,-0.0823758107603482,-0.046051689567079175,0.011400092302281275
SHsOH,0.10106375887976658,-0.4708826952894841,0.5797126968512762,-0.36691051092703547,0.11024406888615175,0.10232419425910358,-0.07745982276844667,0.09185979443812907,0.19514900112012973,-0.08198504805985095,-0.007976925232467688,-0.04653045067447183,0.13525565988046445,-0.03927534052372528,0.11098187977300046,0.08414219153042772,-0.13334333589473937,-0.11636011215343174,-0.0577573132782012,0.030299851309351894
SHdNH,0.1563562104712245,0.6575087450365383,0.523093846266761,0.02789167845578571,0.11470488247973809,-0.16230802121831103,0.20383395917312816,-0.10461677569923318,0.02941914762900456,-0.025163873162884272,-0.02871130878351801,-0.02938122199880825,0.05999913390476502,0.03922279918268395,-0.021028472380027276,0.03195093613267851,0.031562752622948165,0.08076666347560615,0.06876419118336186,-0.0389494314869217
SHsSH,-0.03027504899759699,0.02077883332060804,-0.0234949005562921,0.00788192417981194,-0.06908505942962624,0.029800215926479804,-0.03285329882694617,-0.08309307477364641,0.015286710983747336,-0.13435592339786043,-0.07587855476061564,-0.08835165965604518,0.19418587243527488,0.08829197779663067,0.056557603276993065,-0.005254114671779945,0.14725255511284172,0.1221384156846987,0.059456767157294,0.012936487606727179
SHsNH2,0.14563793007114031,0.6982720460898685,0.49821182836376166,0.024423197300244698,0.10834014511920755,-0.11943717491282364,0.2531368651762306,-0.06866723532045328,0.03384912526681985,-0.014007741711004086,0.017860381442104868,-0.00489301164851261,0.03531004747879734,0.09867232398539502,0.008589807734955634,0.03711854353164562,0.06190018753368005,0.052604881853253425,0.06517856149765515,-0.031799497722855445
SHssNH,0.036939086421239144,0.7939724153824405,0.2340489538162846,-0.06870097126423985,-0.024573402341968545,-0.09921493571082925,0.2318108003921666,-0.14679296517054724,-0.10049874422007786,-0.03835832654357981,-0.04086322765946912,-0.06072306898893416,0.051907384268287324,-0.002583719646220167,-0.06376762828483411,-0.09517402704655453,0.025152922261090057,-0.09920630465534758,-0.06604025540000241,-0.003194256393901099
SHaaNH,-0.107409517084774,0.12568141509489544,-0.06438009494908153,0.4895006488719808,-0.2740970788879647,-0.3599859318537227,-0.13326757870754613,0.16773830106927737,0.20332699496033557,-0.0370006170338047,0.27825276628237344,-0.22421189129341731,-0.09280222492597588,-0.24299326147332642,0.04129434325631088,-0.04990273067134572,0.0931394489876489,0.11873484818944056,0.03241043271343792,0.1484619876968424
SHtCH,-0.039850929485369925,-0.004459438139407242,0.05587241163895165,0.09061378680850897,0.175239943247212,0.15294150244395965,0.025154172800046365,0.07457520338551214,0.24979924001375112,-0.24847442879939913,-0.31474478473921175,0.23069102195456465,-0.1711481382542787,-0.020509790625806417,-0.1701927025045463,-0.2580324480221337,0.2521802558594499,-0.00026177628173461385,-0.268634103551367,0.33793431561257525
SHdCH2,-0.1286804113902225,0.012972689583548688,0.029911264555103935,-0.00957652164050633,0.17320211425382115,0.24373348779828688,0.013812172723379238,0.08784569536943078,0.31825683070275096,-0.12703883044533865,0.08606543381311371,-0.01520720938244618,-0.042702357665161,0.09355016256856091,-0.19419506230253994,-0.07485169720164345,-0.11272511156233382,-0.07302976335793981,0.026685122926450967,-0.13017939285223787
SHdsCH,0.00996845230473399,0.06918590804021023,0.04964175221455222,-0.2410563289005582,-0.04197243525212051,0.28720786821741934,-0.2726634742025905,0.17968954038918225,0.23778630490663838,-0.16525291076544135,0.1586584405265775,-0.31869717884608617,0.40800140334500323,0.32119818025770763,-0.19528526811483832,-0.0818478763764671,0.1096094835556936,0.12273505333474302,0.1386959561283207,-0.12061525112340339
SHaaCH,0.5108217216341121,-0.27535719333457964,-0.05385750650008396,-0.5163076889985162,-0.4255121617347629,-0.20772973860090047,0.07100556073165079,0.01669833190587631,-0.015602575268243114,-0.03902910273601028,0.0016931563600742871,-0.046794659503930774,-0.004547962054724264,0.015785053560323163,-0.11915990660188744,-0.13399009923270822,0.0311970094393767,-0.02698178244008145,-0.04109056631788625,0.047711172785445864
SHCHnX,0.06541854440757826,-0.026326813270835234,0.10867931527652236,-0.020477280059482707,-0.007562831202318746,-0.09385963358843584,-0.28552059097118276,0.08260308409740788,-0.2868843467223457,0.048636828026996703,-0.27207620750049916,0.04619652392220003,0.24683675969183305,0.06802663301790511,0.11668689885216474,-0.05221114871396927,0.35376272078322246,0.3526791335740323,0.1881091967324067,-0.04719493567681952
SHCsats,0.6688306523804425,0.49442699961281683,0.11626885894730549,0.27809933275671633,0.2587651401708206,0.06177747870539994,-0.0070683420433227655,-0.1396426616353219,-0.10732443326893629,-0.010248433959309178,0.014414599361198923,0.014354084546970826,-0.07637910195417227,-0.11653770315828325,0.10214284451278034,-0.019129198227691144,0.004260156048469748,-0.0540398921132522,0.07268059271581839,0.0034009727769636834
SHCsatu,0.268535856301557,0.6850544344142031,0.2281876747609849,0.010772537806885443,0.10455225650172585,0.09633442626169077,0.12431065060876759,0.007620520303616508,0.12274347718516766,0.02442168055805263,-0.001029713832251377,-0.031155713821743758,0.007563007597745125,-0.10261060039417705,0.17491759717401362,-0.015536638638689761,0.11100491067963252,0.06730530512008383,0.08271329919173492,0.1044485573753601
SHAvin,0.07393452290999723,0.012787742139990153,0.03506163178523155,-0.26772297123845423,-0.1708807060247436,0.1951894077630294,-0.20468455307177197,0.20900103875653342,0.23761229031993567,-0.10106477434335319,0.1488182141038034,-0.2648403695725445,0.3762212585597402,0.2953862214406871,-0.1955205880196629,-0.1278208560095809,0.004278827551008513,0.06835471446591046,0.16493575754455458,-0.08790662061092282
SHother,0.4934922232583191,-0.25109555208532774,-0.039924373507067706,-0.5562908912324463,-0.4163596797102388,-0.12762814248434454,0.007457532630806894,0.06019374299683326,0.05030811407131671,-0.07999511168321566,0.040785466888223744,-0.1183905317440494,0.08676986735560058,0.09166906521122059,-0.1670102259346501,-0.1513460432659093,0.05114650810769514,-0.000919571611753678,-0.007410374319701239,0.014232781037568178
SsCH3,0.14399429335830258,0.3446478119347363,-0.007159213955788342,0.2148274443266453,0.34564924882301207,0.17616177765552854,0.1311776946912015,0.0894734955380143,-0.14656596650358297,0.45138547411190816,0.2654299768692772,-0.02442007419046907,-0.04799308394970375,0.16995544131786872,-0.19705304836821882,-0.04704529728970213,0.01595792302607661,0.09173311518541159,0.09656914236671384,0.05243358650345217
SdCH2,-0.11528748545013484,0.026253894481602882,0.0001308500434637918,0.030808654257195558,0.24177318326221398,0.26067238553527583,-0.0015238413846657586,0.10341376624943721,0.3209534517509645,-0.1497104854061779,0.07192729760578827,-0.0006525716300790608,-0.03733283660799568,0.10254205704127212,-0.20095506071856073,-0.06548226235755095,-0.10489324392917714,-0.06509461283394916,-0.0019805049548020327,-0.13346069951037237
SssCH2,0.605909652707821,-0.020168376172996775,-0.26597705257458665,0.3770605181174049,0.25417560352092694,0.04420947506255307,0.005316236124584993,-0.20774983452676918,-0.17084153102612318,-0.05184117889560623,0.004402872189699545,-0.03156862048141847,-0.15788266654364091,-0.10641519584429006,0.0817776848405721,-0.011408232989363684,0.06820015015977615,-0.09608763840809563,-0.10985104041324059,-0.10865737171058706
StCH,-0.03571684517736888,0.006003519572333481,0.038349069048080484,0.10556619871463938,0.20152290805594697,0.16518247239782938,0.0154045476108869,0.0835536952721285,0.25262031027313575,-0.26118310806355216,-0.3115672430497193,0.23947158089553716,-0.16294827233860137,-0.019789722829520677,-0.17815254303775638,-0.24664806990803365,0.25393167818992857,-0.006049375569663691,-0.2605114819769178,0.3402518872801548
SdsCH,0.012935095682637924,0.10059434250961158,-0.05152003543997748,-0.09369250532191029,0.17288943881844487,0.30890712307932827,-0.2422762580827002,0.19129875804786017,0.2830676638752496,-0.20488324771191843,0.04623715802968815,-0.30370546941571563,0.36061781405313587,0.31016540773285717,-0.1915883197239509,-0.024497879476665395,0.0749398234200508,0.09860851977834277,0.08680573717030893,-0.15870228156942
SaaCH,0.6356695854224029,-0.28444951061225054,-0.1950005458623459,-0.2571067332862055,-0.32172244430831964,-0.2504833428847918,0.19007078853984397,-0.10904550646449675,-0.0497248399618978,0.004804235305176576,0.03191821974541842,-0.057481439861869044,0.09043383841968117,0.0856275120885435,-0.15953542077384097,-0.1595241542328547,0.014862551214230428,-0.007179018185642251,-0.028598699601213355,0.09884412794008197
SsssCH,-0.10823610917767995,-0.540687974771609,-0.477842999950774,0.27642684137912565,0.10918426860683735,0.2202356116869907,-0.05563769028895104,0.03759879084329394,-0.0111524059665739,-0.10668273054010123,-0.04307390395107423,-0.0507993201033368,-0.027063835639924153,-0.0410194141708156,-0.12403999203633978,0.03433891295637782,-0.13149402023225767,-0.039116200272616,-0.05945359538382348,-0.058051480823841047
StsC,-0.11055688548039677,0.0056248863703262245,0.013798943868942478,0.04320805493871114,0.10411435439340302,0.06852759495240134,0.054719473574821806,-0.043517757037739815,0.17982875044742674,-0.310999068490149,-0.29816738788160285,0.3124892979069971,-0.2781707053262777,0.022095671714203798,-0.25454990415230844,-0.31743847921580887,0.20687822346451315,0.1306001619878999,0.13399512694454305,0.04166169724973042
SdssC,0.03357672020116178,-0.37030994761822483,-0.4393555161053472,0.31423233297330494,0.02342300800601469,0.21095578105352666,0.06001728123208575,0.018858048580095276,0.07176094012450335,0.015668699551715962,-0.1483408721028786,-0.0772345068846796,0.05786899637137378,-0.13552879878054372,0.1588125577066525,0.03354348880016701,0.14555235304616831,0.07464923252554621,-0.016974822995434083,0.01820979515686274
SaasC,0.5470645009702699,-0.18102785327011442,-0.28562576857916605,0.10745013216591028,-0.14749124564625984,-0.0849905721875044,0.2531574754650174,-0.23851502549517337,-0.02431721579922852,0.12264524753557701,0.04554307977126336,0.04796257175320205,0.16595676300517453,0.20102414846533373,-0.10273702929938057,0.09954826326386104,-0.08036408533046094,0.08504540553777241,0.046400299632504124,0.0780758891916228
SaaaC,-0.03558657234879464,-0.11299029168712117,-0.07857111080030262,0.10011094746757386,-0.18815550518298013,-0.5797935087371265,0.24408852869194397,0.2875040359966292,0.22097613188169735,0.007103304392004861,0.022850338752346933,0.07227731976093264,0.05492205565937732,0.12748302699469571,0.011884141892002388,-0.02546300356421224,0.0651293490827299,-0.082611089798307,-0.09126754668932567,-0.02853701376739866
SssssC,-0.0027864994571984774,-0.1011640044471581,-0.1503934275015657,-0.021965778822617812,0.23633834733348702,-0.04789484669988514,0.5244492970947674,-0.2461031712718821,0.060975102471106844,-0.14464355526388753,-0.01739566519125953,-0.055353764408370136,0.20185115364536038,0.0423342775862477,0.24123178110360297,0.1445211414002238,0.03314016569518176,-0.0688354927485601,0.0345584054561733,0.10552463707740771
SsNH2,0.1485156154307304,0.6985536909284175,0.4943768284143109,0.025224671709061224,0.10885621549627755,-0.1201833864972695,0.2543890492436265,-0.06403968557913763,0.028994238900643853,-0.019260361336697205,0.016223260117638808,-0.003641953329865463,0.03429870449006364,0.0985071787116433,0.010321578277999566,0.03315655671287403,0.056035810886148986,0.05490422569738581,0.06154071859345247,-0.03386813433039648
SdNH,0.16407141356499205,0.6572605438931853,0.519781002179967,0.019990364277756936,0.11692198335193299,-0.16958482351695472,0.20221389418002156,-0.09506707959084738,0.022961370440956502,-0.039436289563475696,-0.031475452547153907,-0.035562917599838276,0.059545135102779055,0.028412794341340707,-0.021376816188786008,0.027377784161194293,0.019815874262002684,0.07665160988028819,0.06008888328501974,-0.04391507330541663
SssNH,0.09962818905784669,0.7930099235638101,0.28877915614677907,-0.01886730271828922,0.01798773426934145,-0.11694448756912633,0.26525095806645876,-0.15174969064227473,-0.12426947937985068,-0.024552862330635486,-0.016341980660562565,-0.08073887093504381,0.03896260802615715,0.009405395880382425,-0.06691566004582666,-0.10152528018666464,0.037242838498244925,-0.09175203014069482,-0.07770647586064885,-0.029459491465114604
SaaNH,-0.06323312787079584,0.10518154843789701,-0.06256919132344549,0.4434546256915557,-0.258785526103497,-0.37677167461129374,-0.0894127611952706,0.14494345597485322,0.18118175404348785,-0.048916799675936325,0.2751682540138488,-0.25646054191757256,-0.08710900388680098,-0.23887436381717436,-0.005331031251115222,-0.052334904930899075,0.08278443721851046,0.14839616882478,-0.01772681635342976,0.1506436331672924
StN,-0.12551481802100614,0.013422345860619682,0.006152985823935859,-0.028109212619463163,-0.040789852356186165,-0.011855750462847918,0.07592730816926684,-0.10332781589139287,0.08346399594159075,-0.2086069071142416,-0.22990278274481984,0.20991311698070383,-0.2541094187149888,0.009886875618974996,-0.23505870703980575,-0.17569551010686055,0.1313042342788718,0.19280730865081477,0.26118653760214805,-0.18111527500295382
SdsN,-0.22866467813864327,0.13243161418771773,-0.09025779634022163,-0.20177025282731298,0.02473608137069707,0.048876309102522025,-0.0031966569592460237,-0.17317636345005918,0.021325435053974266,-0.2628679742637714,-0.004858879616094549,-0.1484926233066764,0.11002067354799341,0.08158739486909525,0.08905224458164486,0.11188293596352615,0.06282993932405002,0.10290092430362723,0.010204990772092238,0.05604507194785062
SaaN,-0.34661050643295716,0.21635975784166825,-0.22408953290936498,0.11141134143088864,-0.24933017325099566,-0.3292940538156734,0.1362924796856772,0.0491088633062489,0.0757285181302147,0.0300075964234384,-0.04061295342406817,0.06748007185832543,-0.03985046780874512,0.05248839641166582,-0.12613563545002326,-0.06565827374248126,-0.05808384557751556,0.016316625548381574,0.10767239182718497,-0.12577681466195414
SsssN,0.5506003767442194,-0.04673822701137555,-0.18523258955507194,0.02463965971584922,-0.1546904737429575,0.11719710967197966,0.040212248023618745,-0.26783727379163536,-0.14535601607022988,0.023853600694076525,-0.11270780511294755,0.016965915252380025,-0.07871988738838487,-0.10917313916836646,0.052413901902971155,-0.05192783756600379,-0.0007780450438913516,-0.08787077841533956,0.020276425413378128,-0.10627825716440566
SaasN,0.11799983959758548,0.028809945732420992,-0.21192938330800923,-0.06682298760583866,-0.008762595747014598,-0.3469346310357475,0.23406997909285315,0.20682433352930982,0.04151713975707858,0.16716328524215754,-0.07301489814890282,0.1445742343085694,0.024897768570968596,0.14498047848561327,-0.12373943236643709,0.00787198879294474,-0.07201537407143996,0.013614287347614148,-0.0039932967500035405,0.013125469444213245
SssssNp,0.017266165104911232,-0.007698568657297507,-0.005334148391434965,-0.01641846895159668,0.03268986693984739,-0.02654799636230151,0.04435040789483687,0.05769108099731633,0.006931603729754883,0.09036010783675587,0.04063264417480393,0.08424697211446767,-0.014399079638373646,0.10045993342465034,0.019533943323526332,0.020104315780843336,0.05262349009900713,-0.06168538703723038,-0.053991257995109364,-0.0862181669938154
SsOH,0.2329277162384116,-0.44311676306062847,0.4953058671135422,-0.27166238928016917,0.2712880398483708,0.1351693559548372,-0.1027872202631211,0.1104749162151063,0.21864682228191706,-0.08802670013400625,-0.05019394249476964,0.007539337042247353,0.12136295464515033,-0.03800018249578635,0.12489801915264905,0.13659428165577203,-0.1721058558968583,-0.10581289746558875,-0.0776847718167087,0.021387864627703604
SdO,0.04682592650075329,0.8283093612854528,0.12306333600477547,-0.1995222012197979,-0.11865025906693567,0.03954652862213277,-0.10137573336652912,0.07054849423978013,-0.027017839607027937,0.013088583001059804,0.02294897023877841,-0.0767213686688887,0.09163182744424463,-0.04090442649295766,0.04401557347984502,0.015324106668480879,-0.04968837816566337,-0.08274492867523936,-0.1445644993538306,0.19459781678717145
SssO,0.5154129198139394,-0.009693112695412152,-0.1936981497693427,-0.31192136749134003,-0.10869495312767556,0.22159316764668185,-0.00896048432741565,-0.1742808053440973,-0.025883905694596993,0.029510690596913598,0.16970370386918215,0.1788861513008013,-0.24886934278014433,-0.09814103971438873,0.23487672490424102,0.19801301137548283,0.02142332786208824,0.15660208786506147,0.1338110329899162,0.007103817017752785
SaaO,-0.3728329443222024,0.09542941784244152,-0.04771090913789437,-0.16754495141142822,-0.12423849995620746,-0.09526604497524618,0.19666405104380852,0.1185875946218421,0.07917615287951366,0.024270412826115886,-0.15781144015645313,0.10795342464045787,-0.07901323043291257,-0.07565196450990119,-0.05153062434753292,-0.009755214511639215,-0.16592908430175124,-0.03409318511259374,0.24034501745327017,-0.22743229497200404
SsOm,-0.06267404669707122,0.09080285681781981,-0.03466035721705726,-0.04818326961106232,-0.13538890954114682,0.08649526213409826,0.019836178588654847,0.002483515507184971,0.001731307242671146,-0.007894727108137043,-0.15056697935065114,-0.042323460943163214,0.11224513425845807,-0.028187518517055112,0.03260030021711874,-0.049951116285097345,0.0385190784601427,-0.006601222699943144,-0.05268721410823502,0.07561067701805432
SsF,-0.030604145865896177,-0.00919939744064353,0.30076769415570814,-0.027637789971262233,-0.2978634269844676,0.0241144505919336,-0.5774693683624397,0.3010629947716683,-0.13871098361135148,0.0781711735770529,-0.020257954780644006,0.06131033655614116,-0.19651223028403353,-0.036952767944174104,-0.16789953580898054,-0.17075669887847192,0.17692919076629215,0.05452300824789099,0.08017624308245715,-0.21729292691408247
SdsssP,0.014680631426891227,-0.0677047996163349,0.050691597504103375,0.021879267930434685,0.03118504078513459,-0.07938795057841018,0.03597844369161987,-0.04732831483599825,0.04366485783160455,-0.06972100094372939,0.013416724036004447,-0.0686522995660929,0.009815209674222584,-0.09013043552652827,-0.007193840123375922,0.006559832967413211,0.013784484311013905,0.12948011096298195,0.016597555768641744,0.044364283254064295
SsSH,-0.030275048997596997,0.02077883332060804,-0.023494900556292102,0.007881924179811943,-0.06908505942962626,0.029800215926479804,-0.032853298826946174,-0.08309307477364641,0.01528671098374734,-0.13435592339786043,-0.07587855476061563,-0.08835165965604518,0.19418587243527485,0.08829197779663069,0.05655760327699306,-0.005254114671779943,0.14725255511284174,0.1221384156846987,0.059456767157294,0.012936487606727179
SdS,-0.06761139027099274,0.11609949037884852,-0.09433679615590017,0.03200694493087102,-0.13996106050469032,0.2207453727846323,0.07716911219705025,-0.12100094222462095,-0.07999511744253154,0.05994718410724019,-0.24839495678587376,0.016498172537351634,0.24594008314724783,-0.20649993032144487,0.16716428624018834,-0.2719225979094029,0.036431137411638725,-0.286051619037728,-0.027702819700997115,-0.13437882381952576
SssS,-0.16823534285535385,-0.18066744006503677,-0.09085002780435043,-0.17781601545484396,0.20986551437681164,-0.11857031935485042,-0.04782659580656243,0.3625689262469908,0.011613151138910776,0.19320351749810918,0.15720947604816565,-0.10238977131212035,0.047029121519699055,-0.04677142972364696,0.08708451338087031,-0.2233466038138975,0.30555853470654454,-0.14991848837705377,-0.11130300027766316,0.015453960164400798
SaaS,-0.016816043474962357,-0.0870367288526211,0.09099456704363516,-0.0455141044570415,0.3486477635571479,0.08566226968329138,0.005479710337909085,0.05958908500522897,-0.17490923434559044,0.059537898937704996,-0.0021030567093381193,-0.16147812546534115,-0.14811104529688715,-0.38522918431235026,-0.052854310307779755,-0.14688868849076128,-0.08885713694174213,0.23227795168181337,0.3018407457291813,0.10375850066005589
SdssS,-0.032866946033028234,-0.019634090798836313,-0.018498095598411965,-0.053575268477619495,-0.014958103298141196,-0.00933880811693538,0.09855180067523915,-0.06874623564181936,0.08691042197657672,-0.022527280292817583,0.06711307826940772,0.029154923190587396,0.061411699885367,0.06290137398694408,0.11595507844737969,-0.018417994106890333,0.08414107055403422,-0.077853827503684,0.015547146431136234,-0.10737904127762474
SddssS,-0.05409912721723321,-0.15946566004975987,0.09105943302525986,0.19076612878435228,0.13677138995615593,-0.12957577653854985,0.2096767987248016,-0.12178607574356098,0.12953499507504726,-0.03689439904380676,0.07601706121872032,-0.009369449596712195,-0.004894955891660866,-0.12230350557209405,0.07368253400526271,-0.06339682559145543,0.19730595240536086,0.19265403391461602,0.14672853240875514,-0.2908492633323736
SsCl,-0.1066743505154851,0.00041055676025818173,0.0015523916872378016,0.04852406029757331,-0.07868057987942197,-0.11056107762801058,0.013181250194851104,-0.055616179983301164,-0.0997417302722475,0.004156581847278439,-0.09227553193988085,0.17017924923707406,0.020743639375949568,0.3142970351861648,0.04693267934543839,0.2205893425451928,0.04112635405833128,0.10984062010401356,-0.09310028350970397,0.21463694629130337
SsBr,-0.038444547399933124,0.014442656760354087,-0.09359381576081251,0.05623088624406329,0.05047959192402164,-0.1802147555766017,-0.027692030342653426,-0.047209190739662885,-0.12476245390788414,-0.17007125669246204,-0.05464718505785022,-0.08199413759358135,0.08036496211069856,0.16229702759931083,0.08720309317166317,0.07014635284298518,0.008100450746903042,-0.0806787037923857,0.14521429207761463,-0.003705629712618538
SsI,0.04891198583474523,-0.0038008426055113234,-0.0005963107281728376,-0.009547375752125727,-0.09083737850722925,0.07534140680945109,0.06523155696518781,0.008497268686224134,0.2534680703782737,0.019747412827440452,0.1752104248518999,0.08329630440940904,-0.13484108930584776,0.07127967173268568,0.029057370484797593,0.04430241744345096,0.19568520503780246,0.04536297153269663,-0.10757367594190219,-0.04712579340023572
minHBd,-0.1990804768430193,-0.350763127322589,0.4742541458927795,-0.10925473208635632,-0.2554503898317018,0.0594839024237728,0.014075283295296724,0.05057117273928699,0.03348418187809575,0.024037112792285834,-0.0005507929498777024,-0.14333916480453582,0.023556723490267384,-0.025912124544097484,0.11106686379684721,0.04519863764198382,0.03435114311202747,-0.10493337726674357,0.008881665630378196,0.029273231184704818
minwHBd,0.06867273189654376,-0.02320617414275911,0.10470388972395157,-0.020977505402308694,-0.00783852738211513,-0.08677849126939187,-0.2846985403621493,0.07206145423961081,-0.2720418118996248,0.05897224350275592,-0.2617994160962874,0.04079250920513103,0.2431610225199698,0.07458449868470848,0.1135307981369556,-0.06695929946980307,0.3411031788593984,0.3687936436127938,0.1736073332700804,-0.03853995464981165
minHBa,-0.249686485660074,-0.20402977363113445,0.13420812172400717,0.0018729594452037892,0.5520017766465195,0.03119940164833028,-0.026294424619391382,0.27182382139702166,0.06815355386605382,0.05972616768017104,-0.0019361772806949793,-0.11390845136814307,0.032056705539062924,-0.21503406114681922,-0.0214515862636201,-0.2309055225349966,0.08327608974503371,-0.0014275445517812678,0.014275554489953223,-0.07019409048060735
minwHBa,0.12946556525105068,-0.15011786281608935,-0.34016747579667905,0.44754510425040167,0.3634984652269932,-0.08727857603361033,0.38120635320483914,-0.1149378947848429,-0.03608276642779858,-0.10315937825511802,-0.17314276079046334,0.039652128591919966,0.033496627293261666,0.01746208345730402,-0.01781558021579962,0.20838368321150438,-0.03624389663272501,0.012804161611883781,-0.03217644283355085,-0.00833613372551401
minHBint2,0.030739406008613395,0.1607446055807353,0.02660356691669565,-0.17849032901688022,-0.24995932951552216,0.15951976192276243,-0.21856702002043304,0.0636836585513913,0.04724400077892579,0.04102216015661431,0.14685505076013633,-0.1877318884121981,0.23381309405278655,0.21803600830995334,-0.12972687903204264,-0.19595694221810955,0.1067104534225257,-0.0638953392574998,0.05224663362969169,0.052473626593361036
minHBint3,-0.12593532135454716,-0.08334868946898968,0.2552675796279531,-0.05565841074345155,0.05041698919514405,-0.09106868329483321,-0.19682852381092564,-0.03170044537818827,0.18206370076512265,-0.03036692257121519,0.007472219387477759,0.2634307400703718,-0.06957877285031075,-0.13854319955144312,-0.03944770533592122,-0.23651286056395102,0.06043625524595792,-0.1306450562095994,0.00030199248433657465,-0.10834894000127
minHBint4,-0.2070978355390435,0.011029978258308594,0.08749289986051018,-0.34742080929679364,0.0322252270174285,0.1777426529075484,0.07260886611264109,0.12945727231972695,-0.026686669254436267,-0.0010487734042507336,0.006814483413540847,-0.05164431247385922,-0.08814428137738595,-0.21183251965677086,0.2479464611772293,-0.053131881201530284,0.017933507873956218,-0.0015541051161474995,0.06869558469786902,-0.016287588067203745
minHBint5,-0.04767792052698204,-0.09060044197355936,0.20296048874067749,-0.014155176281546692,-0.14442193650040053,0.13935204029585885,0.12796309492675584,0.03747546266913751,0.0013408572109977397,-0.01339051684577035,-0.09563905247224458,-0.06511483974803588,-0.18347361040055926,-0.18524729201828194,-0.03622879682532616,0.14177071328766147,-0.21605665690164857,-0.0067548258786995705,0.07918780037293595,0.014790169625491855
minHBint6,-0.24189831949122223,-0.04656771840375013,0.16869610898356216,-0.3093276654445704,0.041883033718814106,0.14431224422292918,0.011647566467001373,0.16646038612690672,0.01354995114914955,0.0525657258103149,0.027173080208378154,-0.095244295101384,-0.0533715189140204,-0.11692502263206905,-0.017958715112465176,0.1335464728179746,-0.0016829924271490144,0.083150909779734,-0.08489933172179015,0.015583054999631966
minHBint7,0.1419958333414899,-0.046008384355647566,0.1370606311107124,-0.23107330843481058,-0.13377121682201895,0.0751210938044614,-0.08449593539434652,0.05068813359032944,0.006877473433969564,-0.2221304596683546,-0.018481236913351077,-0.07565144341101838,-0.029192272691447637,-0.05192728666662235,0.1805552855934052,0.22467483604261548,0.011669344230847216,-0.044629136876221595,-0.11984302368731788,0.08370157764485482
minHBint8,-0.05915579427345791,0.0014509752394343226,0.10262181041043635,0.15261779763581562,-0.17022572699796518,-0.0636526488293074,-0.14196096758589713,0.20221668860544073,0.15242561453984219,-0.07272629141890563,0.16579084117190118,-0.0686918751093832,-0.02643299805939669,-0.06339360087993452,0.2889072399351851,-0.016231881720401537,0.17694420551250278,-0.11048636404650385,-0.20127342031270198,-0.013783373244749817
minHBint9,-0.07921837730730569,-0.1305380697179036,0.2989799793653881,-0.15657577632425362,-0.014749660835819016,0.08485452455584983,-0.09013871910939547,0.12188231040647017,0.02609780489756738,-0.023691349253187464,-0.013164752300371197,0.09434580078307217,-0.059697369616229304,-0.08414835599181053,0.10218305245522827,-0.041102905411548867,-0.02123430129524148,-0.09323153733254928,0.015988812520565877,-0.07496795069919113
minHBint10,0.2032619003437382,-0.2818202494150739,0.3706436993097298,-0.07355909056666318,-0.03351128003556196,-0.0612209738923761,-0.06644871416776843,0.0620707845615037,0.04866114839891274,-0.1069955996502062,-0.03641472866994909,0.1401431754877879,-0.03660449190357337,-0.07843204375551237,-0.0012674444181541456,-0.055451243604620094,-0.0745214182684005,-0.07308878661942156,-0.0658375632630604,-0.06845288576913708
minHsOH,0.14481914196890705,-0.5599815904383695,0.5387621807695402,-0.2568529362806934,0.049131480408734954,0.11245083488933856,-0.008209890642670572,0.06929901106354304,-0.0287490276207966,0.007726360335651671,-0.022782422317337486,-0.12053102390092876,0.045087621232486115,-0.0012686867888470205,0.02292002385453357,0.06353151989971571,-0.029048904613208228,-0.07516488482075756,-0.0914453211699671,0.018681564534786192
minHdNH,0.022991500079035318,0.4741696699911836,0.36665227784014814,0.07487751428742002,0.03538158326743677,-0.01893395981318567,0.1516098129127091,-0.15464400974660703,0.0743638140003309,0.06342272849296403,0.020428374897421008,0.06427190562762768,0.06852145348013228,0.11937757664525207,-0.01634132929337126,0.055980148563705444,0.09535111948291625,0.19211860722371327,0.11165009551248928,-0.01433059199066766
minHsSH,-0.03027504899759699,0.02077883332060804,-0.0234949005562921,0.00788192417981194,-0.06908505942962624,0.029800215926479804,-0.03285329882694617,-0.08309307477364641,0.015286710983747336,-0.13435592339786043,-0.07587855476061564,-0.08835165965604518,0.19418587243527488,0.08829197779663067,0.056557603276993065,-0.005254114671779945,0.14725255511284172,0.1221384156846987,0.059456767157294,0.012936487606727179
minHsNH2,-0.04843827747392071,0.30823354102553985,0.10964382010338927,-0.008619475107047851,0.010741111631985515,0.008691542640460785,0.16071823037717575,-0.08949128791094156,0.09301596496978555,0.013598124043550623,0.025689616923773518,0.0442292348455245,-0.005135791295955114,0.17838316663204154,0.008805162347393694,0.10774105120552582,0.16297224419239212,0.10372940349719949,0.024569455677453392,-0.04557185151126803
minHssNH,-0.1590347608682762,0.4603847747426013,-0.24418654144258972,-0.12080746089556396,-0.211239483714978,0.01891751926752633,0.078753620366337,-0.22533136464442732,-0.12778388997712575,-0.00040721636480626507,-0.08324252683919935,-0.06211939112203337,0.04108471894175103,-0.031300732001248284,-0.09147347625937174,-0.14094478481637748,0.07356421823349363,-0.19439187630543484,-0.16061168677656748,0.013547738108704875
minHaaNH,-0.10755962538650383,0.12933128604412228,-0.06414682760057261,0.4991040324267162,-0.27458865217872724,-0.35059366129037545,-0.13632124270255627,0.17171116952015367,0.2027809294002659,-0.03463532197206727,0.28218804086034377,-0.2224347298480198,-0.0937152186608083,-0.241233201123435,0.05092563389024776,-0.052970161442078785,0.09491408746941898,0.12017181814068016,0.025618315644353084,0.1401752296189367
minHtCH,-0.039850929485369925,-0.004459438139407242,0.05587241163895165,0.09061378680850897,0.175239943247212,0.15294150244395965,0.025154172800046365,0.07457520338551214,0.24979924001375112,-0.24847442879939913,-0.31474478473921175,0.23069102195456465,-0.1711481382542787,-0.020509790625806417,-0.1701927025045463,-0.2580324480221337,0.2521802558594499,-0.00026177628173461385,-0.268634103551367,0.33793431561257525
minHdCH2,-0.1286804113902225,0.012972689583548688,0.029911264555103935,-0.00957652164050633,0.17320211425382115,0.24373348779828688,0.013812172723379238,0.08784569536943078,0.31825683070275096,-0.12703883044533865,0.08606543381311371,-0.01520720938244618,-0.042702357665161,0.09355016256856091,-0.19419506230253994,-0.07485169720164345,-0.11272511156233382,-0.07302976335793981,0.026685122926450967,-0.13017939285223787
minHdsCH,-0.07452046391316602,0.06866507854233193,0.05694946724706314,-0.2781672157609452,-0.04006124357236983,0.2871781699215846,-0.22910828071139452,0.14035060511268804,0.2871379834967702,-0.16870515814688122,0.14115942925325123,-0.3457074717782209,0.35662342368884914,0.31045137565257064,-0.16428422628013037,-0.06479629072170659,0.09232484851761433,0.06620134251341314,0.15845619967031707,-0.10676509056475413
minHaaCH,-0.2149957589417266,-0.24442931722162461,0.1646233310284204,-0.5031981142041806,-0.4378593234981181,-0.12005316208509872,0.0046049888120823015,0.02148467649798159,-0.02751759401520687,0.07646540723913645,0.07812853410860272,0.022078676394898,-0.1466712988701111,-0.22246687824790262,0.11322990582311884,-0.03276248594048602,-0.03325187871602279,0.012901511425494212,0.10686261916457115,0.05655635076590459
minHCHnX,0.060769272444333354,-0.025601599459412667,0.10727225019257149,-0.020285488499801187,-0.0032209569476336036,-0.09278620810098875,-0.28226011445360555,0.07973072939267703,-0.2806203725665086,0.04841779638900262,-0.27299580785276417,0.03051189094763552,0.2450264205169842,0.08614375724046466,0.12205652397172134,-0.06650902526012968,0.33330281816690427,0.36588443901686435,0.1759688215315693,-0.055100669164985044
minHCsats,0.39859050370512167,0.16021687439219526,-0.1709965344344135,0.10916835168240199,0.011429688968251828,0.06867859435727154,-0.25242724474366834,-0.15030284121334161,0.06713796882644454,0.14448224753607838,0.09510303347792393,0.13456713916953905,0.11181723177671374,-0.14837250050868667,0.04896452504225402,-0.027306813553627338,-0.014285285313739156,-0.002505721932997823,-0.03642930161356279,0.04908986028827687
minHCsatu,0.10265239045315247,0.3294717369853446,-0.2000472742113314,-0.006155515225839721,-0.04357901334713101,0.18616684701356556,-0.03640363061210555,-0.0078006158982074515,0.07833055460739011,0.01003949987153228,0.08358199816719304,-0.042762477503487134,0.01804394408680551,-0.22785862427905573,0.19726142353160941,-0.044239055331493006,0.18516867377307297,0.12643082455146928,-0.01953496693354926,0.08889470892193466
minHAvin,0.030842923059328512,0.005513228057182691,0.06532457269156429,-0.24385591197965079,-0.17624639595912814,0.2263488168449818,-0.2098998309139424,0.1914943829846295,0.21771732391276966,-0.11259084771646088,0.1817082110959976,-0.26622753149991885,0.39544607330475934,0.2979418253137955,-0.20581601319912252,-0.13984350307026303,0.048329986897333324,0.07374632166797193,0.175551948488241,-0.10427214475757761
minHother,-0.2697332208612202,-0.20262835654343073,0.172298444873498,-0.5286414725921155,-0.361981503795152,-0.07201335398475413,-0.03116836109665512,0.08659997299404348,-0.023294731639833734,0.013966444902638889,0.05475071200406145,0.04122179748312584,-0.18122655235779256,-0.24984133941722572,0.114870476067635,0.02144278070670352,0.008074521644199745,0.04096509833867633,0.07628449797621534,0.006017487169047295
minsCH3,0.07753098774658634,0.1585788268817709,-0.1608650383175849,0.25522402267038063,0.25875191448391727,0.12783060875966729,0.012996265509893704,0.11027821722501431,-0.1402991059972831,0.3024935056698101,0.227244390878287,-0.09431365090912192,-0.03315871712022137,0.09281143276415016,-0.17503791537121688,-0.005647205973997511,0.012873736270197568,0.1519467258088035,-0.059525865690407485,0.03989178571204302
mindCH2,-0.11528748545013484,0.026253894481602882,0.0001308500434637918,0.030808654257195558,0.24177318326221398,0.26067238553527583,-0.0015238413846657586,0.10341376624943721,0.3209534517509645,-0.1497104854061779,0.07192729760578827,-0.0006525716300790608,-0.03733283660799568,0.10254205704127212,-0.20095506071856073,-0.06548226235755095,-0.10489324392917714,-0.06509461283394916,-0.0019805049548020327,-0.13346069951037237
minssCH2,0.3347102890469659,-0.1409807907169117,-0.3021901350674397,0.4168293106298584,0.19953813407997334,0.09065760852096662,0.13148296071536192,-0.16516067849592828,-0.0478798258876936,-0.006178769908999816,0.04649539920352237,-0.04270800072261394,0.007648711437612753,0.07119484210297249,-0.026570000669451605,0.04604508774694878,-0.04781439253729316,-0.06461911078636519,0.010026627248694981,-0.10087425494892767
mintCH,-0.03571684517736888,0.006003519572333481,0.038349069048080484,0.10556619871463938,0.20152290805594697,0.16518247239782938,0.0154045476108869,0.0835536952721285,0.25262031027313575,-0.26118310806355216,-0.3115672430497193,0.23947158089553716,-0.16294827233860137,-0.019789722829520677,-0.17815254303775638,-0.24664806990803365,0.25393167818992857,-0.006049375569663691,-0.2605114819769178,0.3402518872801548
mindsCH,-0.05860497599921271,0.101744875882649,-0.047465029338532465,-0.11965142027396741,0.1682086154319125,0.3204321926130191,-0.2005747004951661,0.15104162107761943,0.35762977202703006,-0.19224759801150226,0.020026353594664658,-0.33578393046193095,0.3131459157419544,0.31079490614502014,-0.1723399289557698,-0.023712979802312288,0.061374133552252824,0.04150624492119175,0.11353938202965909,-0.1370584949452156
minaaCH,0.15038725355510313,-0.18768288812522607,-0.3271972864053092,0.15217525105760035,-0.23386735387608207,-0.24757204825360282,0.2826361215974273,-0.2646046464743258,-0.0905839158106323,0.15575669398234607,0.1699602624537146,0.0005866520886749448,0.14212006772171823,0.018454000028790208,0.03169152899272912,-0.07574559121438017,-0.046110310020286205,0.049193881271525325,0.12069475249725119,0.22832914614236077
minsssCH,-0.18352865055156134,-0.2107146433962844,-0.22064023776896374,0.24734422246726487,0.03921639738696395,0.01730918336783022,0.2704562572428875,-0.04873990300413274,0.044764363666591075,-0.06853842356405744,0.08974330336628922,-0.11715029506892816,-0.02446431113715707,0.0339472398486375,-0.18633004266493994,-0.08669029776553554,-0.2213135944444566,-0.1669122646478154,-0.1527776942538716,-0.06376303186134394
mintsC,-0.12125379304852275,0.006885469902475251,0.020689448265989563,0.02946284863576248,0.10300922144557167,0.07369289488169901,0.07063558921962293,-0.029688735967743757,0.1878864090770989,-0.3394101865206064,-0.3222952842604836,0.33698735424371745,-0.29171174363520946,-0.004036294507697529,-0.2847388086192314,-0.32370444758935263,0.23962141150951985,0.14693007169421407,0.11495762127194287,0.04353273964520247
mindssC,0.178552453652583,-0.19433702909434483,-0.19603908913044857,0.31142582013049375,0.2655262008056635,0.07267557836494594,0.2737670615096239,-0.010674585516783526,0.010385885308814664,-0.067937402277871,-0.22758646892043796,0.04195586885908158,-0.026004867801297196,-0.08670201214560583,0.12369840209645529,0.09916429989822458,0.10510458140713501,0.03426501793924449,-0.009940464164047128,-0.1178252446768795
minaasC,0.04255184389214406,0.1510446776482449,-0.4772038819478965,0.4235225258561095,0.019924682842382285,-0.15733623357799392,0.3301057274023782,-0.22735061337983378,-0.009636947772896386,0.007830859105962136,0.09468387185778722,-0.0533309086034585,0.2038508479197478,0.07081754838030087,0.05272822638117535,0.049077266897856825,-0.03510893207161107,0.0997074957279156,0.034831627861371665,0.1936345689031011
minaaaC,-0.05540769113929967,-0.11998344480616573,-0.0416488072565197,0.12191774213178062,-0.20178835101791515,-0.5852112684058387,0.21278432743759546,0.26528216799072346,0.2221581654820872,0.001448229819203965,0.06357526127175032,0.044828315454082536,0.052448881191435745,0.1278411329832693,-0.006007935754132845,-0.03123215819063903,0.07440623479679648,-0.06794264335969145,-0.16867058797877046,-0.0574174005033803
minssssC,0.0014311979163715283,-0.1037923810892591,-0.1471747366468873,-0.01554457669318249,0.23603532197073462,-0.06237236421966755,0.5270395674953239,-0.24918726528763588,0.052244128025548196,-0.13723322975420274,-0.028490904276883992,-0.05621754078581557,0.1767515511986016,0.040715831736456924,0.255652371929376,0.1265745683350154,-0.0010993536959408969,-0.04302927181393673,0.02074553182601696,0.1148615871128091
minsNH2,-0.027626537899067563,0.35467290343247765,0.1372387851210828,-0.0019432851085313175,0.02031251691118175,0.000649818912015654,0.17882616190601425,-0.07644297277416987,0.07902011706142908,0.003367719600543571,0.027818343158696555,0.04854458982902014,-0.004145741578758226,0.18027825381013382,0.014446959100961877,0.09311827096289581,0.14763290513667537,0.10821961450171022,0.023197674995895676,-0.05033286578720687
mindNH,0.03827939986554718,0.503764586824598,0.3789922027828682,0.06597059615020207,0.039297352221838826,-0.02431424342730236,0.15968550131063408,-0.13761082654178391,0.06380964598901001,0.042502198161700304,0.026955684560437954,0.06332698803604002,0.07198730481084199,0.10872432027079883,-0.014942691697098675,0.04504344630379518,0.07634552400494579,0.19735350619394265,0.103470456155522,-0.024045305858779654
minssNH,-0.06269174011450789,0.4457170825471393,-0.23073988310296378,-0.07043785782648439,-0.16421332406738348,-0.01453072554567364,0.12569176430950504,-0.23992945635030188,-0.19467074684999003,-0.001979444628760258,-0.056976590559283426,-0.11058923077440386,0.019290080541155892,-0.040354812748263996,-0.10803509142505906,-0.17603926273826911,0.09460817611594738,-0.20349855541738118,-0.24062636891309305,-0.02994810355256861
minaaNH,-0.06093171237962085,0.10935985733402477,-0.06263187183219754,0.4526550640282296,-0.26028566438342826,-0.3690099395019976,-0.09288659179999771,0.14889470242591682,0.1812498130660769,-0.046243990001894116,0.28000784466423256,-0.2570785265273471,-0.089474693070663,-0.238333142432839,0.002721129084225344,-0.05640241412056203,0.08398359612993396,0.1518967007733151,-0.026908056628787463,0.14300501994921017
mintN,-0.12665970160521828,0.009974661157753025,0.009621014670148217,-0.044735238966418185,-0.03453489250992084,-0.01701275309818677,0.08052059894958954,-0.08567209814200002,0.06840444313321684,-0.22086039901120957,-0.2056576032635104,0.22407608441105487,-0.24300999637744458,-0.008698932455311314,-0.2340944814023713,-0.18341330552330795,0.13538797849973183,0.19245808005544834,0.26395342442619074,-0.17975800068656167
mindsN,-0.23298570079800562,0.12872552496736783,-0.08515112035560182,-0.20593158266434497,0.03109869032861091,0.052573323429650064,-0.008262338323940941,-0.1829916924015452,0.02859070379580119,-0.25791719077133995,-0.005465994950938143,-0.15294412657201228,0.10704018810535236,0.07725301854654798,0.09001055904485651,0.11985256399760708,0.06761572055695017,0.09766306014268687,0.00908456740116685,0.058819426471126805
minaaN,-0.4121508213108268,0.15005324555779917,-0.13765015358048957,0.11320238106273212,-0.2297061940826039,-0.38032908252849484,0.13037613942837353,0.10655357959840382,0.1230540046097498,0.028800494526803375,-0.055568185316039714,0.05576828415163511,-0.03565770753252892,-0.022987155623614423,-0.14334184625773227,-0.040679678593009375,-0.01741127568081825,-0.04925069980771303,0.1307206273812356,-0.1374930682541934
minsssN,0.6238124515463416,-0.12443051505922291,-0.1220340345164269,0.03041430688099431,-0.16851947404010684,0.13922604544277659,0.0524188844224629,-0.26066103235325466,-0.16126034791718563,-0.0008452105074978141,-0.01178580059523,0.013011831902398968,-0.13081403440458064,-0.06038619184214227,0.018483060443797855,0.029009404492399454,-0.0037819957273782638,-0.0025544245199474935,0.07227034096606201,-0.05201876142596464
minaasN,0.11614458628042108,0.02402857093026031,-0.2136052221513671,-0.06461014778667981,-0.010755205398566304,-0.3468248079913381,0.2324176677169774,0.20153280557803735,0.041011740809547934,0.16636727714381896,-0.06931377007065374,0.1445381752560861,0.021855034589397696,0.14962334798158378,-0.1190008520635365,0.002959019337163427,-0.07077789738841066,0.015537442041787978,-0.002432564821092924,0.006664221111839194
minssssNp,0.017266165104911232,-0.007698568657297507,-0.005334148391434965,-0.01641846895159668,0.03268986693984739,-0.02654799636230151,0.04435040789483687,0.05769108099731633,0.006931603729754883,0.09036010783675587,0.04063264417480393,0.08424697211446767,-0.014399079638373646,0.10045993342465034,0.019533943323526332,0.020104315780843336,0.05262349009900713,-0.06168538703723038,-0.053991257995109364,-0.0862181669938154
minsOH,0.32475133530045697,-0.5371764821827534,0.43306180538534617,-0.13307683713172277,0.2822790367051682,0.16852778616425654,-0.0533933730751027,0.11871986417311332,0.01661537220352474,-0.029761231344140156,-0.07987067982420695,-0.04174937078607883,0.04295925968124495,0.025900731230341936,0.03799632691072065,0.10423756880533909,-0.06616658818163597,-0.07974688490906952,-0.10092450210430935,0.011285971095878313
mindO,-0.14958772086506447,0.4403235976931949,-0.20414856671616918,-0.20099299901013526,-0.18061713849608835,0.06283153216534738,-0.3444441516964784,0.0845871575478506,0.031702788004962394,0.030117166102947426,0.12487314032226937,-0.21997624801597065,0.10678276865570303,-0.09384155541051176,0.09806036189380521,0.04670245001146583,0.021293026683601633,-0.049899576718136225,-0.2172340061236815,0.25143920352641513
minssO,0.4599289353951074,-0.042297878182389045,-0.14279800877127058,-0.2954622554794,-0.07750463481046328,0.12432610769043524,-0.020564991234576138,-0.1908603656061002,-0.052465277983747664,0.07126743584134693,0.1558056460387404,0.09341517162071895,-0.25588320297071154,0.03157590872218096,0.17194061759865034,0.1839795529030773,0.007793769014159334,0.0728394800562221,0.09901751460133149,0.09933099744390658
minaaO,-0.3787427004278928,0.08455720980650719,-0.03228131801604894,-0.16946979851080365,-0.11472310563223223,-0.10252206023239985,0.19600328937426406,0.12340544761437627,0.09033646952208359,0.03776653297521189,-0.16256253218507927,0.10040100453543656,-0.0828923436519445,-0.08709494772416125,-0.052687464697215566,-0.0018261405429609357,-0.16524790865112216,-0.05994422915575608,0.23695321746863343,-0.22258826828089176
minsOm,-0.05851135590476676,0.08982677352643148,-0.04004203600454874,-0.04493962326659667,-0.14513749982311283,0.08455892601086794,0.033415173467390424,0.01741265766393769,0.005507202082551418,-0.023973548442094685,-0.15580828769817046,-0.03547440483247023,0.13141714657583453,-0.031756784028415,0.02797630925453656,-0.0438831871901332,0.05310577441273761,-0.006702725671511618,-0.05357625220369266,0.06887863672696436
minsF,-0.03168677456866421,-0.07985714547677203,0.31538737657473104,-0.06551080613339744,-0.25436123663463517,-0.0023714739875719338,-0.4548078226924802,0.26570736758992913,-0.0949914121860647,-0.0018691219210610983,-0.0006032359198622977,0.07137945348353256,-0.17473836053345865,-0.006405032101089241,-0.08160936938461101,-0.22736142985741012,0.20223087910519694,0.010418052396222772,0.11701834510232559,-0.25803608143279694
mindsssP,0.014680631426891227,-0.0677047996163349,0.050691597504103375,0.021879267930434685,0.03118504078513459,-0.07938795057841018,0.03597844369161987,-0.04732831483599825,0.04366485783160455,-0.06972100094372939,0.013416724036004447,-0.0686522995660929,0.009815209674222584,-0.09013043552652827,-0.007193840123375922,0.006559832967413211,0.013784484311013905,0.12948011096298195,0.016597555768641744,0.044364283254064295
minsSH,-0.030275048997596997,0.02077883332060804,-0.023494900556292102,0.007881924179811943,-0.06908505942962626,0.029800215926479804,-0.032853298826946174,-0.08309307477364641,0.01528671098374734,-0.13435592339786043,-0.07587855476061563,-0.08835165965604518,0.19418587243527485,0.08829197779663069,0.05655760327699306,-0.005254114671779943,0.14725255511284174,0.1221384156846987,0.059456767157294,0.012936487606727179
mindS,-0.06761139027099274,0.11609949037884852,-0.09433679615590017,0.03200694493087102,-0.13996106050469032,0.2207453727846323,0.07716911219705025,-0.12100094222462095,-0.07999511744253154,0.05994718410724019,-0.24839495678587376,0.016498172537351634,0.24594008314724783,-0.20649993032144487,0.16716428624018834,-0.2719225979094029,0.036431137411638725,-0.286051619037728,-0.027702819700997115,-0.13437882381952576
minssS,-0.16359808991626776,-0.11110811533384479,-0.042147984541672824,-0.1574153233597465,0.21983767733553314,-0.12926284028357682,-0.032563475995395316,0.34913692913401684,0.023315877831986458,0.19991989683286185,0.12233815152971993,-0.1193358988756815,0.056852693620157595,-0.030476302327728227,0.08818521366188589,-0.2220721653577449,0.307708747262883,-0.15487489652357958,-0.11111171542581204,0.004804109953402962
minaaS,-0.04385233925177926,-0.0691049943544113,0.07524104038983179,-0.035512106901508855,0.3500871174467458,0.08967761227800627,0.002474417059357753,0.036009553529762,-0.18085994367793506,0.07087254239917377,-0.015390886613795045,-0.15894905132438814,-0.15708384576345397,-0.38228530807902866,-0.05267995939793303,-0.13675551832504446,-0.09252322682627605,0.2265814955719668,0.2984486504255366,0.10717148809068243
mindssS,-0.032866946033028234,-0.019634090798836313,-0.018498095598411965,-0.053575268477619495,-0.014958103298141196,-0.00933880811693538,0.09855180067523915,-0.06874623564181936,0.08691042197657672,-0.022527280292817583,0.06711307826940772,0.029154923190587396,0.061411699885367,0.06290137398694408,0.11595507844737969,-0.018417994106890333,0.08414107055403422,-0.077853827503684,0.015547146431136234,-0.10737904127762474
minddssS,-0.05409912721723321,-0.15946566004975987,0.09105943302525986,0.19076612878435228,0.13677138995615593,-0.12957577653854985,0.2096767987248016,-0.12178607574356098,0.12953499507504726,-0.03689439904380676,0.07601706121872032,-0.009369449596712195,-0.004894955891660866,-0.12230350557209405,0.07368253400526271,-0.06339682559145543,0.19730595240536086,0.19265403391461602,0.14672853240875514,-0.2908492633323736
minsCl,-0.09934558371668978,0.010467974823691481,-0.021210863453669744,0.04873083533431039,-0.08984497501402008,-0.11194789756793701,0.03839159885269277,-0.04778018391750206,-0.11482656218548622,-0.0299791649499782,-0.06676849846869949,0.1821416657943816,0.04628948054249828,0.29512843515354015,0.05533931854791771,0.17559467746112858,0.053865182862913745,0.09587784571164289,-0.09675147446149615,0.19660165537766963
minsBr,-0.03748577137251495,0.016773064230957896,-0.0993037420064798,0.059392714706015794,0.04700849094279779,-0.18087116420987565,-0.01536964293099052,-0.03487994792571302,-0.11812671284029917,-0.18395183958129122,-0.04415873581355644,-0.07838495693138976,0.07902296592250928,0.1582188845337271,0.08634602928750953,0.06701301358632697,0.007916062675074465,-0.07226712291774162,0.14464001792711745,-0.010863148913821844
minsI,0.050720181256122654,-0.0019229344848238673,-0.002137079382529843,-0.016122624426962,-0.08444115117645848,0.0635632441669777,0.05541662689470111,0.0009263667898931441,0.24490233839237302,0.025630600059949,0.15506971141497405,0.0752794204848179,-0.1264183735706519,0.06137863278901074,0.012110453009379385,0.05467750576440554,0.19330686531887306,0.028616806450802414,-0.08560591361934906,-0.04129446745196783
maxHBd,-0.06278473136133889,-0.25470303668653527,0.601542399224347,-0.12710308460314013,-0.1565203379895265,0.06826135077584738,-0.0835927809368297,0.10382549981296989,0.10129058225678303,-0.061596706982849345,0.07254387986130481,-0.18443438879892568,0.11764631767861038,0.01847161439854335,0.04386534309417345,-0.054826156840091275,0.0475616007356226,-0.14138191407178005,-0.07989037853163725,0.05255672972793659
maxwHBd,0.0714223758423437,-0.02385975645151364,0.10636693166377496,-0.021220316281387364,-0.01006184471578109,-0.08824273765064228,-0.28858869290384503,0.07443101773778252,-0.27782487428090097,0.05918271133475993,-0.26374991058595404,0.049145438104695904,0.2461001591117217,0.06587870244824601,0.1118450985545266,-0.05981770939926458,0.35445099884825043,0.3645157528330114,0.18154621925565734,-0.03519041417844027
maxHBa,0.05008267805729485,0.23945444189323828,0.1315166855835765,-0.1997629917489537,-0.17364735478284307,0.10340551335841035,-0.49494483877826473,0.24960491657030853,0.018385852394742722,-0.0335778259511399,0.03474172772720602,-0.011235719118272909,-0.03663288932181144,-0.12909013805599684,0.1640712419843178,-0.04699023760763203,0.07279356220472308,-0.14745316335025782,-0.13964970045621006,0.04379762534079644
maxwHBa,0.045244467378226176,-0.1190782380971481,-0.20600801146386588,0.26148665242195285,0.284707705962119,0.20541197593855837,0.0770134864447911,0.04045250806024057,0.34713784473150666,-0.2751208485848991,-0.19469931768697038,0.15729524134056713,-0.0924153987704836,0.1419207981335854,-0.26867208967426587,-0.25260942234981915,0.1104354177641247,-0.024968839271854358,-0.11371993798643755,0.1405849747380549
maxHBint2,-0.011474911517903945,0.3339470078807521,0.03278126701100876,-0.17196653786503233,-0.2850064361267272,0.15223311650705623,-0.17048555811108904,0.01787243159456945,0.03872086421256589,0.019891834954651456,0.1272327207946847,-0.14454018731618512,0.2120730442837383,0.23326291332676752,-0.1267452972331368,-0.17473693454751163,0.10038105881392123,-0.06542856482049011,0.006845557391794248,0.02772320220573103
maxHBint3,-0.14217065771409737,0.063048794183959,0.3225477917773005,-0.05637599861378016,0.033050888066448146,-0.08867701852845075,-0.15697861411669733,-0.058251795727658005,0.17478885075862247,-0.031058680629145286,0.004166707777954763,0.2730058686867866,-0.07190004431239039,-0.10403816763968157,-0.008795028798282629,-0.24647264882609116,0.03340364247805138,-0.1019883549440611,-0.009849165154844729,-0.10242315856947716
maxHBint4,-0.22749651478341223,0.0569901038632902,0.11101718581333121,-0.4280058425654754,0.015368560529533254,0.12010422895663139,0.022529010943271848,0.07882694515390327,0.01273501630423982,-0.09456211554555452,0.03234378210835344,-0.0627366610970631,-0.07137516639268097,-0.2056560877539671,0.28822007474481104,0.05183667777288039,0.01697901211932253,-0.04023310468730853,-0.010702530399148546,0.014376853106070179
maxHBint5,-0.03901388698750888,0.13344676705699407,0.30693471156470836,-0.04054087892932217,-0.13264094984741376,0.10941973159422601,0.16707613786176242,0.030248178037393318,0.03200439599960833,0.019061122604720485,-0.11873521450745726,-0.08509023617043165,-0.1931746876446854,-0.21555530011270196,-0.02053579278175868,0.17204638635998956,-0.20968627709283744,0.056686545848244105,-0.0017904471836934141,0.05520693009503143
maxHBint6,-0.23475676816824165,0.104374128416706,0.264752316091733,-0.3764561174282114,0.051560016803939526,0.13473673557907517,-0.04368530380179293,0.0636391556720847,-0.020457838121594085,0.008069057352973094,0.04081637189580365,-0.12389777736562683,-0.051402505451873096,-0.05369489810047036,-0.009626108769063864,0.20311069607442672,-0.02659992944937609,0.055826302623124296,-0.20112413698273396,0.092660471369335
maxHBint7,0.1420166020926238,0.11709341968935572,0.21641745702392362,-0.2534956820260085,-0.125605800926074,0.06669245493609036,-0.06346618229834547,0.0019449489184188659,0.025583994873038522,-0.19947672176026954,-0.03882581717527238,-0.08145064453628205,-0.03451335608080734,-0.08097081181571869,0.2160924751417243,0.20127448638272713,-0.030757922275650197,-0.06074985771675551,-0.14841524331460637,0.11294399139112746
maxHBint8,-0.03786422017636227,0.1463598831353476,0.19563078406895204,0.13190087191548316,-0.14307592241996878,-0.08259430852273424,-0.11003813282825783,0.19689495581736324,0.16391752813264082,-0.07024515047823698,0.19328192388444493,-0.056293247498419484,-0.020320786603937626,-0.06108041847809556,0.29088556981046376,-0.01855343296529015,0.15875701410761317,-0.09894720185083042,-0.19082593853758328,0.003898441274149919
maxHBint9,-0.0215432137947773,0.0861116620826933,0.35383306926495833,-0.1914795583939729,-0.011989900352042792,0.10134859046325748,-0.06504521475419801,0.10689618944081386,0.031981242833585104,-0.016784911097314628,-0.025921282144919813,0.08428127761841445,-0.029118858725559867,-0.08205524433056333,0.12574098530755498,-0.0771865698396199,-0.049621034685740535,-0.13947278295867496,0.0096161584927424,-0.017752938654324146
maxHBint10,0.27911298689732206,-0.1250917173337044,0.4236412931983005,-0.10308255469818425,0.020190029108228067,-0.0816835930158829,-0.08715700636841893,0.10141864252523904,0.09252265094105475,-0.11300577769358917,-0.08216339484851269,0.13562999533323788,-0.028481647922502264,-0.04859019319045666,0.026665949784753624,-0.05546235868108791,-0.14463764395741438,-0.09161088285293413,-0.05887068771992539,-0.00538889987132117
maxHsOH,0.17056957989360172,-0.543546336808998,0.5601111311588417,-0.2711010761896263,0.1004706561860285,0.1374141516899161,-0.09515406036281436,0.11670647445856193,0.03480388317372457,-0.022237970005149328,0.0038494184176266315,-0.10580600304190522,0.11116280593225486,0.04266089727967185,0.019085722816646118,0.025688463796047348,-0.05778911095464053,-0.09412003346106844,-0.069880596856852,0.01581036980143919
maxHdNH,0.031495187555687726,0.49438838402939844,0.38221617608271474,0.07503309033052508,0.040284694502611476,-0.023678302708744027,0.15889420967503926,-0.1505374549765885,0.07189016525492352,0.06231908879209064,0.022827282517493424,0.06258441198609238,0.06862213965494919,0.11872259810442304,-0.015027050034745342,0.052983211347516004,0.09325765672231158,0.18647146376226773,0.11274259917151502,-0.01445016777002603
maxHsSH,-0.03027504899759699,0.02077883332060804,-0.0234949005562921,0.00788192417981194,-0.06908505942962624,0.029800215926479804,-0.03285329882694617,-0.08309307477364641,0.015286710983747336,-0.13435592339786043,-0.07587855476061564,-0.08835165965604518,0.19418587243527488,0.08829197779663067,0.056557603276993065,-0.005254114671779945,0.14725255511284172,0.1221384156846987,0.059456767157294,0.012936487606727179
maxHsNH2,-0.024586660473112837,0.38253927865824294,0.17232395478308435,0.0006424150626241407,0.02332746804010045,0.00028761409753817475,0.18457421155154713,-0.08835087529302238,0.08853228494544982,0.017618701320147218,0.034090959243344356,0.046476019086764374,0.0006505846325862769,0.18131425518328967,0.012064492898102682,0.10016453959371384,0.15759523250468999,0.10275789477818736,0.0356156285098827,-0.042719457014503234
maxHssNH,-0.14456056293861647,0.5073668647340293,-0.20914514173777812,-0.11857841120084817,-0.19983133728397107,0.011528241564921785,0.0970969751724716,-0.22290157045571915,-0.13227925813428634,-0.0025262628412089346,-0.0775760590010746,-0.05869767535565533,0.044199628890715485,-0.027876053002988427,-0.09277318169256013,-0.1418024480989444,0.0707833281724944,-0.19374238666060314,-0.15521700371856487,0.016955246385235455
maxHaaNH,-0.1070366300504303,0.1295433315044636,-0.06434124098885621,0.4978860111516684,-0.2752402774948148,-0.35214623155462194,-0.1372862492276539,0.17148111281931286,0.2036610262385268,-0.03436526686867236,0.2818019841360203,-0.22300779199095838,-0.0946142123463251,-0.24209486084704732,0.04964449015561886,-0.05300374575957017,0.09438478298769815,0.12024075918331763,0.026607318055831535,0.14167135275352483
maxHtCH,-0.039850929485369925,-0.004459438139407242,0.05587241163895165,0.09061378680850897,0.175239943247212,0.15294150244395965,0.025154172800046365,0.07457520338551214,0.24979924001375112,-0.24847442879939913,-0.31474478473921175,0.23069102195456465,-0.1711481382542787,-0.020509790625806417,-0.1701927025045463,-0.2580324480221337,0.2521802558594499,-0.00026177628173461385,-0.268634103551367,0.33793431561257525
maxHdCH2,-0.1286804113902225,0.012972689583548688,0.029911264555103935,-0.00957652164050633,0.17320211425382115,0.24373348779828688,0.013812172723379238,0.08784569536943078,0.31825683070275096,-0.12703883044533865,0.08606543381311371,-0.01520720938244618,-0.042702357665161,0.09355016256856091,-0.19419506230253994,-0.07485169720164345,-0.11272511156233382,-0.07302976335793981,0.026685122926450967,-0.13017939285223787
maxHdsCH,-0.06098432386118982,0.06584447849689479,0.05963693014996036,-0.27040586619471907,-0.03400898995659676,0.2924426682755082,-0.245517470428952,0.14981532195471875,0.28286990449544924,-0.16464672331467817,0.14612980865675876,-0.3473565337739629,0.3694321100728465,0.31695382041774395,-0.16718930395618184,-0.07349210480451399,0.09657738971500406,0.07888006572635613,0.15670217048998084,-0.11552331218139586
maxHaaCH,-0.18228121276516027,-0.2062457754137086,0.1152748268616528,-0.527178208900792,-0.5152682616274282,-0.13373448948061262,-0.0481783701889426,0.0430606463106267,-0.042139262037904315,0.0592891014959343,0.07251231094602138,0.02627484478017491,-0.15943314300092726,-0.1772142784956044,0.09391329353304564,-0.1008749545150553,-0.04670542732207646,-0.013473796487840669,0.12117187837616841,0.03636811257120261
maxHCHnX,0.06371799444622318,-0.026192291311725388,0.10888539041743968,-0.02055129555517544,-0.005540640455066313,-0.09410563859263431,-0.28627127841012173,0.08189456518346941,-0.2862048166187455,0.04892611697965368,-0.2747237512788457,0.03904460926643979,0.24796963246016476,0.07727204997180048,0.12020981006095738,-0.05949559145941473,0.346813363192727,0.361875775745605,0.18380881682271535,-0.05137133037587838
maxHCsats,0.6182741858773064,0.13969769428193293,-0.12726278313588937,0.1841587104992021,0.05458892059786259,0.11113580408228049,-0.21411811225562324,-0.2140603096878682,-0.07110261537258279,0.09806769016279587,0.1139531198678939,0.10329046041342696,-0.02480823818580007,-0.155901730855029,0.08601436089400485,0.017737110974466033,-0.033778013697900816,0.0028920253733195006,0.012650277318862757,0.05924799713939119
maxHCsatu,0.15337986006863186,0.3360430480068347,-0.17758865377288338,-0.016143030170725426,-0.036055684124656616,0.22829981922528325,-0.0037957536301666335,0.0048975017938820455,0.09279836486659426,0.02801002770944935,0.07212361391012055,-0.025609518641844776,-0.001643692041329629,-0.2373952233436805,0.22571509696672645,-0.026023625050977613,0.19691122554788862,0.12884630018126966,0.009516784784013065,0.09236322123485005
maxHAvin,0.03228358804663973,0.0057287867269422785,0.06310001529689628,-0.24476376632377939,-0.1764292919074864,0.2238493591547589,-0.20936227994069187,0.1924735772364668,0.21912660841442386,-0.11247309779908134,0.1810884585217703,-0.26653063602103955,0.3954630465867907,0.2987297471903647,-0.20672523770932186,-0.1405175831189189,0.04688945753967078,0.07360077545064637,0.17668613039339423,-0.10484680829523858
maxHother,-0.24465807519044092,-0.16314748270233478,0.13337326096279264,-0.5769334387645788,-0.41402876793037746,-0.00916860186588844,-0.14985734332032158,0.12796932735640532,0.05205577325621275,-0.02890663963957218,0.08610228922851337,-0.04851528977979288,-0.0919152827650095,-0.09804848181005289,0.06087867504438841,-0.11073040705306308,-0.008539476521413547,0.03945566611482127,0.13823438672935195,-0.0533282845330196
maxsCH3,0.08157174571776371,0.1778894916690515,-0.17796355521445043,0.2570019574483612,0.27960970314330774,0.13854805651453236,0.008185521597439398,0.12095823673235637,-0.1414302490376769,0.31846271475059845,0.23948271651420155,-0.08054730738354557,-0.03943336061866163,0.09379153682547788,-0.1808700674956224,0.0003230290267802933,0.009953957676263267,0.1487220650083204,-0.038375784213942325,0.05274620222735908
maxdCH2,-0.11528748545013484,0.026253894481602882,0.0001308500434637918,0.030808654257195558,0.24177318326221398,0.26067238553527583,-0.0015238413846657586,0.10341376624943721,0.3209534517509645,-0.1497104854061779,0.07192729760578827,-0.0006525716300790608,-0.03733283660799568,0.10254205704127212,-0.20095506071856073,-0.06548226235755095,-0.10489324392917714,-0.06509461283394916,-0.0019805049548020327,-0.13346069951037237
maxssCH2,0.5890809973955795,0.005032416580518378,-0.28415884192149166,0.4629017794299237,0.161915257457159,0.1005929556930925,0.03716605530750375,-0.2284718460539665,-0.15474138686752964,-0.0036259678109888003,0.06705639646901489,-0.0009266683359225366,-0.06343208278955777,-0.10846618133590714,0.030849439054145895,0.010242774276296385,0.015165269096108424,-0.02971667831158516,-0.018850291620459706,-0.046734327634908444
maxtCH,-0.03571684517736888,0.006003519572333481,0.038349069048080484,0.10556619871463938,0.20152290805594697,0.16518247239782938,0.0154045476108869,0.0835536952721285,0.25262031027313575,-0.26118310806355216,-0.3115672430497193,0.23947158089553716,-0.16294827233860137,-0.019789722829520677,-0.17815254303775638,-0.24664806990803365,0.25393167818992857,-0.006049375569663691,-0.2605114819769178,0.3402518872801548
maxdsCH,-0.03619394947794201,0.0918156055110235,-0.029159835611749115,-0.12465868268344513,0.14897106468719282,0.33240462412799293,-0.2335984880673204,0.17141493798604182,0.34519016063803765,-0.18675441605154222,0.044875143382544634,-0.3420267697809649,0.34621376348011357,0.3278372993990354,-0.18484844183266122,-0.044422438692822315,0.07618902421687643,0.0589051470156601,0.11814448531384505,-0.14638156155828128
maxaaCH,0.23931055944138346,-0.2989041457014873,-0.22696658341304,0.006181269631629874,-0.38445070426323097,-0.2643176457967972,0.18160144168058595,-0.21239692573677202,-0.12944659114348328,0.1498521479227088,0.14343502847242107,0.008821012714434825,0.08760460347510496,0.03365772296455721,0.01552772456333111,-0.14087063009094536,-0.06791081311994242,-0.009522864312679374,0.12872063378361748,0.21034725521810163
maxsssCH,0.30838534163091397,-0.0433220270063045,-0.09175547496777094,0.39851431606471266,0.2517476936694175,0.2936398243838225,0.028954107453677394,0.026185451538474697,-0.08752084164796241,-0.21366440784067076,-0.0747891906528895,-0.08253119538941672,-0.012900550662620896,-0.010183139301640961,-0.09575756517776303,0.04530466520193894,-0.2450605850461553,0.03763534029150405,0.12851346264978464,-0.02426882655226176
maxtsC,-0.12083649851675649,0.00676864563017531,0.0203491245186116,0.029862990774828162,0.10367975445219309,0.07341009968857026,0.06990475479614086,-0.029913706333600933,0.18761070218953002,-0.3389939111672223,-0.32085801346500364,0.33693383062106846,-0.2912500552463881,-0.0029982147380977894,-0.28342968908495136,-0.3247417385225217,0.23842186413266606,0.1461654416025902,0.11609948752993034,0.04401089000150326
maxdssC,0.10570798548236465,0.08971337397092116,-0.22950231078672736,0.2786860036243053,0.09046722102959402,0.3107035581559162,0.03178693174443565,0.0988639688644049,0.11218484510751435,-0.030518002454222357,-0.10860452148461099,-0.18628768593876557,0.1688962833193761,-0.1703896086904127,0.2111689998414481,-0.010216762276212755,0.23514953307715325,0.1334975185482738,-0.029244281194458537,0.021793958651859027
maxaasC,0.2785448763707284,-0.18589310910411178,-0.2848626924566662,0.29943874813371885,-0.231289273082835,-0.2269626230017503,0.17813298614078468,-0.2525823635036475,-0.09379041347177872,0.09301155253734307,0.09548590452778184,0.03600489730936534,0.21565270241284246,0.20445464485859488,-0.006051360460069189,-0.07570423183640747,-0.1004399122559131,-0.010377941683299977,0.05783880608666252,0.16119852737580276
maxaaaC,-0.07509027997558806,-0.12271684681021856,-0.027699661003157624,0.10430353286721875,-0.22105083729352015,-0.5964066855499782,0.20482414886639172,0.2880297840248655,0.2295814422250921,-0.0020280398981662056,0.04856336146338023,0.061361726143230585,0.04333996254265568,0.1255500887331729,-0.010424301757634893,-0.023607567743334903,0.07494896191250837,-0.08983400113648128,-0.15502200500628074,-0.07508765189860868
maxssssC,-0.026400895328987553,0.06047110305999132,-0.13005846717150532,0.45751414227319404,0.32291298197452795,0.04547032773934811,-0.12469083941913377,0.17782399290941556,0.08468222062171143,-0.10853906664851073,-0.03711204622067331,-0.11566475713419862,0.00449741194672548,0.009347594301225674,0.11226915211251567,0.11427420954948533,-3.3433693433541555e-05,-0.06060476075625206,0.013559722357423603,-0.10596091582705532
maxsNH2,-0.017649100231171708,0.3855651592320003,0.16382323419093803,0.002200882884795309,0.025425451057021233,-0.0024450355377240284,0.188634122508833,-0.07581909067150891,0.07718382024555348,0.005600985241243588,0.031849346226693706,0.04963194366724951,-0.001644648189458724,0.1814153190967495,0.015931651849848537,0.0896714038836779,0.14531995977175977,0.10749132487138006,0.02836767329076587,-0.04860619899904059
maxdNH,0.04150724264944455,0.5113605144467077,0.3849604530045959,0.06617810358199758,0.04121486971126148,-0.02599771631779718,0.1625128738787801,-0.13598705540049127,0.06287684534849235,0.042424130423286834,0.027979685632353223,0.06272679724761183,0.0719392625206293,0.10863891422723783,-0.014361955494081651,0.04389085607624467,0.0757351205003451,0.194807252941497,0.10402635425893746,-0.023912779790325682
maxssNH,-0.059926768778583446,0.4619101437126299,-0.22087187964848448,-0.07151889629636528,-0.1621292083684629,-0.016182060320650858,0.13083370016244836,-0.23880799177745154,-0.19490103318561403,-0.0037983051720983634,-0.05623319917373017,-0.10782880211450944,0.021348657578670733,-0.03931388694884534,-0.10805983562126442,-0.17604911594980535,0.09321965775087344,-0.2039248355753285,-0.23944270332903195,-0.027778761563282735
maxaaNH,-0.06081647899096858,0.10947096212950884,-0.0627023362454694,0.45236431385806314,-0.2605402592340031,-0.36949674355347795,-0.09326761940215458,0.14887072479160943,0.18158422555449807,-0.04613355140269399,0.27992113449303563,-0.2572415132910948,-0.08978439207444416,-0.2386437406587877,0.002378536972924705,-0.056426936988997374,0.08383718664396092,0.15190574027448378,-0.026555762829712268,0.1434860491070015
maxtN,-0.12667348258049266,0.009998384975655073,0.009592535746922256,-0.04468067685624895,-0.03458099036284921,-0.01701517373605393,0.0805098832022853,-0.08578014268795521,0.06849350834849081,-0.22084865724875594,-0.2057653844419553,0.22407240191508737,-0.24310532389230524,-0.00860116320585856,-0.23411694442950556,-0.18346131293260873,0.13538133710010355,0.19249196154343146,0.26396859969078096,-0.17979607130764416
maxdsN,-0.23300446709200773,0.12899740259116282,-0.08549148825547942,-0.2059022815103214,0.030920870548677138,0.05230389614422247,-0.008091123248617138,-0.18292955860112056,0.02840317301699209,-0.25834659416493455,-0.005382075780060301,-0.15289227261886373,0.10723838055326396,0.07756871010011501,0.08991633771821593,0.11972286585118445,0.06736385227325403,0.09812217979806152,0.009230848825408772,0.058781094588092136
maxaaN,-0.4115210807494324,0.1556290075163178,-0.14389500993870133,0.1168224354097568,-0.2357558140265275,-0.3823397055960179,0.12823919174947887,0.106717605686784,0.12402003327146614,0.030255018424389025,-0.05488533243392114,0.056198821633401695,-0.03894268738101328,-0.019525264586409723,-0.1414311924091381,-0.0441398424945309,-0.021893093694425114,-0.045057190637354985,0.12993981320330833,-0.13621596922989632
maxsssN,0.6247342178227603,-0.11171490992352091,-0.13456781875768634,0.026615928556256486,-0.17359772124751754,0.13906218802880607,0.04728562942022546,-0.26313101342255946,-0.15951627695516343,0.0022262843374711697,-0.025309089909613856,0.013843563037046131,-0.12796135908096945,-0.07079238818264644,0.025558561317485764,0.02198737385910893,-0.00160084661581598,-0.016069139795494496,0.06370674350246214,-0.05734552383604199
maxaasN,0.11595304126665117,0.02511232129903187,-0.21415886852872454,-0.06486585502484003,-0.011139375242086585,-0.3470278794393932,0.23323509161523218,0.20203266415760296,0.04094183114605391,0.16610578588912522,-0.06925294063016975,0.14508026728595705,0.021903143941530402,0.15004044356945692,-0.11929694965875452,0.003452229896875372,-0.07084927604809087,0.01653436912183102,-0.0032516981348309493,0.006997924472566175
maxssssNp,0.017266165104911232,-0.007698568657297507,-0.005334148391434965,-0.01641846895159668,0.03268986693984739,-0.02654799636230151,0.04435040789483687,0.05769108099731633,0.006931603729754883,0.09036010783675587,0.04063264417480393,0.08424697211446767,-0.014399079638373646,0.10045993342465034,0.019533943323526332,0.020104315780843336,0.05262349009900713,-0.06168538703723038,-0.053991257995109364,-0.0862181669938154
maxsOH,0.32663405052349825,-0.5329976781151846,0.443959969474796,-0.145766806304321,0.28516289633668496,0.17454761176959166,-0.07602927701627249,0.1292873601258887,0.035354139075783685,-0.037320135608222074,-0.06982191188885456,-0.040383838032429877,0.06286485927134877,0.0365128607375428,0.03701836141646642,0.09217462486567987,-0.0735646954673121,-0.08479260627323802,-0.09520588518403908,0.011871509588211497
maxdO,-0.13791176481957768,0.4667351730943323,-0.19103973381998013,-0.21281000005330203,-0.19338759339963996,0.07275920152045541,-0.3440349610943769,0.09448916053302266,0.02913119777033409,0.02736649818999018,0.12634537120064518,-0.21624042257591197,0.11156805058526434,-0.08916587423790848,0.09228226444000738,0.04424295799872625,0.025290423855361278,-0.05366986493196671,-0.21820175015043583,0.2528147964915874
maxssO,0.47878207394998723,-0.040842559107994926,-0.14573208307481683,-0.30648666061676905,-0.08808665947763553,0.13885489926489408,-0.02948032472777881,-0.18786667032477083,-0.054115843346336005,0.06614774287668634,0.16011965573013687,0.10226735464515224,-0.2558535895523101,0.01883295171395683,0.172938889318679,0.1899929082065715,0.01117796359012834,0.08406740073498539,0.10533946444783197,0.09137898238377457
maxaaO,-0.3789339943760961,0.08515955657622457,-0.03294825700241928,-0.16957249951335948,-0.11542159313595325,-0.10256629400976508,0.19631169350009256,0.1235837729655403,0.08986122111830086,0.0372499808589724,-0.16282805756706498,0.10105267038198557,-0.08245482201825202,-0.08655769783424774,-0.05260948320776567,-0.0020548760622298174,-0.16560131244981488,-0.05818069136182349,0.23724722468220433,-0.2232033006075567
maxsOm,-0.058648158330779375,0.0900785930379137,-0.040015061605337174,-0.045108389575923245,-0.14525885492369872,0.08461064269863444,0.03302177582922809,0.016911538748070176,0.005563755306447553,-0.023722973769023478,-0.15596234613579996,-0.0355598766692879,0.1312893799055371,-0.03159845808865958,0.028005022716535967,-0.044018079243524064,0.052753598457667,-0.006902718499334948,-0.05337330471745243,0.06928305495758728
maxsF,-0.03104787220148012,-0.07955801664518115,0.31681893578599407,-0.06588183041790781,-0.2547365141697829,-0.0020225408653672785,-0.45804473287270653,0.2677791583582804,-0.09862929085025976,-0.0016793403584692936,-0.0017744333429577303,0.07211903772703397,-0.1723067292822923,-0.007383810280734424,-0.08184729809609058,-0.22600526260770976,0.20688630446981088,0.012115311151291483,0.11958821804945667,-0.25730496851483975
maxsSH,-0.030275048997596997,0.02077883332060804,-0.023494900556292102,0.007881924179811943,-0.06908505942962626,0.029800215926479804,-0.032853298826946174,-0.08309307477364641,0.01528671098374734,-0.13435592339786043,-0.07587855476061563,-0.08835165965604518,0.19418587243527485,0.08829197779663069,0.05655760327699306,-0.005254114671779943,0.14725255511284174,0.1221384156846987,0.059456767157294,0.012936487606727179
maxdS,-0.06761139027099274,0.11609949037884852,-0.09433679615590017,0.03200694493087102,-0.13996106050469032,0.2207453727846323,0.07716911219705025,-0.12100094222462095,-0.07999511744253154,0.05994718410724019,-0.24839495678587376,0.016498172537351634,0.24594008314724783,-0.20649993032144487,0.16716428624018834,-0.2719225979094029,0.036431137411638725,-0.286051619037728,-0.027702819700997115,-0.13437882381952576
maxsCl,-0.10135118283856415,0.009318458982303008,-0.01873801124848284,0.047984328356963694,-0.08971799022660958,-0.11253181128800799,0.03681373275717061,-0.04783958436164168,-0.11470268136498235,-0.027341613049672194,-0.06945370366598343,0.1827624612769626,0.04367627678456722,0.29898339158007453,0.05620946576684257,0.1810242044354825,0.053096936766267526,0.09791608884428257,-0.09679450420665965,0.2007999216434893
maxsBr,-0.09648791811432549,0.02587576105800887,-0.07348159150967282,0.07166561983064422,0.010816352859572307,-0.19731050524848567,-0.06244755695388621,-0.011893837185541219,-0.13871815297643764,-0.1568839787126357,-0.1279355785916361,-0.03471831154958836,0.10816196169017214,0.18297874490483715,0.08765839738893445,0.10160817028269778,-0.08237974025061306,-0.07630581673968583,0.10137894260339216,-0.07390852110824155
sumI,0.6575634220094175,0.5552354685526779,0.2717630441427418,-0.3115305672733993,-0.19243868971848077,-0.004124895952333722,-0.13118538398441587,0.09916883459630176,0.009818422413823169,0.004703655438053509,0.011611229565984609,0.003931038547498141,-0.03456202876469493,-0.032583170194169175,-0.06417271376090261,-0.07310535123761439,0.044326804503159324,0.0067741895671823305,-0.0008640928131807176,-0.011447226207250704
hmax,0.18071799102523167,0.2082846892724231,0.057795667363390896,-0.3394999124748801,-0.3602103240342791,0.16627248037921222,-0.4170944134035694,0.16724043688380238,-0.1390407380978146,0.0882342025975629,-3.442822068159334e-05,0.09410165946550973,-0.15037355472252134,-0.03167675297081902,-0.08622685044731905,0.03694175822726053,-0.09055348775452067,0.001710575845400737,-0.0047405521115444086,0.11578798039353949
gmax,0.037245984917073635,0.2739677328633229,0.10846348842179185,-0.20809333636960628,-0.1943116341924748,0.09283960933459569,-0.5068767157534069,0.2530904965167416,0.016704092985290953,-0.05483186872240194,0.010431411778336452,-0.005544277625422344,-0.0667446604103364,-0.11762941189774254,0.1369215853263351,-0.0669061850867307,0.09232080793945906,-0.1273943760920834,-0.12325106883301183,0.030194561481681703
hmin,-0.7487624056207876,-0.012827458432363398,0.11507787547989662,0.12307868255590654,0.08300209572780669,-0.19087510049255715,-0.004437928763404727,0.08669006978166163,0.007965494051217107,-0.0370462085915506,-0.05863034880286269,-0.05947703337692987,0.10529409336155579,-0.07197882299713744,-0.06703617419770996,-0.14783185660486592,0.054302992362607376,-0.015763476881725236,-0.15874778014197413,0.0032614675287533906
gmin,-0.1013968123752464,-0.23516448893428252,-0.05858627886982626,0.1669600878623417,0.37683187506264465,-0.19289790432579887,0.5081177939029633,-0.15447641080572383,0.08194695412223059,-0.01251381210019806,0.05631717162590851,-0.11436025221695222,0.05392300167853826,-0.1502530815022417,0.16323308776924447,-0.07590227991603851,0.18613999133890127,0.11872665621398006,0.13143029634402398,-0.15663555689502132
LipoaffinityIndex,0.7841608051168077,-0.1918068836922912,-0.2504156037522045,0.12996748511259318,0.02097704839444419,-0.07790667090125239,-0.012159703813338193,0.021510537992213898,-0.17570767230165513,0.12220631915020938,0.11483775684850407,-0.07495425778462823,-0.07661278529835656,0.07363062937054617,-0.23894595898121712,-0.21764991064973008,0.12947625243548508,0.0041765819175343215,0.007654669718710088,-0.06535383484250182
MAXDN,0.03910288779684644,0.21806408730381613,0.11187895645889248,-0.23909165819835443,-0.3539688597353224,0.18771929166014248,-0.5563697932382125,0.22184816494619242,-0.09744188444899923,0.049334873056224346,-0.034927353966937934,0.06850937883278688,-0.07179763590112774,0.09191139528822498,-0.17825949303992825,-0.0035404687528948152,-0.1341537375299009,-0.0942296422766575,-0.11294776756901255,0.14170193129656944
MAXDP,0.12505221152106055,0.36912773798259896,0.012234921031535482,-0.21575591712178302,-0.1542830442396238,0.0676968478897522,-0.45894746294883654,0.2745866242121372,0.013266081617602479,-0.07324373858103439,0.012216867652527427,-0.0049742234027269445,-0.07792044004384155,-0.11876958427507837,0.14086862499474723,-0.017011797292645674,0.05977744873251001,-0.13674219488289677,-0.16627896262493863,0.07795546624225606
DELS,0.29939908037892043,0.6529279046729026,0.43336366711389196,-0.32715996126055197,-0.14594973508574477,0.0719043680036633,-0.2865351227290804,0.18549012999947548,0.022012349186596235,-0.020782315065050783,-0.03352464416442464,0.046766968260953085,-0.08435744769159349,-0.07121950265225217,0.026803017465896462,0.018519618507770678,-0.025166832459888936,-0.017722863850726397,-0.017803902104092162,0.0029407924941471345
MAXDN2,-0.03084290371862274,0.2240419432084041,0.16158578220554012,-0.2563188889470222,-0.3249243270204318,0.1813080674273222,-0.6068421659908485,0.2740779249529645,-0.09416196933854476,0.093992108205833,-0.017008668250201087,0.040871067127757205,-0.07893070895442837,0.05114906013500772,-0.17607804168851665,-0.0677490566807763,-0.06064167826224619,-0.06007725786239457,-0.09107234740983752,0.10018763880775235
MAXDP2,0.12899899015696772,0.36587994677147506,0.014756662362420866,-0.21767159214511314,-0.14193518607696143,0.06346115889281279,-0.4561014021116154,0.2802511128758415,0.019971368691716878,-0.07094010560314368,0.023162547859690394,-0.012698872769168828,-0.0835135954313529,-0.13150562878234157,0.14094965295606335,-0.02773544990758437,0.07228265170861496,-0.12867590854916455,-0.16126639844037655,0.0686721556389641
DELS2,0.28867154368259434,0.6507147548310386,0.4403224277472396,-0.32979862937333887,-0.14454264505835682,0.06646016603561147,-0.2878660510753322,0.18985936556339836,0.012910317688516111,-0.01770441125379633,-0.03937268456080761,0.05510879940868465,-0.07850814774922442,-0.06345937463353113,0.03644431843728914,0.024191834281701526,-0.015824099116105262,-0.014395580294285852,-0.020666021736364257,0.01404868477197848
ETA_Alpha,0.8697243437678337,0.4419867835265168,0.02373029009815589,-0.10487873061657839,-0.12336868934889532,-0.05590180237170134,0.025841730715388974,-0.026638625959196693,-0.029606036690175537,-0.006394914219625382,-0.011434466303732033,0.0037529618252231073,-0.0016455299206944612,0.03036893447732837,-0.05467436854492609,-0.0352514252268597,0.014266331546261803,-0.009704863513653968,-0.013994505677853231,-0.006868643702117995
ETA_AlphaP,0.04228161451242586,-0.09058153132989348,-0.215630249447195,0.4194877324986377,-0.0037454541737869883,-0.1470079965893065,0.0921357247033755,-0.20162937847343243,-0.16223661105865592,-0.0754887791257644,-0.28098356945097286,0.03232151019867885,0.2923451607826527,0.324979637277356,-0.0378359112738104,0.17795439195847065,-0.20069539316000978,-0.09674708913243363,-0.0826055960578124,0.07209512513006629
ETA_dAlpha_A,-0.1702272889349537,0.014983994472544638,-0.014898633672281454,0.1733820202876035,0.009481594146335235,-0.1346497458707089,-0.11082331438522931,-0.10065730438352921,-0.18903881560738975,-0.03550426259442439,-0.28630518008340167,-0.031124528475643218,0.18121683868895144,0.1143825801103574,-0.0057423919125524185,0.17211297782740514,-0.16568422386069895,-0.08971113428230404,0.08221556364977438,0.010081117979203384
ETA_dAlpha_B,-0.15297573254444455,0.12739215600732792,0.274288101255725,-0.45088029032102384,0.010344194443647991,0.11568057752909962,-0.18433429884072783,0.20679609383983338,0.10449632690839376,0.07867315591640858,0.2045250147248084,-0.060223496496584046,-0.27962950703682027,-0.3607210245746718,0.046335944019916996,-0.13480806625861477,0.1683184873091877,0.0755018096006854,0.15544545421681868,-0.08878518195579009
ETA_Epsilon_1,-0.5114102131010831,0.05983818699503229,0.29063393862324516,-0.46678789623145284,-0.4511341371920094,-0.04451870053522239,-0.21301015672755366,0.16624510092803893,0.09161340451441626,-0.09149879155616149,-0.15014056555868735,0.1465892355391229,-0.07696608203642376,-0.017181666323235555,0.069355520383077,0.13260121734075794,-0.055983644313244166,0.0116901244320663,0.03218192186312561,-0.04379438387395887
ETA_Epsilon_2,-0.4122254757964492,0.2528405860415553,0.33995129324021794,-0.41962030929524924,-0.36215599438569546,0.14019428328204817,-0.3694385284983913,0.09063094510720791,-0.023098758113351624,0.024665392836201522,-0.04863469193258122,0.19021861051131123,-0.1585619043517688,-0.0803424098541997,0.10666093396779641,0.15151457364857526,-0.062389788342945895,-0.005583983191644039,0.0127792827434711,-0.04114391191922274
ETA_Epsilon_3,0.23683198581239473,-0.2045953478152135,-0.33305082148898535,0.17079129144806499,-0.08008336223066695,-0.23331213383924118,0.09900584337223674,0.343750196153791,0.35924870125935593,-0.2952984921998141,-0.1516879565728518,0.006304074018185297,-0.026346873808941126,-0.1916808739637925,0.268065377521101,0.17028193149329732,-0.09278406709341977,0.0373145865957098,0.13213271662253706,-0.09605587540470227
ETA_Epsilon_4,-0.4780162486411786,0.32550170620963875,0.22225699509609995,-0.3287687254354297,-0.4076649067267578,0.08502613230026249,-0.340339729272938,0.08820002539579708,0.014643621077175888,-0.04915723735560621,-0.1288928131013605,0.18952383893080724,-0.11758831159389463,-0.07865363599473595,0.12619078543071116,0.17753117408533198,-0.07858308770415826,0.014523799576744673,0.025615952246072732,-0.06200512100682275
ETA_Epsilon_5,-0.32410707230326335,0.24698913289605726,0.06184554171022594,-0.37620511439296744,-0.46996791642842567,0.1539676366945711,-0.43548354303052916,0.0952246214665035,-0.10367991569275796,0.06115453761027041,-0.052942627950960754,0.23748310614717316,-0.20910386155423796,-0.06390034517739426,0.060167555269227936,0.11793738107849337,-0.04577526711982973,0.0347703627588573,0.05606446358041053,-0.04983852171440589
ETA_dEpsilon_A,-0.520580336063485,0.06977467719744596,0.3057873530655643,-0.4728768802487037,-0.4447361351445875,-0.03259376110733855,-0.21684658709505597,0.1481453495293416,0.07312685004525611,-0.07621810185567096,-0.14174647705242524,0.14549728612148427,-0.0752419577586814,-0.007488301747698381,0.05555855778428583,0.12336764436651176,-0.05103876107105471,0.009758794245156325,0.0253883583166153,-0.03875208653847109
ETA_dEpsilon_B,-0.4222134666352995,-0.2766812031098669,0.2997058090789647,-0.5154589908282344,-0.3894120926121837,-0.18994233574477873,-0.00501622825121076,0.2185157674291704,0.16150756536225505,-0.11952938518464033,-0.1377950383698636,0.05751048197291403,-0.008329957104869118,0.0615304440901414,-0.016970135907443874,0.04465293159329785,-0.014465120865658243,0.005307451692708775,0.031965576809092795,-0.01067035561468302
ETA_dEpsilon_C,0.48866011926237696,-0.3362086259407104,-0.24504397554545862,0.3367183719568438,0.3941446040736776,-0.10221997792173604,0.3423312104349187,-0.05916486840442707,0.014371754249234987,0.024660684054623606,0.11450552833012013,-0.18571039662992875,0.11342662558388486,0.061943924340231646,-0.1025368597048903,-0.16080557129491233,0.06978221705334221,-0.011279267383152106,-0.01458949192052088,0.05323656151135415
ETA_dEpsilon_D,-0.28158148621520973,0.0630934013850687,0.6994402392785458,-0.1813681461130638,0.17387741595585762,-0.003719694473569146,0.07746868990042259,0.007394699436824869,0.17871774093220677,-0.07812355181635576,0.00023075821263072942,-0.07004444481014084,0.08372734303857154,-0.053214412077545147,0.12674947391936128,0.10620947043363826,-0.050061545609843106,-0.09287204075961822,-0.09592526270229773,0.011674242664749517
ETA_Psi_1,0.31342556659999216,-0.22223291858307923,-0.33681575307480577,0.5057713797205671,0.2713732133505503,-0.1703771059150656,0.29684464760106266,-0.14408973102324835,-0.06377991782827483,-0.049035009118622803,-0.08715701307990391,-0.13060212777862285,0.23631244317244302,0.19682737095346028,-0.10557237429787873,-0.041434532390035354,-0.03832889861484801,-0.035843995594932385,-0.0491189470038299,0.054940814231504286
ETA_dPsi_A,-0.3155677070425139,0.22315189333842153,0.337960741172657,-0.5072830267106525,-0.2702551858344863,0.16882280826007304,-0.2999681915752685,0.14349629341754408,0.0586988319382822,0.04922609654281323,0.08231827866058734,0.12889322341808468,-0.23403662460462715,-0.1988645303820456,0.10456898825799524,0.04153413356449658,0.0344449796075641,0.034083826649317354,0.0527048444393434,-0.054038478855718726
ETA_dPsi_B,-0.040451779695724895,0.005915895919359858,-0.0004382199719115166,0.0085401687321884,0.07779200266264188,-0.08118764211482095,-0.07985679188813564,-0.04129740412546077,-0.20113881941788464,0.0008620093548368169,-0.1949878409155271,-0.08187188400184993,0.11716148397750818,-0.05166170508300188,-0.05183576693422405,-0.001619479828675123,-0.15238970345392,-0.07146940423456905,0.12968439190757067,0.04140306441591157
ETA_Shape_P,-0.46287337592953437,0.21211541927885635,0.3081360823449238,0.03475673573238967,0.24316777599609454,0.21148159505799902,-0.20959103792546024,0.15592832728318837,-0.1292849888599879,0.28229951325138886,-0.014314252378850846,0.0751410736717396,0.07993735776077932,0.13735454757080306,-0.07311352665431402,0.11581339105775064,-0.08569601986033895,0.03083462075154254,-0.027924310436108032,0.0981546260883779
ETA_Shape_Y,-0.27060161804674365,-0.11221066654552296,0.28746533971262916,-0.3198312614474988,-0.08536660126565841,0.01487379236391174,0.11813514377291172,0.3504162058145146,0.27304992795119903,-0.003457483951533244,-0.06840953165831083,-0.004763683010960652,-0.06196542549553732,-0.19889930568570474,0.24945188311550381,0.2712237315546065,-0.05554562144851597,0.15685760597356385,0.12780604667236237,-0.005585431256620567
ETA_Shape_X,-0.04672813809439771,0.19597948974174254,-0.11565240575727938,0.3614889604629419,0.27309403521250186,0.1645231095150751,-0.49156267177264706,0.3421635698627319,0.02119241184524967,0.044418320297746866,0.013061755677549292,0.08073253325974289,-0.00567501954502819,0.09263810033636016,-0.12496396879985662,-0.04146666300632199,-0.07844398405125708,-0.14238292802417415,-0.09713065998262456,0.07599570383919865
ETA_Beta,0.720585138463542,0.2766027272356916,0.010923272466320189,-0.4102646741890785,-0.3941349980712052,-0.19121621131243802,0.08578823387032146,0.055748429063774536,0.07878891709640279,-0.023417260446402455,-0.021605857534607715,0.01628863777009248,-0.002922856073927973,0.0339573795725662,-0.09136359759626966,-0.06771719045835968,0.031510377109602444,0.01432539942953386,-0.0013931460940615993,0.0008464949243666991
ETA_BetaP,-0.3732244498016038,-0.2569328811076073,0.12380897461662532,-0.5066309423631613,-0.478315248707852,-0.3563688406686046,0.2469638281709334,0.0863016670410476,0.15817926438074942,-0.06459653150079678,-0.0839453113270093,0.030786268436119157,0.030974990472495224,0.05858187152360395,-0.06016632335203962,-0.035110611377903375,-0.021849522145731895,0.011538296790471421,0.052900502549299455,0.04174309473802352
ETA_Beta_s,0.8215917275604511,0.49066729784646995,0.02423063205234096,-0.18132414453387483,-0.16618369203626784,-0.059573990111867585,0.029391820224849277,-0.006180984401515106,0.003519133768763244,-0.012880930723599943,-0.014666443583331615,0.020833781348991876,-0.05542007525065257,-0.037726250486649494,-0.01561762607917421,-0.02492269854383222,0.015004654214620458,0.009648722132120304,0.01706413477649673,-0.040380733339453447
ETA_BetaP_s,-0.03487459550007001,0.26865134741713886,-0.24281932756393218,-0.308288201398581,-0.3839240389223291,-0.11593603429666323,0.09242126987139454,0.00644094354193376,0.12366801654387857,-0.12048194252173361,-0.16380024553194708,0.14258529623788527,-0.20344342137480956,-0.2258700016362011,0.21471339346011434,0.1778889431897774,-0.12076729808411439,0.042520466238594644,0.13769483080276845,-0.18739294455656305
ETA_Beta_ns,0.46762979605004684,0.009136017948799808,-0.004356619774944235,-0.5446457651736473,-0.5310194176604995,-0.278085558088299,0.12217236199050875,0.10396286063759627,0.1350196839052046,-0.028627399338600763,-0.023709234083284507,0.008372279046564781,0.04872734949695787,0.09633285299072579,-0.14535605015954745,-0.09476331004176412,0.040783749549148776,0.015793499331200552,-0.019032629206269185,0.04073364841943016
ETA_BetaP_ns,-0.38205456490714773,-0.309074002837503,0.16677647258701142,-0.4775436445974642,-0.4362354234361972,-0.3517917352790456,0.2418908159697735,0.08859934323431136,0.14478178223821808,-0.04811008415000685,-0.061385396630981894,0.009525564819303832,0.06418466848966607,0.0963814617489581,-0.09626979460339644,-0.06445742916697673,-0.0036797217466380963,0.00528846803965633,0.03325716310393919,0.0728389667531792
ETA_dBeta,-0.36951869481660354,-0.5223676933797716,-0.031165308027630952,-0.41143765519088915,-0.4126535416352853,-0.24589746443017527,0.1045371885808998,0.12281200860376307,0.14696699063866636,-0.01798940535834181,-0.01055892271739891,-0.013263043299642542,0.11457048710713653,0.14853025416415006,-0.1453786794571048,-0.07877822112935011,0.029260227411954633,0.007165062743769699,-0.039776593867383817,0.08931960790020028
ETA_dBetaP,-0.38207821288754046,-0.356504453515069,0.2079967821278766,-0.43530173536074007,-0.38130813724130075,-0.3384256634978356,0.23067323809958204,0.08886861350231623,0.12715009256187634,-0.029572029319116074,-0.03612489267453528,-0.01310765308562135,0.09761421173544917,0.13386462951221778,-0.13196932836725075,-0.09380997584234256,0.015554310331161452,-0.0014250181081703376,0.011751767385990798,0.10383281107805004
ETA_Beta_ns_d,0.23924183362452167,-0.3378885476483297,0.32478206669224624,-0.4576214399183566,-0.1096609834299265,-0.039078848658799625,-0.02500849392718853,-0.09756796668868237,-0.03701107280867565,0.012918573302206162,-0.06375738214632047,0.1462054972918665,-0.1661122951254198,0.10401313134509545,0.11198493190424313,0.20523000775916245,-0.08377177664139919,-0.10136148511585275,-0.016294554856886793,0.06580265732093353
ETA_BetaP_ns_d,-0.18369614242125187,-0.38891429570686525,0.4569019629555582,-0.39027453718363986,-0.0030720635717133298,-0.07400037568087942,0.024411105443530572,-0.09713033763728623,-0.052378928779420464,0.023547443028252724,-0.09675520178953781,0.13869161645880773,-0.13289540709414832,0.08467787616279648,0.12168520728919203,0.1909017977197547,-0.10865426268686829,-0.11153870152848525,-0.0031956434034772383,0.06768360683034723
ETA_Eta,0.7400350901252254,0.6029776872922759,0.17845936443523075,0.11381103874413806,0.15719468360756025,0.005025132256539113,0.016626030254165636,-0.009296849398311997,-0.05358723559771503,0.014765579185287786,0.0087667476188778,-0.015156316479847139,-0.024499926371028248,-0.006181779076529588,-0.015458768629369918,-0.014026054201161459,0.007930616842560419,-0.0035022480981998583,0.025126641410012595,-0.019548474430572206
ETA_EtaP,0.5828929181461291,0.36079303274765917,-0.11357506865759395,0.47028512677667006,0.4076870872721646,0.22932262787978616,-0.1776153892065097,0.03582670367150773,-0.08221600860317979,0.054508546144418045,0.03184732284776251,0.004139821695238552,-0.025264006825341568,-0.0027798491798750246,0.019946693931810023,0.03705146227972485,-0.00015369227140403123,0.004596060680534139,0.002909287397964269,-0.031685428042963135
ETA_Eta_R,0.7622239239216553,0.5821190110678588,0.2071584744300934,-0.12527209347489832,-0.04400526190377338,-0.06394970387809788,0.028756868312436925,0.02890380124399592,-0.005054033643491205,0.014652134948933764,0.0071223328686999985,-0.011843112062846285,-0.01242471599283022,0.005401038369238922,-0.04541048969839893,-0.040968329300877605,0.025508862397169707,0.009990833003857908,0.012433377133982114,-0.006816125273939396
ETA_Eta_F,0.6671033788595018,0.4636058415658273,0.2088104049924184,-0.3952955812641001,-0.2810767057734144,-0.13739814411061466,0.03887092438436941,0.07062503037809155,0.054640862865592756,0.01216846965140866,0.003986775281337997,-0.005926938326596027,0.0042155815782678125,0.018589768938758307,-0.0744802763343519,-0.0670979895262553,0.04275235012758898,0.024762421136894485,-0.004958221973445662,0.009723473879701917
ETA_EtaP_F,0.11994509147250959,0.04244237885309612,0.20804468929564696,-0.7034771198488158,-0.5398421054949956,-0.1764177632476778,0.033640106980778996,0.14966850793536113,0.12423825901055283,0.04544568812015666,0.024523527318452108,0.03970119925281022,-0.003974084653818175,0.0373421996884438,-0.08788300802119732,-0.09077819491780661,0.042942513258886955,0.05442924508586497,0.00746230875684716,0.06838117451463784
ETA_Eta_L,0.8123195139984104,0.47996254015089285,0.011290649348342889,0.1880158095124539,0.16323314781801268,0.062117773780559604,-0.02645443274269507,-0.06406805938792086,-0.08731205273835829,-0.009266616821104277,0.011919170160874503,-0.014297128841878975,-0.05402135209501541,-0.03901096883090794,0.004025047416987223,-0.014240570112050563,0.011764253653727838,-0.021035831121851707,-0.004928953258595775,-0.027894159480517298
ETA_EtaP_L,0.377172197520961,0.19654902798621057,-0.21219737952065687,0.610377542622124,0.4736887957704135,0.2415219452917454,-0.16243007562740527,-0.08052294943659545,-0.12344299012329471,-0.016493805336491394,0.011311024440874258,-0.027749546570572117,-0.036177464287357866,-0.057327546730094145,0.06911396167918671,0.053872308517748185,-0.009983997104472342,-0.03161475615268594,-0.04143771838758289,-0.05207750243525449
ETA_Eta_R_L,0.8645132543797498,0.4416132962044106,0.03282952956020659,-0.143610937479026,-0.12606618945895945,-0.0540912560439268,0.029780735491863327,-0.019553384927832956,-0.015037604705119598,-0.006752950729523148,0.013060995271937478,-0.003202082557166016,-0.029997453847644677,-0.01031399831026428,-0.044967377765033546,-0.054195286613660416,0.03934475871091227,0.0038983793611588506,-0.002428346934823803,-0.01805318012624957
ETA_Eta_F_L,0.5955996512472881,0.2168345856418196,0.04891305769987022,-0.5331752938609131,-0.4656004899395915,-0.1891255074002887,0.09371158054202651,0.04796903154965081,0.08803826236512768,-0.000724466879152187,0.009473273751180414,0.012971861472016122,0.014070305241255495,0.03231646816739576,-0.09320313866277218,-0.08665969857747961,0.06099622938222164,0.03589487518450976,0.0018863871170177494,0.0022596838636791275
ETA_EtaP_F_L,-0.3291244944565131,-0.22138957498137948,0.16278590318427894,-0.6055282348301766,-0.4945629348988259,-0.27786102274900315,0.20919873242364653,0.0423424790591568,0.1281637615177861,-0.013660586815138128,-0.012161779545572848,0.020275690949927375,0.034517800235201596,0.04202815579106032,-0.0568539986403196,-0.06345353576830721,0.022105943588641673,0.03617461911346233,0.047857671634266116,0.04163068481589705
ETA_Eta_B,0.2768318977768369,0.6367344453294124,0.46295511409116213,-0.11619934881057874,0.06558120373678977,0.15480990947551942,-0.23564282689230132,0.2576642613218726,-0.020103895985909163,0.17405263323234407,0.025433685145614653,0.027888379060965356,0.022654577574241382,0.12775434765987245,-0.11780958620681377,-0.007382550425196586,-0.06094906053314171,-0.021503589844708747,0.01039326164395677,0.0635737664063808
ETA_EtaP_B,-0.2827535341088536,0.25087213731110525,0.3948506940825257,-0.05508951295152437,0.15617273664756948,0.32036727212507127,-0.414329689691663,0.3287146713410628,-0.04247553956771881,0.25926563112006257,0.014455698768295694,0.06861320731357419,0.007374825545609508,0.13217471458969643,-0.11385391170790238,0.07171965988468126,-0.09772712985816592,-0.034984886999652985,-0.055141549295964105,0.08649910043100545
ETA_Eta_B_RC,0.5521635005346591,0.5696645880259287,0.27918289490770176,-0.12484953357393525,-0.019455520579688284,0.08629553352323897,-0.22894771988479318,0.3342096176194829,0.0705448451639164,0.08854872635844921,-0.01556349455606134,0.04773101030202718,-0.02643672014111325,0.07842765050406866,-0.03988758334481765,0.04555856350793255,-0.06864395029743482,-0.021711189728523175,0.03897586372316545,0.018703400070265996
ETA_EtaP_B_RC,-0.3340268221855958,0.13056991413941207,0.29812633235293484,0.029153249208057706,0.16212963855650228,0.21503124778996507,-0.39018554750590656,0.5148581406090054,0.10982364356851691,0.13280041611057086,-0.05207453240819938,0.0835484320014851,-0.030973698050543626,0.07423585428120429,0.02260920034841346,0.1807295539574823,-0.13543580285946383,-0.04062805590332639,-0.0010991400439367303,0.030798427078821015
FMF,-0.14195831504508724,-0.27423133001561406,-0.12934162477251185,-0.2963527659590673,-0.4436246975062991,-0.30061078609579045,0.16206785065036694,0.09914234264274634,0.19710254243202954,-0.3269848570128057,-0.21634269627583647,0.07777496825558283,-0.03283783477353137,-0.06713073531984118,0.15141046748826664,0.12993542973620265,-0.10479633773293084,-0.04293347455039252,0.08344261083286614,-0.06408376496975669
fragC,0.6361560642173918,0.5972279129946079,0.29356765675445856,0.04496721569519578,0.16638774101980636,-0.12375994527722808,0.15839077184095374,-0.07373194645774832,-0.06325521597255707,-0.0046030446539025854,0.003766821934755104,-0.06818041663007222,-0.019159548464407088,-0.02821150295362933,-0.035477136204601335,-0.03211363221505032,0.017313486263727456,-0.023627819770710982,0.006600552078025264,-0.028316217409429443
nHBAcc,0.10341557555245674,0.924169444853071,0.09717872469447476,-0.048992174870962406,-0.12056954114315498,-0.120406053097915,0.054123216443103125,-0.04779072613515271,0.004664880885589255,-0.03375910237570566,-0.01851085961694181,-0.04291491158791895,0.04424509912387875,0.007598222744129376,-0.043510721617969574,-0.07750752020894906,-0.023366814341273162,-0.0013278135122854796,-0.026728295835928745,0.017866139842154044
nHBAcc2,0.26671441300286164,0.7508714539720392,0.35431399315970136,-0.35807225338661286,-0.2069170076705338,0.029405405942899,-0.05623977140625818,-0.03512517320512482,-0.014433963333750868,-0.028305329188319545,-0.03897963368115728,0.05970861152344729,-0.07716803473851522,-0.08714604315089318,0.038080768560709764,0.00814117646307315,-0.019222615665440652,-0.007832931947503606,0.05562560095035247,-0.07839813622647167
nHBAcc3,0.3076051770668221,0.6051117917487515,0.3474187150434745,-0.4268160362191306,-0.2530067110461186,0.06590748986732146,-0.1457992412529602,0.008674372320820484,-0.009847144698936388,-0.013910057842631971,-0.02659680213955539,0.08564312036463619,-0.13450305981499294,-0.07370153732192153,0.039774549145658256,0.03125631897048552,-0.024768099038009167,0.017201982121073704,0.10057513867157952,-0.10091996913056878
nHBAcc_Lipinski,0.2770760106328839,0.7956537627582726,0.23305926163177335,-0.31921982605966326,-0.16281697316967805,-0.056964350859510134,0.13372721134654011,-0.08125089967805696,0.0507546527662689,-0.039386927835459676,-0.016503985680807774,0.03998635201910235,-0.021097637321174485,-0.08554012350975794,0.0782174594711148,0.04780141950414579,-0.07769639701462903,-0.0037543606000450553,0.02861581176455741,0.0019516549788540314
nHBDon,0.24050597569496124,0.5076114017996709,0.704662630191587,-0.09948539330367351,0.16560245981231544,-0.11164592221714066,0.16867128687652722,-0.02105240262821177,0.11327534428002337,-0.08913279909703539,0.0125741304717179,-0.09458702818860483,0.10783775689649717,-0.030522911787418366,0.037667874553036496,0.026323133491544002,-0.05079797796585397,-0.06781278730512832,-0.059160483945070765,0.015239233001573193
nHBDon_Lipinski,0.22956104141992023,0.567365809636484,0.685648596229005,-0.07569575394442116,0.1594394616062866,-0.11736588653109771,0.1930579541313795,-0.031541757087586546,0.09927321030122785,-0.07655963092150621,0.014035686932591612,-0.07854475682578417,0.09630056479517823,-0.0041520832539092035,0.03291067581896913,0.028804876883009208,-0.02947921963849684,-0.04437672480511904,-0.034820068528877125,0.005701722754630777
HybRatio,0.367393801099403,0.30229190610301165,-0.22279788486674154,0.5596804870451302,0.4456428772120411,0.24238488509722747,-0.1459670090772618,-0.09215973379885573,-0.13926471456674108,0.06820963525177873,0.053260981317067226,0.03448000728714006,-0.10787837788155344,-0.08973265795950966,0.05237023919339939,0.0016726930798208887,0.008699352898563086,-0.020808856791368832,-0.00850595014568771,-0.044810020619647825
Kier1,0.7768751260310381,0.5432523058274042,0.1627728923185192,-0.1516294123798142,-0.0789483498518988,-0.02581762271626152,0.0250134475260599,-0.05374587080297472,-0.07235281343846474,0.043622620233134825,0.04297559114492634,-0.009404437380151847,-0.01638069036153165,0.03062563024985706,-0.08960065789294398,-0.08201475310751603,0.05211820821222783,-0.0021565514143520475,-0.01716916143331702,-0.0006940712405449503
Kier2,0.7232307484391799,0.5205907736781064,0.17652625170621444,-0.15144154163341533,-0.0748455853498312,-0.0614592360560209,0.11345382656834938,-0.1821615829495036,-0.14065213752525116,0.03318352767825306,0.06596508765559998,-0.036841127329088404,-0.014648735537560404,0.032976706231598596,-0.10868168353841051,-0.11763902826498193,0.08913963900593329,-0.005094424416066021,-0.04248378444245806,-0.010870099521366196
Kier3,0.5813089850498026,0.5957899684998049,0.30307177597889307,-0.1276522346309534,-0.04756376224727683,-0.06435506859592391,0.14649350555374863,-0.20765886073188844,-0.1724775162698301,0.04311698792444627,0.07565189781061508,-0.05760191519167416,-0.004648489153475772,0.06522429020399792,-0.12656678889532308,-0.12288894899185462,0.07859933334285793,-0.01589562695137831,-0.03222280059963245,-0.010632465927960938
nAtomLC,0.32542235115121015,0.6871702434922675,0.34994643780098467,0.01983427793858068,0.06512164056772582,-0.010737205469613006,0.06612771451312392,-0.15374042595971382,-0.15449621716340511,0.09151829165600055,0.10259522763538576,-0.04396796952004622,0.05364494759398165,0.031874217398545984,-0.12171859239285371,-0.13436005756783395,0.07600045528906119,-0.0349403263938105,-0.06707733955071112,0.037657588822637304
nAtomP,-0.04936874871804639,-0.1275119169249702,0.014321608525829923,-0.5056229867923532,-0.3528235368188721,-0.17828294687122748,0.13725326377215966,0.252535610297394,0.13767062116550438,0.011601772680132438,-0.01810477559035222,-0.11963043220981628,0.07852974430259511,0.08538939378904342,0.02123650639905683,-0.014760916643179384,0.1886737800664637,0.058187327207052164,-0.18634294727878775,0.01462469805333775
nAtomLAC,0.39198674647409715,0.14197788069822795,0.009315227781299484,0.10975408881970058,0.0878278176736487,0.1128506268737995,-0.08473766158921439,-0.18793105603286134,-0.2510445715049682,0.10675307108674843,0.17358630697167826,-0.09259401224741984,0.06307943895810479,0.0026857580187288578,-0.12486124865884514,-0.21823508057020138,0.16894087358686938,-0.10696346323783015,-0.15870256637710423,0.02074481880381117
MLogP,0.9142572983946566,-0.08776739055474089,-0.1769419830842998,0.04772402918897476,0.142108986715814,-0.01719070101440037,0.07429359469188311,0.04044406596204616,-0.0038140779928109527,0.042347840029083504,0.1095610300769146,-0.10328897936481503,-0.007298621066569279,-0.014322843501616382,-0.09291280816965858,-0.1433967227554419,0.12122854717674554,0.020539332986833376,-0.007737115630264213,0.00855810555778154
McGowan_Volume,0.8585833043839336,0.4663874305090475,0.047308808695491915,-0.034257765895647045,-0.01585178422171814,-0.025823981410727746,0.057180958826597635,-0.07393378661130506,-0.07439170732140109,0.03176519147980533,0.02901862825171883,-0.016026146929057447,-0.009663212163211114,0.03475813223819451,-0.07301309237042589,-0.06216584860554417,0.032366042931385494,-0.01673354232795983,-0.022972702970071028,0.000803789024929093
MDEC-11,0.1085761585064605,0.41121603205744106,0.20557479223918246,0.12230961310563301,0.27883418348678757,0.16339697170064763,0.15917185128710903,0.05051517573634943,-0.047149084577933466,0.3722994214170753,0.19998549258935283,0.03996616099189905,-0.013640138677899793,0.20003616832603582,-0.12045424915448295,-0.09682625555676218,0.004987641237483809,0.05927111904851941,0.1301887120941785,0.032350131156004734
MDEC-12,0.25002009811302145,0.20625539703202062,-0.08508429730373258,0.22689743388299444,0.3992336642171486,0.19021013569440115,0.04366480424864919,0.1364205507427084,-0.10305645628024855,0.3667106730067069,0.28117902654320603,0.004485402789776779,-0.04004643118399291,0.1685581298144618,-0.28328920147865966,-0.14196846361162682,0.07118212235432024,0.03549688883086423,0.07022878297383478,0.08309559428281763
MDEC-13,0.08794060118306184,0.3564443164516789,0.07589277249505459,0.11611557218108347,0.27690371828312454,0.2220377025093126,0.1263859025649451,0.19173145302784592,0.0013069156568487395,0.41104543042987307,0.25558416910393666,0.011085113608568543,-0.06009768480188555,0.1418681947827961,-0.15926590127370885,0.01562336470520684,0.010436160903671454,0.14258709044934703,0.13382138404492316,0.07724450613306956
MDEC-14,0.04702181387764008,0.17165034272257296,-0.06304349952817073,0.3245751637896946,0.47110266055256583,0.12858677537554342,-0.22369381548524503,0.25379387755752325,0.12765391654371086,0.061786555398063915,0.11660811505598039,0.16099790499277553,0.06676299313064701,0.13696304923991617,-0.09041676339700125,-0.12323371069324497,-0.009668165540372016,-0.06097086426007093,0.09626235251484595,-0.010573917305949303
MDEC-22,0.6272300118921698,-0.18581661726626333,-0.14789972255242423,0.020599269808618408,-0.07352526619363159,0.05001698830606874,0.002620422928777736,-0.09262536710158041,-0.009999774268238493,0.0024276939272548236,-0.030706039182553446,0.017094646879452394,0.08730031348504669,0.02597360633461829,-0.023265939311533677,-0.12993784426074526,0.021049338056485907,0.015756199440885223,0.11388271600123484,0.0035208900829897874
MDEC-23,0.8378813716400859,-0.2225922452110924,-0.17515111424467628,-0.1410197240407082,-0.13670595020719112,0.006514301773824371,-0.048224286036328036,0.13836192624817853,0.11100868716665974,-0.07213649776103669,-0.0039757264805861245,-0.07321417854017667,0.04387950365592152,-0.0661741960264431,0.025533981217446763,-0.06863490364566988,0.1034021509951442,0.07124150021529145,0.0258621669696572,0.010332771084125754
MDEC-24,0.05892142076118829,0.10596484265660079,-0.11944928051678717,0.46779766441682397,0.43510318941603604,0.048413392135626024,-0.4117526632831244,0.2823839297456117,0.1519011885296424,0.008181127166812503,0.03640384979014356,0.02732827375122026,0.05210750538800034,0.0611376270969306,-0.0738691278577681,-0.15378863758950714,0.008148289897225488,-0.048993672540010524,0.048000224062418,-0.052934132775084075
MDEC-33,0.4135778553833983,-0.0893469843594817,-0.0464715667650222,-0.2906622444111024,-0.14650463922565327,0.06134607351991827,-0.045068151020508186,0.3385036186875232,0.2542179076136983,0.019464023272333607,-0.009961631547653966,-0.004937827855578809,-0.1146517213135187,-0.17312498793561862,0.2350108010023797,0.27116691342880667,0.038878489804335205,0.18352942390003235,0.04780643230007486,0.042606483894757796
MDEC-34,0.038643348662549246,0.16186950093423422,-0.09537099868747234,0.4849321515475702,0.35404436011847457,0.01964275463797857,-0.4480912953783827,0.34575024514212127,0.16011629467958496,0.059541739481088485,0.05994364763139933,-0.001104780764292942,0.017335003112722118,0.03225724567070014,-0.03970243351927463,-0.11788154088503791,0.011392242399682874,-0.023835983289059698,0.05912630479660979,-0.08030960606481899
MDEC-44,0.019913640361486493,0.1124022175855991,-0.11338754016945571,0.2329257387776619,0.3835760336909606,0.1350830624595983,-0.24675205121803875,0.2814328550148824,0.12000574226743486,-0.18657708194850414,-0.061642339797592705,0.21267134659379983,-0.04963757916146833,0.04094867867008039,-0.0836362661501508,-0.1380025457649338,-0.07995763832225165,0.0420171009798215,-0.06784890537376635,0.03949356893011333
MDEO-11,0.03104401971253765,0.39705449162650613,0.31008516472294734,-0.33429631930300474,-0.0041490413702856745,0.2027862283975503,-0.13942482114292717,0.13521030308164714,0.08177592298084066,0.04204693176459325,0.030616295663144347,-0.055356174336828705,0.11725178544623312,0.013943400971403123,0.11262467164820063,0.04298641754547111,-0.1237802999691168,-0.07906274965667713,-0.1584234808101894,0.27402211148361494
MDEO-12,0.10782939565603368,0.13506592702673167,-0.09245716465452787,-0.547210752697883,-0.07464870386947466,0.19546300636260242,-0.14735281039269071,0.028262536107845935,0.08739856881064342,0.048610144046340516,0.10403892136331686,0.07357060758014022,-0.1546975767079527,-0.1258855867835533,0.25187006256816225,0.18006247919822982,-0.1557918020390801,0.03590822854850949,0.0892421787115292,0.09978250184640271
MDEO-22,0.21714509119786538,0.10284259797216465,-0.21175971810748423,-0.32142684220128964,-0.1007184767957551,0.18357272987444165,-0.0007388603554283781,-0.07415069913421898,0.038062105612189145,0.014730706881654104,0.14162794310087132,0.2383981154272904,-0.16243721999228347,-0.16721701502019892,0.20456433141704142,0.12374626214272222,-0.003381842359241797,0.18763357689081098,0.14832685796622477,-0.0933967815803262
MDEN-11,0.05341029896946345,0.49435865375922133,0.36219905488772697,0.08973241317613487,0.03990542068106743,0.03790708496941183,0.1989832680136414,-0.059135037910687444,0.052657447981446795,0.0859121950980898,0.07709183683390927,0.09019944704465804,0.0034390228910427378,0.15414790068937426,0.01700545668433159,-0.014883715632537585,0.08621600662343067,0.10626372498099886,0.14642711974367376,0.0012378852352735333
MDEN-12,0.05132797750680896,0.5244243417670189,0.34149339892669267,0.07843249758171322,0.034970078708158096,0.024296230743111484,0.22007924195726983,-0.0427378455437127,0.026197225280795332,0.054402941813478316,0.10482944148601003,0.10170936237445617,0.02532265102409861,0.1457396930043385,0.01420864380620976,-0.025348029003009736,0.07901229789434777,0.09391079719509908,0.12268323861956244,0.013849481817406807
MDEN-13,-0.05942175590386714,0.1603399984056573,-0.13174244583548644,-0.05639018708740355,-0.051327425618539715,0.032807183560076385,0.10564872945672718,-0.005693943067741173,-0.01925657623797941,-0.18344311609354785,-0.005469713543193178,0.11684785981477126,-0.008170990015470952,0.067142523359687,-0.02139816776189782,-0.0919167217497149,0.007546197689624761,0.22587308642430512,-0.05005012507678887,-0.1166071874214605
MDEN-22,-0.1657880645232446,0.4784119775160649,-0.03928766504578368,0.2700620672777106,-0.1928881443839905,-0.18608386259573217,0.15404963745531583,-0.0025034172837587383,0.024271286450364277,0.026703170488316896,0.14982959652856376,-0.04542198591783727,-0.018167822423312077,0.0864058347627461,-0.010821746305106704,-0.0816381838754775,0.04364948436840858,0.052635871336259674,0.10471695806418935,0.03919798846436922
MDEN-23,-0.16263270638335597,0.2559317873765265,-0.2498290438549904,-0.08786855286994814,-0.16268824543614493,-0.12482981124420248,0.08407910264103285,0.03284669554782464,-0.0739820602919117,-0.11077268711769712,-0.03464149255198227,0.1264871192917167,0.10125465004719453,0.0020251559102683983,-0.07425223254050689,-0.03978929276080078,-0.09378707815514017,0.06600287545799265,-0.04827869645564433,-0.07106694266215505
MDEN-33,0.137649745471325,0.1255700775400277,-0.22139665621810323,-0.01858299781980718,-0.12523911657738426,-0.0171556007486571,0.07756514988575404,-0.06951143705813655,-0.04316421095657168,0.056545641770400716,-0.2122227146718336,0.10985023509511663,0.11460445831693648,-0.1367067164479299,0.022671709101047724,-0.12351794760577163,-0.0017325668755343831,-0.1455318061041761,-0.09961258513670293,-0.13968257518151678
MLFER_A,0.29647763384549103,-0.03816237387585295,0.751965864927268,-0.2049773368529103,0.1353008835309701,0.0020219952765745345,0.0721589246847128,0.1185406961447477,0.1682939516915105,-0.10599023353681801,0.01993954206923949,-0.05846487073610531,0.11848521561093801,-0.032093303001055305,0.05205711680148978,0.08651347480376902,-0.11478541279066627,-0.0724298718208698,-0.04824225881092041,0.035438533626647735
MLFER_BH,0.5244974125561311,0.63990974100085,0.23851770730216798,-0.16748772175286097,-0.06783802196949981,-0.06357253749167752,0.24612150100007854,-0.16649172721914116,0.019394677338148043,-0.06945307000256766,-0.04397245067116693,0.06112892139081111,-0.02232528208881123,-0.05913387569284015,0.07276685457112933,0.04317206338258331,-0.05654127272336432,-0.004843883988285848,0.012619686780277986,-0.07886826646280064
MLFER_BO,0.538472240536215,0.6403691656103856,0.24094806185305606,-0.1656621175987064,-0.06974226729321703,-0.04838084985424632,0.2293327422909282,-0.16517758858470147,0.022725603869377654,-0.08009346918284573,-0.0431378842401069,0.059616776247827054,-0.0216361953360522,-0.05542641750470028,0.08228704514062625,0.049888195063410454,-0.05417988345578728,-0.0108751890088286,0.014824890125689145,-0.07516166295397485
MLFER_S,0.44129361518515126,0.6222760929555258,0.15606583098126392,-0.35153260770610745,-0.2775331619108594,-0.1376898831294481,0.18777183946751913,-0.0632305424011508,0.06801986399608978,-0.08905671187664482,-0.09898111701385343,0.034042075539166716,0.03325357417096435,-0.049006341177829926,0.010036552648131055,0.03283249789898843,-0.03418425561410417,-0.01891376017585084,-0.017885166642600734,-0.02264222226085669
MLFER_E,0.5679770741115744,0.1861805809455564,0.05446068075536759,-0.29143282946664745,-0.37705205805078346,-0.33644183190167787,0.2823616271361065,0.015128352584763879,0.19743524959997555,-0.14317766684958502,-0.18466112750322286,0.0030976485586141577,0.11285290424557524,0.03124963968664334,-1.3271055544376352e-05,0.06297889997058362,-0.05852860114261334,-0.050923879680285805,-0.0747353650676342,-0.054734324313710676
MLFER_L,0.7851538717666283,0.5071347816086994,0.0786864822457708,-0.15249581090434333,-0.14239710174389333,-0.12470409337275241,0.14537756680399241,-0.05470937199004827,0.018960259664763723,-0.028662898389044785,-0.03833978870831749,-0.011380440495704849,0.01847289627636784,9.054848016757061e-05,-0.03312233313314269,-0.007314760772499216,-0.00640837068875691,-0.024331399565340747,-0.053696385175080456,-0.022297267656482007
PetitjeanNumber,0.19473803385856203,0.05617376215898058,-0.04190446190738051,-0.015459911420432806,-0.028027159004962544,-0.01113537050516989,0.025683509925614797,0.004439474894871382,-0.05815372578442748,0.027763284412770203,-0.0162082073343194,0.05392289256957566,0.016107729606636628,0.053973378060162266,-0.05297402750352213,-0.0016263746109819878,-0.12924389158234365,0.017586048041069467,-0.07129392765118922,-0.007657711212042387
nRing,0.7021456491115338,-0.08046096617420755,-0.3853333818397137,-0.03588783639354647,-0.1974250908164613,-0.14594925324815147,-0.014103571871026512,0.21844876481173123,0.2168608065523542,-0.18460307959054373,-0.09597633499987332,0.05162335679698124,-0.11592844931776754,-0.1029790325476041,0.17348314554560543,0.1272127537810227,-0.026468210271066897,-0.003268635837798805,0.07053105130556965,-0.10044666391798271
n3Ring,0.03242995861673893,-0.012212329785068324,-0.0058266785491389314,0.13838155335331156,-0.04835896419731028,-0.0825065887180509,-0.09790731954969352,-0.1261917501702458,0.04096691235782183,-0.21539276830846774,0.046761864534934694,-0.15425060839126703,-0.035854906521328916,-0.08202462093165604,-0.04874357846480198,0.028879248458663236,-0.13513797024077695,-0.0034685579347340603,0.10315596681666807,-0.040189187315484556
n4Ring,0.0665198563349294,-0.05128057832054051,0.02112686474532451,0.020403527656338644,-0.05492296478697282,0.02162016694532927,-0.011192081401398329,-0.08511735604115965,0.054015300689310486,-0.07395230790728496,0.02909242974224876,-0.03901878175269888,-0.039108455997912586,-0.04997273072223684,0.012220421807458281,0.04811528972246236,-0.07096685147183956,0.025830887436148885,0.03695128224535158,0.006899393248695596
n5Ring,-0.0658360934304975,0.27399017928827357,-0.33285774875262536,0.2562057373999769,-0.30948690063958606,-0.2509086964928198,0.038234963430426636,0.3533787072127597,0.22121299788696147,-0.09907141846517208,-0.08274182247987227,0.06932933171318925,-0.046876332624844176,0.059585455068699555,0.06652278722024833,0.12333154098623868,-0.1655220360888712,-0.07213902165979576,0.015392547294157495,-0.01863777927143382
n6Ring,0.7115677121791762,-0.28543163499875995,-0.17672614244685178,-0.23170287706916776,0.038521421237469544,-0.008374722760251047,-0.0764118246212879,0.005515935235676797,0.04805162181320341,-0.13496368635204345,-0.04412451498964784,-0.011718635245826966,-0.07888740968604357,-0.10951609528912017,0.06652770855146993,0.028174723388673533,0.04561779440939742,0.012156220438093081,0.036661772386861614,-0.06771569992419102
n7Ring,0.2547006683117063,-0.07761915899011894,-0.05052088452431757,-0.014566039567587149,-0.09248039787043957,0.18388254815822408,0.14939378714277757,-0.03566332702782192,0.0615160765959656,0.15395169664490427,-0.03433522638101389,0.12679526537539565,-0.02342422452122803,-0.14881312258856175,0.29806647567474687,0.053649332413000274,0.2751320123735142,0.14541046509135472,0.05543531621971303,-0.10752506265549334
n8Ring,0.0060360159746349045,0.023223882309326396,-0.018821486905943336,0.005484538898808011,0.004189962309472785,-0.012192558021573319,-0.008015834734523325,-0.05867452219588532,0.03300511633417465,0.028124323215230597,0.013740324737760221,0.04349903370899798,0.03359182912631301,-0.03576752098614517,0.011445283183424368,0.013184811852341593,0.006306218331855808,0.014220622550610339,-0.06253080938024558,-0.01459056723571134
n12Ring,-0.023181309642305383,0.02756539312621787,-0.026763364009476136,-0.016484812984406398,0.01569372158346494,0.02850013438622013,-0.0011234220452957867,0.0036096450355921784,-0.0660134092651349,-0.03208781426915307,0.08584721863232832,0.030339481904199002,-0.05402935847120861,0.04791218248820136,0.10120557188579309,-0.07866464924986115,-0.02057447524809418,-0.012193502890786339,0.08755100396195513,0.10865466532595583
nG12Ring,0.15314610367520243,0.5847190636257036,0.45821926086941545,0.049933481196241546,0.09127415696603074,-0.060150920111471544,0.20761416115977235,-0.020797575954309505,-0.005821563633766146,-0.0020580736084743236,0.03557387575217706,0.015139464767843938,0.04304382244221075,0.07396761239371279,0.028362119341222142,-0.006573946107572575,0.0021925727770927997,0.01981054558823387,0.07942728562418559,0.007213849029495195
nFRing,0.0916438894794287,0.08963882309850577,-0.2783514954509551,0.36343607938974,0.24275676705021837,0.037085235197354204,-0.0667278087634047,0.3751778125634061,0.32992066593503583,-0.05242981999782962,-0.060540574829174555,0.01079678139685071,0.0009004317776336862,-0.25946433859850665,0.3454741444520344,0.12491419194908224,0.06735956091216691,0.10811220523316317,0.07101332983857375,-0.002474432574256518
nF6Ring,0.15639909572285535,0.03860822293244495,-0.036144218632779765,-0.018062990907020522,-0.06836131336426171,0.1448225021591947,-0.04470654833060843,0.026020799939178264,0.13314455396748176,0.005700107034977245,-0.11916538126069878,-0.12226497882055753,0.26340772262613027,-0.15698401166637088,-0.06223422458916957,-0.10032369091547871,-0.22820637668130558,0.07911437535862675,0.028914077026167852,0.22560486830081763
nF7Ring,0.0460081580959121,-0.01710159123254029,-0.0057261768690015195,0.09477929983054777,0.024424548067495284,0.056451484769631445,-0.002775920600185288,0.0056568633584300155,0.04739660221052058,-0.0004257411142274514,-0.09985597383954614,-0.05872183234562619,-0.010136324326536739,-0.06580415505785935,-0.03245724373119495,0.16187285172993354,0.009620098127487474,0.007772564129088356,-0.048067013589732935,-0.14075094751030243
nF8Ring,0.04185366556627531,0.03132896703699512,-0.07645527990475506,0.12468250237465847,-0.06153820364728929,0.09832121558831364,0.05874448651596114,-0.006369852666075444,0.1384400950547353,0.04901997786136252,-0.09615199046736247,-0.008305074156413822,0.2892366726802643,-0.13463256529184167,-0.0236769450222409,-0.0849352321327585,-0.18539632854092686,0.11150064862618948,0.0019572822986396784,0.14397054157308703
nF9Ring,-0.12339839048268504,0.1011053860368704,-0.17346793799995291,0.4598370320174264,-0.07755872112012135,-0.3542689663882898,-0.02020694149695032,0.4311808006831356,0.28513375449273637,-0.02297303624768843,0.02547653966450241,-0.07693951110479684,-0.023241706582636086,-0.12164537569805496,0.14642166130392478,0.13733096557754132,0.06770402101139922,-0.06658987767139432,-0.052417009130522024,-0.035984724949618505
nF10Ring,0.11443658382387513,-0.05398477569157239,-0.10934054522460264,-0.12009599997956633,0.45144865996692535,0.21699811772240746,-0.10539239947078843,0.09307295277683489,0.029715817772457628,-0.1720953204921577,-0.07805552165591338,0.06112183778787494,-0.09335174837245139,-0.08780287728828934,0.10924145681556312,0.06581875450849672,-0.03363148758517892,0.09009579074327498,0.13059457364612334,-0.07321157238522935
nF11Ring,0.22473897092231182,-0.06077118713592967,-0.05582963121346396,-0.03410313155324077,-0.07677330218311544,0.23055248429354555,0.14784488644892554,-0.018503408228972514,0.09778296061852083,0.15087552378430782,-0.011599430314562599,0.12851550976579215,-0.011482875751220454,-0.17914483901822392,0.3627769890582099,0.0483870519502138,0.253177811771288,0.17884295867298391,0.03793299045700365,-0.10250977628949286
nF12Ring,-0.048913899906403616,0.06760790089616292,-0.10108208729332277,0.41468428160592374,-0.19518658877850698,-0.22259341923149856,-0.021979349715116555,0.2057545176307294,0.16486178784050154,-0.010178080843671444,0.164338743764868,0.00199332818822524,-0.016152578084632656,-0.05074552702238076,0.24832216316949446,-0.048031947887750316,0.047820441701497095,-0.01496557639353563,0.05108892789801535,0.08813943629671492
nFG12Ring,0.06268035655653853,0.11938321157589264,-0.2630459257495129,0.3163969127274788,0.35408675842579385,0.09603552620723842,-0.0915936368476936,0.28980404026154316,0.2445157568571464,-0.03379409978791126,-0.04604734374718517,0.04683587459693658,-0.0875689985408166,-0.18445219806449312,0.3421273027704157,0.1406152957015107,0.14121278554001596,0.08605939410096325,0.059313004968716145,-0.026479375339029266
nTRing,0.3804416385630961,0.032129791795791174,-0.3812401996043481,0.2589253777738816,0.09608653190455439,-0.03663068949732692,-0.056708893742604,0.38050831453020084,0.3455814449397136,-0.12145009846868052,-0.08831033167258825,0.031040267795232807,-0.05069034749735995,-0.2418384591654232,0.3381210015640766,0.15083105896080565,0.03920809101860998,0.08030541354485839,0.08495422885128934,-0.04638197401411991
nT4Ring,0.0665198563349294,-0.05128057832054051,0.02112686474532451,0.020403527656338644,-0.05492296478697282,0.02162016694532927,-0.011192081401398329,-0.08511735604115965,0.054015300689310486,-0.07395230790728496,0.02909242974224876,-0.03901878175269888,-0.039108455997912586,-0.04997273072223684,0.012220421807458281,0.04811528972246236,-0.07096685147183956,0.025830887436148885,0.03695128224535158,0.006899393248695596
nT5Ring,-0.0658360934304975,0.27399017928827357,-0.33285774875262536,0.2562057373999769,-0.30948690063958606,-0.2509086964928198,0.038234963430426636,0.3533787072127597,0.22121299788696147,-0.09907141846517208,-0.08274182247987227,0.06932933171318925,-0.046876332624844176,0.059585455068699555,0.06652278722024833,0.12333154098623868,-0.1655220360888712,-0.07213902165979576,0.015392547294157495,-0.01863777927143382
nT6Ring,0.7334409224199423,-0.2620269015039239,-0.18130152671210747,-0.22839034052938778,0.015311246549418761,0.03793603266217525,-0.08762311520809148,0.01356260936801119,0.08845100549420999,-0.1278835497257862,-0.08023861316567488,-0.05008234109281297,0.00782974646530543,-0.15508478118492522,0.04416936511777652,-0.004780043917298847,-0.028623148030181213,0.036801752602486984,0.04441088734614073,0.006562127155144352
nT7Ring,0.25830769325788483,-0.07958084524702051,-0.05028460149024946,0.012497683384999356,-0.08227580769594715,0.19299146524911573,0.14317766238598298,-0.03278128979750591,0.07254510292537054,0.14822756272712406,-0.0610398040734894,0.10573986101997737,-0.025409073033477402,-0.16181709380891907,0.27812832623857947,0.09701232977118647,0.26780837160718285,0.1422924045536566,0.03996073757343874,-0.14301353050447352
nT8Ring,0.0423273368404745,0.03461095857694354,-0.07854051216821643,0.12413783025881733,-0.06019001400999159,0.09530672118665177,0.05682898674637559,-0.015480701425505212,0.14204756775761607,0.05286981593618247,-0.09291968090856614,-0.0014040491531857509,0.29123911599678526,-0.13871519710200328,-0.021619338804770745,-0.08191607739021761,-0.18232322350874325,0.1124714979112286,-0.007850774689300444,0.14006708783531852
nT9Ring,-0.12339839048268504,0.1011053860368704,-0.17346793799995291,0.4598370320174264,-0.07755872112012135,-0.3542689663882898,-0.02020694149695032,0.4311808006831356,0.28513375449273637,-0.02297303624768843,0.02547653966450241,-0.07693951110479684,-0.023241706582636086,-0.12164537569805496,0.14642166130392478,0.13733096557754132,0.06770402101139922,-0.06658987767139432,-0.052417009130522024,-0.035984724949618505
nT10Ring,0.11443658382387513,-0.05398477569157239,-0.10934054522460264,-0.12009599997956633,0.45144865996692535,0.21699811772240746,-0.10539239947078843,0.09307295277683489,0.029715817772457628,-0.1720953204921577,-0.07805552165591338,0.06112183778787494,-0.09335174837245139,-0.08780287728828934,0.10924145681556312,0.06581875450849672,-0.03363148758517892,0.09009579074327498,0.13059457364612334,-0.07321157238522935
nT11Ring,0.22473897092231182,-0.06077118713592967,-0.05582963121346396,-0.03410313155324077,-0.07677330218311544,0.23055248429354555,0.14784488644892554,-0.018503408228972514,0.09778296061852083,0.15087552378430782,-0.011599430314562599,0.12851550976579215,-0.011482875751220454,-0.17914483901822392,0.3627769890582099,0.0483870519502138,0.253177811771288,0.17884295867298391,0.03793299045700365,-0.10250977628949286
nT12Ring,-0.05082130543086146,0.0698413941307008,-0.10312057669623977,0.41167896665171916,-0.19305773547932006,-0.21921115050854725,-0.02199985045137874,0.20532464127142322,0.15831425619185624,-0.013029381826365075,0.17146407458135746,0.004717265547168625,-0.020957203949333956,-0.04624616628514461,0.2565219983950074,-0.054937363535299294,0.04579283327748235,-0.0160083692062914,0.05878310474247676,0.09759750443562845
nTG12Ring,0.07060127666366404,0.1496428897478659,-0.23928148061347781,0.3189370183895138,0.35876207482997513,0.09290710630129091,-0.08083018912272662,0.28868550307941776,0.24417918609912465,-0.03389581193199385,-0.04419870819647976,0.04761306918897809,-0.08532760277907876,-0.18059564524913616,0.34354674381405803,0.1402546937957022,0.14130602929204938,0.08707282265219429,0.06341723878364872,-0.02610203701354146
nRotB,0.546238225148639,0.6115269194899852,0.17809758233985248,-0.055464132419855094,-0.03880463976490032,-0.07701834420726461,0.09863608937295301,-0.2261015710774963,-0.21017812498084606,0.08763878310414061,0.11120907671574462,-0.058955619226234095,-0.014298963752622355,0.03813881012169846,-0.14006880493511806,-0.13670618163938583,0.06009489042482116,-0.05953471106920377,-0.09899234203972888,0.01850743864139059
LipinskiFailures,0.3272218997243587,0.3070905703146609,0.1256375269346493,0.07496429242941809,0.20685283318560152,-0.046354646327441844,0.054341418609644886,-0.05991082169592624,-0.18560684382163645,0.07014296498250447,0.10864743853774822,-0.08814121226818218,0.04399939531345019,-0.017299293345781928,-0.14060382553753978,-0.19687234092053071,0.07213801944173406,-0.007927383576004933,-0.16391748175733592,0.08659833841126036
TopoPSA,0.16295762673224617,0.7668954166233173,0.37616603602408594,-0.20183812172164015,-0.1835325736296356,-0.021765729334544147,0.10455772749384622,-0.11191496573698927,0.12519472332915516,-0.11385172571858593,-0.08765506752260208,0.050806509705656235,0.07634362375622579,0.03903011076679041,0.05846548049259141,0.09910880840286991,-0.11925706751078735,-0.06162467849904098,-0.03186368766809694,0.005956653446314557
VABC,0.8536883855690969,0.4788268992251302,0.06503184412204488,-0.04665708513103725,0.001584101410706162,0.01940147205882409,0.021272871229623902,-0.06708000323094163,-0.07390937512976359,0.024674271194981327,0.032078510586119706,-0.022838240025851886,-0.012415425535484957,0.020492252493872834,-0.06416444394392445,-0.06281786840440476,0.043896967615660594,-0.004347240653974564,-0.01819074038589612,0.003666835859478784
VAdjMat,0.8855626695575466,0.3141233930839002,-0.1102065681483647,-0.1539766736848645,-0.18102465313895558,0.014014850141382937,-0.04525913391781833,0.005468511688206456,-0.010519905156494152,0.010384410908549848,0.036469340951612556,0.022349094034611976,-0.04094871546700466,0.004889087308830478,-0.057724229747923926,-0.06912930495013594,0.04298393325178453,0.018098050861113307,-0.0007429146664079776,-0.015016174943791734
MW,0.8093279438336312,0.511959270348126,0.07986352456582654,-0.11314718957012165,-0.1497626686677413,-0.05204860665888511,-0.029368630433888186,-0.0317825716358072,-0.06798456174430623,-0.008481983204617393,-0.04803409452656544,0.031054286528273353,0.007264736599198241,0.041964778542208314,-0.039363831452134554,0.0034249814223992537,-0.025106141757616787,-0.020968174939344348,-0.012634332426307581,-0.01083896659464183
WTPT-1,0.8716163855667765,0.43299413147988,0.024794293066786936,-0.14206723959234685,-0.12839503642465086,-0.05177588769361406,0.019486609840443238,0.003142629043105827,-0.0007729997477888686,-0.009782566799988948,0.006218842673610216,-0.0003600575614270554,-0.030793791332354648,-0.01400929676878502,-0.03667128006660975,-0.04557764173851535,0.03306977088398048,0.004792012896123976,0.0025173150372518427,-0.01938024228503706
WTPT-2,0.38667515777710965,-0.25163305253102136,-0.373768718898764,0.10399341307910834,-0.11265481531566485,-0.25393906321281595,0.18663737758746635,0.1925719100068096,0.29758157711430044,-0.2940827429414597,-0.12351706121006877,-0.013725823551029932,-0.02579810899236589,-0.18698138666234676,0.2508505597351643,0.10098668811160968,-0.015481165870141013,0.048370357335526665,0.12048210139608863,-0.11239505405753197
WTPT-3,0.25327629048652633,0.7657715129757433,0.2063902052435474,-0.2596202692780657,-0.3595315746582471,-0.05912890400563438,-0.020592638804612276,-0.08023650217312532,-0.023261372089199924,-0.04573334357987293,-0.10568262279486436,0.12506562526901943,-0.05031972518220105,0.005618966527516905,0.035633060046525195,0.09201983410938683,-0.09688180877545105,-0.023280326885009403,0.009438669128057511,-0.04119331284258434
WTPT-4,0.3567756007428626,0.32120138204220317,0.19745431872112085,-0.5696272774180577,-0.0683164932781651,0.2433956416859595,-0.09370672132635766,0.02059054283692633,0.09947445513754347,-0.011523776206699343,0.06450344285760388,0.09396038532885452,-0.0525719905909908,-0.14639014584459428,0.24501675597183195,0.20772400296739435,-0.14486469696327356,-0.011040229498578078,0.012123998783606364,0.09081576908757981
WTPT-5,0.09569661521637814,0.7392921397234357,0.054481217187434185,0.05006572101841557,-0.1952998613887194,-0.2889596572704386,0.27088890481777983,-0.13928385552258107,-0.031232395091993728,-0.035916539776571714,-0.07910914576127044,-0.005830539577914393,-0.018114123661009233,-0.012347385325463174,-0.09022943865040735,-0.10212518770510588,0.014732620818583163,0.00981532699284753,0.04041894015978636,-0.09864692802182894
WPATH,0.39359421657429067,0.6030711811370367,0.40501610333310906,-0.05927422744973462,0.08104402785468229,-0.20366458460685855,0.14821166972244557,-0.05805821908741616,-0.019171209203224415,-0.07252545028387884,-0.0629796271024073,-0.08129136867058571,0.022269542067701497,-0.03424455386877578,-0.0396335539662367,0.001709304631816138,-0.006470905715067037,-0.019802065870738978,-0.008257263515925511,-0.03712793369419273
WPOL,0.8662471903888757,0.3990676820735381,-0.0023827905014270063,-0.089591246623834,-0.0011367255180620552,0.008783308711925657,-0.08463235555776556,0.16438421310466786,0.09229069330285368,0.012700702541976045,-0.016613819017838274,0.04152698062858867,-0.029468840093060836,-0.06061825348938209,0.030099798936856038,0.00010682212717296858,0.04574988585544197,0.044417276261922135,0.018462739673728724,-0.01965118545022091
XLogP,0.45721812949863927,-0.18240884793452936,-0.12587529526346916,0.27199431362645154,0.23743809603187951,-0.035282786703635945,-0.07514071984850147,0.06022031881834668,-0.1956420480939479,0.12949809669834766,0.11783076286968709,-0.11231255340668972,0.08621508322437413,0.1180927864682797,-0.25668491917199115,-0.1968074348802172,0.12385695187353954,0.05697676866995973,-0.07552622133732374,0.001941663080213318
Zagreb,0.8795956091357735,0.4164039886226149,-0.009327271474709346,-0.12177425563982809,-0.12535745350885547,-0.04534148093068009,-0.024580452908923776,0.08775809282839775,0.05227634344170024,-0.02181915072667592,-0.015054195659161485,0.012557663109260807,-0.03387518018226573,-0.027479630221714166,-0.012276219821393044,-0.016026869413136722,0.006519760274173625,0.0075579277486655,0.0178028259462416,-0.019568517383505388
