descriptor,PLS1_weight,PLS2_weight,PLS3_weight,PLS4_weight,PLS5_weight,PLS6_weight,PLS7_weight,PLS8_weight,PLS9_weight,PLS10_weight,PLS11_weight,PLS12_weight,PLS13_weight,PLS14_weight,PLS15_weight,PLS16_weight,PLS17_weight,PLS18_weight,PLS19_weight,PLS20_weight
nAcid,0.014215412516216845,-0.00928619373890485,0.03154622878135276,0.023605523464586175,-0.05744185374361393,0.010836838632877347,-0.05064169756402365,0.018866385758526526,0.0457504355208889,0.01637425369903309,-0.01296118764469149,-0.10391426370754508,-0.0437415174622531,0.1515672343994787,0.002574057329506494,-0.027493294566377086,0.10127106678580912,-0.1051803527326836,0.11829797538668287,0.06866794928589977
ALogP,0.041164671531645415,-0.07618399339818704,-0.0060386022848477215,0.05465281905799594,-0.07272220980144738,0.01209922858127875,-0.022501891655667156,0.025497218860220997,0.06037431220923485,0.06254868195394915,0.005914687529089006,0.019231447984086655,0.008253540418686594,0.06853511834886682,-0.07984330061780387,-0.058130297765459533,-0.001263122964089248,0.03785991961814754,0.05026655203222272,-0.019453848525595743
ALogp2,0.007235898841458705,0.04300844913604825,0.0741143584240933,-0.04842502502828836,0.047726894343494954,-0.04099719208330421,0.033448130464270955,-0.005359662116052281,0.005048638820412433,0.014433376806412098,-0.04644120208418029,-0.016254140819547368,0.0444138025654364,-0.0064941240549117926,-0.03635966257508128,-0.018828961422970438,-0.006957226544771415,0.019468953708505734,0.006656531548183758,-0.020623005058305936
AMR,0.09308669906448203,0.0497636746088311,-0.007760015330053608,-0.0046204420187150996,-0.030362512850098656,-0.01216236403331705,0.012678700958921976,-0.010735999777816965,-0.0015068526752001854,0.004222395709446207,0.007072552741681901,0.0012597372555977278,0.0040874416828603636,0.007689703154331779,-0.023962278919468213,-0.018606482538168788,0.009287608493746205,0.0024703490563549816,-0.004832154904434281,0.0030610735613046014
apol,0.08391355479480556,0.06170455068173846,-0.00021249907601558326,-0.0019378732948332103,0.004133636038285568,0.0015064212680804916,0.010691504159688748,-0.010028490952544971,-0.015523979397652663,0.014815528123510337,-0.00024927681525319117,-0.019428787649270828,-0.00670075894305486,-0.002809626678658542,-0.011504188979332792,-0.019543646542205882,0.014552102576037047,0.0028618766397866553,-0.014471062683311555,-0.0045168557277320606
naAromAtom,0.07126159793522194,-0.019636221562254422,-0.04766899358350909,-0.0472849217451226,-0.06674171316711316,-0.08825118406007804,0.05549548428565684,-0.002310287780792566,0.03938758478518907,0.005328278462140922,0.023733549128592744,0.020334830175459416,-0.002843608597179472,0.007153129615958819,-0.038707685586867616,-0.03435778803200298,0.0034287332033135767,-0.01445666243607194,-0.006407635174915997,0.0031188827735268688
nAromBond,0.06261574674077768,-0.021027200568298727,-0.0458775506679208,-0.050211617794326376,-0.05628207252084033,-0.10090919862154776,0.06950088832124793,0.0011863069812125522,0.05570488964875849,0.009238910775006659,0.022287704061642055,0.02778739229482089,-0.005702758985377337,0.006515940399607713,-0.045163062641614286,-0.03170709684723074,0.006334509595715792,-0.016245043624427052,-0.010354336452852466,0.005972745741953722
nAtom,0.0792576754106919,0.0633208108474532,0.004193086589272816,-0.005236393130388715,0.01735449007261948,0.009995544434548972,0.011467915011349101,-0.009938503299149175,-0.01893548194345766,0.020630039789255514,0.007693274669777742,-0.02822862532585548,-0.009630040229720548,-0.012016663661579528,-0.006636846650980436,-0.021586992822855113,0.021001425461717016,0.002671337875256699,-0.013319251291898013,-0.008528439675141046
nHeavyAtom,0.07678816512217934,0.0663638871421486,0.004138248464145832,-0.01452784597156999,-0.02418172112057032,-0.008223932815953844,0.009022380511429914,0.0034462813740905253,-0.005960032729390764,0.0007107194445465489,0.0011332299034035277,-0.006573257391060535,-0.006030974625702632,-0.008565906630344925,-0.007215296237334244,-0.018097698010981232,0.01081814873506365,0.00828838719488105,-0.006681608370414401,-0.006584904658158144
nH,0.07551655975290376,0.05657352858272235,0.00393836168992055,0.0020949418415524288,0.04725249649829269,0.022941903049570125,0.012491270661536439,-0.019266338327719196,-0.027321889944877362,0.03409981710575599,0.012065852009376774,-0.042463126259183366,-0.011647374374454853,-0.013754501226681348,-0.005735208194445552,-0.02267853791561027,0.02714996080339705,-0.0017258733118188105,-0.01735306980225141,-0.009383030465694575
nC,0.10061858772184654,0.04449479594221241,-0.017814319991423796,-0.012260504534534616,-0.004513242947529905,0.0046930580924376426,0.02236571942253852,0.006749122091205375,-0.0009344153246481226,0.004736096741452507,0.007701905299402375,-0.02465166831057808,0.002434435679460101,-0.01399614467230119,-0.009828294392303264,-0.02730601126587052,0.028135865559217973,0.0138923358830938,-0.006728257426646699,-0.004530328296523299
nN,-0.040773222228051006,0.09625824639223421,0.03396955276729977,0.015980920431763527,-0.003503033295495013,-0.06086865921091889,0.047257597438396255,-0.04895258924209893,-0.003862802060437467,0.0069258072236946045,-0.03635682268951757,0.001651508138059663,0.006102514034772531,-0.015770109353710662,-0.014384137238191898,-0.031543977464440195,0.022229184810007276,-0.010518375027660282,0.023701203738738363,-0.009466413900699749
nO,0.0157608462856371,0.05291248996581903,-0.002620602237929352,-0.0926819135687877,-0.05194899999548169,0.05979342555517184,-0.030591767132379325,0.01015555930800372,0.00469807116396947,-0.049712020933493944,0.05710370328302935,0.02758940868201004,-0.012672263801899585,0.006387187841057853,0.07510993147812862,0.04393504182674097,-0.06488945803779692,-0.016256229117547344,-0.002890197817191729,0.007909598092871192
nS,0.0014250313305550347,0.0184122389293584,0.03797368810807462,0.09807554325784837,-0.08475884803610123,-0.03699880193881335,-0.11846367972571012,-0.10003819571686128,-0.0033326535279935916,-0.011498867446992632,-0.06369063891280687,0.06016107119989279,-0.030582161307615912,0.09238056743210012,-0.04927370293618669,0.03801103891760341,-0.07721076429546934,-0.04864043170406929,-0.07276669222790602,0.03513936437914253
nP,-0.007869313559192747,0.01097136685238,-0.0019808555405607386,0.015493079154314688,-0.02412799620015747,0.025669936564334025,-0.00175222410171892,0.010596072461238738,0.008074857122672066,0.0328819521743109,0.0019221406031631073,0.009467706001138543,-0.029865270930573493,0.02835133969345764,-0.018336139483390423,0.020676500148869854,0.02936956301119085,-0.04206558430820672,-0.0426048465294427,-0.038105340923896794
nF,0.0190623104362708,-0.043366943302823334,0.08520799515184511,0.03173133762673353,-0.04529806086685264,-0.04516507870635672,-0.07236485330157647,0.1270805744065841,-0.01991055109196399,0.04742482544675636,-0.009448793298076867,0.003318663794027545,-0.03316196805406796,-0.07038180644565613,-0.048889438222943046,-0.04170611822578622,0.05097574479028218,0.04747464090996512,-0.01062339375700743,-0.0682136854787825
nCl,-0.013384694709109338,-0.006118050170256285,0.01092395760383669,0.008444556742167812,-0.002840973518851128,-0.028180246274731372,0.006440129914693213,0.006757072754946039,-0.025879917953950036,0.01893697652618768,-0.02075010633758864,0.027897822372737312,-0.07144312927964563,0.08209757003623283,-0.08105335460834462,0.10208102234198316,-0.020756659169334946,0.04665512512071812,0.01737591062674312,0.07761525475111093
nBr,-0.020256329364625642,-0.004654918375587055,0.0076884596552581124,0.0015839590319774693,0.026694624693485488,-0.052287624979232575,0.00724232323342522,0.04542297029518839,-0.04408879906052666,-0.0015618610272360883,-0.03507758399143519,0.058314735834604774,0.032623820429206724,0.05811088701118373,0.026347666682830114,0.001640142663684339,-0.09423837823217365,0.005559083515361968,-0.03255364109396709,-0.03943348095621241
nI,-0.009682703660747412,0.006240652842746242,-0.011320993058908978,-0.018809954121718132,0.024664162532217194,-0.003151931842005732,0.03139487616402046,0.053515017393154965,-0.06588914468508746,0.047915530961740296,-0.073329433753835,0.021457351470097762,0.0715479592438343,-0.00501158220546445,0.033366918696127096,-0.0473074798281378,-0.034111954099091235,-0.0752928934425787,0.04188869808470486,-0.03337313410154789
nX,0.004523332967600631,-0.04195016685476318,0.08161031607206252,0.030652078616387024,-0.031518805857460815,-0.06765782613905713,-0.05683502075250513,0.13352641420996605,-0.047017249564522676,0.05358382922854085,-0.03352228720631351,0.03366051161044375,-0.04399552416827277,-0.011230601256184877,-0.06701028291194612,0.0025017193283271622,0.00592694724713101,0.05722887340193418,-0.008268623181590254,-0.042304266397888035
ATSc1,-0.006158348179743644,0.09852054809232004,0.002644322735522307,-0.04984046357331114,-0.05278286042135504,-0.012202764267393433,-0.05363795878561097,-0.014215898873501904,-0.011776154397006796,-0.004399019300414442,0.0165161506481491,0.010299033383519783,-0.06731923094486637,-0.015040211514443591,0.04660994784089766,-0.0021130725579278716,-0.042493856424817754,0.033742340704609707,0.020871474431140617,-0.0318608031788068
ATSc2,0.013325071367880217,-0.1019664093029365,0.011373860048315422,0.02794680295524765,0.07165648082794278,-0.007656865415248967,0.0384840290407171,0.0075039989751885415,0.033965857379142,-0.013345084295933661,-0.022661102805511448,-0.016478977414062675,0.020719638663919397,0.04628699315566257,-0.001908170916048353,0.01762190940257206,0.04105524780940402,-0.046736134710525915,-0.010971887449731843,0.012839732707302645
ATSc3,-0.07703986834193331,0.06385300554130366,-0.047855028014705966,-0.010239549019853226,-0.05396007841299789,0.06659543932861842,0.04293413713934596,0.0609868708122185,-0.019432125159229884,0.047686440850076214,-0.04122386242360288,-0.010836838938248656,0.13739458351534595,-0.10807119181592477,-0.08347263751078281,-0.023832871429210287,-0.031068500889019884,0.07014010999199423,-0.09606974922565785,0.013758878637266034
ATSc4,0.06974193210785444,-0.02703783889041001,0.09308664969311997,0.06763051854698507,0.005664136232423418,-0.032297512937090225,-0.003856042548467869,-0.06601715198278545,-0.013134522650436825,-0.0011842857728753705,0.07097279852051795,0.06825864264882758,-0.040565446158138826,0.02289360451607628,-0.015593003518384885,0.005039892541092314,0.036931209518992036,-0.0655889217083091,0.09593008090398317,0.01849984472340467
ATSc5,-0.016534168647492735,-0.014024414855723049,-0.09698190632182338,-0.043999761248590105,-0.011406919271646845,0.033427728691082605,-0.005389824365549483,0.08191807646146608,-0.03983210404055698,-0.05409681127281539,-0.01894595982725423,-0.08210521958065063,-0.03082054083521832,0.019470329522812014,0.029089332085551797,0.020147274163210608,0.011337021080113323,0.022634098207033236,0.0014244045353144412,0.0552982286416825
ATSm1,0.019238372849438808,0.04241477869534128,0.019690845975122516,0.003143524229781012,-0.00836563572033908,-0.05676311091576271,-0.0051235986407010825,0.0479809664438143,-0.07380431800865779,0.024471904881811092,-0.07649662091007849,0.06931010109900047,0.03280291010306947,0.06397867746439054,0.007754022445551915,-0.006071311008415783,-0.09872376464795792,-0.030818925482952567,-0.018676468034192515,-0.03154686330553187
ATSm2,0.06542409181579893,0.07054223001358081,0.0036558369227950773,0.0055473860627984475,-0.04725841224446717,-0.023217100974417773,-0.012011590824331338,0.007658672050823827,-0.014402586326167808,0.002715216149010751,-0.029058231003575668,0.019733238189275096,-0.015439874870299006,0.017602409654126152,-0.015255080352329399,0.0027481905557585353,-0.032959245378403064,-0.011465941007884187,-0.018673135493627736,-0.0023257854943457544
ATSm3,0.06272084053820723,0.06655434593745987,0.012319891302498215,0.01773328400253213,-0.04935362455255376,-0.028128507521773562,-0.021950814122140103,0.025888656838457813,-0.0006413046202345392,-0.005580770654838487,-0.023342921357364786,0.05091622292283596,-0.0036383343552432775,0.010677327241760412,-0.025618071335394167,0.020591214868186405,-0.042249138774867016,-0.019709612084833517,-0.0065122311658288344,-1.8356447370337426e-05
ATSm4,0.06527210173516927,0.05879804879164799,0.01490653627585288,0.004437484776484756,-0.022157876604694392,-0.023934611054954015,-0.0253451857170714,0.031862343707017036,-0.0027923522916231775,-0.012170458832394891,-0.008009237714558233,0.08011386908198886,0.003544304377912993,0.01566253933028985,-0.0052771959729528825,0.026664461782221732,-0.0635420911062256,0.00039193878632130244,-0.004710996748039124,0.0030637815135199486
ATSm5,0.05487030973857097,0.05925326462248185,0.026306207171494615,0.010051356940590365,-0.035034317736200304,-0.007260661804997724,-0.0005440704944442937,0.061548229778999895,-0.021990167575323422,-0.0066604737330628865,0.01232547977252606,0.08599058629966234,0.049702670224837577,-0.025711898806001443,-0.04720379623467597,0.05794788562873408,0.00022749444634344282,-0.06595290837500513,0.0575701003496934,0.061682508863843896
ATSp1,0.08681741621929284,0.058214972169976203,-0.0030438030501810944,0.01950914446374992,-0.013714546043296642,-0.011899775467619228,-0.011762323630613017,-0.0016654363640508292,0.025945778183396006,0.006367203425649195,-0.023510774482968448,0.00620647803617339,-0.0009872050288578021,0.031089974989425315,-0.004551371395744071,-0.005302359733633338,-0.021122398778684725,0.012065180731713568,-0.01886071692667423,-0.005053929346869445
ATSp2,0.08738911134428433,0.056746761265191535,-0.007908952232743852,0.0213962274940258,-0.010785103367852166,-0.014044582288230746,-0.015901953780819524,0.003444702880240768,0.03991483438092797,0.005440056243045533,-0.027081747268407685,0.007010667660758837,-0.0026072924086342,0.033505780624090174,0.0024033332597901314,-0.0024658826164963,-0.02605006164537117,0.014286080514861616,-0.017056510791347925,-0.008488727379849417
ATSp3,0.084657937055889,0.05567445922579114,-0.01639101416029427,0.02274268552131012,-0.0023919746488998196,-0.015269905951412933,-0.022296311064910333,0.014157273240829575,0.06546746854153711,0.00945363372951191,-0.03191310482884604,0.007666615486079288,-0.00670558155286081,0.03968401942077562,0.013426592969574434,0.0011213531203429245,-0.033327182081998384,0.01696279438209543,-0.015582710549419062,-0.014350383429631115
ATSp4,0.08773812708213997,0.05098869104417099,-0.014841266582739192,0.012565206177730291,0.007237835138465515,-0.004903013669758347,-0.026189646331561938,0.014613055661837016,0.06421512510854346,0.013673291982238893,-0.016882521717920096,0.00962052981393995,-0.004698726734562844,0.03378172200718015,0.02226028568673843,-0.00011208874215403127,-0.02311612453505305,0.03284298807393756,-0.006901326501776363,-0.01737285987865983
ATSp5,0.08399563899646495,0.05597374482016712,-0.010963381695786695,0.0029969141615879763,0.00503311064478974,-0.0179985311642361,-0.03372020187193432,0.0023495308956177235,0.07360057397919538,0.0389612200425176,-0.03255549103484226,-0.02658936387999451,-0.027800223768628063,0.051740593995342095,0.028082617413536123,-0.016597075468719663,-0.022209460295976136,0.033251271697425255,-0.0031966019435607984,-0.022339077759755133
nBase,0.039151528438325416,0.035309276581243255,0.07119582721115354,-0.016954408471622814,0.018128992348786413,-0.0005019383901839206,0.03501314215114479,-0.049849638545324274,-0.03847387516837939,-0.00999566383346931,-0.06047025071563765,-0.06626478162131919,-0.02018659648245151,-0.02072230728616104,-0.02162910473368196,0.046388356332997316,0.0010914046652293237,0.03596453550481157,0.014193968115194968,-0.01748415131382734
BCUTw-1l,-0.035871270689265204,0.009356113291547653,0.03620940816084021,0.04765269328060094,-0.0058667570972939795,-0.028249852683991723,-0.025411518228839955,-0.005131604927980491,0.0032519785020564437,0.07074507448310122,-0.05720260886016318,0.05327587122706442,0.02969969665105213,0.06798352924523303,0.03161091057145309,-0.007739289028002415,0.006317142140515735,-0.05753165102899884,0.05296690050267382,0.06438951558069278
BCUTw-1h,-0.01226547323005966,-0.01214651364593641,0.041873097772380845,0.06194915654298772,-0.036639419768109915,-0.025762745661569584,0.031202606722300907,0.07875551323944364,-0.10845843747789989,-0.03182112690346231,-0.04991337009990877,0.10122451442287517,0.027432951980622487,0.0994895048045546,-0.0017714754644449768,0.03375980626458616,-0.10138890201930353,-0.051745501220695836,-0.004766032784014658,0.03116534579283264
BCUTc-1l,-0.06990154957377304,0.05218191956837032,-0.0066652503393315925,0.09642599646778256,-0.06083685804472622,-0.04543390873036132,0.04173745262252075,0.004061927418180145,-0.021620129565766005,0.02341963735047173,-0.009020039986661196,-0.017635801477322372,0.017196336229011615,-0.02189821344715751,-0.044167947501843656,0.0026840537256960263,0.049074810537810695,0.015138443342101826,-0.0033960219357971996,-0.05776833673254187
BCUTc-1h,-0.061696563249045155,0.06251838324956663,-0.020332577334518886,-0.027014088932956853,-0.06325830242736977,-0.04496322717006934,-0.12767155830478413,0.03837138022287958,0.024983513210449292,0.044228992582784094,0.007362829636298558,-0.02363036411662111,0.029065395861901214,-0.05697027380598069,-0.04059692192534894,-0.0032837314339535305,0.025331931437558658,-0.011491038711493732,0.026641864629160406,0.06184147469791146
BCUTp-1l,-0.030401377426329677,0.031169348188215554,-0.0646695598762286,0.023852387805335766,0.04735388220426748,0.021309123253890727,0.10791304949887723,-0.03022197105572651,-0.0026020547591510904,-0.0018787483195711237,-0.03230520488030126,-0.010103799098171887,-0.026909217014625893,-0.003560201919698774,-0.020426554219277294,0.07607767962764429,-0.057449036328971005,-0.040646739779468914,-0.00447565654725264,0.06345749351409306
BCUTp-1h,0.09382598556913871,-0.018308849088367336,0.03189571539979523,0.10826625995797766,-0.026965597977710445,0.018732517287751136,-0.04213318352869869,0.03774337963491258,-0.019958269077271166,-0.043662553457260146,0.05781609578084587,0.07881817439378652,0.06979334107419682,0.03131874616753601,-0.05776146148086073,0.026867427693265482,-0.012385913813801505,-0.003943317622223599,-0.012977642308766581,0.012282643120002375
nBonds,0.0814611154487843,0.0641356835127939,-0.005356086394018649,-0.009786090770145302,-0.02714726641904212,-0.010345300990197216,0.011593893903560333,0.006810318135565656,0.002253003020226208,-0.006061187786521669,-0.00492026588816091,-0.003965279928046268,-0.005657485183746134,-0.011875904719307285,-0.0006998909102298649,-0.01222711211975176,0.006903951178468118,0.006389402786851201,-0.0028250938446047636,-0.009207649409054268
nBonds2,0.08190030075781242,0.06281707038669812,-0.00024286293934057786,-0.00338962020271832,0.01453042125501999,0.008387313158223738,0.012663286158828963,-0.00792602127289095,-0.01472031354801478,0.016844909397891565,0.0046558521024875205,-0.02638747154750863,-0.009385766743121051,-0.013525387454942639,-0.0036412125719573933,-0.018844364067117106,0.018924835597528798,0.002006307549529276,-0.011349743615828405,-0.009746633863703572
nBondsS,0.07929007523586658,0.06114839130341995,0.003781048488335598,0.003098844200027625,0.030106751838015505,0.01335569663057525,0.006628879326685985,-0.011245269368753554,-0.01985484552644894,0.021510179644168192,0.0035427730728429725,-0.028750290422272846,-0.016754668798683287,-0.01575448683764304,0.0007908389210772132,-0.013904143803163392,0.017135801955458354,0.00039170115814330287,-0.012083091752950368,-0.015160652851709528
nBondsS2,0.06958318100442974,0.06307796689501778,0.011782641551115773,0.011248288016696218,0.03807911952645346,0.03410537892220212,-0.008108386883006458,-0.01147895628692679,-0.033241347416852064,0.018712207487738823,-0.00030710870718141797,-0.03446755218302687,-0.013997810349140124,-0.017685113794611493,0.009305922706763928,-0.008087332081508481,0.016397585979683132,0.003239438113052834,-0.008825726125428444,-0.015608188236634395
nBondsS3,0.05716133760551775,0.0684591638711264,0.02207182150463265,0.023402334402347787,0.022981728561315997,0.04772364339672831,-0.03647802374866142,0.00010532147532467767,-0.03956667627888959,-0.003943322193230741,-0.01761670666613675,-0.021233065413238134,-0.016462202473833544,-0.022144545946227355,0.029820329578915318,0.012824932320577074,0.00037028030101166276,0.010001669159055253,0.003638024839572144,-0.023403770898129016
nBondsD,0.04886401898131058,0.03412453208408577,-0.027794692788814968,-0.045057767772014645,-0.10112912494684775,-0.03162001438671051,0.04658800316981425,0.022879388376992514,0.02810190954010449,-0.018707397851225605,0.018315249672071748,-0.00037771078505846703,0.05551204910311391,0.015323793824325345,-0.025751955182474986,-0.03286122241344361,0.011673116178087323,0.008126920853515232,-0.005442998254565877,0.03595774442890152
nBondsD2,-0.04889524315417171,0.10164444785949486,0.02674647741753736,0.011520060081202953,-0.06565151545257818,0.07122957098026712,-0.004253041441067457,0.03994966602078938,0.004380088784502293,-0.03753673545034817,-0.006230634074295934,-0.03021282222786692,0.08725161726392035,0.028206419287602362,0.022113901978999782,-0.005107272341654477,0.0019235913352980394,0.04038786321291942,-0.007176672875574888,0.04799842393758268
nBondsT,-0.017005095591417305,-0.0010087626344202343,0.00465198261830371,-0.001794731908019151,0.00846203076544181,0.010621802513497517,-0.012015721257788756,-0.03564992067422468,0.015284322190862842,-0.07519251801069822,-0.09996087980969343,0.075436771713639,-0.09839314224308782,-0.05613039750985342,-0.06180203306738699,-0.08199110367772139,0.08034728984931205,0.03902512304212069,0.06944202290293242,-0.030513566061246302
nBondsM,0.050724447609892774,0.006592253440078133,-0.04005553939515002,-0.04912461583460683,-0.07665571153580683,-0.08460601900378577,0.07064216437353714,0.010884530260826827,0.05989865967928445,-0.004214638885018987,0.017072099080989712,0.023760435221464524,0.014236385184721945,0.012239201048335575,-0.04352678680589323,-0.038042708158277094,0.010659569509933473,-0.003866170253401617,-0.009749134664233031,0.018352501963417412
bpol,0.06410022383824639,0.07616245544040058,-0.005989639675933517,0.00632035383817894,0.01437004149980578,0.01178749309076445,-0.011567651383090941,-0.02561699112330697,-0.030840147983570466,0.042640491235618076,-0.0008242834694651131,-0.028956685369481934,-0.03173665671214788,-0.010847747874105963,-0.007400334070556092,-0.018114563711902343,0.005899609433889268,-0.004700605607082957,-0.02058016651347193,-0.014755325636444475
C1SP1,-0.017178419946339996,-0.0008771945850699958,0.0055199466042485535,-0.0006872097734849744,0.0055800177650375425,0.006967095655126756,-0.016229711666545396,-0.04189104731059524,0.021442550601236666,-0.06652294832088045,-0.10218653791740116,0.07912862702355218,-0.08379015982396329,-0.07128655009285609,-0.07247931896657707,-0.07462283398489038,0.07004343063677243,0.05257528785692048,0.06096171277242319,-0.028560286854110675
C2SP1,-0.001432887467856728,-0.005111131218603649,0.007638105825486365,0.0033000199739755044,0.020659801328949946,0.045620465374964406,0.008750390210122142,0.009768005548181963,0.01303450192214426,-0.07923726888029942,-0.04942838962422173,0.05366412512013235,-0.08183714737478205,0.01596277477597862,0.007258232813197676,-0.06624125626104388,0.09587425899779571,-0.007457964591269177,-0.0026268341076745305,0.07202779301840147
C1SP2,-0.08909733212469359,0.11588669225273933,-0.004361760504601613,-0.011481557287236977,-0.03489120019503823,-0.010249342016334623,0.0024824549161664815,-0.02163771452455256,0.00204911553895879,-0.03690203156242991,-0.010829879719767961,-0.004115890741782977,0.012653651470602182,0.03062318006207769,0.0008708989429634782,-0.044431639632544886,-0.010763217780982487,-0.0072559427024308076,0.04186791441271645,0.03233741543702808
C2SP2,0.09341138366422304,-0.029321559263043973,-0.04158920498695608,-0.06336235231080012,-0.06160713912094064,-0.05571300441862899,0.014320111957604608,-0.006307732453942477,0.019092088670856787,-0.01001955488597388,-0.0014582162137792753,-0.010911631343338848,0.011120048965905464,0.016092033538644697,-0.03452086386561405,-0.00523173467347333,0.007826227763401345,-0.010576367870875625,-0.019443456805982116,0.009974042079861948
C3SP2,0.07772316778383322,-0.04771875324529815,0.02067930505035819,0.029670700403096252,-0.07178000329190665,0.07579274974009967,0.10393319371200005,0.09887300275678822,0.04648658798104158,-0.013329697502590446,0.09574386752443935,0.014101094583941752,0.08302734057909987,-0.02883884082576232,0.016292806574712354,-0.04504915751626044,0.027482328889714913,0.11563913517608905,0.01959516740923206,0.009594158809235866
C1SP3,0.06945264941328039,0.020383029711960526,0.035294192546888675,0.0724536358757542,-0.03895628157079916,0.07752095133415837,0.059330583155768245,-0.003917617775639666,-0.07611322414919694,0.03541386982497559,0.10388446329753516,0.047179395567331,-0.019914858194044597,-0.05077130817589026,-0.03215515662506085,-0.00773222976433603,0.002733548668490491,0.024080461623134937,-0.02751314719160582,-0.06455912043451953
C2SP3,0.042588883815548706,0.05026033722693782,0.013271056118933363,0.016073904842828474,0.09392775741443196,0.0008421810114707905,-0.023178233936421093,0.01017255948766211,-0.042066014731076254,-0.009921136430675666,-0.03887387427753388,-0.04784166985632275,-0.0032834284089338184,-0.04000581082094679,0.01686354581395302,0.035745042576615225,0.05135522796368948,-0.0423749146074004,-0.007424306723316316,0.02570381866401821
C3SP3,0.004549719722447155,0.04697226340218028,-0.022777481035065703,-0.00486200944968553,0.08981701761517677,0.05250517345489743,-0.03207285669885237,0.017436572736018698,0.036646702480017945,0.02444872177132727,-0.08871895276664171,-0.051958488527585715,-0.02983044040930853,0.027603272843632107,0.021611819133927315,-0.03747716226862263,-0.011156444799116861,-0.05918939095621153,0.07306765402367493,-0.026235438590597262
C4SP3,-0.017205357363490242,0.029370365068046477,-0.014402731501922282,0.0261613623018185,0.12354582730927567,0.0069305532179050194,-0.003588760329375513,0.07233952538788234,0.033761014817323576,-0.04128639255921519,0.027946275367989964,0.018195770104996085,0.01069800551322472,0.017444086369914822,0.020345683408340202,0.0038886473879674826,-0.0024382861056911854,0.031204887157397394,-0.07166539503556653,-0.07546258492215806
SCH-3,0.005885110925799828,-0.0038885090767590232,0.004727144645135904,0.010683601246006268,0.027263061941975683,-0.06085520713052079,-0.04323083190335613,-0.008009379527511629,-0.043938669862683744,-0.0781479182695444,-0.032597365808269836,-0.06085384079105003,0.027293165555669838,-0.050058231234027896,-0.009615173072151826,-0.012709135705975667,-0.030005065924957736,-0.04406675904313318,0.04267795201385404,-0.022928548908442776
SCH-4,0.019085448993173833,-0.016171989832555876,0.018412302326601435,0.026024672931807293,0.002634528326360778,-0.03435957500321048,-0.032870010936945734,-0.010035674606014445,-0.053056187844183575,-0.09128757368049907,-0.02345986167099026,-0.054756408336057064,0.017242409734849827,-0.048029948540407735,0.0023348520533100275,-0.02335350132797026,-0.06749143450772115,-0.012420066589393928,0.024619143952172497,-0.0476614650486465
SCH-5,-0.029960753893424927,0.037328714068418895,0.002607669540838301,0.1195926601809789,-0.0751405396306562,-0.023223867190709676,0.0550478870716276,0.03506352593591964,0.053676968262222347,-0.021318320620148035,-0.06738605668824742,-0.041254734288026104,-0.0863675166472617,0.04828228198183893,0.023431791118009075,0.011220285609757045,-0.04911950766312207,-0.06862913702805677,0.0313631444227176,-0.021486255167269836
SCH-6,0.0334016266176249,0.0403425921274624,-0.05929504515379994,0.054921736179649794,-0.02125836855781992,-0.06691674179381253,0.03841651511748468,0.046946449250802096,0.06905491304951719,-0.05491204405180424,-0.04898216212605567,0.0156970492845166,0.024275302163118694,-0.03807994754110518,-0.01685178866300854,0.025243768044682292,-0.05851129790165571,-0.029893782214352033,-0.009201144201553442,-0.0047836127405701334
SCH-7,0.021742884269075332,0.034995455079147884,-0.054581153132202784,0.024195012732550158,0.020365837677713022,-0.05681854330982924,0.0215022980558772,0.06699026385504839,0.13200960412455998,-0.03521737731648321,-0.052543197965618356,0.018625927129857243,0.02126954669377122,-0.02637791169508263,0.0159024743659566,0.048781239673070756,-0.06677181375218429,-0.018967511235850262,-0.013196118922324,-0.004972133926490754
VCH-3,0.005885110925799837,-0.003888509076759016,0.00472714464513591,0.010683601246006263,0.027263061941975694,-0.06085520713052085,-0.043230831903356075,-0.00800937952751165,-0.04393866986268369,-0.07814791826954454,-0.032597365808269795,-0.06085384079105005,0.02729316555566975,-0.05005823123402775,-0.009615173072151826,-0.012709135705975656,-0.030005065924957754,-0.04406675904313325,0.042677952013854124,-0.022928548908442727
VCH-4,0.019250841638611217,-0.016397652705009372,0.019020075460650144,0.02696396716524791,0.003406446078288724,-0.03477213674035617,-0.03242462749597331,-0.008467765358533465,-0.053681516579633035,-0.08947020580101431,-0.0315980921266935,-0.06315929197829101,0.011331647008748141,-0.04070477261269348,0.008897254450768926,-0.03175091958662978,-0.07663562506399525,-0.00406006411836442,0.014602149333408818,-0.06278901497402516
VCH-5,0.007355616701586979,0.015039851464719239,0.02369590226757512,0.1414998553983,-0.07793939698458043,0.025269895461604283,0.04714445978225762,0.04647313545190302,0.007254181244965732,-0.0586820545796357,-0.05995181045636825,-0.010806191732105865,-0.057699950239110585,0.026623778890838626,-0.06131812499743664,0.10384417049263653,0.011101344195439561,-0.10134023784143732,0.01601038499189448,0.031690951816479324
VCH-6,0.04449301291447624,0.029072026500146193,-0.03353882878488864,0.07759776314360656,0.014945019949386525,-0.03514526934450879,-0.030803885646043482,0.015078762604501871,0.05172286315176602,-0.06029894299376251,-0.08328252394292461,0.013353710358127501,0.005895631339405501,-0.010365258313330804,-0.03750103844533305,0.06691341760367164,-0.04959482127926491,-0.033770825644236904,-0.041065734418200925,-0.017029499834232135
VCH-7,0.025524956581844466,0.031258049826232114,-0.030773503590111405,0.06391659674028685,0.060031771702994376,-0.032002840618796144,-0.04777258637069152,0.02945028760493284,0.09166097932757822,-0.03880676575322632,-0.0788385791384465,0.024310884544610646,0.019764467465877372,0.00791192610268515,-0.012399767511917122,0.060426431970904505,-0.0499935021677368,-0.034349196884401814,-0.0243404772125402,-0.0058735878199421875
SC-3,0.04106350272702896,0.05463958310524578,0.05239416405765397,0.0017259862180885408,-0.02109874636610428,0.019164949741847865,-0.025875784325789738,0.07805529575379629,0.06090960391792153,0.040708926835726,0.011949700492660857,0.015822953367373764,-0.007878737025253532,-0.0031817745766921676,-0.046602348666869714,-0.0014859272511476666,-0.0013385013762297145,-0.04871986137205095,0.028322536644251366,0.002688536566552115
SC-4,-0.011277964008226837,0.0342118829324219,0.014807757890967435,0.024507023729763006,0.022551866563050586,-0.005547256251880679,-0.07682744732586853,0.11148621465590822,0.0358228014847042,0.04589233153606538,0.02684523740350895,0.009589754310760213,-0.04265434279399178,0.004189110650336179,-0.05034200405788175,-0.04715677133591153,-0.006516526578906467,-0.04825219583411784,-0.024318137317763812,-0.010083799721162443
SC-5,-0.010455479915282933,0.060363902235891415,-0.013048239512265062,-0.02781710747605468,0.076123745064135,0.002308298662311211,-0.04987810971582233,0.09522316078189902,0.07449224873194821,0.03776144999518593,-0.008021077735072643,0.04580164546826903,-0.054710851855858084,0.052291202251773555,0.043412370462212385,-0.06630249826818965,-0.0816114117101598,0.00423799586986652,-0.009603377305237883,0.03739936681053716
SC-6,-0.012333758647521492,0.03540615295124907,-0.024649413726968487,-0.0016181356451076768,0.06972182084840656,0.01640931140766354,-0.05048086965768746,0.10730592721051914,0.012877243662979607,0.010304143266338613,-0.029362666188775532,0.006641968887534687,-0.07783649763048954,0.06205577807377678,0.012551846618537083,-0.0971365852454287,-0.04171416819620335,-0.04741388106866147,0.016393654864284197,0.08636897687885256
VC-3,0.04310623925356151,0.05217973986148252,0.03307381238094469,0.048957110286239,0.039312806540909795,0.03130242654598598,-0.016517409303867307,0.035495728921124084,0.05992122724790876,0.030225611818511362,-0.0035488028321862823,0.018564828969839867,-0.023189635607905445,0.05337941370244197,-0.03567103278195547,0.02295158473608978,-0.01499944194609193,-0.05824321076482412,0.032649417779947495,-0.034199152517996496
VC-4,-0.01638918264002981,0.046371609072173324,-0.007668843673596588,0.00893578368830356,0.10060277064477606,0.013134274949644401,-0.015639144629268315,0.06890720869991517,0.05460086652240213,0.004896753867618653,0.04788401156848023,0.0103571597494962,-0.04600222299907994,0.07576364488105787,0.007416065190879163,-0.007840296426344746,0.02729724487649471,-0.04409926606500653,-0.013775935952500066,-0.06551618723751074
VC-5,0.02259537786164163,0.02705676091472821,-0.01033004973018622,0.03659821078143058,0.07792835472240406,0.05314993901172191,-0.014651458996088692,0.09078492030762435,0.01922090215188206,-0.05550742415949561,0.018962509119339534,0.09371597535973228,0.02524526568861492,0.009563302810397358,-0.04793263678897022,0.023349806918845153,-0.029112453059048766,-0.0374589503604619,0.005425819789562929,-0.008627939079290884
VC-6,-0.010355509842154659,0.0347324204807835,-0.035873016041050164,0.005447136088943626,0.09115308106727484,0.07332745449397515,0.028758988929133988,0.1283075490637613,-0.02678947028591482,-0.09625969924992855,0.04394335697265235,0.06705035379327899,-0.006328313211502863,0.03992345696337195,-0.009217957301354145,-0.032020271474429526,0.001277848274829942,-0.03624608689199687,-0.00580574697032228,-0.009306261729109021
SPC-4,0.04004587653231404,0.07013082803825745,-0.00016512492904738384,-0.012588340826598276,0.026359001324248083,0.01100178708581502,-0.018927704760677417,0.08492656717232198,0.0738741558059858,0.0028404065937198465,0.01270028331516175,0.05429255238163383,-0.015580196405357242,0.010505908231106916,0.013573504373951419,-0.014500350020486176,-0.047766431164982755,-0.005896516663088376,0.0038965823573946182,-0.001934819521433475
SPC-5,0.03758875403103147,0.0691488773129783,-0.023929533029357093,-0.0035632206792401097,0.02338209153269406,0.018089084162518036,-0.003280263941333881,0.10323099151280456,0.08812522655112669,-0.005054721663517626,0.015303103737036635,0.049365127869573554,0.009894904384626993,-0.01973808647305162,0.006937347391982996,0.0200638636806758,-0.016500342445403465,-0.013941057021444249,0.023852248868757073,0.010379348263603292
SPC-6,0.04420028765337264,0.05783216047375932,-0.02096927853479172,-0.008421415798901542,0.02873339877232738,0.010499571043537178,-0.01254355296701937,0.09129727947919598,0.10999296526397495,0.016154624567725245,0.004919946983893851,0.027984696648923252,0.009155211460231917,-0.019653129787721418,0.01761493222714949,0.025999829266940826,-0.013499447291729028,-0.0036414674845114325,0.03201191426476276,0.011090981814141072
VPC-4,0.050915792668902726,0.038674589713555176,0.003938821639699243,0.06055180494447897,0.05858438774855015,0.030066369936236875,-0.026407374408707884,0.05941594922524399,0.034582267186480165,-0.03765928178997644,0.0027519691221653945,0.06833232286035565,0.013400964109921058,0.015956379075089178,-0.02988112916185265,0.03383796932684061,-0.037346108828663814,-0.030491724688821633,0.0017588623834735707,-0.030840642623165142
VPC-5,0.04687339867962752,0.03307412373401284,-0.0026534097376508087,0.06667720485018568,0.0653327623700553,0.029846553460870593,-0.022184967749678996,0.07017434668533176,0.03269233197777456,-0.051210949682425094,0.012368683287166848,0.07821608369337515,0.042341133576207196,-0.007429987592336792,-0.03738611930729065,0.05428987333780074,-0.00889371883926497,-0.04724012177912542,0.015411549647962368,-0.010770439516095673
VPC-6,0.04614828458947924,0.02877461966927719,-0.005134697849157684,0.06310623871497992,0.07067611971996614,0.027185422125025727,-0.030031177918838577,0.06729330651475018,0.03920877048677745,-0.04776434038603628,0.00963309764998678,0.07717031963840885,0.057017667141354686,-0.0224743598704906,-0.044378940080155374,0.06674116675024425,0.00942554158293816,-0.06442761455540336,0.0421125643818802,0.014844115919407312
SP-0,0.0715600247968796,0.06821582805811358,0.013754320687182063,-0.01805620460773296,-0.021267884914226275,-0.004389929385270275,0.006309340822997996,0.0054117014393567755,-0.006621734833774019,0.007450205060533006,0.006929525027081052,-0.005690072273066649,-0.005509002511356307,-0.006253693881105217,-0.012908281886607255,-0.020518021462867266,0.011706667556455047,0.008362733477607107,-0.007135526376333306,-0.003962655526799004
SP-1,0.07862569893690709,0.06559687776304944,-0.0009235219275755523,-0.013715183864632163,-0.02452036064397741,-0.010615578161702067,0.010537951981183749,9.604889016226437e-05,-0.00854788204459482,-0.002885020964482447,-0.0005744991692044033,-0.007825922959872958,-0.006386723417448562,-0.009371121388191326,-0.004122452004575064,-0.01839432464654046,0.01122330207861722,0.010578066636175948,-0.008123978425842287,-0.00780739810106421
SP-2,0.07792392100374355,0.0638635823572687,0.008480217492589872,-0.009096387840730639,-0.029755999762123293,-0.004699327712203119,0.006882186533047397,0.016472490061624503,0.01113154371806851,0.00470935019272501,-0.004208569480264564,-0.0032544022516654797,-0.004978949270016896,-0.010016868534299676,-0.010797325255570808,-0.009299309017508655,0.008175525316761956,-0.00572369926332286,0.004704812631846374,-0.00526306240328574
SP-3,0.08127608183095322,0.06589422388979033,-0.01893640185594099,-0.008965788289684596,-0.01882017158651097,-0.009235098680218863,0.011639556981433059,0.020744888200046694,0.020127233883763657,-0.016845827430514226,-0.0046455249456555095,0.014853803667316638,-0.009013790645868157,-0.010394936457638698,0.016207253246258387,-0.010688077343560807,-0.016233875699557514,0.016308687245888923,-0.009130256156228929,-0.018878232365787027
SP-4,0.0811049441520136,0.06359732838170591,-0.02923551599069854,0.00024100196457298224,-0.029005461968807714,-0.0006933639827319375,0.02547297419952978,0.03607588977874493,0.033665945462648554,-0.022469890529942124,-0.003378348110549706,0.019026996387342295,0.009923576529673754,-0.03423833946755853,0.006207401202252087,0.019433820616719576,0.008344731905329006,-0.004313261655681716,0.020856394062960748,0.0007223670318507715
SP-5,0.09181002927940894,0.04933317123875291,-0.028248753138559814,-0.005156154835427068,-0.015963818513722857,-0.010855070288642714,0.011968853373206736,0.025845036847965144,0.05208405235098859,-0.013116860534758553,-0.010373401370683908,0.008836854531259344,0.011138302317453223,-0.02907531503177945,0.017394799174487267,0.014608545855564748,0.00042280203491463277,0.015883602472556324,0.015467345814375083,-0.010539783724115724
SP-6,0.08628969730613759,0.04940996621982453,-0.03668288479721952,-0.006753686185429432,-0.005920775650188564,-0.01655857326996514,-0.0083399330225532,0.019678573193309384,0.08706253896336855,0.001288874507481848,-0.0256513889914591,-0.004769482371325598,-0.014534801734922855,-0.004463792660872738,0.04913569961487734,0.017031540999872398,-0.009391833766596157,0.027227427772038168,0.016046265045135795,-0.023040712313412252
SP-7,0.08410307928072812,0.05110271062510621,-0.04943559235840192,-0.010218514856563218,0.010130304436251984,-0.04063566598545313,-0.030924291657124053,-0.004438518467753613,0.11118187625074788,0.026454297734410347,-0.05750749154983881,-0.03440183335473853,-0.03913846370812124,0.0190672928875739,0.07423953985859853,-0.004736804490606035,-0.024439037392406538,0.04659008063316839,0.005779969039859494,-0.04366432265133871
VP-0,0.07609613627275763,0.06813761663000126,0.005048769987159058,0.000711015125606228,-0.0077079816818228135,-0.007247472522225503,0.003627988425121207,-0.00900702358089374,-0.014262414238721002,0.017223846689096947,-0.0007492037076769868,-0.005762346076298905,-0.01152902485239892,0.0068969052165223236,-0.015034346079774054,-0.013998389707885228,0.0006147157658743847,0.006908462953701227,-0.012722625047717314,-0.006420458210713552
VP-1,0.0828162843171369,0.06241262838990477,0.002229009773380528,0.014436719988886772,-0.003587774914819632,-0.008730080065759411,-6.623055376305753e-05,-0.009949791317723831,-0.021025090258658848,0.0033108234049861367,-0.011568225496489141,-0.0048180629413174985,-0.008931935686431717,-0.0007954285713104385,-0.013086688394790725,-0.0033634988744472927,0.0018802543592975813,-0.0012448219773220374,-0.016380479882665673,-0.0009535761255757144
VP-2,0.0819991313395293,0.059926613298680764,0.009130957490741113,0.029829140484176963,0.007832558388750426,-0.0026175892747761858,-0.010750345884605817,-0.0050981948945063305,-0.0010213939345117588,0.007456837184780274,-0.025234063759182024,-0.0015546579171243906,-0.01345387313378513,0.010092409345846421,-0.018110967195329626,0.009526368926381118,-0.0078088415563636665,-0.01869748801923116,-0.005294509361339075,-0.005948662688391715
VP-3,0.0847655207631478,0.05156117289015683,-0.0036940680101386373,0.043953726710166965,0.021255364623113452,-0.0035807449205740595,-0.02317807119846381,0.0052870151706957465,0.00043048178145533536,-0.02375254300471764,-0.02881016406813326,0.021423279915890096,-0.006041904238541682,0.004038581883540841,-0.007244274127415221,0.018301275149479372,-0.027993902591805724,-0.007309001452803499,-0.021123312237072055,-0.016576034438189117
VP-4,0.08353567820160249,0.043671298173709176,-0.0045905510631525865,0.05842312361980358,0.025537780914441536,0.0027090809850629305,-0.024232886849748485,0.01626071967874647,0.004374497161050409,-0.03869738294082762,-0.020588996273550347,0.04266515347156777,0.021048818551649185,-0.016849797457134868,-0.02405792247900383,0.046907003250402056,-0.0070209596495157765,-0.036390392037017244,0.004591732662922944,0.006318932714537119
VP-5,0.08268899860019718,0.0376897363022591,-0.009949853111967309,0.05272734771424873,0.0412274114009359,-0.003996338420052503,-0.04064881683405642,0.01143733540668563,0.01594871540834907,-0.04039387877989766,-0.02393161626861664,0.042437853757578164,0.03218155768339198,-0.025224103419597996,-0.021875424534592534,0.0520942952269459,-0.0005594361922469175,-0.04257339464665946,0.02225052753338057,0.020142057847160916
VP-6,0.07043759792564329,0.03993050986534845,-0.014208568658666525,0.049324676565203764,0.058905680675774896,-0.012863692465274712,-0.0626230744251624,0.0009309895171417221,0.04431093274228325,-0.023802914545008668,-0.04763354610765736,0.028055912862566132,0.013368425005018657,0.0031712848149151518,0.003173731997958021,0.040185722710441095,-0.02105005115097095,-0.027182027872208032,0.012475152479793368,0.004292384246917705
VP-7,0.0622894495995026,0.04504311767728687,-0.025516751570613592,0.03631897356470906,0.0748126831572111,-0.025470262055074206,-0.07778460361665035,-0.011673132823843652,0.06031369308928662,-0.011165187205884613,-0.07225939731841152,0.005970160767115321,-0.0029143724773470067,0.01992805460456568,0.02003060510021838,0.025936923046149467,-0.028935615254035492,-0.019542134768120535,0.009176119536213672,0.00011163422518558217
CrippenLogP,0.09027342789080793,-0.019238105594800027,-0.0801823313425199,-0.01953917339852383,0.02524602998073541,-0.06773126036311457,-0.03930236626704368,-0.0209046987145586,0.040444151345205966,0.11722917446841494,-0.06664858653334325,-0.05655481795017756,-0.04202518998917608,0.013660185377284044,-0.09086981268647365,0.001189549494789071,0.019287242084397315,0.013435783018858418,-0.04074992501600315,0.013854650427922839
CrippenMR,0.0802355830910794,0.06425399113301145,-0.004457338026677949,-0.013755262680249675,-0.006441292225542807,-0.019524279681869955,0.013243738903558577,-0.020249225240631007,-0.002885133955948648,0.015472456417016719,-0.007015584605261007,-0.01366432624328643,0.000742252816604264,0.0012263289976251963,-0.012351157183476067,-0.016981928058785973,0.013764088237947095,0.006302016277521411,-0.015025896164181532,0.0006294432210470684
ECCEN,0.059456459130108906,0.06703755990128575,0.02709823819213041,-0.02829046252089596,-0.003278459818557411,-0.01253741701584926,0.04413727501731284,0.007295220933891531,-0.04443963433793883,-0.029985989845723524,0.006102042803480795,0.024833207394670955,0.04612972382643496,-0.05804977839510672,-0.04161501276113112,0.014519169278849806,0.037866572668158294,-0.029925401146886736,-0.003008522105420198,0.02613767490373814
nHBd,0.022883954829384937,0.015601615014796223,0.11899187661671912,-0.06299911308246181,0.046910500185657504,-0.0050138258857387406,0.03987561559479629,-0.01882736746168772,0.01447604650638673,-0.048749401347662716,-0.004795893723906482,-0.001098463409747536,0.046047530759090065,0.003557898202762402,0.01948387975387126,-0.004449404661812687,-0.012452289921909476,-0.005572320422395607,-0.03787953884514754,0.00903210629130558
nwHBd,0.018469857847003727,-0.01303065252164199,0.01611265745702916,-0.007873643077441681,0.011804093270618304,-0.014072841050978746,0.014458281235419687,0.10149731010981769,-0.08301021961759059,0.049926968115774926,-0.043497395753389796,0.09302846821575021,0.06943349643731633,0.05134016717269434,0.011641512404504038,0.052778484721352305,0.08922573512384108,0.1088576851950391,0.11611017480913013,0.02575511133049846
nHBa,0.01484452317232346,0.0683580203137163,0.07015950560808523,-0.02290732443617868,-0.05131855369017149,-0.011701615760040411,-0.029073863659494943,-0.0027146386119830473,-0.020124681707803044,-0.016975779396343853,0.015593791361349495,0.02976466382136419,-0.019765583244634122,-0.00832460299917497,-0.0006104095764797692,0.03325377372273953,-0.027345396709743796,0.0014820801030686543,-0.012344840962113612,0.00667987356483926
nwHBa,0.08012819482085141,-0.004405273684029174,-0.030120113488195814,-0.05028289627010678,-0.08795020720690605,-0.0293862159947087,0.045096884686103345,0.012095297089516243,0.03502647616560806,-0.0256630781723567,0.014904355633339132,-0.001894908346949619,0.036032383899780696,0.012727724525431652,-0.025927337752144532,-0.04152455296743286,0.015019152816387665,0.03401700238525445,-0.003257707112379782,0.01720875795869329
nHBint2,-0.01769793825922538,0.06659677799020786,0.09598165756333213,-0.009644102603093726,0.004269745240674784,0.0021370962979101018,0.05149524717218334,-0.014952827944871164,-0.010751689895956922,-0.008871224613329292,-0.01716169212976892,-0.017953794835079567,0.008248385531489552,0.041611908083424756,0.008824891307854976,-0.0211652493384248,-0.00028821273934764293,0.014764669549999745,-0.025155247332621786,-0.03844196033817284
nHBint3,-0.012864442409602814,0.05392171506012442,0.10293272886758291,-0.03054418588409512,0.042249059325465056,-0.027028613014001345,0.0262714552824782,-0.03830887703947617,0.008898473527845811,-0.007601116650031235,0.006997816630619283,-0.0049500964361601845,-0.034261654317402475,0.055496747469653794,0.038737632578265395,-0.030447241334495632,-0.0070549879241273705,0.001385329741557635,0.009300586698141078,-0.012654792490460207
nHBint4,-0.023269412294513583,0.023669974120921908,-0.012877477849468834,-0.07907733064820331,-0.010395703715159852,0.024823594097049952,0.009081418372656188,-0.004117819438426976,-0.02250155776530776,-0.05730631238274109,0.0006182917617077476,-0.03435937762151897,-0.01316021311765339,-0.0051520248276614835,0.05667711914451176,0.08231538655706207,-0.008205293299126646,0.0011665633739994922,-0.033236291531387394,0.035820332489837604
nHBint5,-0.0009412792243892538,0.03917116310235542,0.10264270447023759,-0.022073791536366242,0.014967616585678528,-0.010764735876053933,0.03634379369426339,-0.05016914398576206,0.04516795656309768,0.03611064968479863,-0.050873691390004784,-0.013998954351756058,0.020237314818892294,-0.05951598090006486,-0.019753282989809478,0.011325274586164976,-0.04929837753698748,-0.008266680011564824,0.02808536220512628,0.036691865967336354
nHBint6,-0.002597727968625133,0.04776235617370531,0.1029782542243133,-0.04063737582466508,0.032487414316212375,-0.010269778981136212,0.03317392850478777,-0.0299025853870061,0.015423886954088214,0.019821508859819353,-0.04333030500874199,-0.0538043198956779,-0.03525728542448762,0.06208581325831045,0.03492667151465625,-0.03401012399884833,-0.06689821394379952,0.05293470606961094,-0.04263981868477309,-0.038389454611997144
nHBint7,0.002200067259930869,0.053446678180524974,0.07606366839548202,-0.05624079330504371,0.03758112702392178,-0.0504368972041361,-0.008922958014816977,-0.04897646181607196,0.02233026921858411,0.016099085353517152,-0.08877250821224071,-0.061283142385234385,-0.026705695765390745,0.030625075874626304,0.04118526656980055,0.011096525444486168,-0.03541259162027304,-0.003221890597758014,-1.386639705937059e-05,0.03606620753025541
nHBint8,-0.0007762547869070384,0.04653885357205343,0.10992392083255635,-0.017051746704409627,0.027790335524080174,-0.00950488778071344,0.07146243276742882,0.014808946389558668,-0.0110840334562324,-0.03268203871469991,0.01013161376753021,-0.01651886755319726,0.008812178256511273,0.002923425742406192,0.01162143797097518,0.01672178276139269,0.019132692751004533,-0.00868243573393734,0.008400020277892368,0.009467575313429302
nHBint9,0.0008973900379795552,0.045912282800662674,0.10555060570232519,-0.035286482278500106,0.027007284939135925,0.00027849151258687953,0.05140652448735618,-0.005816191220853374,0.001112112961994707,-0.002659542057100917,-0.013838393451755361,-0.004097006204555107,0.007060774614725735,0.016241920827855767,0.016077768151700565,0.002601805152578002,0.016079052598935283,-0.03813260201846331,0.016854746678237387,-0.009427271326895565
nHBint10,0.04003067388165876,0.01049482068764247,0.08978630739405913,-0.061509665876350976,0.05456929778363575,-0.030145389607241176,0.030333203184441195,0.005512824654503781,0.0053927109798026975,-0.025966693459768212,-0.025265160177561884,0.03868324473189622,0.02875423676806841,-0.029880270422282862,-0.01154335898405442,0.023679409813648095,0.0137268693531823,-0.10621193079004582,0.06334364578812558,0.0908153668914153
nHsOH,0.07612181382568205,-0.08966327209860266,0.04638634128360972,-0.11382941072699337,0.05158838325180719,0.01633939194780823,-0.039156114819774615,-0.0027275724640831956,0.04999453650510126,-0.049890473823032876,0.007473448455675722,0.03164756560329605,0.035857545664689454,0.030570455341853816,0.05041205696912794,0.01232404714457437,-0.06307689719987818,-0.026830390299961107,-0.04487340242605513,0.002871004340834243
nHdNH,-0.005936291499763922,0.05077267633463088,0.09332371532438215,-0.038039984452100155,0.05042863494304484,-0.03353170692550869,0.03196992856813357,-0.03835170087952646,0.002832997852373238,-0.009114800091323082,-0.01054866025933331,0.005636668756499902,0.025638209611627716,0.0037611758934198436,-0.01255809123554674,0.0013504735795899735,-0.015868396581500372,0.031972195633317865,0.017709499799940912,-0.02482484932351397
nHsSH,-0.005025453481062804,0.0019048514593385866,0.002332490474710184,0.01260351485192481,-0.01239975390068724,-0.0074427947457035015,-0.023872561295710273,-0.012054732748983162,-0.02180981405607926,-0.03532751774812276,-0.04011922049492018,-0.0008733457574754681,0.05034960271710296,0.05047953391781129,0.005088669209719375,0.02322568085367087,0.03166649436785913,0.05149266718427519,0.028278973574645712,-0.009882353185534978
nHsNH2,-0.0087602610842636,0.05277172178189361,0.10149577730669501,-0.015907721410567798,0.026121136993320745,0.0016736657858931307,0.057470906736120854,-0.030654305910095048,0.00716937099165175,-0.0064277721790192074,-0.001940074926247574,-0.011597649007971542,-0.009575185956355113,0.031001896541772583,-0.019087254449023115,0.022457210967342742,0.006654473555025562,0.026021365595038728,0.007908610987271199,-0.03676023157776594
nHssNH,-0.0318697665726689,0.08429332238871762,0.06949305912257012,-0.002965780522205981,-0.0036288205207147197,0.014565412254332047,0.07501275743439138,-0.014691783720709145,-0.04232353762814282,0.001776227973181442,-0.0205084604656779,-0.012161303861464244,0.027617279946768547,-0.006422735858356478,-0.011069103591443096,-0.01951688548273554,0.03188217615877421,-0.018846899761542357,-0.03532793670330495,0.0026223088722479343
nHaaNH,-0.0069357503357336805,-0.005615641428085541,0.045193196573767386,0.09805097962799748,0.01581669465654476,-0.12853012006237272,-0.0017911195181486322,0.034396402841373706,0.02578790445960445,-0.06627783975529476,0.057666615038616774,-0.09363742957922817,0.04619040747836007,-0.10309365454168634,0.02325486804844527,-0.01892392699292392,0.009848131742258404,0.040446049144432804,0.05288579537450651,0.06552696361682121
nHtCH,-0.0009573361888897793,-0.0071443704670930445,0.01561732787944796,0.010896237237896497,0.016549323040542727,0.05113439135577539,-0.006034315024362527,-0.011648261079898099,0.049169386938670685,-0.07005518395770668,-0.07529949256624371,0.09229831456560639,-0.04143982923002213,-0.044145909714071035,-0.03449272588446222,-0.0555591220188221,0.08703122266632513,0.051440188351192594,-0.05529409987469851,0.12537739252230792
nHdCH2,-0.017639430834287158,0.0034587653729616567,-8.194106244989159e-05,-0.0030313877472248657,0.009243601087679444,0.07324517846454272,-0.019549686315042687,-0.019822197854329215,0.06611333057872942,-0.08493726389053595,0.01784278338526459,-0.023157156323417645,-0.02178352862827289,0.0028547834737975824,-0.049748832325068056,-0.05265846980370204,-0.021884549742955915,-0.03898928653589121,-0.0050658930619191505,-0.009998138080404813
nHdsCH,-0.006983772249978701,0.017257051186518074,-0.00888044137704365,-0.0183166041172163,-0.02373945220507131,0.06735529438237775,-0.05495405413973777,0.04032903577893785,0.03995599639906726,-0.08866829808438928,-0.003454140711496611,-0.06423012808462585,0.11618555285913293,0.08733764139218572,-0.08240019897580902,-0.022934808053265813,0.008440418636366302,0.04920796761647788,0.02334569333932037,-0.05543163617380459
nHaaCH,0.08876580933898841,-0.018675040533616467,-0.04948818547055633,-0.03994744888427986,-0.06275572916716612,-0.04716501223908011,0.040628307387409156,0.00012022974212791906,-0.020736116530477924,-0.0033178332411446907,-0.004315567636699062,-0.015684095311547283,0.018389422390478978,0.009807157240205174,-0.01911082642924654,-0.05804414116715104,0.028498843699000832,-0.02259267063414309,0.003919528741521323,0.03784937290237084
nHCHnX,0.01576314016386482,-0.011905672916555268,0.013273935787162449,-0.01282907334980818,0.018322486880361442,-0.019188587150377204,0.011669837295980288,0.09652406493064714,-0.07174021720592248,0.06871755563957167,-0.08213714017204685,0.06072616053175186,0.04818933044730173,0.0746539423312946,0.024181936499175567,0.047558943533238314,0.08062876017350316,0.10592461304771561,0.10982030358758264,0.017342698107353016
nHCsats,0.06272207917425814,0.04182398639735398,0.02491053528941188,0.040447713895559664,0.06352225860588545,0.04138947690514673,0.009881232861965608,0.014262945255593705,-0.07099617368260999,-0.009113284457891587,0.00028640006227013444,-0.013713460052056925,-0.0009034433511300094,-0.053715241364690476,-0.00520517680241348,0.03629096627728419,0.056791080593745207,-0.05553162714607376,0.008581338854145694,0.0010437676491060846
nHCsatu,-0.01313406053652105,0.07859271854209846,0.02955769812337339,0.004144282679074283,0.029142133999312796,0.023916677192868593,-0.0385526448886825,-0.06375927906335171,0.08721807886256765,0.025378934976243828,-0.017917182384757507,-0.0007901364425446448,0.03766818028133285,-0.03449387214318566,0.021613774464529546,0.06640428131626648,0.09355601351922527,-0.02394180970857219,0.07117073405350276,0.03622586651454657
nHAvin,0.010997323062443666,0.002152051467935891,-0.0021269450936520205,-0.013706139572092444,-0.0569877835099297,0.024738666114805092,-0.05723992947763682,0.013539809679732827,0.07271344497468969,-0.0384658393786674,-0.009877112174226781,-0.08620896343615782,0.06696024342711243,0.13516281064788246,-0.017283667751792943,-0.08295458899491982,-0.01913422859901543,0.017585207887542635,0.024058041433405886,-0.08956163045437461
nHother,0.08623504082737987,-0.01474157480793964,-0.05125754003797269,-0.04391035226737721,-0.06730018396175104,-0.029362440975403057,0.027799338927960104,0.007995621694890627,-0.009238252088404895,-0.0260649149776799,-0.004293176734287282,-0.030496065129851695,0.042517703671088765,0.02877120511191064,-0.03896461416714057,-0.06505024802621198,0.029308003608246463,-0.013539799879948557,0.008737874479245962,0.025330215833648913
nsCH3,-0.012990703176293254,0.05400126057929482,0.00943621832449273,0.011016650107106372,0.032089231404889174,0.07538031755928067,0.021955899349390767,-0.0188708891199859,0.05864223997999242,0.14231112361713796,0.11099066640994272,-0.03393671163437288,-0.03201222715593888,0.0073848765375626995,-0.07698160016461666,-0.0198606306731587,-0.0029152945417157076,0.010145673572359078,0.06355536169865578,0.0034727186795164436
ndCH2,-0.01763943083428717,0.0034587653729616498,-8.194106244989365e-05,-0.0030313877472248605,0.009243601087679453,0.0732451784645427,-0.019549686315042614,-0.019822197854329184,0.06611333057872937,-0.08493726389053587,0.017842783385264478,-0.023157156323417537,-0.021783528628272895,0.0028547834737978417,-0.04974883232506796,-0.052658469803702,-0.0218845497429558,-0.03898928653589097,-0.00506589306191919,-0.009998138080404985
nssCH2,0.06143756660991467,0.04809489356412894,-0.015545676324869062,0.026351813079167456,0.06612997097691808,-0.009353697001410593,-0.019555302394890735,-0.021043686111145952,-0.06500342176763943,0.006921139672535893,-0.023562837857122664,-0.02399882665358526,-0.03001413807244291,-0.03293915660818594,0.0518740265854726,-0.0016178939640187169,0.03122868048643731,0.01707718588773296,-0.07721942456826637,-0.024177660728699927
ntCH,-0.0009573361888897755,-0.007144370467093035,0.01561732787944796,0.010896237237896454,0.01654932304054276,0.05113439135577538,-0.006034315024362516,-0.011648261079897993,0.04916938693867073,-0.0700551839577066,-0.07529949256624377,0.09229831456560635,-0.04143982923002198,-0.04414590971407124,-0.034492725884462165,-0.05555912201882202,0.08703122266632513,0.05144018835119265,-0.055294099874698376,0.12537739252230795
ndsCH,-0.006983772249978697,0.017257051186518078,-0.008880441377043649,-0.018316604117216275,-0.023739452205071315,0.06735529438237775,-0.05495405413973777,0.04032903577893786,0.03995599639906724,-0.0886682980843893,-0.003454140711496587,-0.0642301280846258,0.11618555285913297,0.08733764139218578,-0.08240019897580905,-0.022934808053265827,0.008440418636366276,0.04920796761647788,0.0233456933393204,-0.055431636173804574
naaCH,0.08876580933898841,-0.018675040533616467,-0.04948818547055633,-0.03994744888427986,-0.06275572916716612,-0.04716501223908011,0.040628307387409156,0.00012022974212791906,-0.020736116530477924,-0.0033178332411446907,-0.004315567636699062,-0.015684095311547283,0.018389422390478978,0.009807157240205174,-0.01911082642924654,-0.05804414116715104,0.028498843699000832,-0.02259267063414309,0.003919528741521323,0.03784937290237084
nsssCH,0.04454058279136461,0.030491155390013364,0.05429972435796751,0.0325253834561777,0.027064917846942062,0.08704513206407002,0.014846287886081295,0.028353132407705175,-0.03056275985674425,-0.03569852861718244,-0.05336243302966568,-0.012662483041059274,0.01071907647151904,-0.041587109581452564,-0.027893069238601978,0.059128661153546126,0.0008292002018192064,-0.09285139706414468,0.11624093543688743,-0.002566510623031031
ntsC,-0.016046308131603806,-0.001080602479332213,0.0036451171218147443,-0.0027151186787056584,0.010678358273734785,0.013437483960527179,-0.00762555189360131,-0.028306339355918107,0.008975867073630864,-0.07951529792928388,-0.0932297778091397,0.06853113351226241,-0.10700644392562272,-0.039731896549245735,-0.04920038512098735,-0.08481262673240778,0.08591008091977122,0.02489014732446914,0.07386410778512442,-0.030847781791560974
ndssC,-0.03368584563089694,0.0840059405282813,0.040204551231702586,0.03992924985324654,-0.05920582219356195,0.063078373624773,0.017315498967616885,0.016266922039019478,0.016789919943673362,-0.012808885557250313,-0.009861286985999166,-0.0403182431657103,0.049398636291079386,0.012454225444395381,0.09609465573169818,-0.01626749203281791,-0.01326871462045308,0.11948202627130061,-0.009965567894156988,0.03124996432562942
naasC,0.07582084691947802,-0.038656719951320945,-0.014923987029527687,-0.07663158002018612,-0.057083723039617874,-0.018840213806765295,-0.038079776927609645,-0.03277890650121111,0.042816466797058944,0.025088460697103195,0.042911184017317645,0.0363222509349257,-0.013361131148123954,-0.015296702513496088,-0.034392786376509235,0.024082180289878068,-0.05320657422765601,0.027099920849354014,0.0007543225307509419,-0.022248886749598826
naaaC,-0.007979800025821668,-0.01819659192742973,0.0001494980361093589,0.00039783447743538307,0.008949178726399979,-0.09048900619522451,0.14514760990699246,0.06622586411378023,0.07245695865373923,-0.030121755410044897,0.04114203364047998,0.05356619196193061,0.004842662875106443,-0.012576193403968497,-0.04456494736311184,0.027574347372646184,0.05491954297334568,-0.030041212656529207,-0.03933513972447018,-0.011829812199609987
nssssC,-0.011151402546937531,0.0297059276610553,-0.008740765184369302,0.013450963871447117,0.11229363554325317,-0.02863059786284444,-0.07586988913953936,0.08981778198063689,0.04611273051154571,-0.011623992663853298,0.038280555207579496,0.016166465747380423,-0.02177332857858392,0.01812886342869568,-0.005360896534622582,-0.048706434982305334,0.02480870980640709,-0.032717740211900985,0.013047618640187459,-0.01154555580025289
nsNH2,-0.0087602610842636,0.05277172178189361,0.10149577730669501,-0.015907721410567798,0.026121136993320745,0.0016736657858931307,0.057470906736120854,-0.030654305910095048,0.00716937099165175,-0.0064277721790192074,-0.001940074926247574,-0.011597649007971542,-0.009575185956355113,0.031001896541772583,-0.019087254449023115,0.022457210967342742,0.006654473555025562,0.026021365595038728,0.007908610987271199,-0.03676023157776594
ndNH,-0.005936291499763922,0.05077267633463088,0.09332371532438215,-0.038039984452100155,0.05042863494304484,-0.03353170692550869,0.03196992856813357,-0.03835170087952646,0.002832997852373238,-0.009114800091323082,-0.01054866025933331,0.005636668756499902,0.025638209611627716,0.0037611758934198436,-0.01255809123554674,0.0013504735795899735,-0.015868396581500372,0.031972195633317865,0.017709499799940912,-0.02482484932351397
nssNH,-0.0318697665726689,0.08429332238871762,0.06949305912257012,-0.002965780522205981,-0.0036288205207147197,0.014565412254332047,0.07501275743439138,-0.014691783720709145,-0.04232353762814282,0.001776227973181442,-0.0205084604656779,-0.012161303861464244,0.027617279946768547,-0.006422735858356478,-0.011069103591443096,-0.01951688548273554,0.03188217615877421,-0.018846899761542357,-0.03532793670330495,0.0026223088722479343
naaNH,-0.0069357503357336805,-0.005615641428085541,0.045193196573767386,0.09805097962799748,0.01581669465654476,-0.12853012006237272,-0.0017911195181486322,0.034396402841373706,0.02578790445960445,-0.06627783975529476,0.057666615038616774,-0.09363742957922817,0.04619040747836007,-0.10309365454168634,0.02325486804844527,-0.01892392699292392,0.009848131742258404,0.040446049144432804,0.05288579537450651,0.06552696361682121
ntN,-0.018171027134921202,0.0021353721652805427,-0.0007705838650334939,-0.005447560348036771,-0.0011079560416964772,-0.014538375052854716,-0.014952848969457052,-0.040290700931001656,0.001970101274739893,-0.04172315760722793,-0.07804144198641226,0.04575773022703342,-0.07275732394631633,-0.058062135207614496,-0.06351998107141578,-0.05674416938172903,0.03820288962867471,0.034670440099501716,0.08982240013490839,-0.08502545530854294
ndsN,-0.05314169131066735,0.041682151277281386,-0.047347773229517366,-0.05063269048119026,0.0010555703261464593,0.009066957810788128,-0.010286147949055515,-0.008658521687973866,-0.06321122720720579,-0.09269812552316947,-0.04795231569055832,-0.052607037824964106,0.03296774852766858,0.026884283648457217,-0.016725325264862572,0.059059182770496335,0.006072338139412308,0.033719406156581054,0.029720532957539878,0.025517431803472265
naaN,-0.07179467036053587,0.04689174106341908,-0.02925394307257227,0.030989077159733213,-0.002814442276939632,-0.09640621371978265,0.017734933003485904,-0.024415130238084486,0.05254357219289759,0.023333851345183728,-0.011487126458375505,0.007574874541329816,-0.03159071993348922,0.011810539799795449,-0.013342064906571353,-0.04518722843598705,-0.011580460361211228,-0.020973280434398073,0.03105679036146244,-0.048904875130732946
nsssN,0.05331746051167995,0.01706725520920887,-0.030729690769011955,0.022110483994565652,-0.0312776105730391,-0.016236669892580612,-0.08263872732934127,-0.07720482120035405,-0.021227282435042554,0.0522914192288333,-0.053814508652209075,0.013077866398673947,0.005951853197298453,-0.03969318608356274,0.031505212891928334,-0.004089234129577429,0.02607923406793284,-0.032207657367074566,-0.019964633649996254,-0.0037866970238848393
naasN,-0.009008990193737403,0.037318915837064655,-0.060486899030281586,-0.025202653975118634,0.007433476958601311,-0.020918632033117248,0.12381691547027937,0.047680917658401274,0.03700464330997891,0.029375317933089826,0.05630493874214146,0.09547500654353536,0.01011590321679718,0.004632171792157276,-0.06791168123669795,-0.001954668640769405,-0.004272137874791029,-0.04317921483954042,0.0564912332903242,0.06304526772680408
nssssNp,0.0014340483935509091,0.0015621465029917322,-0.005424367769362201,-0.007070084081868593,0.0035784809090760768,0.0071076332952595194,0.021915782602904027,0.0062137920866356024,0.017653336501456594,0.018532300577936325,0.033775561282119185,0.013574931005054811,-0.03458619208286905,0.031146501798814327,-0.020907507655182067,0.029184323374335196,0.023176841211310882,0.004747013633293937,-0.04535272691881316,-0.014204831822462662
nsOH,0.07612181382568205,-0.08966327209860266,0.04638634128360972,-0.11382941072699337,0.05158838325180719,0.01633939194780823,-0.039156114819774615,-0.0027275724640831956,0.04999453650510126,-0.049890473823032876,0.007473448455675722,0.03164756560329605,0.035857545664689454,0.030570455341853816,0.05041205696912794,0.01232404714457437,-0.06307689719987818,-0.026830390299961107,-0.04487340242605513,0.002871004340834243
ndO,-0.05729775137184914,0.1108380831159119,0.01884806421984035,-0.006913707893809158,-0.0499614965762219,0.025021311250503293,0.004778842554890306,0.046538567584239625,-0.022959402193226886,-0.013850748482972125,0.02912237103702132,0.012750505406883285,0.0609208443135614,-0.011047765778990517,0.008145682136999944,0.012947349342905931,0.01116860263833775,-0.039837233423364565,-0.013428741650984049,0.09017617798433099
nssO,0.04401623375172639,0.03514076919030937,-0.0663647688497891,-0.03451122324713526,-0.05516378278330954,0.04521615684295769,-0.03923721115590398,-0.02886898247434188,-0.0393840970724737,-0.03375252993330508,0.06989388859418114,-0.023988437279974732,-0.1289013726756206,0.007791262046443129,0.061064712967703036,0.05497876356224758,-0.0521493098241066,0.07430363667970458,0.03536895657667627,-0.05224615424662355
naaO,-0.061499777828458155,0.021157291382236567,-0.012964681326078363,-0.00455349774965148,-0.04198424765051946,0.015184974825590137,0.06231988606374357,-0.005756262397112063,0.05508326687373214,0.030528760105380703,-0.02758597164445387,0.05498112876664083,-0.004564732129949695,-0.03929418316629558,0.0006241428686538402,-0.024282928392001035,-0.021326370991474018,-0.07391654562998938,0.04839495374175308,-0.11746675369908736
nsOm,-0.013494852295067979,0.009649196278166761,0.007311446259091761,0.024690896322906726,-0.04209640877026784,0.013303325996037667,-0.022275197389425877,-0.028409768435468913,0.03372026427323169,0.041657565033892036,-0.05939733814054016,0.019877303930326443,0.04595517243585243,0.010450011909254762,0.025306952030400794,-0.007146138578305609,0.022660223709205143,-0.002533953285717139,-0.0026643211980666307,0.03537301458713399
nsF,0.0190623104362708,-0.043366943302823334,0.08520799515184511,0.03173133762673353,-0.04529806086685264,-0.04516507870635672,-0.07236485330157647,0.1270805744065841,-0.01991055109196399,0.04742482544675636,-0.009448793298076867,0.003318663794027545,-0.03316196805406796,-0.07038180644565613,-0.048889438222943046,-0.04170611822578622,0.05097574479028218,0.04747464090996512,-0.01062339375700743,-0.0682136854787825
ndsssP,-0.007869313559192747,0.01097136685238,-0.0019808555405607386,0.015493079154314688,-0.02412799620015747,0.025669936564334025,-0.00175222410171892,0.010596072461238738,0.008074857122672066,0.0328819521743109,0.0019221406031631073,0.009467706001138543,-0.029865270930573493,0.02835133969345764,-0.018336139483390423,0.020676500148869854,0.02936956301119085,-0.04206558430820672,-0.0426048465294427,-0.038105340923896794
nsSH,-0.005025453481062804,0.0019048514593385866,0.002332490474710184,0.01260351485192481,-0.01239975390068724,-0.0074427947457035015,-0.023872561295710273,-0.012054732748983162,-0.02180981405607926,-0.03532751774812276,-0.04011922049492018,-0.0008733457574754681,0.05034960271710296,0.05047953391781129,0.005088669209719375,0.02322568085367087,0.03166649436785913,0.05149266718427519,0.028278973574645712,-0.009882353185534978
ndS,-0.014220386331224634,0.01102613484802167,0.013159045432734856,0.0555531151504792,-0.06269507082995668,0.046200742475494716,-0.0352618604708134,-0.06126735598335429,0.025491519709291185,0.07526417811670047,-0.07064897570160315,0.05915105695186149,0.052341620868160715,0.07085180613780752,0.1785421269184909,-0.07370282073491535,0.09218088712776415,-0.08924275289419369,-0.08931828300049273,-0.07661511834377831
nssS,0.0238799168582456,-0.009115863509481813,0.05904799826603568,0.07836277835969813,-0.033089639479985576,-0.029893000534169108,-0.10447385776987453,-0.11408195844383914,-0.02757790312605469,-0.03395782500798411,-0.06469433170081759,0.039699348767403615,-0.008808786084090853,-0.018227624654111665,-0.047340186667119484,0.0007331573428624014,-0.14177981917074337,-0.009399668329987225,0.09480344036423193,0.030960510206044026
naaS,-0.01058186258892563,0.013661870308692772,0.004157502142113956,0.05026146891751609,-0.03979352237233423,-0.07144605604972873,-0.05750534455040804,-0.059605632992243286,0.030511210938376974,-0.04572164407374608,0.026274968749149072,0.03510343313208438,-0.05807381571649671,0.1383469002994796,-0.061647046601326125,0.0876748944408109,0.021990857587319217,0.013139484836167614,-0.16274597427669593,0.015407553028351605
ndssS,0.005667536754051738,-0.0024597356342518618,0.01076908853112727,0.011103733847379844,0.0022030329547271413,0.0023661846567457697,-0.0010942948642817397,0.03263611373678923,-0.008352244387423541,0.03482375697049659,-0.030836158236089255,0.004184393418111568,0.02132673030276312,-0.05808808712036791,-0.026093554855142198,-0.03299499231198648,-0.0518005326796978,0.009383132989435845,0.04170709580912447,0.06043496223523349
nddssS,-0.011793199208627977,0.03238537427336214,-0.017562689874547757,0.0050810329694362,-0.056535295142759984,0.03505706570386786,-0.012492413471674176,0.057795781898967884,-0.017621855547366262,0.0493719084838684,-0.03960062420026483,-0.0019967971287916477,-0.01171431333342182,0.015510487692506722,-0.048563000051403946,0.006289535779185791,-0.03616938436226575,-0.07499456873740745,-0.05149111170849289,0.0481972148882031
nsCl,-0.013384694709109338,-0.006118050170256285,0.01092395760383669,0.008444556742167812,-0.002840973518851128,-0.028180246274731372,0.006440129914693213,0.006757072754946039,-0.025879917953950036,0.01893697652618768,-0.02075010633758864,0.027897822372737312,-0.07144312927964563,0.08209757003623283,-0.08105335460834462,0.10208102234198316,-0.020756659169334946,0.04665512512071812,0.01737591062674312,0.07761525475111093
nsBr,-0.020256329364625642,-0.004654918375587055,0.0076884596552581124,0.0015839590319774693,0.026694624693485488,-0.052287624979232575,0.00724232323342522,0.04542297029518839,-0.04408879906052666,-0.0015618610272360883,-0.03507758399143519,0.058314735834604774,0.032623820429206724,0.05811088701118373,0.026347666682830114,0.001640142663684339,-0.09423837823217365,0.005559083515361968,-0.03255364109396709,-0.03943348095621241
nsI,-0.009682703660747412,0.006240652842746242,-0.011320993058908978,-0.018809954121718132,0.024664162532217194,-0.003151931842005732,0.03139487616402046,0.053515017393154965,-0.06588914468508746,0.047915530961740296,-0.073329433753835,0.021457351470097762,0.0715479592438343,-0.00501158220546445,0.033366918696127096,-0.0473074798281378,-0.034111954099091235,-0.0752928934425787,0.04188869808470486,-0.03337313410154789
SHBd,0.02599376436266266,-0.013009810493706288,0.13165377561057723,-0.07264614117167907,0.025665187995785026,-0.005819919770713195,0.030897010498125894,-0.017113024965684055,0.018623062121645856,-0.06664788573558,0.012255193817536316,0.01234257609896537,0.06852156303767346,-0.008637722162294711,0.010505080665941071,0.015595150085186497,0.012690129169160767,-0.0319110739453543,-0.021689164517781655,0.01455184828901242
SwHBd,0.013873054205106386,-0.007890119037167742,0.008723998932672304,-0.024832456994247402,0.02286080794159708,-0.04045053885567042,-0.014279947205988904,0.08441942166552302,-0.06579121495461868,0.0627410041867367,-0.04412153275934,0.09730822386114929,0.07005085018578891,0.056254354376655956,0.02734386287446549,0.02816959349191721,0.06704193451255902,0.13842457417836393,0.0934933612400772,-0.02491508306553419
SHBa,0.011941842449892019,0.04984230611246343,0.07714377394615134,-0.053161717227190555,-0.03796680075606231,0.006540049452524828,-0.03180852034711976,0.06991615810777993,-0.0054123729131279694,-0.003001738521383385,0.01810793770863827,0.010432052563816083,0.001369377790526694,-0.02999733689505798,0.022920575322105684,0.005658720951565165,-0.006217582239748009,-0.0014095036059479868,-0.020713790874873954,-0.0030773975145315085
SwHBa,0.09265472516635508,-0.016099549391794837,-0.06531302970884073,0.006050946795260872,-0.041978053027310155,-0.03487038290949927,0.04219794572447816,-0.03675281441491295,0.013627795692607012,-0.027880927069019006,0.010242955912682618,0.01627762879931332,0.04376322976215346,0.03510219251601482,-0.053257282190658874,-0.04928614914816001,0.03217071747451996,-0.003065496412950984,0.0255468820565081,0.04483306886676916
SHBint2,-0.017566744583719245,0.0646133603044406,0.092472173175664,-0.005494635830857333,-0.014918599365406135,0.012360699888981825,0.04265406520214105,-0.0009621210673066738,-0.01058026525694643,-0.013629143311256217,-0.0056079399728665704,-0.027764527310278828,0.013374301394493275,0.051946391568319344,-0.00391602599507242,-0.022260851496082944,0.021958922991219636,-0.004933977295662384,-0.009228172611697009,-0.027050315809268942
SHBint3,-0.01301459112693087,0.03588978653224772,0.08861349933143063,-0.06845028994689803,0.07169090259448391,-0.0623786932649708,-0.023414340144277363,-0.04337107435388081,0.016239663121954774,-0.04033241765022766,0.05275364004747669,0.04352448420314264,-0.03291101926959616,0.03399623100391132,0.05749716911997672,-0.04470593633340476,0.04054135514984585,-0.03980020267180393,0.01767301051311879,0.0012283638374989982
SHBint4,-0.04060732620367476,0.021833838029614982,-0.032538424101316556,-0.09965461746513146,-0.0017024571067440204,0.04261168355541813,0.025114891225867696,0.03516236595340324,-0.012213337862369344,-0.03317729987557488,-0.013784232603003746,-0.038473816493084866,0.005960724984146841,-0.03827478220741449,0.06510577741273597,0.07769149242944388,0.043157230725717505,-0.042725434280988246,0.01391669976360289,0.04919219094450518
SHBint5,-0.0012639068805798401,0.02442258557917193,0.11297354957396562,-0.005273125888417223,-0.004775418906225185,0.020616232110769177,0.03762198088958299,-0.03599469598198186,0.04995738294701804,0.03695404990981343,-0.03336116597986094,0.005049594254622485,0.04672142128620441,-0.09838818228768491,-0.027016756461717962,0.025291447779919034,-0.024315543270589893,-0.03882891103121993,0.06804015276977336,0.08055103958539221
SHBint6,-0.02459195698642584,0.04950980982715602,0.08174005513774212,-0.05784948850758453,0.018122920621685953,0.020580538680818015,0.04515387122708465,-0.00021003797258120163,0.00472609665666947,0.02280352181004962,-0.032992013114663515,-0.0493660489003953,-0.010488478828262562,0.014997149147164249,0.016851138803169755,-0.018234791175513757,-0.06617907562960161,0.0620525430825148,-0.03226231714611104,0.029863552512308274
SHBint7,0.004516276586118955,0.0362210550957414,0.06208508715265107,-0.05585545795355921,0.010823034698442752,-0.023654291309828424,-0.007802217793049151,-0.004676518110727136,0.008735413537263126,0.0059419868572466155,-0.09338522050303338,-0.06875123488536887,-0.005835098793038498,-0.011315735627616636,0.013023744933105872,0.060068165289121185,0.02230278469532142,-0.0636020366319414,0.04849085494478929,0.11639130098937364
SHBint8,0.0007625939789288372,0.031595233777988015,0.12471775915536587,0.004528453163715455,0.014194046966543245,-0.00524738172885818,0.07541826724234475,0.039322112504910585,-0.018385977272298064,-0.04768247237728358,0.026139424861849545,-0.01947215165411186,0.004872226676421515,-0.001166109535704675,0.021716303829969735,0.02274897522604711,0.03213767964585568,-0.005687674691071071,-0.012951067035443744,2.605896272279103e-05
SHBint9,0.0013900882261658615,0.03741137509201361,0.09532981117189405,-0.04925170299712514,0.027133858529015918,-0.005757830687332782,0.0365172456129791,0.0008968987155390098,0.0034720080227011027,-0.00618120370813615,-0.018475351598646293,0.006180976326331461,0.014353123778673182,-0.008822191736288397,0.015408728799575942,0.015190077853402059,0.029031313160372878,-0.06396260880335825,0.02049786871511289,0.008772085308530773
SHBint10,0.04445312348569209,-0.018647243996988343,0.07302832280781146,-0.07564032310256813,0.0510606545181202,-0.06432029669676598,-0.02653376498713755,-0.005707070069029365,0.05021196025188096,0.01572074045373604,-0.06636609334858695,2.7889821801568626e-05,-0.02858590408548507,0.019543277720043103,0.04423641180321898,-0.0337913489049298,-0.02517701991520362,-0.09050684673327312,0.03728092307994377,0.07738416558084148
SHsOH,0.06889597631111924,-0.10275426909268234,0.06695708644919662,-0.10329025963208217,0.016515026220618026,0.01700330826046809,-0.024118820840118193,0.002959993007988289,0.03618529255333972,-0.05632681069522263,0.020710283567329915,0.026489672026002564,0.05490886910217448,0.01272550767868811,0.03346238980851204,0.023654563082847795,-0.023421792936790604,-0.05267724665588734,-0.02328306559524251,0.014533665409292875
SHdNH,-0.006507099924505434,0.050198941798798254,0.0940691245372275,-0.03706933500048549,0.05084794564761787,-0.035049025525325454,0.027276838325249474,-0.04309768169409421,0.005060972986091003,-0.008985699212889536,-0.004434812658922438,0.011128042960299908,0.028773389958467895,0.0006512835372649275,-0.01985072438576129,0.008132812329586432,-0.009932445326041383,0.030287150145664223,0.022502417831331074,-0.02345081340894834
SHsSH,-0.0050254534810628025,0.001904851459338587,0.0023324904747101835,0.012603514851924808,-0.012399753900687236,-0.0074427947457035015,-0.02387256129571027,-0.012054732748983162,-0.021809814056079267,-0.035327517748122754,-0.04011922049492018,-0.0008733457574754696,0.05034960271710296,0.05047953391781129,0.0050886692097193735,0.02322568085367086,0.03166649436785913,0.05149266718427522,0.028278973574645726,-0.00988235318553494
SHsNH2,-0.009313915541589763,0.05277395081556171,0.10098117470476946,-0.01631243530928641,0.02579594237591505,0.0017229975210101805,0.05747296167053215,-0.030499238952582462,0.005897409724081688,-0.010245512271009278,0.004346504587509883,-0.005229325477356985,-0.0026698772275116564,0.022551542700964124,-0.02870086997188646,0.031047401047663136,0.01487041337378759,0.019851115449767035,0.014530460551696225,-0.030238001393593658
SHssNH,-0.044940795169163036,0.09213377700576705,0.050221485753195766,-0.0030214196898587344,-0.015835639402129755,0.015251565942885206,0.06652821182800289,-0.014371579957042203,-0.046594609698675876,-0.006066823020811368,-0.01667772288660389,0.004784423480463561,0.0402775997134322,-0.016834266033860724,-0.01574407659842153,-0.016843147733853384,0.03861289622494773,-0.029432358060848967,-0.03548967015719626,0.006170261639161501
SHaaNH,-0.010907774149724644,-0.0060431891825469585,0.04942651560206827,0.1063210174791843,0.014480218384238606,-0.12928770363812572,-0.009577463120719248,0.036232322700188314,0.03016923780444403,-0.06813639406129222,0.06486565240604668,-0.08450840873861862,0.041076095753835556,-0.09778571866251633,0.0277748765729637,-0.005506879993311472,0.02431082147179338,0.027640765427851367,0.05013932126454701,0.03552456767134424
SHtCH,-0.00099816556592928,-0.007880898455933632,0.014523948045601988,0.003507298506671194,0.0214407927658609,0.03456475781410728,-0.023611631355946704,-0.03163813398612676,0.06902592929743119,-0.043615619997156414,-0.10242334955616594,0.06461362236640407,-0.06579562545457503,-0.020268793965030656,-0.009857167404521817,-0.07498451070774054,0.06883650129824681,0.07136931272047427,-0.0722781384847059,0.11002769309016107
SHdCH2,-0.016772268727152845,-0.000388765464011617,0.004629209249041232,-0.003370390853184949,0.0012133567906412986,0.06546126308040225,-0.023522058688401952,-0.02767189746280694,0.07013182344339773,-0.07791123226212329,0.01991384283511784,-0.026298468402380194,-0.018881604179005956,-0.0022693563909586684,-0.05122789305676869,-0.04822930389989155,-0.012405189454882315,-0.053046016385745236,0.005578210610914575,-0.012816767020266786
SHdsCH,-0.00316954547881609,0.008295185196959914,0.0038398854330524423,-0.012003824553230305,-0.05393716363006877,0.0681759766259685,-0.03989919028546255,0.05432222750876192,0.01425543388508982,-0.10606117148494208,0.032030675118689504,-0.05347043616902363,0.1286045082117137,0.08026098943762643,-0.08646965785264536,-0.015862952264785013,0.03152129288146323,0.02917643267786835,0.05121784414748434,-0.0404298901932125
SHaaCH,0.0765881735860154,-0.016965330155165822,-0.047553546968580274,-0.059349926210069535,-0.07650770898783091,-0.04563128563583792,0.033858351238823144,0.008749248769095823,-0.002986164397218134,0.00438669067744232,-0.030694049966406522,-0.03366522374586421,-0.008312776999252874,0.0068846745627260805,-0.0012635959740873292,-0.0577643221909262,0.012725874582478966,0.003981801979607185,-0.02176280081503643,0.004215059096534184
SHCHnX,0.012850333783520514,-0.007798900351105336,0.007873547376413386,-0.027168730992051186,0.02574796605611592,-0.04327908563223352,-0.015505429167116815,0.08251794413952689,-0.060473435739992955,0.07367462923637182,-0.06461257066496527,0.08136701266623252,0.05891511718245359,0.06991796956245772,0.035426525506137944,0.024642696668014514,0.0626106449746533,0.1392102932388701,0.09123105467854159,-0.029189692256139595
SHCsats,0.05972122363161774,0.05279744641237401,0.04047666704500272,0.024400818958549137,0.04998613744652172,0.022329353107825717,0.001836870794314795,0.004209364384779246,-0.06515171587471583,-0.02578807013784623,0.026954997019072852,0.020781955673242716,0.013564855556500353,-0.05759008007252353,0.0024620339484460597,0.048227593260746576,0.07086781176571787,-0.07904678011226622,0.044332768861546,-0.0005762035479628096
SHCsatu,-0.005798895122521021,0.07627043949671874,0.04981537907082478,-0.0015252524816944592,0.004801711666474049,0.03314015516787882,0.0005810748486394295,-0.04194607962984563,0.0521444635718002,0.0014340030563684896,0.013774744658717157,0.015257180440604394,0.03415328072303217,-0.03443843122538546,0.01868926041537631,0.06907512165915895,0.09412310724349812,-0.04206461001128865,0.08675050223593964,0.04211015841641009
SHAvin,0.009156877397096246,0.0011107260720657343,0.0015592481532627509,-0.010401223123283319,-0.06330296905808974,0.03271350695305239,-0.045629227558356536,0.02548386491897592,0.06049129714774904,-0.04796960334240452,-0.0023696822225016795,-0.08471802293478711,0.06443161296120721,0.13525081719075308,-0.017128533558691397,-0.08072395491883537,-0.01918461739284415,0.024643219357447763,0.0200440396926172,-0.0962237757635587
SHother,0.07302047615258078,-0.014596774351368799,-0.04512050529670011,-0.06045838082804086,-0.08647777407458605,-0.026452202768265612,0.022954799633127063,0.019844452584689636,0.0028568342456819786,-0.022638881965249824,-0.021800809424191207,-0.04577244092934904,0.02047837202630495,0.02484032208270198,-0.022714153720818038,-0.061405538344353125,0.01907075783712013,0.008592245181329977,-0.009285536154301251,-0.005555836263656133
SsCH3,-0.005411149069297825,0.045154639875872,0.011422297958654237,0.021708004406543396,0.03529770526344838,0.07913196540433429,0.026251100245128976,-0.019250693903186254,0.06102556327110717,0.15295009685098895,0.09025285627935922,-0.050355244593084644,-0.038879985156241956,0.017419041016859097,-0.0711914397871827,-0.031002856501054502,-0.008640600028833361,0.019479393958121264,0.04063192548759604,-0.022293474834688447
SdCH2,-0.017810436846391435,0.0048003212029442905,-0.0018657690116452318,-0.0031607428475658324,0.012339093142245834,0.07470007935085601,-0.018782386720032542,-0.017803081339333473,0.06535399439711888,-0.08531039910358067,0.015012866129952347,-0.023716162648981968,-0.024606998073576455,0.0071754089244006536,-0.0463391294705518,-0.056137928327987655,-0.027903680955206272,-0.030524539182088365,-0.011958568352373175,-0.01265040913254888
SssCH2,0.07092665637426364,0.016715077006276197,-0.03959153357333008,0.03259295794700572,0.06834295236748372,-0.008214096693053188,-0.03157215757492715,-0.032620102675604196,-0.05163955023102694,0.02427006979224638,-0.06474145105650363,-0.07146767747895932,-0.05697431931522917,-0.02290630314071176,0.03238985122191132,0.010209730874375968,0.01958036482158191,0.018191304553727,-0.08155448007051869,-0.01627048516941241
StCH,-0.0009371426627407197,-0.006984693680845015,0.01582505092054775,0.012175920739862015,0.015595481515229562,0.05394427178540823,-0.0029190285658430206,-0.008116022246192131,0.045502383608299904,-0.07459533504519948,-0.07029602559920999,0.0971171458633747,-0.03664748271152206,-0.04869490645133282,-0.03910057458764309,-0.051617057263472654,0.09032567596370031,0.04767455876953807,-0.052144006403721715,0.12784767870153949
SdsCH,-0.014048585194428163,0.029139964000128995,-0.028758584247991888,-0.028865579175364944,0.007105162281205208,0.056109332485103205,-0.06631771448774236,0.018156022789557517,0.061388727817014876,-0.07053702356824453,-0.03951880368593758,-0.06767666608856678,0.10493826590634875,0.0808128127480318,-0.08013953788277157,-0.0199447089248359,-0.009146400139352856,0.05529036672442653,0.008971710980035555,-0.05250115648587225
SaaCH,0.09170278935061289,-0.014446218882044483,-0.05531549957209815,-0.019956302092006797,-0.04923159461508101,-0.04799694376896424,0.05037725750353484,-0.015853896718704054,-0.02858193233966624,-0.00993615284545296,0.015990780396027453,-0.0005766747645592376,0.032748434803523026,0.01299158067712978,-0.03158708705468233,-0.049423259796360114,0.038808978794548234,-0.03580433129109306,0.031453885576631514,0.05783780618019311
SsssCH,0.015443913257122239,-0.05498211028180899,-0.04980412972579196,0.09412541854804701,-0.031357099311074284,0.09158940145601172,0.02284071320701066,0.041311074589488433,-0.03189495729904574,-0.03419773437153978,-0.02386694588764796,-0.0016607494064737247,0.027728754185316968,-0.0463276965643253,-0.025594302056152228,-0.037460468759804785,-0.067164722180031,-0.0012107335670510622,-0.024494763434106153,0.014338549112109689
StsC,-0.014344057340446434,-0.00045604423718938983,0.0025852463944471362,-0.000804805392521736,0.013097057845208945,0.01997404385752914,-0.004480518521116421,-0.023084727497187266,0.008112126880688096,-0.08355782308097111,-0.09054711671324232,0.0681220840002053,-0.10956618408998457,-0.02997239774010653,-0.04199233426964348,-0.08670803824000384,0.0914581729691828,0.018266666852315146,0.06741135327925332,-0.017935398687524275
SdssC,0.022689244174436705,-0.033767955759862384,-0.04192910779691552,0.09298886685538539,-0.01939613975340597,0.039496450972408434,-0.04368663965812903,-0.06314627272193213,0.08168576868156796,0.06506646824885284,-0.07453558386308982,0.002447696925099729,0.0473972326405908,-0.021587697240366504,0.04895426262104761,0.03284975539274686,0.019298156464654218,0.06471704407104087,-0.016304949731409193,-0.006876648541518855
SaasC,0.07680554434911342,-0.008521053692287138,-0.03655629732110228,0.04494238941784967,-0.02187945446059636,-0.02308544839278491,0.007850260221192751,-0.07891852031189395,-0.010987239239505717,-0.0011078785573123279,0.07997655856049338,0.060128625794541965,0.03551502546849491,0.051639734545721704,-0.05268799071973923,-0.0016249668365193452,-0.06391496693849331,0.02558659409391964,0.030064669363467182,0.0017081226552917482
SaaaC,0.0008980908435290836,-0.010347140754328582,-0.012705605124167726,0.007943325389025474,0.018969081304350585,-0.10289553621190513,0.127758567222202,0.041166297787644655,0.0760953665018851,-0.019723532973064437,0.03018399774422323,0.019566154947081478,-0.021328375254357143,0.054500094859939126,-0.011323935590858064,0.016451948927771153,0.03595605480416823,-0.0024964217714177573,-0.05179268518236552,0.005291988189077822
SssssC,-0.003490883053832024,0.005776209326803507,-0.041618202909455275,-0.01365032334497136,0.009649158482536491,0.07680050366055668,0.12650393383038774,-0.05593826634238812,-0.04102733844150896,-0.0832497262502093,0.015579177419529487,0.026220096846479142,0.0597449557539535,0.04409503063709753,0.022639394322308173,0.09819009840188028,0.030151301507266682,-0.014919773551129745,-0.03018395691530258,-0.06067181052067738
SsNH2,-0.009194949548217028,0.0532563229350934,0.10009477451763343,-0.016368846576007994,0.02608699737628833,0.0014677310509860775,0.057470416599259985,-0.030929956175195963,0.008395644263428153,-0.004581020325975992,-0.006379376657532191,-0.015762526985746952,-0.014492895199920496,0.03536209061860278,-0.015605339234843687,0.01967659982744777,0.0034320948362194232,0.029517572637334594,0.006275986064426368,-0.03732010978907028
SdNH,-0.005881065210574986,0.05092425895534181,0.09253707759082591,-0.03839635989304277,0.050162826702187566,-0.033113412579488244,0.03326683981824492,-0.036699751193406974,0.0017292193306064282,-0.00979917947989225,-0.012516930730356014,0.004036421585155685,0.024889340920752106,0.004792400198223341,-0.009992161241365587,-0.0012445537317818196,-0.018553197406836586,0.03319620321582709,0.016857783547909944,-0.023797914796823777
SssNH,-0.03289507842237198,0.08515679273894577,0.06396502452779824,-0.0003923190809186915,-0.004856323953902487,0.014603929654707654,0.07383163156994967,-0.018682510097580873,-0.04371204571002381,0.009939510697577925,-0.028641294995384647,-0.021515634593935108,0.024184705137826192,-0.005796326882686162,-0.010804876450686366,-0.023012154264938935,0.0350211351021695,-0.018076053957555432,-0.04206218769244818,0.006903085408709581
SaaNH,-0.005356176235607704,-0.005528037181200273,0.042310730714176015,0.09377989559403996,0.01606395946344908,-0.12581384866339998,0.0028927169088983143,0.03340040987079222,0.023632857972263922,-0.0647929870288342,0.05288951307083609,-0.09557542001398024,0.048130282617261586,-0.10261360547153438,0.02071810252203619,-0.02198179956297946,0.005680032879101977,0.042905871042076646,0.0542182713953534,0.07675915359775984
StN,-0.018230718340288877,0.003081293761762871,-0.0022148650885512114,-0.005976286863407902,-0.0009812787141964567,-0.014326772412074053,-0.014002139693049686,-0.03962694758771258,0.0015745665232213882,-0.041529638076479115,-0.07960516842031423,0.04208784034934884,-0.0774699666813622,-0.0529583194329179,-0.058949876358242434,-0.06123298777361299,0.03442933053814751,0.038786174913469494,0.08757978820578316,-0.08658824743010018
SdsN,-0.054157434032091674,0.04435008450692996,-0.04989995592992072,-0.04976531252864942,0.0009212562104642021,0.008177137423704172,-0.011445437252199426,-0.010073019400938757,-0.06298447234166935,-0.09012695347178282,-0.05118796056967514,-0.051899936865218994,0.03149085506209903,0.025248484158241838,-0.017027314391484014,0.059949567065969156,0.0036986940925201493,0.03326862117277404,0.034042933762078724,0.03269411810512514
SaaN,-0.07195996699924231,0.04848692723621661,-0.033326349530438386,0.027510237803962213,-0.0005450627567359865,-0.09611613255439504,0.021346181016624347,-0.025785169782631262,0.051221244072069516,0.02478199234338144,-0.01299446636566601,0.008573780310385649,-0.030125366311376252,0.012023153738345864,-0.015239969610499523,-0.04816506706991246,-0.01804579768377806,-0.01391582308731024,0.02478727302807003,-0.049028832459854975
SsssN,0.0707343669047387,0.0035705763059727088,-0.02104138020130005,0.03359274361318076,-0.03202731312882362,-0.009987371066688145,-0.06767287381069229,-0.07977427978410538,-0.02264158871432365,0.04736264478276825,-0.04628406519994137,0.012893381790560675,0.0037383867480952765,-0.04777272052001778,0.008580203556618645,0.01791585413652519,0.05420951394214936,-0.06287701753628322,0.005753069499922863,-0.007954306036279068
SaasN,-0.005816709582718957,0.03955987595104725,-0.07100059692273622,-0.03984218338851048,0.027400830422679018,-0.046335140248278714,0.09715700924281072,0.014737459424360987,0.07206900500064162,0.06876697052967187,0.017665201170676662,0.05916256757113644,-0.021565651533830575,0.03815999370334835,-0.03706791198110516,-0.026598752216145324,-0.03741929347141954,6.819607341826521e-05,0.008882178287024865,0.01336630912716389
SssssNp,0.0014340483935509091,0.0015621465029917324,-0.005424367769362202,-0.007070084081868593,0.003578480909076076,0.0071076332952595194,0.021915782602904027,0.006213792086635606,0.017653336501456594,0.018532300577936325,0.033775561282119185,0.013574931005054811,-0.03458619208286905,0.03114650179881431,-0.02090750765518208,0.029184323374335193,0.023176841211310882,0.004747013633293928,-0.04535272691881314,-0.014204831822462658
SsOH,0.07709793064029248,-0.08573774493367847,0.04097598561581716,-0.11532718748107042,0.05728993017840885,0.015757390740823718,-0.04097337615607481,-0.0048217089243445055,0.053280509800645845,-0.04712963921435108,0.004887595530174569,0.03293353571065372,0.030321443598697345,0.032845073675615864,0.05322703285563515,0.012083908394671208,-0.07019918793647785,-0.021973690218390716,-0.047369012152761965,0.0006348934620275928
SdO,-0.05469449629611264,0.11258636706045472,0.019280162006492834,-0.013475913253564712,-0.040537365182035726,0.01736163754065742,0.005345729534492688,0.03988480006141431,-0.016017548000380258,-0.0060105044389156485,0.016193411151811582,0.00459304452097047,0.049359650231402666,-0.00513042524090151,0.016181567264299493,0.006664020623300903,-0.0013849226608188855,-0.02808332894700627,-0.02602965161162393,0.07437022490715864
SssO,0.05332098973437157,0.027187716820367535,-0.057542635819990265,-0.02415428045886729,-0.05979339529575714,0.05140069868389887,-0.03241509518574738,-0.028559984728616553,-0.0419283391022406,-0.039105509498170654,0.0697241222486408,-0.01937684865106699,-0.12422015895804953,0.0028074877309124365,0.05417523044417012,0.06560110902542937,-0.0429719720679906,0.06227003924941539,0.04004941695855338,-0.05003906845036591
SaaO,-0.06117643921100766,0.022142417304174673,-0.016220075573897895,-0.009363130891071167,-0.036305740279991984,0.008558823610850126,0.05560789151269761,-0.013005684706398821,0.06631299202987284,0.041916880060991646,-0.038939109225927304,0.045635946795916406,-0.01456561031897535,-0.027236023001802275,0.011904944830013661,-0.036606144823738127,-0.038689562634764516,-0.05456198715131997,0.03270972762462075,-0.13609226692727389
SsOm,-0.013597267239830813,0.009850235157338657,0.007124312644469375,0.024737135539429477,-0.042256353687106896,0.013544636248208355,-0.021513793750942495,-0.027772769852721056,0.03341977536769297,0.04102121543347877,-0.05837212094536341,0.020912807510393306,0.046592197688321214,0.009401718355677765,0.024288537710603048,-0.006552278683910742,0.023062716621758354,-0.0035458584396503025,-0.0007576901207328308,0.037388886763303306
SsF,0.020074734873310456,-0.04459800470457317,0.0869472173266008,0.033497616772699704,-0.04663369610185001,-0.042787606971782174,-0.06929287003436448,0.12988608116938744,-0.02139075469764751,0.045468097402185645,-0.0090390772485605,0.0015496373253468436,-0.03394526532395927,-0.07031714295212335,-0.05208239550200154,-0.03442398605434163,0.06413620581536889,0.03183497706627139,0.0036840184565053113,-0.05391416603695972
SdsssP,0.007869694914820183,-0.010971601344363032,0.001981002648777094,-0.015493878073269428,0.024130365227484483,-0.025674982313212552,0.0017441560683572035,-0.01060265226600568,-0.008070404293488547,-0.03288388591523237,-0.00190593748523648,-0.009442318861193129,0.02989056875213866,-0.028372126753725253,0.018322943417027896,-0.020666877315338113,-0.02935013092890481,0.04202446975346686,0.04267190147716873,0.038215917157540476
SsSH,-0.005025453481062805,0.001904851459338587,0.0023324904747101844,0.012603514851924815,-0.012399753900687245,-0.007442794745703507,-0.023872561295710276,-0.012054732748983164,-0.02180981405607927,-0.03532751774812277,-0.040119220494920206,-0.0008733457574754633,0.050349602717102974,0.05047953391781131,0.0050886692097193865,0.02322568085367088,0.03166649436785913,0.05149266718427524,0.028278973574645733,-0.009882353185534978
SdS,-0.012882576064027318,0.007323292375165763,0.019707960146152875,0.06785766703203357,-0.06969665376143755,0.054755431636322384,-0.027463617967740918,-0.053184738409354136,0.009740892478154076,0.05391626364519067,-0.031689289301823485,0.10339525238743157,0.09935621465765632,0.023689386454802296,0.13204866840683993,-0.04060513636725185,0.11951297949306064,-0.11583772017789402,-0.07103884628131171,-0.0635685465753304
SssS,-0.025594472911425123,0.006273059986329347,-0.06619672726590728,-0.07672972006485708,0.03894022736900988,0.02061613966480709,0.08275459492470659,0.09709213538915205,0.043342661984614915,0.04831821899908264,0.06091816435447511,-0.021866474695836084,0.036378913556222615,-0.015123950764127612,0.009101330244274501,0.03457958723598273,0.1812223522331462,-0.026140659020732374,-0.07215743311822019,-0.004144055249573398
SaaS,0.001355147758572887,-0.006610867100908315,-0.012520909981900202,-0.05462979826757724,0.05055144259665232,0.05640107561645317,0.037126180969317045,0.03434654025908043,-0.014295314731442733,0.073237030993917,-0.05706324384397523,-0.05968697040879741,0.03082235837770079,-0.1167853165913051,0.08286494835569122,-0.10351708934564514,-0.035191762847493764,-0.012555624048398637,0.16540259867310458,-0.02443718132877087
SdssS,-0.005667536754051737,0.002459735634251862,-0.01076908853112727,-0.011103733847379841,-0.002203032954727142,-0.0023661846567457697,0.001094294864281738,-0.03263611373678922,0.008352244387423538,-0.034823756970496576,0.030836158236089244,-0.004184393418111572,-0.021326730302763136,0.05808808712036792,0.026093554855142195,0.03299499231198646,0.05180053267969777,-0.009383132989435838,-0.04170709580912446,-0.06043496223523345
SddssS,0.011235106925492275,-0.03398396899534633,0.021038371292356636,0.0013251167320464247,0.052165935523590494,-0.028531682636466292,0.021027133939804946,-0.05119312605352169,0.00708242103949535,-0.05863437293337647,0.052583565797779806,0.014088003873830074,0.02027913926726962,-0.02564026729003131,0.03792251046266618,0.001039441446936825,0.04070954599989572,0.07097708407678964,0.05495581190379231,-0.041862197857493254
SsCl,-0.012627424445308412,-0.0026832716565577896,0.005517163885572182,0.008627288629683934,0.003653446120571911,-0.0363242531798594,0.0016575904171229087,-0.002890697625657552,-0.02062868549256826,0.026111704410630356,-0.031276589204065314,0.017611775784352846,-0.08019900828809626,0.1021672483171003,-0.060614709761417564,0.07981256825022481,-0.039640216394892965,0.07020233317216104,0.0012906604581513258,0.06916563552608128
SsBr,-0.014137820754003674,0.016764028751274987,-0.029424870545110407,-0.01437447682981549,0.032502376171298024,-0.03128680969879175,0.0406564292516332,0.04913507206138876,-0.07759836802415729,-0.03231243731071088,-0.06690854953174022,-0.04116563748130217,0.004211265466504622,0.03969290400942833,-0.04456716404266582,0.08474912940273092,0.05998500017762354,-0.06422349310280863,0.011842066474296122,-0.09155795586562379
SsI,0.009800918894935048,-0.006188035680358853,0.01131534666160122,0.019095836441147,-0.024836644028162536,0.0035813447124561316,-0.029908567852106525,-0.05148752488859951,0.06363611061275923,-0.05228925645210698,0.08060751921415321,-0.010812832795699343,-0.05972775930415341,-0.0070467682063698545,-0.04443271366163301,0.055860976205596095,0.04074085358811416,0.0699730011443238,-0.040870199405975326,0.030008441013460417
minHBd,0.034545738357130935,-0.11248443436250143,0.12214764669907276,0.027878949434168965,-0.06309282910039646,-0.0005067366996133468,-0.028145918850350938,-0.03227294689340412,0.059408779534520686,0.05707237998576586,-0.05878662920128758,-0.062381977956328896,0.0174572072774951,-0.006710592436726456,0.006736469015877509,0.04865089858645873,0.03136758729852455,-0.015596812350281933,-0.053233451576371243,-0.06917212535019292
minwHBd,0.01190248376208877,-0.005251565131792355,0.003677015888030544,-0.032694572280054665,0.03201647870101372,-0.053206797774705196,-0.03226891029696084,0.06588224909154308,-0.045645242438142594,0.08453940924674741,-0.07211555470430706,0.06769053376763291,0.04764244429174677,0.08063230999894376,0.04287745705625026,0.016124466467191227,0.06137013515219861,0.13307723706986282,0.10802233645706819,0.0011303421071807238
minHBa,-0.024377425245579416,-0.015858819593810778,-0.028623866454609032,-0.09751571153776983,0.11363412231832916,0.03666227340656107,0.03543434696620073,0.04356240738499916,0.06653927060368699,0.04794616795255477,-0.024071279612654616,-0.024598686143375167,0.040184637562075916,-0.02770986672452754,0.08431555066144251,-0.08933772559720746,0.03441144922716522,0.010120571003789493,-0.011163618641947162,-0.02352517275203327
minwHBa,0.01967052997425495,-0.004779893674539613,-0.03491142827088131,0.06791220980543358,0.047218978670861986,0.06739760708285158,0.13190150765487738,-0.001684725838528905,-0.047627710229529885,-0.040939055743353506,-0.012848818955039459,0.08192427823581239,0.06329986855570746,-0.05305307049851794,-0.0630076562283998,0.05001823478078027,-0.06847660154568704,0.05719053118912013,-0.04936244438266814,-0.034779275662189975
minHBint2,-0.004795007555434318,0.016371328085240246,0.01475563173769127,0.014747728333642705,-0.06735278036931763,0.008302658696607283,-0.06234659277851673,0.013921956526649449,0.011260771353343418,-0.01049936939070151,0.03991517501722808,-0.038544005483109704,0.06833192797873945,0.05206477285404844,-0.06115295002331527,-0.007072053943490822,0.11325616900758888,-0.0666578078143765,0.025336182644686255,-0.008110752105356545
minHBint3,-0.005677759720576253,-0.02023790670432363,0.015973529068588413,-0.06801779179022986,0.06322421308031168,-0.07944114293028036,-0.06594938979972689,0.0029726991969468365,-0.017139610672095205,-0.11639996931229768,0.13184340797073463,0.13646224873551868,-0.009099542955840367,-0.028198468472222835,0.0438174189984651,-0.06042619666080638,0.07324974633929694,-0.04823634940933185,-0.037161823821608646,-0.044002934134763305
minHBint4,-0.028886073179898934,0.002875106495761635,-0.0025098121689011896,-0.03663211675640598,-0.055314071004386504,0.09919021221040286,0.05278689625686689,0.02666774722241167,0.024793190640706342,0.045012159433346195,-0.05917544123188589,-0.0668643666697396,-0.04047484589639874,-0.0029877093760904824,0.10774671585448117,0.022045934770342116,0.06000837360019174,-0.05837732707118434,0.05795814237701019,0.018372445678016797
minHBint5,0.02302707928334987,-0.05422577804642493,0.08216401969584143,0.06178946418349808,-0.0756534274583595,0.062352603573969115,0.02043359562461754,-0.02382692907596173,0.04392115396852599,0.054398253353278726,-0.07927797908736962,-0.031716087949596614,0.004371736267317813,-0.10643516872678134,-0.011207730432025009,-0.007456308070067157,-0.09731115261585044,-0.017010118230637618,0.012744564754613262,-0.04252097947900251
minHBint6,-0.024630482517177654,-0.013489822096937191,0.013313453896176114,-0.04035106879665135,-0.04027685045864422,0.07938847248765939,0.04130116255288453,0.03631033550430024,0.029527015795140662,0.029977556485438896,-0.00530208815596635,-0.0206612787934211,0.03350216554099578,-0.06740904772763012,-0.007306615262321031,-0.0020612659278579186,-0.08559842457484082,0.09754566277607547,-0.043882788078737175,0.009984281165422972
minHBint7,0.030875691672292305,-0.022445275402164497,0.03148655698788593,0.001694400007099047,-0.06701516982889769,0.05296188585731372,0.03731692154694342,0.0653033851027319,-0.054192537916401676,-0.07156698594737705,-0.049224480458117115,-0.0422826886876484,-0.0006461912344332379,-0.015417439818703709,0.01149961759755732,0.07857693652736657,-0.04369256942833539,0.057273827560269684,-0.0872076628964486,-0.015670985579259947
minHBint8,0.007499276046119318,-0.028308844062640413,0.05735245736564546,0.05761151634153025,-0.023858934529592833,-0.028826265748977353,-0.009802675268596734,0.0389856549622757,0.04183801215297159,-0.026966537780264786,-0.011521374091786878,-0.10385063324231325,-0.06954842100817979,0.06402657006406594,0.09817181418334937,0.051247966075196445,0.07275841457838587,0.021917053857080107,-0.09478551694956948,0.03456676638522187
minHBint9,0.015472618724938578,-0.04795242161606797,0.057704965369272485,-0.014617328785672602,-0.027123530743909285,0.03675627274421495,0.01079551800399464,0.04135870466235979,0.004413716307686219,-0.008066434107127507,-0.004686673751663836,0.002273231846584034,-0.05235312913679908,0.026180648536919645,0.07059310677489722,-0.015367276742876548,0.0067802544108136135,-0.020489016063943984,-0.04059705932284814,-0.059448040316299064
minHBint10,0.07018862501450625,-0.08020002480190516,0.0776790249387218,-0.007874904551489804,-0.011573780441843255,0.0050986379655436655,0.03518957976873378,0.05705597013799918,-0.03967533438792177,-0.07513515777281167,0.029140484818777124,0.05118506078548894,-0.027398886358211246,0.010735494741341578,0.05191906301974944,-0.04910438060668738,-0.025543999323447808,-0.015100832986576183,-0.03279747060147411,0.009194898905454798
minHsOH,0.08738978448791182,-0.1262783570129712,0.08783289607413233,-0.053282148439185606,-0.010506049374469206,0.03556749744730827,-0.00355855192768025,-0.0006640473661533587,0.030672527231029204,0.05346251546440221,-0.0645394509696906,-0.05623804971623271,0.010694652179909834,0.012846969229836877,0.013709629039632359,-0.0014631185367981099,-0.04131136659786041,0.030212163984319692,-0.07994320008666704,-0.027745364827257188
minHdNH,-0.013315046055432945,0.030237903870775622,0.07983034863341919,-0.002806196465010492,0.02433376481640158,-0.024361507078390576,-0.024375300173680014,-0.07562971897946141,0.021368313629570427,-0.011955861016117595,0.05615256392518894,0.04859494980423565,0.013899791890166529,0.022185262396288125,-0.03990092756258073,0.029172478147661583,0.0008443083469204657,0.05597913296655751,0.06975654960958953,0.0010631765892459056
minHsSH,-0.0050254534810628025,0.001904851459338587,0.0023324904747101835,0.012603514851924806,-0.012399753900687236,-0.007442794745703503,-0.02387256129571027,-0.012054732748983157,-0.02180981405607927,-0.035327517748122754,-0.04011922049492018,-0.000873345757475472,0.05034960271710295,0.05047953391781129,0.005088669209719367,0.023225680853670858,0.031666494367859115,0.0514926671842752,0.028278973574645743,-0.009882353185534914
minHsNH2,-0.02482578239237653,0.034091984185916566,0.022866671636438015,-0.002516940601608574,0.00049287384261042,0.0034053024418414825,0.0006169658134817839,-0.05436208670999959,0.024707055974799347,-0.01748982221656026,0.03143976321938103,0.01933710885859506,-0.00529362278361687,0.00314531485247483,-0.09009386480399982,0.08847726849097577,0.0411560407328889,0.04995623240960407,0.017727769540490084,0.003034869743808074
minHssNH,-0.07063095698855647,0.0918132730925182,-0.04807095487336176,0.01036803038323233,-0.04603443299895666,-0.010036457425721833,-0.022374839452131687,-0.04876197843087404,-0.04042389881954051,0.01589620204841025,-0.02092160437363772,0.02366478837059659,0.060978896835718506,-0.04623093705371108,-0.030578561686026427,-0.016697114794713922,0.06726504839577942,-0.03350501438222162,-0.0939572803259278,0.005998495259969209
minHaaNH,-0.011177752869791063,-0.0055805055527271335,0.0495786674934296,0.1064883121676702,0.016989641842033935,-0.13341024462960077,-0.01951666893798749,0.027579890420109186,0.041961231240572314,-0.053059223175214075,0.04678396513889395,-0.10596294692774232,0.01744183309203203,-0.07156409222850371,0.05348260148939606,-0.02474621984061433,0.0026951740497351486,0.053587170805025695,0.02486985702246895,0.010687488833799571
minHtCH,-0.00099816556592928,-0.007880898455933632,0.014523948045601988,0.003507298506671194,0.0214407927658609,0.03456475781410728,-0.023611631355946704,-0.03163813398612676,0.06902592929743119,-0.043615619997156414,-0.10242334955616594,0.06461362236640407,-0.06579562545457503,-0.020268793965030656,-0.009857167404521817,-0.07498451070774054,0.06883650129824681,0.07136931272047427,-0.0722781384847059,0.11002769309016107
minHdCH2,-0.016772268727152845,-0.000388765464011617,0.004629209249041232,-0.003370390853184949,0.0012133567906412986,0.06546126308040225,-0.023522058688401952,-0.02767189746280694,0.07013182344339773,-0.07791123226212329,0.01991384283511784,-0.026298468402380194,-0.018881604179005956,-0.0022693563909586684,-0.05122789305676869,-0.04822930389989155,-0.012405189454882315,-0.053046016385745236,0.005578210610914575,-0.012816767020266786
minHdsCH,-0.018113456926623406,0.015311352420561714,-0.010422370612086012,-0.038504125466043225,-0.03364705518627777,0.03713203424517364,-0.0820840319197619,-0.0017290143902994914,0.06256817706822188,-0.07117907392769728,-0.015517454804475693,-0.09450805105838063,0.10104400325857814,0.0830070541296638,-0.07806082733618774,-0.008379263388929768,0.03006392562208589,0.02053057814024794,0.022783341752321884,-0.0882884398532481
minHaaCH,-0.006717488253780486,-0.040053214003932046,0.00804323328645931,-0.047631788498066256,-0.08640888323641367,-0.03492181927351622,0.007945382159937056,0.006176707516065664,0.0020752662278398113,0.016946630779616053,0.026938957075509706,-0.014423862394852894,-0.02800802974778087,-0.049460906791127364,0.06611437179775939,-0.005720946440484024,0.013386283081001812,-0.035272489684975025,0.04411903670756019,-0.025664067784060454
minHCHnX,0.01082194439287443,-0.005182231273736592,0.0028271567418978534,-0.0350646330047193,0.03496028388928691,-0.05602279792964139,-0.03332365159315886,0.06401931967121727,-0.040166489076221314,0.09588376344773678,-0.09361880506267259,0.05094456926409456,0.03596582796062426,0.09486861665007001,0.051289412613290376,0.01248750017629604,0.0566431181189664,0.13386053994856006,0.10531821330902914,-0.003771430908877127
minHCsats,0.02709497717361332,0.04717790208833065,-0.04734532623747739,-0.015563129619140265,0.048783596142337564,-0.07198095705749054,-0.12954618868922144,-0.04005855680493401,-0.018190106976940436,-0.05781375908478392,0.1676625956317263,0.12625964156173197,0.05493013311810721,-0.00026388701060013815,0.07732547387265264,-0.047978672217329925,-0.041676009839243335,0.03944998009859851,-0.04150465892027555,-0.022431297904932774
minHCsatu,-0.020049608616232843,0.06213739507210495,-0.02722683186280767,0.028768856707432167,-0.03510137159899388,0.03804228217224378,-0.03422102129274338,-0.02093658074954213,0.021020250117155626,-0.014460119571420803,0.02522316834100399,-0.01926537220414128,0.004518052967068317,0.004872088648361707,0.1241094472502433,-0.018304214606640334,0.0051402434350543745,0.10467927012437721,-0.022634491880760575,-0.012473866860720148
minHAvin,0.010053185949444448,-0.011064979380205127,0.02388408878718525,0.015615385885259203,-0.0867603450190752,0.06737587861356513,-0.012894920359744716,0.05920324167895676,0.013663488251099197,-0.09634296416191382,0.05312205053380448,-0.043710197468556845,0.10843952951771131,0.09611924893665098,-0.058203295459031135,-0.04746476111937071,0.028960462592232884,-0.004476183380165801,0.05300888592208084,-0.06509861514140777
minHother,-0.016766934597419403,-0.03482743800398991,0.009932996878541645,-0.04732576047804913,-0.09392644572712434,0.006366048249019675,0.041894033545783846,0.051531356737950125,-0.022657429279510376,-0.01628058136172665,0.03010392770091309,0.0018624437467341208,-0.021958510292095307,-0.07541677098604564,0.05407193491076167,0.006334745764684605,-0.005593900777762156,0.011263090587134232,0.015554247983963381,-0.0371011646886562
minsCH3,-0.006146833018322341,0.03029261546850337,-0.01387898841157498,0.03650367222945459,0.029508568221101022,0.05440513977948833,0.014948638946084801,0.010139399336114779,0.03576973182097256,0.1180012178124841,0.04033326348199936,-0.08249659531557521,-0.032183216384906635,0.01805191204493715,-0.030205229818421567,-0.05838204685883188,-0.06787043492591961,0.08582956078721315,0.013185908244947565,0.05878587010744257
mindCH2,-0.017810436846391435,0.0048003212029442905,-0.0018657690116452318,-0.0031607428475658324,0.012339093142245834,0.07470007935085601,-0.018782386720032542,-0.017803081339333473,0.06535399439711888,-0.08531039910358067,0.015012866129952347,-0.023716162648981968,-0.024606998073576455,0.0071754089244006536,-0.0463391294705518,-0.056137928327987655,-0.027903680955206272,-0.030524539182088365,-0.011958568352373175,-0.01265040913254888
minssCH2,0.04957588241415773,-0.009992462099780575,-0.02172032240999797,0.07583239683388147,0.02938562624953922,0.03156818944627292,0.0010646310475094455,-0.04392717624963073,-0.020094560983256255,-0.000250814476909077,-0.003630619698109391,-0.029550502848792855,-0.00634924916258893,0.01141101958876063,-0.025644389060425637,0.01080122667258533,-0.015437636512070797,-0.01078491582214054,-0.03158932356231133,-0.04450324209435592
mintCH,-0.0009371426627407197,-0.006984693680845015,0.01582505092054775,0.012175920739862015,0.015595481515229562,0.05394427178540823,-0.0029190285658430206,-0.008116022246192131,0.045502383608299904,-0.07459533504519948,-0.07029602559920999,0.0971171458633747,-0.03664748271152206,-0.04869490645133282,-0.03910057458764309,-0.051617057263472654,0.09032567596370031,0.04767455876953807,-0.052144006403721715,0.12784767870153949
mindsCH,-0.02673621691572816,0.03514377859601757,-0.0404895480441734,-0.04993730265797239,0.024238165182726625,0.02744764919920842,-0.11059786291983903,-0.03930548950351414,0.11094792138791144,-0.047232019965650913,-0.06171780592109292,-0.07687219024286525,0.1138653603466107,0.04445780764325807,-0.11738740462815164,0.024355541357890358,0.04453107328854597,-0.014611892525981112,0.042052118464803445,-0.03295049662905189
minaaCH,0.023844448096573004,-0.007392850179814613,-0.04079861663548017,0.053282188683698974,-0.018962001016154778,-0.06124962984382024,0.03101883869620327,-0.06639650086796735,-0.03682860403943928,0.0010161873742205133,0.09841894780261493,0.011079721786597248,0.011332385932339102,0.06580087064617944,0.057170288483687604,-0.037703880970052346,0.0010202902324529606,-0.02871538610147402,0.06135563886416401,-0.015406338100233442
minsssCH,-0.00817788464056284,-0.02967159256616919,-0.002832406482681977,0.07709690672889621,-0.019793110322326432,0.04626076030742778,0.05489329992627055,-0.038939030060342314,0.024325288279358905,0.007181983366886317,-0.05322365646184918,-0.10631872354094402,-0.0440286283205631,0.036256677227734235,0.01906563063895063,-0.10997262364675696,-0.08053382656291017,-0.039465987682982206,-0.06986756690775829,0.028688601063052006
mintsC,-0.014378000985116922,-0.00300421536737898,0.008082861052219215,0.005810304854935688,0.001554863015677811,0.037626669786184216,0.0171307465141034,-0.007443785563122168,-0.004139084348991883,-0.10312641339836254,-0.08330637401570308,0.08916878437411639,-0.10160887060140163,-0.04646132381779799,-0.04507083528176111,-0.09876698115113046,0.08061175340600961,0.050311139629606254,0.04577263661173066,-0.029597504345385946
mindssC,0.03648195579196942,-0.023891095586714966,-0.009598218609351224,0.056688097872136266,0.021918455747438514,0.06893076614618267,0.06015251011461372,-0.03494037155842092,0.03609115414990818,0.03986122151041791,-0.09531311958268626,0.024058637003246622,0.0009998614201447442,-0.015515703614095796,0.029585754182428602,0.03356463204319259,-0.020649913685459757,0.08655132111871922,-0.06491629727309574,-0.06926085917184424
minaasC,-0.020252656910901584,0.047843317725142054,-0.05140364397679739,0.09122032070792073,0.013421646744537982,-0.013277704597220904,0.054576037456740334,-0.05964806642516812,-0.028615561484383437,-0.03087379506676172,0.04514227115878109,-0.00415643635655868,0.026568532823837115,0.08271855245474115,0.04696602390340823,-0.017769938836319145,-0.0522577881292595,0.039195433958235534,0.02595533584608964,0.005272156313509452
minaaaC,0.00022143809345242455,-0.013933707004208084,-0.007567963005599188,0.002821080391478241,0.031049158663733926,-0.1271227568062168,0.09732687829744317,0.022182661485669795,0.08861887593944205,-0.004629463575678454,0.0069444557015587004,-0.027707017185098493,-0.0552036440403853,0.09143966208639111,0.026001075080428038,-0.027249411787223236,-0.013888496038273102,0.06043131881299286,-0.10572583758682544,-0.0020115917709821163
minssssC,-0.004445669330745757,0.008571550922652525,-0.04801848268244809,-0.025519997591043012,0.025224241642954285,0.05228213905350977,0.09985837074126658,-0.08281969854607606,-0.011047893146969998,-0.04109088322042187,-0.03447087617789015,-0.021022158043621855,0.010475083053780263,0.08592731581147353,0.0659666459507844,0.06486830159145276,0.0005732734179125259,-0.0013166397641503462,-0.02696051783786373,-0.0468378156502822
minsNH2,-0.024063071275291812,0.037761181607984494,0.02926200945298857,-0.0020823498009382934,0.00186822542714663,0.0049731572394731945,0.006460146670900959,-0.054854169845186034,0.03090990813910679,-0.002413405181423067,0.00529332497828555,-0.009719404136351037,-0.03840968263209224,0.04114207410459377,-0.0524990567289294,0.05616536323357679,0.010745100143982412,0.075806988509299,-0.005437622867921328,-0.023261542077871362
mindNH,-0.012607150861205141,0.03266019897665154,0.08373710020749962,-0.0008655909511286211,0.01957548598614552,-0.015384078812670598,-0.009688653139131084,-0.06406313326881981,0.01524513501521079,-0.014135854437446489,0.04558939090582451,0.03372609741080472,-0.001216657001636028,0.04119679985035582,-0.015023362827507382,0.006635868472113423,-0.01990749203590083,0.06851938447410803,0.060528675333495756,-0.003865789103924402
minssNH,-0.0553377940624457,0.08704457241313683,-0.04283247993174424,0.014119615794713908,-0.03620619722851392,-0.00714422223910641,-0.0030040405867052043,-0.045916068611465535,-0.0500370161051268,0.03870114465768806,-0.05156875892850041,-0.023521785794579742,0.03939306918002289,-0.03387679301357336,-0.01329791921516483,-0.04102468806112429,0.059351789733563205,-0.011825239910236821,-0.12184827594573844,0.03127497114296556
minaaNH,-0.005620235048812098,-0.004477923350220489,0.04143843145276059,0.09234809038342259,0.02031471863113045,-0.1330566850476063,-0.010535321712592367,0.021487942148355588,0.039212640437110986,-0.0452843077282982,0.029244960584620835,-0.12346127685134299,0.019110317684164057,-0.07110517217111803,0.05243201093171553,-0.04761032085420199,-0.023125502898323484,0.07678639177343562,0.0222895356015456,0.045812113529955845
mintN,-0.01700113050688741,0.000527735914469551,0.0018971819534040126,-0.00040320947918577257,-0.012125821687252342,0.005565380899754498,0.015418011627572416,-0.0124953138864002,-0.02240936874690697,-0.06376677653045099,-0.05854939026272159,0.05114990537619729,-0.07614145940779668,-0.04832082757669667,-0.044520778199650585,-0.07422863319051164,0.02334077749909338,0.05399174268037536,0.07198765036592578,-0.10696904428522667
mindsN,-0.055103814137120205,0.04504570960782452,-0.052397855168753144,-0.05582570769450045,0.00677914494297765,0.001474508627065797,-0.022262933074873016,-0.018894227660942654,-0.05694481955784198,-0.08633743016137387,-0.052943070922706205,-0.05343616545368738,0.03245556130999074,0.022508847813773575,-0.01754270464120642,0.060904836806208874,-9.113877779336045e-05,0.040490363796002855,0.02330287001667311,0.020854413224960556
minaaN,-0.0701130981842383,0.0290737869849467,-0.013956778740340592,0.027764977732523958,-0.0003363325969206101,-0.08881093522733385,0.05483345560705674,0.008908563127384788,0.035596349053512506,-0.019486741182665586,0.04377015551510501,0.07736348105355549,0.049142868996470634,-0.075297559777428,-0.06444354011926465,-0.010734431187512094,0.012181531808564568,-0.0244241838164448,-0.007704889481111935,-0.10405705342255032
minsssN,0.09429991173754523,-0.022143711652529683,0.007621404746842311,0.05796769784260324,-0.05867378836017442,0.026379593916819738,-0.028406960176279777,-0.04564074270633698,-0.05930234612606964,0.009663321932095797,-0.013100987689078764,-0.007460820880401506,-0.015410848437453602,-0.05493464930346416,-0.02420657468710182,0.03174486559102849,0.02076782697125648,-0.026169247565785973,0.024759906258703855,-0.023338579527610166
minaasN,-0.005636829816634997,0.03877435164293918,-0.07083918204490477,-0.03895147048147372,0.0269906477662158,-0.04646750286548831,0.09692639343634188,0.015077542842072822,0.06938986234680676,0.06566953814936238,0.021181312151128652,0.06086781151367644,-0.01974820178556271,0.034421603706315064,-0.043292315723781026,-0.018442948796828732,-0.024390906257871603,-0.014192482520551513,0.024554493202383683,0.030697199155914658
minssssNp,0.0014340483935509091,0.0015621465029917324,-0.005424367769362202,-0.007070084081868593,0.003578480909076076,0.0071076332952595194,0.021915782602904027,0.006213792086635606,0.017653336501456594,0.018532300577936325,0.033775561282119185,0.013574931005054811,-0.03458619208286905,0.03114650179881431,-0.02090750765518208,0.029184323374335193,0.023176841211310882,0.004747013633293928,-0.04535272691881314,-0.014204831822462658
minsOH,0.10205891722788807,-0.1094900976018986,0.060839476415542965,-0.05911125509269474,0.031099467708797502,0.06106299775403003,0.005213415322438073,0.02334623351768658,0.02402925706566971,0.021483035689974807,-0.04698002171159619,-0.005984430956704296,0.01792202088495075,0.003496604924187264,-0.009994328672048934,0.028127246470739633,-0.030454222334136475,-0.004457449610997738,-0.047928266202222236,0.01686156037426718
mindO,-0.07340853424854926,0.09925624860892027,-0.06898677993100488,-0.03936842505416795,-0.01091911561559773,-0.05313972392253888,-0.10123604697674055,0.0190298507379372,0.014330185899753257,0.0014517950879572136,0.017398757644869863,-0.050413585661465955,0.07453809469303488,-0.02522232774071968,0.023462359166913797,0.02659989162950484,0.0034703934695080978,0.008722351471423164,-0.041620203354795826,0.10880202918204823
minssO,0.04623634332839312,0.026747912601067597,-0.06632836302563563,-0.05768506960556434,-0.016268152872825875,-0.004656975443707855,-0.0637178435440988,-0.05513052772942353,-0.018133624292763342,0.004599220650957126,0.03965875925642131,-0.04376077495769345,-0.10031128260765458,-0.028109552348081074,-0.045058428001463376,0.12712445947418305,0.04098249676874329,-0.04252877191159867,0.09085804719949891,0.035103256322988684
minaaO,-0.06077738179961902,0.019961884933585753,-0.015060088898987524,-0.013150062332532136,-0.03245520826314028,0.0062271837064199875,0.05578774977826764,-0.01260424002282917,0.06792407453859227,0.038120697056916404,-0.025362759035213,0.0627368609257599,0.007833312747155648,-0.0547115051261631,-0.010012257356973734,-0.01671405093489718,-0.019300182040964453,-0.07647844916264072,0.03785596143625067,-0.12756462916294173
minsOm,-0.011415285849519674,0.006830732395645928,0.012906298733082565,0.03637757313392283,-0.05484478014191733,0.029474695256919724,0.0010339929314489116,-0.01041887969285841,0.019648059707190867,0.021777050081501787,-0.04365598531073421,0.03949985620570389,0.062199756355583544,0.002357315497497968,0.019001513526745412,-0.00390304735006645,0.022527115050536683,0.005783112261737475,-0.010249695521517025,0.026851505389467963
minsF,0.024240011361223845,-0.05256589172786406,0.08201269098617463,0.019845002350119077,-0.04145995527168351,-0.03397401489959013,-0.04508680077651091,0.11155267810706881,-0.01529116720652645,0.030331326336193096,-0.040619572160780694,-0.04298086499434735,-0.08670248911487408,0.0013876171194092375,0.004758731235802006,-0.04481252618097001,0.08664749668545535,0.0210295177147589,-0.014396968213601079,-0.10198572884076829
mindsssP,0.007869694914820183,-0.010971601344363032,0.001981002648777094,-0.015493878073269428,0.024130365227484483,-0.025674982313212552,0.0017441560683572035,-0.01060265226600568,-0.008070404293488547,-0.03288388591523237,-0.00190593748523648,-0.009442318861193129,0.02989056875213866,-0.028372126753725253,0.018322943417027896,-0.020666877315338113,-0.02935013092890481,0.04202446975346686,0.04267190147716873,0.038215917157540476
minsSH,-0.005025453481062805,0.001904851459338587,0.0023324904747101844,0.012603514851924815,-0.012399753900687245,-0.007442794745703507,-0.023872561295710276,-0.012054732748983164,-0.02180981405607927,-0.03532751774812277,-0.040119220494920206,-0.0008733457574754633,0.050349602717102974,0.05047953391781131,0.0050886692097193865,0.02322568085367088,0.03166649436785913,0.05149266718427524,0.028278973574645733,-0.009882353185534978
mindS,-0.012882576064027318,0.007323292375165763,0.019707960146152875,0.06785766703203357,-0.06969665376143755,0.054755431636322384,-0.027463617967740918,-0.053184738409354136,0.009740892478154076,0.05391626364519067,-0.031689289301823485,0.10339525238743157,0.09935621465765632,0.023689386454802296,0.13204866840683993,-0.04060513636725185,0.11951297949306064,-0.11583772017789402,-0.07103884628131171,-0.0635685465753304
minssS,-0.02915583546398368,0.013991643420171552,-0.06108668797500925,-0.08626637020201694,0.05574466582429455,-0.0018319299898073415,0.05717610634948072,0.06691776227842683,0.07269294568609021,0.07903692207398286,0.025292881892135785,-0.0405957584890235,0.02648074859466685,0.0015033985249153562,0.017464711596137345,0.027315079893880365,0.17154724856786982,-0.01371727624590887,-0.08796778044694581,-0.022910557040325703
minaaS,-0.0048165497481552,-0.0017955201086721623,-0.016885115106648887,-0.056067575370698175,0.05503477684321097,0.04993711222886684,0.0264861702651772,0.02499385584324521,-0.013575195910688082,0.07724214261842115,-0.05501061920791753,-0.050159421296804695,0.03939231383610839,-0.1314400499600516,0.06644346366705088,-0.08809791669855631,-0.022642556033610872,-0.029193410537054383,0.17846684185684236,-0.006580447327916287
mindssS,-0.005667536754051737,0.002459735634251862,-0.01076908853112727,-0.011103733847379841,-0.002203032954727142,-0.0023661846567457697,0.001094294864281738,-0.03263611373678922,0.008352244387423538,-0.034823756970496576,0.030836158236089244,-0.004184393418111572,-0.021326730302763136,0.05808808712036792,0.026093554855142195,0.03299499231198646,0.05180053267969777,-0.009383132989435838,-0.04170709580912446,-0.06043496223523345
minddssS,0.011235106925492275,-0.03398396899534633,0.021038371292356636,0.0013251167320464247,0.052165935523590494,-0.028531682636466292,0.021027133939804946,-0.05119312605352169,0.00708242103949535,-0.05863437293337647,0.052583565797779806,0.014088003873830074,0.02027913926726962,-0.02564026729003131,0.03792251046266618,0.001039441446936825,0.04070954599989572,0.07097708407678964,0.05495581190379231,-0.041862197857493254
minsCl,-0.010555851104531467,-0.004725785778226034,0.012607030724037556,0.02889508222557273,-0.019796623084305996,-0.003928573948306911,0.04633371951174731,0.032073943590964125,-0.05797281796157019,-0.01287203953126044,-0.002467102992116517,0.03424497048675298,-0.06961713118290547,0.10433189451020566,-0.04839201774030998,0.07255856596786513,-0.020518860672614183,0.05579623282840968,0.006665268148325062,0.07815080885084164
minsBr,-0.01332397572104019,0.015492853491130183,-0.02617768730235241,-0.006840521870711417,0.024653958356312854,-0.02034117139963514,0.05583800931255384,0.05973218974222261,-0.08462187779702084,-0.04458194337190275,-0.059849963642693446,-0.03943151745479335,0.003943836177034274,0.03925297775549868,-0.042881189671351023,0.08275095697323033,0.05949106575037905,-0.06376494932800643,0.01690920877837679,-0.08517066635227265
minsI,0.008781237296163308,-0.003860793008431181,0.00719279248928469,0.012790533356249616,-0.01937423728799832,-0.0024886321818769273,-0.032722920986062456,-0.050876619848577866,0.05965809258067836,-0.052814694442489166,0.08505778284566937,0.00505619475436417,-0.038357140924282294,-0.026554441031928694,-0.05906495281279621,0.06114022902684552,0.0407415225629375,0.06855169912727123,-0.05044444123935733,0.002766828103122231
maxHBd,0.04978615225484754,-0.10740373469080274,0.14042153539450303,0.011157754520432555,-0.04872271334314908,0.01545659619484426,-0.010498265345443215,0.0183457056519057,0.023427430845455465,-0.023408126265344394,-0.009019468708972104,-0.04968319003744341,0.05468295686753567,0.003240084609961438,-0.006369666691005408,0.02764605125275581,0.06790960982498236,-0.04977791991272763,-0.04266357550367078,0.007781323738317085
maxwHBd,0.013043338899227491,-0.006690418932497153,0.0063763545605975795,-0.028808624664790995,0.027440878158767147,-0.046903187351970056,-0.023024427501194863,0.07623161977446526,-0.056677296260598656,0.07371455074684186,-0.05791133918873039,0.08391421359614137,0.05988743958972275,0.06841096200289877,0.035019442952711935,0.0226277283566107,0.06487892720309567,0.13700987636125203,0.10123648824963849,-0.012632896358557745
maxHBa,-0.007776303259060721,0.026606595711317526,0.017519137406883517,-0.019548225650995836,-0.033561975767372215,-0.014955863387684116,-0.06806058211015167,0.10286575831344844,-0.01212050732937003,-0.02478810680004734,0.010716195911558875,-0.0077605447582126275,-0.0016559738179475975,-0.018391431581378095,0.0488328972297732,0.035564359212236225,0.07271663724010312,-0.040241815041951984,-0.05628982303189155,0.03514713314982943
maxwHBa,0.007712947829334126,-0.0032215401029757297,-0.02883902497999481,0.028290079449985933,0.04079838291822063,0.04681287573348875,-0.03118234277141394,-0.05675952828018364,0.08356376084526396,-0.07611542606242563,-0.07724542567495943,0.025161512182898783,-0.06476865987599939,0.02212216588121423,-0.05175429196115549,-0.08457892858411371,0.053731823863409384,0.0040983948942041075,-0.02055713379871056,0.05840675872392607
maxHBint2,-0.02328201892613357,0.04025899563196053,0.018092542374783905,0.01802298392760166,-0.06931517100353486,-0.002253585352861554,-0.07333243793158435,-0.013239277703465295,0.02313148059793047,0.008834524077569333,0.0012553192938797972,-0.06893105960328054,0.011254498710971464,0.10458457772147846,-0.015781986162095973,-0.04796055797786988,0.050061159871462854,0.002319235788095055,-0.045360940810469964,-0.058417449696199046
maxHBint3,-0.01633873513471871,-0.00448334146820271,0.027714186397397648,-0.07338362854501619,0.06924594899496132,-0.09562908386159205,-0.08905789429445632,-0.033200373699078675,0.013537294068855267,-0.0741251858316793,0.07645444537887786,0.07922472776977556,-0.07495733009579969,0.04499236491446617,0.10009813675086432,-0.0978133585579444,0.033732500592340335,-0.018885498052437645,-0.04797453431834617,-0.049366660577804734
maxHBint4,-0.038425888266325064,0.015539890205641392,-0.014344519403450773,-0.06509681771454844,-0.04498397267509464,0.07645075907370838,0.04848202831496945,0.0395946917145027,-0.012107904843851465,-0.02182684966786058,-0.032184302952952895,-0.052182434954320164,-0.01857020276448048,-0.018482334142122907,0.08878180817254351,0.05967560562688102,0.04071798780406612,-0.03673808769841576,0.010664985139483054,0.020341594819613073
maxHBint5,0.008715513556828479,-0.02564193452531274,0.09113785306939629,0.038200900507474725,-0.055721328986271045,0.03570811581096585,-0.0019682836995946933,-0.05905861287480086,0.08183895233097065,0.08598137413746973,-0.09954704875993935,-0.040573852497424956,0.006631367502198708,-0.11435676806352549,-0.0034021559273093335,-0.006981692538308432,-0.11556508008580527,0.007810822218112539,0.0293786398719992,0.03591438631689805
maxHBint6,-0.03531437862979683,0.008013071105685674,0.0148434252074955,-0.07342016542382394,-0.020818003256112418,0.052667104198770666,0.009398307319546145,0.024108980484918704,-0.0006237392275826914,0.009881011959374714,-0.007675622688520327,-0.030727343810398544,0.039524634054217356,-0.07313032814750475,-0.04618366836159243,0.03836052496553372,-0.07945016004311842,0.07558470695945894,-0.03966043475816741,0.09940585722174522
maxHBint7,0.01918236520884368,-0.0008135243973581427,0.03636388075726139,-0.019598358007662013,-0.048630214498175166,0.027335034890501562,0.006372479769219184,0.02792182284968678,-0.031682722112743034,-0.053080015615782336,-0.05874617689117701,-0.04119984198391965,0.00385984572404968,-0.023456508590932082,0.01852462253884754,0.0895965896191371,-0.015661722141695075,-0.00033945480914471336,-0.039598664266411156,0.06118129625306188
maxHBint8,0.0033075637422512304,-0.015359373569819288,0.07429198172988312,0.05137653974667916,-0.02245914729986106,-0.02046006239936798,0.010312902835972216,0.04769325954229998,0.02939978898730946,-0.04855980111864084,0.018132946823558555,-0.0874123377147289,-0.05942500542955664,0.05595963579650724,0.08877009748263366,0.06100506538012821,0.08613260119395542,-0.004343691102244707,-0.06066696226855227,0.06717379032038391
maxHBint9,0.00786998695225979,-0.019813821294287517,0.06538009682131204,-0.022156280495255625,-0.02820505181407679,0.03952395656294303,0.0069442008028367756,0.029019610702078615,0.01231987754409388,-0.0012151907541681861,-0.00916889198416895,0.004539023438126675,-0.04412569548813722,0.033791706212007416,0.07722754641036,-0.00990865943975773,0.035901825722699385,-0.07097195468808004,-0.019995554609465182,-0.030545395552290668
maxHBint10,0.06530749422622865,-0.05265834988490241,0.06878273257540199,-0.042367936144527676,0.02012291325767447,-0.023672961794925115,0.005525178878764891,0.035197211784167834,0.002761243353561342,-0.044762747038711574,-0.014184235962792103,0.03025307656103229,-0.046832392516796495,0.03720504180701888,0.06319279161308364,-0.04581313560795086,-0.021512891593685832,-0.061620846661349586,0.0020248997643532037,0.04516009422806689
maxHsOH,0.08949847502000471,-0.12389307424907745,0.08791111935319866,-0.061068645260127036,-0.0054856399318056305,0.04766928213302527,0.0013688189139960275,0.0338771510056977,0.010894720551025281,-0.0044742638364562255,-0.008424861088298225,-0.011109719198919923,0.04969388354255981,0.005295488012177106,-0.016932516023293938,0.02525110967030155,0.014893864426844726,-0.05166376078251653,-0.009684677075587027,0.03936364656642555
maxHdNH,-0.012870888417967734,0.031492057557532115,0.08330510959128193,-0.0027817463779586764,0.024349202056643243,-0.022478762656926478,-0.019626118648671677,-0.07348757606449001,0.020645032538408038,-0.011573818127798638,0.05494928741389644,0.04598695709429069,0.012131432192456227,0.0242406975236698,-0.03747109438384666,0.02755384228459784,0.0007295773346843678,0.05486084381694965,0.0671735164534698,-0.0027739085044279684
maxHsSH,-0.0050254534810628025,0.001904851459338587,0.0023324904747101835,0.012603514851924808,-0.012399753900687236,-0.0074427947457035015,-0.02387256129571027,-0.012054732748983162,-0.021809814056079267,-0.035327517748122754,-0.04011922049492018,-0.0008733457574754696,0.05034960271710296,0.05047953391781129,0.0050886692097193735,0.02322568085367086,0.03166649436785913,0.05149266718427522,0.028278973574645726,-0.00988235318553494
maxHsNH2,-0.023515032837629103,0.03748957742374526,0.038072871231668505,-0.00039615881198579503,0.0006403454799382916,0.008069381698064138,0.010836086042441698,-0.05255074931058348,0.02308933680214895,-0.017182101850490034,0.03361440893984872,0.01701601086620667,-0.009042757578067686,0.010585829513916182,-0.0840708439322101,0.08446577982131508,0.04096449160174859,0.04696519117242413,0.02011094151594551,-0.002183263570935827
maxHssNH,-0.07025227319165712,0.09464582911490362,-0.039832372493863705,0.011115855233335315,-0.046274318888485495,-0.005223761351528304,-0.012422053361645282,-0.04532521612895744,-0.043378523364206584,0.014532925538018571,-0.020506650929892938,0.020977720874215677,0.05616239980314676,-0.03906116715913321,-0.025088613227365875,-0.022466060185710342,0.060744925135145296,-0.027659255490430648,-0.09943635802294278,-0.004376553219429269
maxHaaNH,-0.011288512926566515,-0.005248000952665306,0.04897297192592668,0.10555006992016736,0.01773500615517827,-0.1348313919822621,-0.020731809254455558,0.026724413992544847,0.042858387161511635,-0.05239252300235861,0.04609036336081722,-0.10648934188183778,0.01721980338746012,-0.07181030427747068,0.053683188985367725,-0.0255672467881164,0.0017121999432001122,0.05440274278269819,0.02409119339240658,0.00905148741092348
maxHtCH,-0.00099816556592928,-0.007880898455933632,0.014523948045601988,0.003507298506671194,0.0214407927658609,0.03456475781410728,-0.023611631355946704,-0.03163813398612676,0.06902592929743119,-0.043615619997156414,-0.10242334955616594,0.06461362236640407,-0.06579562545457503,-0.020268793965030656,-0.009857167404521817,-0.07498451070774054,0.06883650129824681,0.07136931272047427,-0.0722781384847059,0.11002769309016107
maxHdCH2,-0.016772268727152845,-0.000388765464011617,0.004629209249041232,-0.003370390853184949,0.0012133567906412986,0.06546126308040225,-0.023522058688401952,-0.02767189746280694,0.07013182344339773,-0.07791123226212329,0.01991384283511784,-0.026298468402380194,-0.018881604179005956,-0.0022693563909586684,-0.05122789305676869,-0.04822930389989155,-0.012405189454882315,-0.053046016385745236,0.005578210610914575,-0.012816767020266786
maxHdsCH,-0.015740146646499392,0.014225902784574427,-0.009076344455505998,-0.03725548042172832,-0.03291042644025803,0.03833185994186971,-0.08288312226664224,0.0031031640672019288,0.061023464723397654,-0.0708921498035289,-0.013291537182628254,-0.09487958176023771,0.10160952097000477,0.08945287540116983,-0.0749156119705192,-0.012753025155078028,0.030125735036108107,0.022999368505990145,0.028625033741396685,-0.0801313984704663
maxHaaCH,-0.0076428210047420325,-0.030356706760677175,-0.00012941379792005223,-0.04296402721547792,-0.09857362205290217,-0.04597013900533065,-0.0007576361114016829,0.015737358568195137,0.0002484815057506518,0.022276423315102784,0.009012693146455544,-0.03043744896591488,-0.04731381739781646,-0.03468849495107508,0.05745034543583757,-0.0071864854558694015,0.05396655999875816,-0.09002875092078207,0.08209936916148432,0.008686947354427378
maxHCHnX,0.011981181834690883,-0.006606491077940822,0.005515802807204635,-0.03117801592761201,0.03037743315430294,-0.04974530802990426,-0.02418152025392891,0.07431022027707593,-0.051219201310734576,0.08492946184415887,-0.07905561611158675,0.06742812140881413,0.048380276206275115,0.08245789815428346,0.04332585743436635,0.019009658925121926,0.06025474021323058,0.1377719815240016,0.09873079247771481,-0.0172290329643024
maxHCsats,0.06475758205413425,0.03114270481654103,-0.021188158607798154,0.01185056604503037,0.03809757460110984,-0.038454248788723576,-0.10357054598032184,-0.02781788374683544,-0.059955578766239144,-0.03815004302992828,0.11238315031490102,0.05690253690173001,9.953532615761116e-06,-0.013734337063436826,0.06758368992086318,-0.0205554250029354,-0.03616714796417891,0.02146494375784782,-0.019785077263385104,-0.03250195064645198
maxHCsatu,-0.010800774138449416,0.05741356507529281,-0.015779423487007855,0.039535361602026704,-0.05040086600544487,0.06493703578672125,-0.017110641048618987,-0.015395144387315764,0.02004448326063495,-0.02322539327998009,0.04812323022515285,0.011482117648077892,0.026957731530792575,-0.03139422361215056,0.09226814981352431,0.025501385318377666,0.04736952518991054,0.06307357818799503,0.02098879648729521,0.017813964571579122
maxHAvin,0.009980146358514859,-0.010578249421264268,0.02296932592944626,0.01491445242905617,-0.08620291559946881,0.06643145640991634,-0.013024967577400473,0.05889252978713947,0.014447862786357311,-0.09609357764117119,0.0528733161457136,-0.04363314682245324,0.10869659356805238,0.09583793864882108,-0.05890102189741197,-0.04726304692852559,0.029626437242339612,-0.006103328580960086,0.05455713416112621,-0.06409856819720099
maxHother,-0.02204779398458344,-0.018940090434299003,-0.010303138538430203,-0.06664600004067217,-0.08511197755206681,-0.027685367569402115,-0.03340105918821383,0.018663397213216065,0.03347426229021999,0.014858388235057618,-0.03782249652905429,-0.08788504033558774,-0.064436492738576,0.022023183988692102,0.07364044703741973,-0.03864441554156802,0.021634057780571325,-0.030008095651283182,0.0562590417745458,-0.034155057568784966
maxsCH3,-0.007517351901192008,0.03381366188401481,-0.015231704274299668,0.04058801861592911,0.025271711972811254,0.06915481598816267,0.030051066623998004,0.026518652349162057,0.021299936972999926,0.10043909239607228,0.07338534000607426,-0.05401117779242399,-0.010161474637424128,-0.010322163459752858,-0.059531782789128435,-0.033884467669378734,-0.04163136739732497,0.05387616768960844,0.043349002401145274,0.07895631164498462
maxdCH2,-0.017810436846391435,0.0048003212029442905,-0.0018657690116452318,-0.0031607428475658324,0.012339093142245834,0.07470007935085601,-0.018782386720032542,-0.017803081339333473,0.06535399439711888,-0.08531039910358067,0.015012866129952347,-0.023716162648981968,-0.024606998073576455,0.0071754089244006536,-0.0463391294705518,-0.056137928327987655,-0.027903680955206272,-0.030524539182088365,-0.011958568352373175,-0.01265040913254888
maxssCH2,0.07611925239188946,0.0030038122212508126,-0.004547391037742418,0.09779124664206136,0.0168858629569881,0.03651841565016267,0.00320751132488475,-0.009581144396040322,-0.08741463557076844,-0.029000263659726275,0.03537073092755256,0.0006822801675938279,0.001256539924052024,-0.036509440755856284,0.019648398535772556,-0.003085816411413299,-0.01014495892087491,0.02073795180737626,-0.04049004761869687,-0.03400849165550072
maxtCH,-0.0009371426627407197,-0.006984693680845015,0.01582505092054775,0.012175920739862015,0.015595481515229562,0.05394427178540823,-0.0029190285658430206,-0.008116022246192131,0.045502383608299904,-0.07459533504519948,-0.07029602559920999,0.0971171458633747,-0.03664748271152206,-0.04869490645133282,-0.03910057458764309,-0.051617057263472654,0.09032567596370031,0.04767455876953807,-0.052144006403721715,0.12784767870153949
maxdsCH,-0.02044600396437932,0.028980281941617288,-0.03104113948848808,-0.040965010073080316,0.012421747842262423,0.038477781965376566,-0.1011307592950431,-0.0187755211688474,0.09582576777254806,-0.05971806269772989,-0.04197167479922733,-0.06954001558193149,0.12521268876055075,0.04991776832384102,-0.12075534678206944,0.021312712118772774,0.053693795024506726,-0.01631246559507448,0.0552096205772175,-0.020794507589161636
maxaaCH,0.04935214372566422,-0.03286425689291262,-0.022568375919413842,0.046522123727820074,-0.05222014207443702,-0.06771138796788659,0.029964843103138798,-0.03287195141243311,-0.05335119900773965,0.0005461385246043872,0.0952488754310574,0.02234904798154473,0.018426627090412727,0.02762227338970867,0.010448763789701686,-0.002075118302252615,0.08509717861904785,-0.13853547241944686,0.13370445045823082,0.06400250126406992
maxsssCH,0.05920785244324355,-0.03423219931584261,0.05598389282113883,0.12741093124317254,-0.035595350461496866,0.15367529116309825,0.07335253886171121,0.061661207093699155,-0.06052201026094425,-0.030302752643258837,-0.097435738401277,-0.06259354025346964,-0.018052014731618153,0.013277862497344946,0.018809139275529227,-0.06493016023911176,-0.10757351375106615,-0.022518322993024083,0.04749513346836177,-0.03741751553787088
maxtsC,-0.014381836883439986,-0.002895265779657285,0.007829141977224362,0.005513290243969847,0.002012010088358263,0.0371712711775193,0.01664225066362007,-0.007670427366544421,-0.003972167428818897,-0.1027733136817686,-0.08349874548327575,0.0881698585922984,-0.10263020920383949,-0.045050958746670096,-0.044181481751638094,-0.0989498059353872,0.08103350406290132,0.0491091069618291,0.04648435077317121,-0.029588632805746317
maxdssC,0.009779030110285535,0.00771547163514347,0.011093673249724207,0.10361285789353647,-0.04172544257236541,0.10055336214018629,-0.00673341603972771,-0.017439972673106794,0.0629680530271012,0.020515314493656116,-0.046206844025549795,0.010709513487553345,0.11938391074482912,-0.041576846423506786,0.04688613979566404,0.06067964997222784,0.08054854520408161,0.047712954238149426,0.0395660496308172,0.06786450604361813
maxaasC,0.04713018198410015,-0.019178273154221707,-0.01657020998052622,0.07799745015124904,-0.006172412001706266,-0.08028360826796004,-0.004367446371416691,-0.06518058152856167,-0.03305782523426156,0.007417822445868557,0.04991929939783177,0.0004945144325738557,-0.020372342617078768,0.14232974725334235,0.03761407617925187,-0.03811408396269351,0.000493007228017282,-0.06055823432503841,0.05436009418955745,0.022021619339314624
maxaaaC,-0.0006027116274439677,-0.017213666173884652,-0.0017834565011505988,0.007297139382212907,0.020898844041378893,-0.11871250122925879,0.11392675852315143,0.041099913690286496,0.07639952135709781,-0.02382742522961699,0.029670657369839704,0.0048176588190046365,-0.030532128827572873,0.05850128071389312,-0.006249857578971997,0.0006790329598618834,0.015516317748111186,0.026901230961903118,-0.08624269367484495,0.011026344623111329
maxssssC,-0.008384920722269392,0.009063770965545158,-0.0002902267902955333,0.047746359621640075,0.07341541685988318,0.010572684473020419,-0.006616967234030261,0.03618744416073892,0.03457298483425738,-0.0007695569030354267,-0.06850341459037673,-0.05255081795338592,0.01175540783195498,-0.010805715551772982,-0.015861703749804255,0.0703457992845394,0.014922538014490993,-0.017200533443721484,-0.02246813826824417,-0.03632387995892261
maxsNH2,-0.023440595688776277,0.039045257769873144,0.03584220981089451,-0.0009646601969026719,0.001738467924170731,0.007164974004234946,0.010868070007399578,-0.05390799386133625,0.030077026236187823,-0.0025010657127141496,0.006837345268410395,-0.010299254795897451,-0.039651554432985965,0.04392995792241372,-0.05026259291628669,0.05481157602829598,0.011234096142296502,0.07386252619281554,-0.00395192227322582,-0.02526753974583994
maxdNH,-0.012420371835470416,0.033102619627751136,0.08510033487249155,-0.0008048779716961221,0.019563481795614786,-0.014619507407372691,-0.007872286209239696,-0.06325800648900298,0.015007942243068865,-0.013947188370645791,0.0452941839860893,0.03284576037522412,-0.0017958326544291268,0.04182518177853205,-0.014340574042626687,0.006285610288062112,-0.019618734871973402,0.06782235253463294,0.05955879994108049,-0.005412387567540907
maxssNH,-0.05567989939593972,0.0883521792502482,-0.040659146009395755,0.014085452436031277,-0.03647089680022262,-0.00591897499368449,-0.0005763038775159717,-0.04530604260462638,-0.050263686081176775,0.0385368318011463,-0.05251991397478577,-0.024946604003246914,0.03629012830002258,-0.029229115550353513,-0.00912254959437173,-0.04493551834952562,0.054576161545820595,-0.00715631292656853,-0.12684566752439236,0.024527088003250555
maxaaNH,-0.005663741000046102,-0.00436933287457401,0.04125303467295595,0.09206496781975625,0.020561258209346404,-0.1335419408255631,-0.010970234708347472,0.021193945748881563,0.03954472682503507,-0.045042029429580674,0.029000783151467036,-0.1236737621724178,0.018981037904642353,-0.07113029196002542,0.052568933319738616,-0.047907634948395485,-0.023473772278620332,0.07709991277944092,0.02197872151897886,0.045189946605450115
maxtN,-0.017012047393960523,0.0005445628571142132,0.0018703832262424698,-0.00043735038889830346,-0.012070862332426768,0.0054613510265737195,0.015277719420566034,-0.012628519206528032,-0.022300834047716822,-0.06367704895423533,-0.058658493374893664,0.051093091739634534,-0.07619917733612522,-0.04830828957264705,-0.0445591755852601,-0.07420389277222848,0.023400892517472696,0.053918564500953454,0.07208386022430066,-0.10686671732691669
maxdsN,-0.05510427215737155,0.045041976149517896,-0.05230971343670492,-0.05555246083053729,0.006470459042173626,0.0018889495075064234,-0.021575212037720788,-0.01828183632551674,-0.05763129313399047,-0.08710083243979137,-0.052225821710885786,-0.052717686201393825,0.033182410082813245,0.02179652863215432,-0.018431163056918828,0.061687792627948476,0.0009468625324146995,0.03914486018460362,0.024964123198113475,0.022705391717538423
maxaaN,-0.07086175129355651,0.030612122789835758,-0.015396309477869645,0.02767957391206964,0.0007818139025620573,-0.09291549731766614,0.050182136806268526,0.00510152041651997,0.0401013613081566,-0.014338934516840394,0.03801078699253256,0.07084493667751936,0.04202555229996505,-0.06906612512249921,-0.059925935625980115,-0.014007437688032157,0.010332177284546207,-0.024971886180217798,-0.004394398363816671,-0.09958935610052141
maxsssN,0.09210699211218361,-0.01786294148566861,0.002785079424720021,0.05454839564289511,-0.055777084574715446,0.019866465518733317,-0.03718472978153256,-0.052448871198823785,-0.05243827017529714,0.01736492303666033,-0.02114417382417985,-0.008568734810805414,-0.01706071490501035,-0.05149090389498889,-0.015267372249894816,0.02689822830874212,0.019210206817991387,-0.023073179733241005,0.01274626709452273,-0.031270715172498464
maxaasN,-0.005778578152636336,0.038989760495075236,-0.07095089278178138,-0.038932498448509836,0.026896657813547286,-0.04646966686356501,0.09701718738372982,0.01488657134057996,0.06982796004801248,0.06625555230784042,0.020252201904559924,0.05984347411386492,-0.02114194285399314,0.03602431988359475,-0.04188287655900961,-0.01990542713407483,-0.02648589521805048,-0.011823120125370441,0.02281612936845078,0.029244252162980988
maxssssNp,0.0014340483935509091,0.0015621465029917324,-0.005424367769362202,-0.007070084081868593,0.003578480909076076,0.0071076332952595194,0.021915782602904027,0.006213792086635606,0.017653336501456594,0.018532300577936325,0.033775561282119185,0.013574931005054811,-0.03458619208286905,0.03114650179881431,-0.02090750765518208,0.029184323374335193,0.023176841211310882,0.004747013633293928,-0.04535272691881314,-0.014204831822462658
maxsOH,0.10216691762895158,-0.10923030154418718,0.0615564586182863,-0.0619567253085244,0.030827505505070893,0.06261066111018868,0.004538495922946316,0.030429026994086544,0.020338941089064925,0.007086281043869501,-0.0331084532655664,0.0032574360453548746,0.026866194709792967,0.004393246494194677,-0.014633545327194799,0.03197517129937772,-0.018245124227552346,-0.022932718086336814,-0.032579730506282815,0.030789933748947312
maxdO,-0.07201298040807258,0.09952510688605017,-0.061694126149268225,-0.03206506336448348,-0.022716789382212724,-0.03962375817216898,-0.08744606969214178,0.03234350395059984,0.003095365018687554,-0.011301376989669732,0.032213087878969544,-0.035429664603540516,0.0881562323218898,-0.03797526010936996,0.008066490101167247,0.03811697135536948,0.019082313438015485,-0.00686434909944966,-0.02835148524671336,0.1251381823036145
maxssO,0.049168599550872945,0.025926495470392847,-0.06424507030923361,-0.05312194474712277,-0.024664346126818254,0.004381232131781389,-0.05813838431652922,-0.04663821721495537,-0.026733390237452623,-0.0053284664589588185,0.04928369019931539,-0.03587997887151784,-0.09714547522569851,-0.03167320544187928,-0.04201322713059347,0.12477493012189476,0.034368878811819825,-0.03289309688184657,0.08850500490309754,0.027737521129246653
maxaaO,-0.0608521875818556,0.020053545532907516,-0.015065749149282926,-0.012912178410524949,-0.03276003743688694,0.00643308323801181,0.05608805027112203,-0.012416735972305191,0.06778261820882031,0.038190965277123574,-0.025784866266786468,0.06243340128561053,0.007135453016169552,-0.053680312425778705,-0.009246039061311873,-0.01739090303121647,-0.01998547218902718,-0.07590054389444685,0.038431575923311936,-0.12710006905360893
maxsOm,-0.011491186944936914,0.006937719301900742,0.012765860128487723,0.03613330969938666,-0.054608972728957615,0.02905807279429374,0.0004437992068213003,-0.010860138562718943,0.01994580692284659,0.022121083054354895,-0.04394267983143648,0.039279229399532635,0.062016918043652176,0.0024934008874859443,0.019056910076285166,-0.0039405682142966605,0.02256515362458693,0.005528970603590488,-0.010124421119127286,0.02685164383115346
maxsF,0.024614339089023038,-0.053102260662221144,0.08317991390237313,0.021261127866339206,-0.04320694356769064,-0.03138307108100143,-0.041725951136199375,0.11593853545811302,-0.019505708440753302,0.026940580799982027,-0.0360909757274909,-0.03750502572382729,-0.08136270456926373,-0.0033057496735975052,0.0005044629491434448,-0.04095796222839431,0.09051679774522259,0.019355314291376925,-0.011589574442096545,-0.10054532262847239
maxsSH,-0.005025453481062805,0.001904851459338587,0.0023324904747101844,0.012603514851924815,-0.012399753900687245,-0.007442794745703507,-0.023872561295710276,-0.012054732748983164,-0.02180981405607927,-0.03532751774812277,-0.040119220494920206,-0.0008733457574754633,0.050349602717102974,0.05047953391781131,0.0050886692097193865,0.02322568085367088,0.03166649436785913,0.05149266718427524,0.028278973574645733,-0.009882353185534978
maxdS,-0.012882576064027318,0.007323292375165763,0.019707960146152875,0.06785766703203357,-0.06969665376143755,0.054755431636322384,-0.027463617967740918,-0.053184738409354136,0.009740892478154076,0.05391626364519067,-0.031689289301823485,0.10339525238743157,0.09935621465765632,0.023689386454802296,0.13204866840683993,-0.04060513636725185,0.11951297949306064,-0.11583772017789402,-0.07103884628131171,-0.0635685465753304
maxsCl,-0.010879398007413693,-0.00461692495372731,0.012047209905481684,0.027044241467854793,-0.01786001400281175,-0.006913151394618607,0.042546261510777686,0.028918488915973695,-0.054323138632575804,-0.008358248499151101,-0.006644860583805857,0.03127310395911762,-0.07310832279149033,0.10683435130721824,-0.04786676505813111,0.07249856234713677,-0.023969889325177976,0.05931060196976125,0.00445471933306666,0.07557763753705407
maxsBr,-0.021404046241032378,0.016035346519334626,-0.024568789304692955,-0.01373258556498351,0.036102916754878714,-0.052353467657754796,0.019911375372164343,0.04078209863496614,-0.05263244361121123,0.006280504513339895,-0.10862457286071434,-0.045172234304417004,-0.027443552905893398,0.09086592822746893,-0.0034165312092007843,0.04655153713943854,-0.006291183599644734,-0.04196052622865968,-0.007775639321757957,-0.08282126723045881
sumI,0.05262633946699662,0.06316920195211437,0.037656462535061976,-0.03796643591761629,-0.0436628895849332,-0.006439759737830767,-0.006849667329984545,0.03818148870706054,-0.0016853657990695931,-0.00723198258159684,0.012411670310717764,0.006822192610841249,0.00490623453475845,-0.024666735172684834,-0.008009354438382243,-0.02426552733411256,0.01580884493526946,0.008274475158780168,-0.0039060163171457606,-0.0039741763571531355
hmax,0.011236630254082676,0.02332843693571293,0.014866245358450075,0.0033650575779389487,-0.09947630653405132,0.01574952019982992,-0.05534092861488643,0.08865108078876263,-0.031100178720155736,0.033459931976318934,0.0130122689211113,0.013894438142644688,-0.03996817106230102,-0.03798381606224361,-0.02200692997968182,-0.02210522636426684,-0.05000913172466214,0.0034906628750500583,-0.0024020314848553484,0.0006143622460595171
gmax,-0.01436928696695664,0.03566701018341428,0.009536977194038367,-0.024313989977089678,-0.030379334809939307,-0.027978706205888996,-0.08088564717113261,0.09443412151193664,-0.0007959256317817734,-0.009705313179380119,-0.02249758229179138,-0.029751123242293925,-0.02812639341379412,-0.005114333585038654,0.05632230121126366,0.015141450428654068,0.06013516305824694,-0.014093346987642745,-0.0695200225751468,0.007644555493412749
hmin,-0.09335294201595265,-0.010106048088031885,0.016516352112444295,-0.015124816906816926,0.05219112677084968,-0.04948322230895135,0.02084243711148146,0.021851744851896587,0.011950694165596689,0.010839679534180828,-0.0378114636909158,-0.007938557354366547,0.026150499003195885,0.028673008846820277,0.06675988356203841,-0.09549486903304201,-0.024796286780362404,0.06098239839359819,-0.07197601340084393,0.030542218028427673
gmin,-0.004884841117357564,-0.015714930986602454,-0.03814726235794867,-0.04190605490364218,0.09560737554571248,-0.00322381655680462,0.08465732455523914,-0.0911788844529684,0.03955147450149832,0.006901473491753117,-0.01698337634703328,-0.04921348922446474,0.014514389644872101,0.013414876744449576,0.09219979232115744,-0.005342410145634049,0.040686016099680436,0.06433498297873841,0.013060939461140151,-0.08010669331048224
LipoaffinityIndex,0.10769200766878285,-0.007773698486977019,-0.04125593719942901,0.02404587001196512,0.008696973619203623,-0.005466565545872795,0.028530052821741668,0.031992601785182234,-0.027982571882412637,0.05648314527563043,0.004842452163521173,-0.05826033528781678,-0.017883685850589106,-0.022155951903445437,-0.06100561960166841,-0.061236401773446615,0.06052463118902861,0.007650410011245143,-0.004983376031140657,-0.011433085928227215
MAXDN,-0.0033309176633705396,0.015704905986133343,0.03309570755910279,0.013716856923655443,-0.0832170789909565,-0.0072953531887202045,-0.096565818295866,0.09606257363573,-0.01617217465906762,0.030503427880510803,-0.008054477005914194,0.010701345846504614,-0.02848121088067757,-0.007508226110982282,-0.05569097144607958,-0.036179318926781626,-0.042033824541614195,-0.03173294329703193,-0.02989329685189536,0.04684598415074666
MAXDP,-0.015863712614875302,0.059863074932603434,-0.010892381757756142,-0.022706330572005454,-0.03440113929278243,-0.006109987287623584,-0.03955351472720539,0.11836670317904885,-0.019396827261307373,-0.031247296522862903,-0.0062888749618403616,-0.013453322338736466,-0.01128697500127468,-0.03033915322375677,0.031302658829242574,0.040455035521167346,0.06004711697878197,-0.03342943555140483,-0.056130310249627974,0.05468341367786415
DELS,0.0051263211160209425,0.06359760462916003,0.06576910413484768,-0.05100027072696665,-0.032945018857837606,-0.005150191122959741,-0.040190991912895616,0.05878150684948771,0.011564165993180225,0.0030329990371143665,-0.017250171788713176,0.00012095880741202979,-0.027011030539967007,-0.01611843524554214,0.02087688507559571,-0.00623448875010102,-0.019143783230234333,0.007008938801685858,-0.018733661106963125,-0.009135726372478703
MAXDN2,-0.013457490319223081,0.017361208460854337,0.03153822966894628,-0.007314237218344133,-0.06367312924257984,-0.026617575628332526,-0.11987148908456045,0.0905864473324961,0.012740675410957192,0.06506370497705692,-0.024377133716291174,-0.016600408382434685,-0.04120614601815688,0.0029359146776758546,-0.02376767497023846,-0.06490737860790895,-0.037215902081860104,0.006627295222472252,-0.0461951101732018,0.011745140067158334
MAXDP2,-0.015613650176211046,0.06036393470281773,-0.012862731786936194,-0.026928151726846736,-0.03004360383732957,-0.008134309687090446,-0.04035006341392954,0.11661626115534257,-0.014914059055120176,-0.029118931253404378,-0.007580039541222695,-0.020875349574363718,-0.014623753770858961,-0.029659722055485057,0.03865311477216601,0.03363191264978042,0.058375602657007586,-0.024035901318917245,-0.06031741352355033,0.046108191105524055
DELS2,0.00441985895245844,0.062285773178859714,0.06775048868747555,-0.050275763053970246,-0.03452817954669346,-0.00212270342085309,-0.033562694592710766,0.06570328114683838,0.005387155324951758,2.856246883061792e-05,-0.011374248230341156,0.009616482947586467,-0.021847906585320712,-0.018721487348623014,0.014175208298751614,0.004792151009852179,-0.0091901884963787,0.001129417223762278,-0.010605836018040661,0.0025199219285703587
ETA_Alpha,0.07993188615740444,0.0644530831827354,0.0014870982853884649,-0.006319494214242073,-0.02219472346823754,-0.013209737580133857,0.007847428710323599,-0.0011816065710626305,-0.010116970221151681,0.002740586469801183,-0.007657055764503726,-0.0018498108373372138,-0.004126641548882959,0.0037563360904720703,-0.012067279288284695,-0.015778104002848826,0.0026377814917403243,0.005484055568769719,-0.011921387832525639,-0.003877445855497554
ETA_AlphaP,0.011506533931085545,-0.01096092336014369,-0.004825350235523275,0.07191466409020555,0.034678116837593344,-0.055784733043420236,-0.007971875692399148,-0.03928689634436198,-0.04123374689425385,0.03283845642200407,-0.09102095895798552,0.05812631972503378,0.04248190847368805,0.11367507836583554,-0.054515074134755745,0.03218527027583362,-0.07135109885868651,-0.037723399740715466,-0.025496166516356503,0.029980539800252684
ETA_dAlpha_A,-0.0248863925092528,0.004477269689028534,-0.004558668593647984,-0.0020791801161050764,0.05122069147855797,-0.0765566597023584,-0.041911933102687746,-0.002989108655866556,-0.03994706856757479,0.04842294785936961,-0.08567233692799263,0.0667688212671279,0.08840422326667663,0.00027166279947854835,-0.05954207831701193,0.05275456085857266,-0.04256720910213869,-0.04995133885754727,-0.00851602657565927,-0.0697698126497994
ETA_dAlpha_B,-0.029348920121724537,0.01694150440794317,0.0037173306955098798,-0.09551540429540854,-0.016141383829064066,0.0293107864688649,-0.013554216825099353,0.04981687538888735,0.03119816198946864,-0.015331050308971184,0.07030511515206171,-0.03798885729110107,-0.0050752158751675765,-0.14894234067199474,0.03739247277894762,-0.011993039120479313,0.06919910409136866,0.020862988407704116,0.028562341662532277,-0.07929215381704433
ETA_Epsilon_1,-0.06063766386887185,-0.012678607868856905,0.04324063483390923,-0.035649712598062835,-0.0900567889969829,-0.03436974307199138,-0.026170032944514022,0.04731565465353601,0.016615713922950595,-0.026908984173916392,-0.02361726014408293,0.05773758935787811,-0.024236195940677885,-0.015167685919283058,-0.006417459210905858,0.04029975731386415,-0.0332157221351005,0.004803966829320154,0.0028324297488481467,-0.020045681118352924
ETA_Epsilon_2,-0.05909094615286024,0.008670213208337918,0.05755491154699435,-0.03006130203925335,-0.0832604616859885,-0.010411546937563252,-0.0788647009515633,0.04940330561577754,-0.01843962307431188,-0.011091677735871911,0.030210865729322245,0.0590754355973959,-0.04814448148352706,-0.03326720361086843,0.008233188644499383,0.045073938049253214,-0.03914418666888974,0.00780325204648327,-0.011555141072677213,-0.0228992944449591
ETA_Epsilon_3,0.036532487792105516,-0.009759422415311582,-0.04105599406406293,0.05502357379295284,-0.01574116976243986,-0.006485491445858138,0.09887843106461074,0.06260745260095225,0.0753892601193156,-0.09268265489891656,-0.06863330169605537,0.010590069499118955,0.007498752613628321,-0.023054121831552976,0.07683060695407512,0.06086476852331382,-0.031511809751768004,-0.01913788675934474,0.043868914363739304,-0.04431955842456825
ETA_Epsilon_4,-0.07697280897762969,0.02568401726917171,0.0448944931987862,-0.0075342816297861055,-0.0838133873323699,-0.02724474074198311,-0.0762813421482169,0.04197215358031903,-0.010833029028771247,-0.02122241701727954,-0.0038946221999986512,0.06703353755527171,-0.0393572154966831,-0.020539020059191167,0.02027554535427038,0.04349057331756677,-0.05726486624566237,0.018993975519342333,-0.009640980424282857,-0.029970952786415563
ETA_Epsilon_5,-0.05780447637753867,0.027799239292840804,0.01735569650558233,0.006015774259633079,-0.1128837765087372,-0.005933001075269241,-0.079134564348119,0.07172674936156775,-0.04245885333527905,0.0007794593561205746,0.03814758021144713,0.06991786324314843,-0.06414883788690498,-0.0431268805654047,-0.010377960351224173,0.03945276371253722,-0.025129090554882737,0.0015909414227298028,0.021253343442374166,-0.015695059793948946
ETA_dEpsilon_A,-0.062148438708560565,-0.012122731083485128,0.045069911508842514,-0.03821781016910131,-0.08879221592643541,-0.033862545565493174,-0.03098500938076038,0.04393015230088685,0.012749825684439046,-0.022122620096648338,-0.020053182131339227,0.056902096370743005,-0.024482763812281007,-0.01393512868791157,-0.010235071253096648,0.03703943984894457,-0.03145797325352921,0.005733715309415258,0.0006232790604772673,-0.01771238823111127
ETA_dEpsilon_B,-0.025512075641181107,-0.05587146100696016,0.03028442962508213,-0.06062565332506565,-0.07478909564101732,-0.034283610381681956,0.0410729700304776,0.04178655794660537,0.0456079102532945,-0.026971251585459016,-0.041485885696240336,0.031865328533030625,0.00019823567121387412,-0.004832025115140858,-0.03708513916035461,0.026232296207944143,0.004295923838486699,-0.013585677547541985,0.017215442951150076,-0.002942635014142108
ETA_dEpsilon_C,0.07855772126663436,-0.026017291482481976,-0.04739986627112356,0.01180541612247878,0.08109728833612656,0.026241537291635943,0.08285415750099528,-0.03624073816492183,0.01668460522542612,0.013438957599166093,-0.0016754606762829493,-0.06502711957914675,0.03925812891193318,0.018348967101868733,-0.013760978487948954,-0.03787254519217655,0.0537291536205934,-0.020179824414412906,0.012972275015367735,0.02588420628443802
ETA_dEpsilon_D,-0.014560614113146943,-0.0417999821849002,0.10276199984873073,-0.08796482388158348,0.05097167189929835,-0.012229345722233283,-0.01490658484412807,-0.04103646710488637,0.0509875642537781,-0.029193361734703403,-0.012083262011629459,-0.013012238103301382,0.026937402863488422,0.01585314400512333,0.043928148111602436,0.02168223173787363,-0.03956122129884488,0.01564678851755548,-0.07686951720950856,-0.02086895179601562
ETA_Psi_1,0.04796016659538492,-0.012199484286540649,-0.0413806585600955,0.055878188684877476,0.07756842456175854,-0.015978535687719602,0.056924273210689526,-0.04598216072255036,-0.008609956324063299,0.022443899840142226,-0.06057096767435658,-0.016452732027430046,0.05845383644345938,0.0646179089490466,-0.037313836708912425,-0.01738253376521473,0.004522509389892359,-0.028099876985834275,0.004823343466732829,0.0413717391174823
ETA_dPsi_A,-0.048421217156248135,0.012529329026744522,0.0409899755275536,-0.05695447610893542,-0.07674560303377223,0.015124298283565252,-0.05736800600932991,0.046617472412960125,0.007613939837597813,-0.021044888220434637,0.05887498808095835,0.017316647115377594,-0.056552014001823046,-0.0655096672972633,0.03747361303742151,0.01673700949587602,-0.005373750577564931,0.02676014265243131,-0.004627049923587354,-0.043745917813173864
ETA_dPsi_B,-0.01124719592079469,0.010927914846854967,-0.020218785687031626,-0.03356368469786329,0.04133412144283722,-0.034500550300030124,-0.009421868630746752,0.01811817502986973,-0.03892087528749243,0.056017281333184635,-0.07225559591337191,0.030641686054327117,0.07979146469144378,-0.02542191412149222,0.0012011419569524552,-0.02676282520573791,-0.03171534319223216,-0.05450473635494251,0.00807788825343494,-0.08470910773278542
ETA_Shape_P,-0.062448168755261435,0.002516992013313604,0.05784907577616237,-0.017772364305248377,0.030398302906210338,0.04695022996450855,-0.03379730307817329,0.03870513600119137,0.0221936180631394,0.09522956772110629,0.0569990182739655,0.0686856375323638,0.028758642878944047,0.011697113577227964,-0.059952992863739764,0.019812138777307593,-0.047822294223841495,0.0038741832173951308,0.016358873620373273,0.039563087016111255
ETA_Shape_Y,-0.014225359294875728,-0.03974001653136445,0.04662746134429396,-0.028825241873797015,-0.0566023528442639,0.055474406272068386,0.06854171218119152,0.02646872430929736,0.1203578023321348,0.008658752042873013,-0.01346809839786137,0.023420565910362103,0.02743858353455141,-0.0653059419343277,0.03769868323359235,0.08819525996837851,-0.06088995187989695,0.03692738586135461,0.06582166860935328,-0.015311466809185811
ETA_Shape_X,-0.021668084241549722,0.028669273926247758,0.0004776057501403104,0.04368485324018858,0.05109406909446632,0.02616645159419615,-0.040373529566020576,0.12872076151787526,-0.002300595800075409,-0.013932352114727311,0.04655189209093963,0.04242595469733161,-0.0021513859518864017,-0.0007063476632643742,-0.04916367550114553,-0.015910534420096274,0.006342305749010377,-0.05415492733267314,-0.03889952963496794,0.024742546676318516
ETA_Beta,0.06727154200242313,0.05146568252876116,-0.021448767758760402,-0.03982863172963523,-0.0692977757166673,-0.04472336174052793,0.027470048116918548,-0.002538745723813692,0.02700967449370935,-0.007185566479145648,-0.005656053337130299,0.00590150674978339,-0.003234742449575636,0.002041163583852545,-0.01568567125939696,-0.030548423319178133,0.0047748422704890926,0.01332312451250247,-0.004042035221824209,-0.0037500311833211348
ETA_BetaP,-0.030668731564218166,-0.03437682067455557,-0.00707895934018739,-0.05772107839172033,-0.07567286427672278,-0.06747547940297713,0.07277531820371932,-0.013459043634761404,0.052911267217862414,-0.016074663102900986,-0.02047197860248202,0.024532382026226405,0.007980587642391677,0.008109521137558558,-0.022400947240046883,-0.008846114607143045,0.011025900294271687,-0.025744556565487377,0.033596468918270284,0.0011463057009652527
ETA_Beta_s,0.0679897849959016,0.07479144452311134,-0.004862921027669165,-0.01709726686468035,-0.03121404926423375,-0.01573142898934248,0.0061146921417091354,-0.004086170285876835,0.0020925686351212576,0.0007907186036627054,-0.0092761044666869,-0.0017912612908726905,-0.01397680862116076,-0.014850927651409274,0.004648284727956196,-0.01206563908904574,0.0007515858437122187,0.008096648190004205,-0.0018364151963086884,-0.014562131939591026
ETA_BetaP_s,-0.04293509017515832,0.07089563917177362,-0.0628758856400636,-0.014834528834256493,-0.06958044204306772,-0.04030925697844984,-0.0012782720862197761,-0.03285422633191723,0.041045822206131725,-0.012970664126076475,-0.06029290686147978,0.026173239057065895,-0.05516672266871538,-0.050153086826524945,0.06719117050351606,0.043473896427395214,-0.05750782212789936,-0.005922038536143781,0.033939389950177444,-0.06005970992981731
ETA_Beta_ns,0.05212310624315655,0.01774006869824713,-0.03296131311398766,-0.053365926314878895,-0.09142595443264874,-0.06329391885390319,0.04232469686705748,-0.0004894553344803787,0.04542490024497185,-0.013394257874026698,-0.0009227467213280328,0.012110470763636255,0.007900379013706311,0.018020231229264504,-0.032078977256341075,-0.041949947347761786,0.007659401279653737,0.015540872594185977,-0.005317434487318571,0.007563844726177762
ETA_BetaP_ns,-0.025087742036950387,-0.046854095245789776,0.002545526030647034,-0.05760077063997822,-0.06762398966378792,-0.06371936950035838,0.07576832062145608,-0.008804132201108752,0.048480804273520875,-0.014649166776020527,-0.011767551037891344,0.021354541707718975,0.0169700398305656,0.016314327697545178,-0.03383675014908809,-0.016027474713321967,0.0205016829261939,-0.02580174545872037,0.02954513062994393,0.01064557738477791
ETA_dBeta,-0.01558635014990884,-0.06136700564986763,-0.03153216605180586,-0.04104036980896187,-0.06822250873992065,-0.05361018880675138,0.040630289515762745,0.003888519956113929,0.048458135577762525,-0.01581662403264116,0.009037788407054473,0.015468911799088129,0.023993385165096484,0.03624375640506074,-0.04087026339417798,-0.033752617160665126,0.007738059154594175,0.008567557389175057,-0.003945133853893956,0.024252862227800407
ETA_dBetaP,-0.018597989473689243,-0.05886259499884211,0.012624532189304453,-0.056074372024340464,-0.05750283823567813,-0.05821310320390429,0.07708345143766225,-0.003684784244491341,0.042634233726154984,-0.012793072511392445,-0.002309027433333409,0.01748930498082776,0.026031757628651803,0.02455903516079759,-0.04506655601661149,-0.023201363136358375,0.02999016504889627,-0.025237912500133894,0.024561515965394545,0.020399391551040577
ETA_Beta_ns_d,0.05970278221597532,-0.052024426493044014,0.004395845230541855,-0.11310862434259929,0.002366988168218524,-0.04635780755551188,-0.044976584180418215,-0.03532679943597358,-0.0009489311894801236,0.018101298699160204,-0.015254396052281596,0.018946429884200918,-0.06488115128503698,-0.018517262900657926,-0.07319946531676805,0.12374212734844615,0.023627204922977745,-0.0772374943085331,0.011391956230302244,0.025261166228718317
ETA_BetaP_ns_d,0.01511318846745559,-0.07278906423873023,0.03101498149324719,-0.1177011783371388,0.026652763537000097,-0.042950016023248425,-0.024224930384676692,-0.03198235104956451,-0.004655553605185512,0.021461861021548893,-0.012815974894001903,0.03977104203630147,-0.03858156607886709,-0.029883527824047178,-0.07463031629296665,0.12987650950648658,0.04004114871352487,-0.1109969191823654,0.03880858089428101,0.04804559391742858
ETA_Eta,0.06025391830226587,0.06919213426465182,0.039705425447595574,5.18070579063536e-05,0.03197906036207393,0.011036908565526915,0.012683109614926158,0.0066877913881289676,-0.011800716268231351,0.013128386675461875,-0.007608189966671598,-0.01295467802592153,-0.004853058548952281,-0.00806448139329327,-0.0049566681420477945,-0.003018803976268907,0.005034408252023583,-0.0010594082275089168,-0.0012323029026109287,-0.01970844866937622
ETA_EtaP,0.050370883570187326,0.04911472939956444,0.008247953072664434,0.055875922949533995,0.06758125356697385,0.052683238754692656,-0.0342395492982223,0.027338330558980935,-0.01638480739825235,0.022300337565013793,0.005920354038972898,-0.011275956149903586,-0.014281856203082558,0.0021753541760167632,0.003662841984779179,0.006446880802602502,-0.01516682142979119,0.017370014604361734,-0.014527514252131613,-0.019229938779036927
ETA_Eta_R,0.06218312498568116,0.07104003804871792,0.029803387289521494,-0.027108097196518494,-0.0038233387612724833,-0.011124838476819707,0.014396288132254187,0.004210556160622268,0.007566319601064304,0.012125986332253192,-0.006377980425824976,-0.01073466629854191,-0.004436834105471343,-0.001855566931241451,-0.004708883839094433,-0.018066211239810642,0.003396558492681635,0.011325388056087942,-0.00487355395233741,-0.014775818392096202
ETA_Eta_F,0.05456748135199732,0.06190763666632719,0.013017240660680763,-0.05572103121746617,-0.046650467899288645,-0.03623260250145066,0.014169862048778204,0.0005307489266750786,0.029853002783909816,0.008968221972080281,-0.0038641551776620268,-0.0063223449309484986,-0.003221426948416729,0.005974848928456228,-0.0036542924811256055,-0.033430681937440976,0.0008655156543386932,0.024538588526920112,-0.008511171706304381,-0.006425181484664384
ETA_EtaP_F,0.011793156626586108,0.0074654234453898185,-0.0024233817772380717,-0.08119299475874715,-0.1038626983939806,-0.047241387296868484,0.017216455974200174,0.005291912363187982,0.058410782854195854,0.008515684348787017,0.018033287489576284,0.005685351349430088,-0.017048574012346746,0.017080947712754303,-0.002182845220467198,-0.04143444239976247,0.005810601133165443,0.01895881043161954,0.016631452973087078,0.01417295230052955
ETA_Eta_L,0.0729600201050237,0.06333584429796411,0.0149966083643668,0.02082828689350137,0.0287702834579577,0.018412392196793692,-0.0036445960721473805,0.005491455516739524,-0.034038342665095034,0.002811018592258762,-0.00958751058783545,-0.016806353364561377,-0.009409491686258653,-0.019242124035428215,0.0008608674154607412,0.0011872456903279994,0.010310578204354583,-0.004844199871561696,-0.008936366890749907,-0.006947406293189854
ETA_EtaP_L,0.03349586549203937,0.030111650949003838,-0.0022537434147845894,0.07493122954151707,0.08491698670351361,0.05119395897158161,-0.04189502050650831,0.014676379632131548,-0.0518359266717366,-0.0006823421597504956,-0.009675042345306329,-0.016563817261694005,-0.0013476519150774154,-0.0184881697726135,0.011205419035032204,0.02372558450675974,-0.004504319117941313,-0.0007773325694105919,-0.020000612632085784,0.006543477655310487
ETA_Eta_R_L,0.07862568404348362,0.06559694371437773,-0.000923694344150668,-0.013715179911404028,-0.02452016317752324,-0.010615734008095531,0.010537773238033985,9.601155681783186e-05,-0.008548143193519105,-0.0028850538813340308,-0.0005744881607020302,-0.007826083036898366,-0.00638686963900906,-0.009371027245310592,-0.004122469766902787,-0.018394561073944667,0.011223463750685374,0.010578029997414506,-0.008124128278181377,-0.007807334525230635
ETA_Eta_F_L,0.05540387817821268,0.04290777677531032,-0.02196722403947047,-0.05478146243701653,-0.08655502443995532,-0.045482025435285345,0.02547373835787116,-0.0071960627076737005,0.029077848935329182,-0.00941227091225269,0.011769535825745383,0.0073182393157459865,0.00018252365365102515,0.007576812825768471,-0.009206058655911833,-0.03750846684051243,0.008048795521639127,0.027165041615881305,-0.0038454060530648186,-0.0059012156918094045
ETA_EtaP_F_L,-0.02774921417981793,-0.029012320333722363,-0.007324059080538688,-0.07258400253019032,-0.08627435914934675,-0.0571858650811554,0.05052383350912768,-0.022252458759644253,0.044187169469381254,-0.01137334855902888,0.006034694925798938,0.013151856808942389,0.0020900638337520354,0.016730547506700052,-0.004989263701468251,-0.023465113125809997,0.01078319631293771,0.0007885389178386211,0.02298729479334927,-0.00768923589632232
ETA_Eta_B,0.00989392839399943,0.049271666280380495,0.08977231395265303,-0.021935022755390332,-0.007269417615858803,0.03689453152447753,-0.02130716675086169,0.05980004214045676,0.04151738095330673,0.06256071159267863,0.03014332432548624,0.018096021237922106,0.0028813108956629537,0.009273435614375384,-0.05739369072560286,-0.004687057457502697,-0.001138226200092619,-0.03509312113451101,0.021317260124317772,0.017564123188545985
ETA_EtaP_B,-0.0365893633097963,-0.001344125943965327,0.07710747258884999,-0.01780513581709623,0.005143534743893868,0.052680994813272396,-0.07626778767192081,0.06728919246857883,0.0634491338852772,0.10173415418619397,0.03379490050372121,0.028052877870415212,-0.010261108790563753,0.01568321807932685,-0.05319622150598224,-0.006649551219760921,-0.05274657081773382,0.0023576575532573553,-0.025383746778622575,0.010158106616593878
ETA_Eta_B_RC,0.041983055767533854,0.05712735170063869,0.054084588897257604,-0.013314853051062147,-0.01970293908027338,0.02330068114567495,-0.008160046278700603,0.07033680045894342,0.06227023663630449,0.04134441265085577,0.002965945151309807,0.011758285768853356,-0.015310187143825675,0.0026895305574871613,-0.038283595391017285,0.016014864518780782,-0.00876027814218388,-0.030913721256907906,0.016958226034765492,-0.008339233092703754
ETA_EtaP_B_RC,-0.036725534935168364,-0.013607293832937904,0.06608592172212606,-0.0003208082143613746,0.008579083840847835,0.04961550593991522,-0.03181282882004158,0.10240269033194256,0.10286243554163702,0.07179182456948897,-0.008270772516412958,0.019940956841911685,-0.02747403859229784,0.013935245559669072,-0.024671366282214995,0.03421990106128278,-0.07058976791524503,0.00037823502625562223,-0.027094144277824198,-0.031123305035494105
FMF,-0.004049177981660931,-0.027160915839396827,-0.026718819014198193,0.003395991434502815,-0.08736575527109669,-0.035665029689015845,0.09027850093609537,0.03265073833032734,0.004745131431696537,-0.09678538120966078,-0.08359139847151612,0.03034805700083892,-0.013159559657950048,-0.0032833744579139124,0.031772666274992124,0.04523085773508199,-0.025528120071411115,-0.03320168160624222,0.005316643703687094,-0.054363915393078145
fragC,0.04873768004156172,0.06513603115873781,0.046155957445758775,-0.03187470392272404,0.04962974415884899,-0.013039932352689066,0.0394008065966314,-0.015728350200645263,-0.013492115923284762,0.016045948381398355,-0.023803058333083455,-0.027462395120877437,0.01063205519139379,-0.022621612085328903,-0.008218747147780918,-0.009875336136658443,0.007903079732297124,0.0012420316504941872,-0.016789596343567297,-0.024577097280421838
nHBAcc,-0.056812229619324556,0.13031574934872084,0.012061342874193278,-0.015918384367275527,0.00467159554587604,-0.05421087283901072,-0.018111660388689593,-0.036179444982348145,0.021520591353270106,0.0245651113890578,-0.05354596197899923,-0.04687447061944542,-0.024480493685947013,0.05215851655650152,0.04899359900616872,-0.06726908420005505,-0.03403289383466722,0.025226130084346588,-0.026359534897975767,-0.011636113572592104
nHBAcc2,-0.010786902065203146,0.08505111864059069,0.05167989580166689,-0.04518741273181685,-0.048389431810330515,-0.004665920632456378,-0.019915670008280994,-0.0001964275494712435,-0.014925978374537189,-0.011200411340756597,-0.0035679250463099463,0.017723551168989066,-0.01597610101764753,-0.02462027801445254,0.020572232431248293,-0.0003713298382947051,-0.005518580103274806,-0.005127627868406164,3.05869397473324e-05,-0.04038052823793073
nHBAcc3,0.004555659881632941,0.06665601761286474,0.04543787420705799,-0.05304246980630909,-0.05863066705918671,-0.006546926629884673,-0.03932150605862185,0.01149954073859317,-0.009651499700529623,-0.006974647216906558,0.00015780113452484106,0.014857477130809364,-0.03404516442244114,-0.03590278965244588,0.00208380365953193,0.01772937973609847,0.002233357704722664,-0.017364761230725643,0.028853914460098343,-0.03908083858327972
nHBAcc_Lipinski,-0.020502325199512006,0.10554879492736478,0.023745846571437162,-0.046817419172869135,-0.03556139748166475,-0.007611317870901289,0.015947914727242708,-0.030174458044238052,8.989611818428553e-05,-0.02634263891847425,0.00901678201623721,0.018729924336200365,-0.0034712017215722873,-0.007745114252171742,0.036869194889301134,0.004266200103752444,-0.02452058843784476,-0.018175450214861732,0.01589466230933204,-0.0020648799709677835
nHBDon,0.023068403676121486,0.016039020566742765,0.1182991061303751,-0.06398461880943654,0.04620838959645515,-0.007985322886495028,0.040679924397867766,-0.017996266225719485,0.011878038895017644,-0.04414328263387935,0.00029782806750158205,-0.006627010986077552,0.04790627603789089,0.005477688156604925,0.021524994631204178,-0.0014651787069569426,-0.018166865560048526,-0.009424741618911395,-0.035063306517559206,0.0016738782675104111
nHBDon_Lipinski,0.01702479006377696,0.024545130001215443,0.11891763884705711,-0.055901762744502675,0.04353028266105701,-0.0061866268354797424,0.045765193487808005,-0.021375036904067717,0.011287818072035374,-0.037585201457948726,-0.00017463306151389556,-0.007938018659457324,0.0372159003245352,0.01118484944545622,0.013529651431214372,0.003646947835013806,-0.013460158677699572,-0.0021104092119642467,-0.027044473762676373,-0.0065637613200579
HybRatio,0.021701764672630748,0.049537958526787364,-0.009953578981289797,0.06601848293565984,0.08098291475653674,0.04644954276215522,-0.04874250815210998,0.0023657242262311636,-0.042517816853432436,0.01925375094824908,0.018653681089799954,-0.009524575831462458,-0.030042870531326885,-0.025700883002822535,0.020827579490011072,0.006458741213801443,0.006856510982940693,-0.002698075438884029,-0.010955414458622349,-0.0067272364394647685
Kier1,0.06536882080463705,0.0687242594717272,0.022932589243842637,-0.022109205220430278,-0.017041367265136595,-0.004007121565282786,0.00647017815037086,-0.0022419968072590873,-0.020577312617575515,0.01189992103680684,0.012467266258806375,-0.010440818233802752,-0.005542398138430908,-0.002793658173020266,-0.0188530688430839,-0.02671892468584645,0.01835154798604133,0.010000659188943078,-0.011521774142310197,-0.0010999789000950186
Kier2,0.06015386762061871,0.0652754972714293,0.023146144298266016,-0.02685323496150514,-0.011485957742737796,-0.011114778808129132,0.013260390352981755,-0.025863132736422417,-0.04846965442079538,0.012510613337060463,0.0049887937092259445,-0.0311122885563387,-0.011399132173054159,0.0047874533184637845,-0.01238394569504449,-0.04219792161563457,0.021586993357599223,0.02838775209860509,-0.03203025229134285,-0.006869613208598249
Kier3,0.0434646292475569,0.06150115902860884,0.05303831910330287,-0.02391897426495516,-0.008192387565608326,-0.005664102139479532,0.02200627017102046,-0.028629829725755836,-0.05624795965389565,0.01934176479689073,0.002471061125851757,-0.03914698264928006,-0.007816616028674905,0.0062679857104283535,-0.02774477903858227,-0.036702460176572166,0.03157220474563205,0.010596112718930871,-0.021156497936441504,-0.0015137635461461773
nAtomLC,0.008254431811623641,0.06416407502646476,0.07478581554787003,-0.005025650023312894,0.011412751708922104,0.0074476077918637935,0.01507983161548407,-0.007903024214031766,-0.05712632737363521,0.008867299341623537,0.04707914593455446,-0.006460461788790917,0.018707941821526092,0.008518813338121737,-0.008018171982021188,-0.052723188175095144,0.019119798499320974,0.023380518790376274,-0.046594320171846546,-0.006159546181785196
nAtomP,-0.0045265660906693254,-0.003678311917980679,-0.030421866936115007,-0.056056547926302464,-0.07731977426493887,-0.016088851114734824,0.06042356725132635,0.012010406010721479,0.09496747792327458,0.04737295768448332,-0.054142999867413846,-0.04773538944217749,0.019129851072990728,0.02180713056372401,-0.02251033150457394,0.03152309551020752,0.04772581316715211,0.05774332667973468,-0.020082566851717602,0.11173246426217705
nAtomLAC,0.04513724319992265,0.012197049992546762,0.017583159890113748,0.02587537497756519,0.0008846514479634029,0.03277226295130159,-0.00754270042625189,0.021620711719313793,-0.10626558035014336,-0.0024507726335922424,0.07154531489939249,-0.01957918086638024,0.033104251703838565,-0.0025423244917780544,-0.003986295621787871,-0.05804235707601038,0.06479400709336718,0.026306387365569155,-0.09690393399911996,0.001139658748285341
MLogP,0.11589526024482184,0.008809013958747905,-0.043743199988212945,-0.007349767242454267,0.021959750969058833,0.020866372685716676,0.036299044410379754,0.010005930805420766,0.005795222762761471,0.009257907137328889,0.015084869610270593,-0.04442420271424024,0.013135481640238336,-0.018891531580649764,-0.011694101223877613,-0.035041736988625345,0.046360476108711246,0.019031656206673367,-0.0057239763104373785,-0.0011222546895753715
McGowan_Volume,0.07793804493685683,0.06542131586365728,0.006777072176764335,-0.00623927277949689,-0.0024071360040972254,-0.0023940015227330233,0.008665854303035195,-0.011100842943419443,-0.01896907702575305,0.014980137355268415,0.0008708283544994646,-0.015098170476763557,-0.006606536294155418,0.0021255985787509255,-0.01601869185098233,-0.02116013770091177,0.01280042206671672,0.004594213114038979,-0.015643553305086277,-0.0017394488841948163
MDEC-11,-0.006428369728913712,0.038390960156044665,0.044765490441660484,-0.0015630902254564235,0.036244602007052554,0.051662656757182054,-0.005196298904373325,-0.05950469993483851,0.091102733512207,0.13886042686332836,0.05792246308444936,-0.04868575616792837,-0.07448390097126942,0.07668440650845065,-0.02673834225960428,-0.034618526254852,0.01790684366119179,-0.017637432325172793,0.056788882481779275,-0.027684963994624022
MDEC-12,0.016145494546794516,0.03116511662163568,-0.0014932459213084404,0.029061568081783486,0.030166272792202787,0.10801123121569121,0.05902260447998166,0.0426499202586419,0.00918230457681721,0.0652360565950993,0.15003580318721899,0.004695260906325277,0.0023437562550467452,-0.02480275858038002,-0.11333711292522801,-0.03430891047861837,0.04636799254474041,-0.01086866451078287,0.034319238440539135,-0.010592556108764339
MDEC-13,-0.008345986488521967,0.03690075167288106,0.03151749585857198,0.02442930571370917,0.004352755926653512,0.10087482194322292,0.034630715616640356,-0.009436741968006184,0.09371401556440358,0.11687890823365403,0.11130383582633337,-0.022470107497699673,-0.03010551854946364,0.0008006310339301375,-0.07337889135808429,-0.010268453978417314,-0.022274362852946775,0.03187813875448023,0.06154050373486621,-0.024726108406996433
MDEC-14,-0.009979543972039881,0.029934356180442063,-0.009281809249422042,0.007896219092512364,0.08221304495894226,0.054424250356421094,0.014625578231555686,0.0907698231606543,0.0037755303605473602,-0.06180222700363006,0.11989186841966544,0.06344300435914789,-0.026586597619718353,0.06699633149396747,-0.00359166311449785,-0.04137237149289537,0.026076794698002566,-0.035797233946511874,-0.003920176797469958,-0.07456119553115309
MDEC-22,0.09198019959977152,-0.0170192554016368,-0.020888777221441612,0.020002891021293524,-0.017402085152741623,-0.0013328495301337168,-0.024899046302357442,-0.02518783083516399,-0.010625782513924148,-0.00811728551668848,0.01210490357474915,0.02986657757143213,0.021545449322916053,0.023927049058682096,0.010714762933553123,-0.021513326743392524,0.0545289598978278,-0.05020776846591309,0.061085376973457964,-0.010775252962130607
MDEC-23,0.11780596807260493,-0.013367000971610693,-0.039139640422487375,-0.0003348635983847453,-0.039310313764844076,0.008417032858423773,0.008434484781809783,0.02472095472670638,0.03090262785783856,-0.019096294575761674,-0.02137292222281271,-0.02059490886263835,0.020788203525001173,0.0007644474717155415,0.03538301114888104,-0.020406771018527593,0.01774590472873072,0.041328756385481856,0.00508425993480702,-0.012800787351403711
MDEC-24,-0.008432226548411975,0.029977119048097658,-0.028849090445654643,-0.003825879952164129,0.13612813802767704,-0.044042157842608995,-0.0822143212985322,0.06060639841772151,0.05124348816051571,-0.014894427862900858,0.024597633808406915,0.006123726123745496,-0.009406832335370109,0.0394617754041318,0.008100832168195654,-0.04410426248317786,0.04174448120368585,-0.04319430936680414,0.011427981264056294,-0.021411824362371077
MDEC-33,0.05504755644872837,-0.0008619124674764896,-0.02476582913981126,-0.02407757353323035,-0.05389767236097423,0.027459209658736466,0.00900910239422372,0.02420218931341597,0.11785805370044218,0.015338949397975447,-0.007472657927303766,-0.002466616430967582,0.000266725025004392,-0.06372309213795091,0.025827037793106394,0.09213646235662797,-0.056035712166942295,0.08773613635740264,0.03202454376674742,0.002995546911956484
MDEC-34,-0.012719896617606415,0.03295755530888403,-0.018261564150710542,0.004905657943373932,0.1308241318669379,-0.0672582833268847,-0.10049218486162044,0.05520183803651906,0.08487785227894196,0.02301635745740523,0.00821275350269185,-0.024348876052928493,-0.02501116736172187,0.03787286761716084,0.0215906846732539,-0.03979884636926189,0.02467119885709155,-0.021600013774170822,0.006151374750705194,-0.03571265517864358
MDEC-44,-0.01078960216671309,0.024815864621046544,-0.0165618525156336,0.014422080732717998,0.048843411184727646,0.07266132279786086,0.03641692242097153,0.11991528386215157,-0.01824672420598326,-0.08544163786527277,-0.008424301784326857,0.02506146951019618,-0.09700832920995303,0.08224344998444666,0.062103894056775376,-0.09935899202496004,-0.035635666210863476,-0.006729069218483747,0.03442380026579573,0.08985541227842517
MDEO-11,-0.018753857274031466,0.04226242217092008,0.032780840626913214,-0.06031053225845062,-0.024155169388375,0.03622874277842307,-0.04435751604038289,0.0044063894436712076,0.05320419642311198,0.02411736339045654,-0.004421165545920729,-0.021623582440643215,0.00934162119461813,0.054295819439870066,0.047845740391448524,0.011037295216788551,-0.013246223714125765,-0.05868074907042683,0.00730455952312557,0.12371378768519846
MDEO-12,-0.019919193844466807,0.06315982117649543,-0.0869404125734676,-0.11073549251023185,-0.02560601703048813,0.01108280893738961,-0.07515848715692411,-0.022931948092145493,0.03890380716577107,0.0032473977083369836,0.026907039069737453,-0.02876800443567335,-0.07300032723424822,-0.003021504126429893,0.06276525930236024,0.06598649925180561,-0.03133388381042464,-0.05697591808337806,0.08117288317807626,0.03079492312739399
MDEO-22,0.005508520911868799,0.04281380484447936,-0.05558651654738914,-0.014193456154049506,-0.07402269408714901,0.07679508256760965,0.01965372377808764,0.019426984501538718,-0.054619872036876946,-0.08835776901034671,0.1242745291282849,0.054298126309949256,-0.08113566523788662,0.001896984138710506,0.0893748473129687,0.01774036543791151,-0.05529041533169284,0.061636864718976114,0.061091612118580406,-0.035794403415418445
MDEN-11,-0.006674869091891862,0.025381725800787732,0.09558266592428329,0.02512106840604399,-0.0038767787997427113,0.021593612957862933,0.011855073321112327,-0.05648436961897538,0.04027619296365705,0.023077494652241334,0.02501976882805278,-0.01589779801941397,-0.06909075428638627,0.08003321551918915,0.000660292031916706,0.007795470752674095,0.018790525990032617,0.029861147569915984,0.03969654469897639,-0.0596214399969068
MDEN-12,-0.007713906047182208,0.02679515105516354,0.10165762995561882,0.04293290730128292,-0.027717495943213384,0.05702391322966431,0.06629869087045756,-0.010583428263946298,-0.006112236002721848,-0.021322602062682137,0.06255096585147205,0.008803725507550462,-0.04974607130099438,0.07026268257169081,-0.004864537048491975,0.01157058306470763,0.029916102051289493,0.012749466031565862,0.04886309892829296,-0.03156966249012929
MDEN-13,-0.022398468068328844,0.026921795372666493,-0.006578762479661313,0.037881172121271886,-0.059812248602609606,0.07374174203216301,0.08509495463526015,0.04688840305639461,-0.057069799651347786,-0.061554244634948345,-0.03746471539219973,-0.0369290162050578,-0.10671160724146715,0.11615426302187315,0.08284203494960234,-0.08793546295025663,-0.050337757553577896,0.062461874398235424,0.08539967726086631,0.13698216248308615
MDEN-22,-0.04682830579684113,0.04614214854949948,0.04910902772219178,0.09648622956122484,-0.035887124008652335,-0.018796369573059354,0.06034400746588287,0.006188597739724129,-0.008288253368583678,-0.023048442081579842,0.04705638689995161,-0.032571907693176166,-0.007957486681810014,-0.0010511510370990432,-0.04625457526842192,0.037835292304154264,0.0970474907813176,-0.08566146701626273,0.1211525777218277,0.06665471108350758
MDEN-23,-0.04987110711550932,0.052539950973134956,-0.029739535902428955,0.043038426047196064,-0.07465559364528282,0.0536851858709852,0.13059521381015093,0.09865534751636448,-0.10073684381800838,-0.08780746820673206,0.04319244255018079,0.0651897953162276,-0.004719993347257233,0.06134823557910458,0.061240310059071594,-0.09391070703998187,-0.0900716957019065,0.04768399884722107,-0.004780859224708829,0.029445698398875845
MDEN-33,-0.0020220532372594397,0.0373379376251952,-0.03783527854541855,0.01899044561176135,-0.027258037190150602,-0.006004810530870594,-0.00024360620007721052,-0.026764157347756196,0.0011827519870370139,0.023982670171865384,0.005038234692041159,0.12258140696988698,0.06539800813362863,-0.010559620743027024,0.0607693294100887,-0.04552612973822692,0.021174831153628355,-0.02541375785762558,-0.07000769586098768,-0.01010531282270706
MLFER_A,0.07839023394984379,-0.07261629496308429,0.13469513842010328,-0.05417680046314615,0.005135236154637727,0.04457646792070087,0.0596602079350768,0.03352727055457908,0.012093618415672133,-0.07255080552474104,0.02642530539175995,0.0171657443334339,0.052011275133305494,0.006725389891639413,0.02361329884927837,0.0037027928086579903,-0.04929190406160608,-0.011808307478712808,-0.035690762192734,-0.006998367560905367
MLFER_BH,0.02873562040200579,0.07487547732244836,0.03923109233559544,-0.023011258480721344,-0.02045939183257498,0.005668737886309774,0.03704998154652957,-0.04802484894711496,-0.015896088693962928,-0.03005024918689176,-0.005417341512068816,0.018508949929545094,-0.015972853605429323,0.005713211889558856,0.03672666946030173,0.0017030578643534547,-0.024774650031570974,-0.005247438353864025,0.0021168639156962012,-0.006675180587044533
MLFER_BO,0.03117719442288521,0.07377085156311593,0.04158848115085005,-0.01998025232181451,-0.023461076667937352,0.00963068694207499,0.03542321227780557,-0.043870350731469346,-0.02016804422155444,-0.03714544593498667,-0.003009112712397942,0.02061600138625623,-0.01287552784349668,0.0025917992440882965,0.03161799512152483,0.011182384089949371,-0.01736236104285587,-0.012370921284103423,0.005348436186861415,-0.004470051132314221
MLFER_S,0.012691812217445553,0.08423956935996359,0.015172341865691804,-0.03256655511008269,-0.0611871685411286,-0.012080697318706075,0.047134614126808444,-0.018231223619542387,-0.006046066552374003,-0.04303927245973842,-0.0010883690545323355,0.05350594171006057,0.0366157743256901,-0.023011971811648674,0.0022597892935732203,0.0028547336316675108,-0.01693434476615674,-0.0009207395382433241,-0.011505114921911532,-0.0005601146923276925
MLFER_E,0.05865504777915697,0.030152530077244628,-0.0054110610810915935,-0.029222015480432295,-0.04814764795762922,-0.07121401245731893,0.05849538362427897,-0.0394963291876283,0.05253037964436927,-0.03701430172620149,-0.04357590496706529,0.0555204492015584,0.05669489900189046,-0.0016866627958564198,-0.018055244713301992,0.016851823113038844,-0.018573974765350935,-0.013573367155041862,-0.01976779131340728,0.0310112579637654
MLFER_L,0.06445466521505991,0.07243569408308252,0.004757912566366597,-0.02124335517977033,-0.01828955382623651,-0.026728295964932376,0.021229793211127466,-0.029005726018832754,0.010179968853914685,0.002887458792663941,-0.022107386330204877,-0.0023990866589518956,0.004076461623678649,0.0056087414561836225,0.005648347150830311,-0.021658363078264898,-0.021931150427613726,0.02142211156329809,-0.03764057372227184,-0.005332736173663406
PetitjeanNumber,0.019810523949932806,0.010893188061975487,-0.005243258824489829,0.006793637814147864,-0.012231975729673408,0.008262688080039514,0.016371572403265266,0.007188713801524017,-0.006457622984012762,0.022211305331633614,-0.01109041446004649,-0.002874417361318848,-0.03431926857228679,0.04771999155540894,0.020233728856466997,-0.04509682548777766,-0.05412796861174383,-0.01487620896487794,0.026592188405946474,0.08313141436954977
nRing,0.07895558555780331,0.025355375608027704,-0.07484689084618243,0.01804655648669929,-0.031034752070241835,-0.028162797375811822,0.029086379321128984,0.03320014069976676,0.055580009227022775,-0.04331407318381712,-0.061914883564378784,-0.013014951734580222,-0.0436682212723143,-0.014745765240864751,0.03887992291829994,0.04951329782957922,-0.018598242841646996,0.0056035638172445045,-0.0078104592226216395,-0.0604487662349796
n3Ring,0.00691627113789096,-0.004875918325386777,0.006182285472818491,0.012473184202106505,0.024488600129425293,-0.057172638834019504,-0.03963160674614177,-0.005181546377434371,-0.04841027694407754,-0.08208220863052033,-0.031242963025835967,-0.0591416478425923,0.027202806662408003,-0.05059585606838372,-0.008484395844182918,-0.01618973278096537,-0.03776066091437232,-0.037240568380035075,0.035344489904771445,-0.033308921988910146
n4Ring,0.015339269808666303,-0.012133347599448686,0.009188156608615657,0.007491796468361278,-0.0029457770825344716,-0.01674579703447181,-0.03274246888482531,-0.028116189119487437,-0.003975651081804641,-0.03314227336644781,-0.00427964489637894,-0.020631054791816608,0.0009068318889292727,-0.02265896504534365,0.0031236559463085267,0.0031284136784281882,-0.026107011695850047,-0.012329560279459984,0.029440042556338916,0.007837683367682346
n5Ring,-0.03283823736518806,0.04466439604547662,-0.008547894931931458,0.10917750776740655,-0.054508248227933556,-0.034971664683119706,0.06827907565223848,0.05353754463440803,0.09010763603550215,-0.002269219095372161,-0.06049158742999749,-0.018806561852675135,-0.060044477031299545,0.041970528561761235,0.011460211478035082,0.022205920302973244,-0.04957240335255442,-0.04178927183274479,-0.005209090332766989,-0.01732122243388619
n6Ring,0.0946104199420294,-0.0012982926777207334,-0.08204402723534075,-0.07131797237711383,0.017493443194533685,-0.012424049049705788,-0.01302253940920531,0.01342719319354824,-0.013259436568562759,-0.04167986110579677,-0.032252045787493105,-0.010021821473178164,-0.0037580637834621227,-0.03938807220861728,0.017274203119287547,0.016779764431106157,0.002989300911837564,0.023804908549809788,-0.016058202991237294,-0.04555732467620669
n7Ring,0.04424187238448504,-0.019656377628610833,0.016503506611558638,0.04626388321813738,-0.05776122555784292,0.05452322618981115,-0.010763791705003608,-0.06159238377497284,0.05635261616415425,0.03862718206981224,0.048378802659918396,0.07055103857171137,0.0007494207080016021,-0.013804969362273819,0.0638048767400687,0.08786751464412186,0.07406049410459283,0.07906344045272057,0.015724432359353467,-0.02175201394548409
n8Ring,-0.003951101379792311,0.008780817610334224,-0.010768222371438232,-0.010982363616140876,0.014282224472536593,-0.020745500731747465,-0.02257175784313889,-0.01927982085364666,-0.002859019308677273,-0.020790136699414492,0.04503123322795235,0.040429656122116686,0.01735172977207984,-0.0010402316422993792,0.017648760390424643,-0.010817275370441339,-0.0214284018049542,0.028437442835341584,-0.019381260353292934,0.022599051468587945
n12Ring,-0.005226054098328545,0.004007332102933751,0.00011770703111514786,0.010121185016916981,-0.016380064619774846,0.03176526283066773,0.030023710134526704,0.029675527366794553,-0.03300711125675186,-0.006997074564565436,-0.011453283261107543,-0.05962578031343179,-0.08042326239504824,0.061058942635904966,0.036949276336237964,0.01556282652284156,0.06796521837674262,-0.09053817442112405,0.08345581457557819,0.0347134164540702
nG12Ring,0.0029540323044966676,0.03191714200845304,0.10924104107776438,0.012296254733485891,-0.0002053584089317869,0.035820271387858225,0.07645608500505832,0.003589123086119493,-0.013153542413605493,-0.013466104548216295,0.01618445997083107,-0.0023891382465495415,-0.011302327399648714,0.036591560695485234,-0.0015235013853461543,0.015452239563150436,0.022982992223528006,-0.02515112095568734,0.03843571934796425,-0.012426046387495946
nFRing,-0.003669448329002044,0.02915545992809939,-0.03203897905882565,0.04977998867146217,0.04457255920069827,0.02458445621643563,0.016299933229861452,0.03872255465550907,0.11676858803742671,-0.025487124505119647,-0.00044725276121604276,0.032959171166303015,0.02845818473184552,-0.03168367854712798,0.10351555630437326,0.07424008343522097,0.013065022549628887,0.025190459492189142,0.045630779142540615,0.0021644963321457667
nF6Ring,0.017383061985058058,0.006024811622139992,-0.0006638167168858947,0.012296321612642217,-0.019347245317396202,0.003722887651015609,-0.06178786164190516,-0.04499145737773658,0.06363036577050347,0.0104210956776401,-0.009894559454273661,0.055263215468642296,0.12917073609561297,-0.0003636764180405336,0.08172764622826899,-0.1070950864593468,-0.06853425478410927,-0.05739820511817511,0.11000656919862332,0.10859966413745978
nF7Ring,0.009628919729791166,-0.006578704468486229,0.008156090733823618,0.015728344486162494,0.008438444590100916,-0.003720734961500929,-0.031115030408186806,-0.029406690995568304,0.03669202270453119,0.02132347899987071,-0.0279874854717625,0.025305678175783,0.06073604908364162,-0.07429006879890575,-0.041028686422589576,0.02225351132713378,-0.07349043484947519,0.0903566304393262,-0.08617906134294435,-0.06661026575377749
nF8Ring,0.006798070901169945,-0.0023571272813439413,0.014031286401525444,0.05175749627633004,-0.024933068693482836,0.015127507808299483,-0.024820897640460273,-0.04430544826275333,0.0488563813335132,-0.010872473979366384,0.04552156183057241,0.10164518719011927,0.11190557710281264,0.033448229368294925,0.10437478175641253,-0.1091680639737136,-0.08064190578360138,-0.017888933993092045,0.09138268517893598,0.1062436033465033
nF9Ring,-0.0200714946821478,0.007002377028051548,0.015906224296030173,0.09086088065867257,0.02406151735589196,-0.06785998963235508,0.07128336856799569,0.07645509047231416,0.09698222112870285,-0.026963477063097523,0.020334439417359646,0.0076128063416474896,0.05266764489474653,-0.07241541817570482,-0.009922031726940485,0.08169388810551936,0.014454393034144662,0.02379659303491263,-0.06782353561788147,-0.041823427680176745
nF10Ring,0.0005750697034546831,0.026868613256500227,-0.07003721400552061,-0.07627892519649641,0.05466622337289528,0.0899362596810955,0.02208796090275741,0.057592289758889935,-0.026924116203599472,-0.049264228806717984,-0.046171843872191205,-0.006125141353526092,-0.04192148775783315,-0.00423237834452542,0.04161973149799125,0.01517703498033744,-0.022388381345098383,0.00568873936280049,0.05348843206247014,-0.03186839765251081
nF11Ring,0.0380148469398755,-0.015452747454530614,0.013047886400994647,0.042468372699632266,-0.05885879759227418,0.06235156260521484,-0.021664922949077323,-0.07169789057487586,0.07552663134342925,0.04377635444694708,0.03971640057173237,0.048757220821651036,-0.023209254547886648,0.019894106104337925,0.11388882159372761,0.07311354752199413,0.05929449267343445,0.08295100363977553,0.03377782905524997,0.012235107732225236
nF12Ring,0.00015615246467095656,-0.012227928026898873,0.04463880459989675,0.1119452698390312,-0.013104949281321356,-0.05538169783283767,0.027465361396618405,0.03431210102516109,0.04880791943828707,-0.024705338797598366,0.02559278486194408,-0.06347256452345565,-0.06802693744663198,0.06799279134401685,0.0955850434691194,0.03358727330471495,0.07094730066946511,-0.05312066328488936,0.043829484915627125,0.014518951662172609
nFG12Ring,-0.014367634374451372,0.041872090093788485,-0.0487872716650918,0.01616692459940883,0.0703177161476447,0.027549833791373234,-0.006879973569347237,0.024611946297608794,0.09636934212325726,-0.006560538257068942,-0.013113294563860069,0.011448441580780068,-0.015117177721181974,-0.03134504885631599,0.06463079931580552,0.10889166112782141,0.04566585614277377,0.031767544886339184,0.024486589316557825,-0.014246029259195641
nTRing,0.03221268746614048,0.03328289486637652,-0.05739451765487843,0.04564029818015039,0.019953121927608296,0.006110877231328198,0.025214933648102348,0.043993720319160094,0.11292885819204168,-0.03846693860458554,-0.027774485714033993,0.019156238034029903,0.0021692671169466662,-0.030493294325659597,0.09550669898058342,0.07808070727571757,0.001638277132337755,0.02153198477701536,0.03104469777280747,-0.025149816767322756
nT4Ring,0.015339269808666303,-0.012133347599448686,0.009188156608615657,0.007491796468361278,-0.0029457770825344716,-0.01674579703447181,-0.03274246888482531,-0.028116189119487437,-0.003975651081804641,-0.03314227336644781,-0.00427964489637894,-0.020631054791816608,0.0009068318889292727,-0.02265896504534365,0.0031236559463085267,0.0031284136784281882,-0.026107011695850047,-0.012329560279459984,0.029440042556338916,0.007837683367682346
nT5Ring,-0.03283823736518806,0.04466439604547662,-0.008547894931931458,0.10917750776740655,-0.054508248227933556,-0.034971664683119706,0.06827907565223848,0.05353754463440803,0.09010763603550215,-0.002269219095372161,-0.06049158742999749,-0.018806561852675135,-0.060044477031299545,0.041970528561761235,0.011460211478035082,0.022205920302973244,-0.04957240335255442,-0.04178927183274479,-0.005209090332766989,-0.01732122243388619
nT6Ring,0.0964353720378808,0.0006653900223461353,-0.07905103084558773,-0.06462874691429855,0.010667239263553624,-0.010756814157219973,-0.03213276519276989,-0.0013827208399335147,0.007462112531984876,-0.03674340378667285,-0.03413432185902908,0.007916581241170702,0.03740269898216816,-0.037965465370948755,0.04254964124277571,-0.01788007542588392,-0.01888827778209483,0.004650387261032353,0.019497908024065782,-0.009296008109301855
nT7Ring,0.045326761290815386,-0.020782449057772788,0.018185953643466302,0.048982687110205377,-0.05329596386216714,0.051496571231715346,-0.01908254852075765,-0.0675823659219452,0.06457288822809992,0.04319037167824335,0.03878238499985,0.0750667849627022,0.017725160967522875,-0.03409983443766135,0.04999596189230264,0.09089836440311784,0.05079055193259211,0.10148025365516723,-0.00897383223488344,-0.039607592729746566
nT8Ring,0.0061032302161648745,-0.0009564110739854128,0.012188178259748848,0.04945635821486816,-0.02241734831621462,0.011710626536764038,-0.028074064638798253,-0.046824177845213824,0.047859186580210766,-0.014003774046218925,0.05205668692248353,0.10682863312683863,0.11336188622056526,0.032909055108519006,0.10596231680803912,-0.10963253913569222,-0.08308800828152726,-0.013237195446268628,0.08732123968564716,0.1085848268008115
nT9Ring,-0.0200714946821478,0.007002377028051548,0.015906224296030173,0.09086088065867257,0.02406151735589196,-0.06785998963235508,0.07128336856799569,0.07645509047231416,0.09698222112870285,-0.026963477063097523,0.020334439417359646,0.0076128063416474896,0.05266764489474653,-0.07241541817570482,-0.009922031726940485,0.08169388810551936,0.014454393034144662,0.02379659303491263,-0.06782353561788147,-0.041823427680176745
nT10Ring,0.0005750697034546831,0.026868613256500227,-0.07003721400552061,-0.07627892519649641,0.05466622337289528,0.0899362596810955,0.02208796090275741,0.057592289758889935,-0.026924116203599472,-0.049264228806717984,-0.046171843872191205,-0.006125141353526092,-0.04192148775783315,-0.00423237834452542,0.04161973149799125,0.01517703498033744,-0.022388381345098383,0.00568873936280049,0.05348843206247014,-0.03186839765251081
nT11Ring,0.0380148469398755,-0.015452747454530614,0.013047886400994647,0.042468372699632266,-0.05885879759227418,0.06235156260521484,-0.021664922949077323,-0.07169789057487586,0.07552663134342925,0.04377635444694708,0.03971640057173237,0.048757220821651036,-0.023209254547886648,0.019894106104337925,0.11388882159372761,0.07311354752199413,0.05929449267343445,0.08295100363977553,0.03377782905524997,0.012235107732225236
nT12Ring,-0.00031488526640045675,-0.011822316963165963,0.04448563982489593,0.11244572850899792,-0.014531454647239409,-0.05231892246871638,0.03006742580530332,0.03685770316446003,0.045657465644116005,-0.025244602621082524,0.024467837143209117,-0.06860739961686516,-0.07501731540286777,0.07324006113336605,0.09856066523259756,0.03486506739272996,0.07680545500252837,-0.061076300476393466,0.05118163254000461,0.017590692292203124
nTG12Ring,-0.0142126100046643,0.04351874816003246,-0.04312374697799923,0.016801303591799148,0.07029698015914287,0.029400654079114092,-0.0029200790079702975,0.0247942555790186,0.09567440464585704,-0.007256872370090801,-0.012273377122663624,0.011323086898117845,-0.015700241842219135,-0.02944582971531419,0.06454262674677168,0.10967613572306212,0.04684935771211294,0.030460652517381278,0.02647327793751981,-0.01488740485432612
nRotB,0.031178217723904073,0.07566451559596388,0.029226627985978273,-0.017293317103902472,0.0044444248762026345,-0.022054790484639642,0.00557135959948433,-0.028297085909058602,-0.06459263524226234,0.028524840633046108,0.019045296610656695,-0.04111126850514451,-0.009100506693023008,0.002381548480240076,-0.017526745920146983,-0.052922119999944575,0.02033606907520832,0.012480150236576832,-0.05175166968842611,0.010953009977829779
LipinskiFailures,0.023882898005857738,0.035698636642443625,0.019297101523923058,-0.014402262013006152,0.03780827866374963,0.021217794393083043,0.05023848835462017,0.030428785295680143,-0.06129039151875118,0.019859799740454962,0.01910399775771555,-0.03963390049746225,0.009392089618813807,0.013717994370070957,0.02297758628599689,-0.09100613236926774,0.011199742247897288,0.030192059296669158,-0.0357157895292709,0.07701969068927439
TopoPSA,-0.020629251792456737,0.07792901347746667,0.07075315465181903,-0.021475573323870126,-0.0319106506319708,-0.02138747289044975,-0.019025532669177177,-0.054319115358043506,0.014982302463051697,-0.04646198992741154,-0.012517379319228994,0.03506351074533974,0.007457872044562616,0.03379702965240948,0.013909690415505617,0.0159331516054803,-0.04217333907838058,-0.022674853204753508,-0.01760788179123197,0.002406238545704797
VABC,0.07711622058380153,0.0657464972724175,0.009812564914644847,-0.007748237114101164,-0.0041474679031483375,0.007113671531289769,0.0007142304571824812,-0.006578298005839494,-0.021279632579739728,0.01183023530304405,0.00042415167132311797,-0.017264426357915336,-0.00493575274475292,-0.0012862286206530007,-0.012022877622226865,-0.02051396419692235,0.013996111988331172,0.01010477206084611,-0.013067289114948127,-0.0021786208386658824
VAdjMat,0.0854201070646684,0.05816856770292559,-0.023798576046909103,0.0011711537769934796,-0.0447046526602616,-0.00036852188328859615,-0.006970035827489735,0.008678151519817644,-0.007748463469883879,-0.004236701266320365,0.012156305496866205,-0.007179054503998371,-0.02053233108005684,0.0005674139528763674,-0.0019806045859245476,-0.026704804736360256,0.010352884940029025,0.013753943428349947,-0.001996870434332987,-0.0018128947543645053
MW,0.06975594211040019,0.06853155616389425,0.014039041574818919,-0.0061983450904500165,-0.024662911107731177,-0.019608187398796086,-0.002628683119223823,0.0074792128687445995,-0.022423994211499106,0.00730642769189302,-0.014927903746716098,0.01061072937380939,-0.006841814280529828,0.011755631951847494,-0.010008167533284339,-0.010127143448588876,-0.014513072734023722,0.0017137746776434372,-0.015517554146335407,-0.009102673399310101
WTPT-1,0.07997373045888741,0.06483751070870496,-0.0019529713341972198,-0.012452315968863013,-0.025550369020043154,-0.00990751514100204,0.010431718887842684,0.0035130306674821185,-0.002735905107506147,-0.003029153863115565,-0.002327229048943431,-0.005916222053941511,-0.006023976876874445,-0.010221909397897784,-0.0030540367381408995,-0.01528838550876218,0.009660409756093192,0.008629682855238284,-0.005568125875434299,-0.008389319661426371
WTPT-2,0.055090424030994095,-0.007507727599860604,-0.059534248485564586,0.03930039340873482,-0.016308503753494453,-0.018264447018831623,0.092388259362886,0.026306503787912616,0.052444777967703395,-0.08932206447407384,-0.07222266450723346,-0.008795957770919838,-0.0013018261832416125,-0.012798482026139524,0.08478759074984665,0.04491968561704804,-0.007899823683759192,-0.00015137432709961716,0.03195532550185952,-0.04989084446771599
WTPT-3,-0.016366231724939926,0.09208999124032008,0.04194558002133588,-0.006569261514309324,-0.06546659177258657,-0.0372673978666591,-0.02336495726745465,-0.01575253214481118,-0.01627034264368052,-0.008285649401593364,-0.018516473705796177,0.038622952482630195,-0.03188406845301725,0.008220731179109332,0.005409671072535256,0.012575332457337884,-0.04186894170329546,-0.00966104397144755,-0.005545504565725675,-0.013391599479808131
WTPT-4,0.019107669868505477,0.05174397067448583,-0.008781070822577881,-0.08787071578704184,-0.058437009906796754,0.06497981517216808,-0.02402055289965,0.008612138165078576,-0.0011471695646327726,-0.05328924567118441,0.0618825485109113,0.030362707052126615,-0.022536381907628918,-0.0035959212423502533,0.0729050791789935,0.05312874747060174,-0.06426300768216864,-0.01253754665552108,0.00540827126250806,-0.0024371350577520254
WTPT-5,-0.04029364257476666,0.09788072134773503,0.022448477023162626,0.017241812224909954,-0.00590440173549133,-0.06670640078196254,0.042705415514410816,-0.05097757107055821,-0.0007180685724489093,0.015378821564072404,-0.04298775271163847,-0.002147928493842736,0.0011205050394529736,-0.011287239034670545,-0.005005003087646076,-0.03996005697540923,0.014672194245205508,-0.008092857696635864,0.014629746650528663,-0.012131126594028142
WPATH,0.019679458530175557,0.05967330781527588,0.05887317238420636,-0.051990791987763,0.04361686582032645,-0.036811998624260316,0.04397012600441471,-0.007789342681069987,-0.015976619865444932,-0.010049147936855844,-0.03338087817126672,-0.0008120009199690584,0.04631720597389299,-0.04005877377520214,-0.022771191324010145,0.0016564152634713696,0.0009619490002078979,-0.004972442342355669,-0.00799562857861324,-0.0034207516938247967
WPOL,0.07931062675552704,0.0647533764631166,-0.011845854204851396,-0.018875995438661523,-0.0033270380698902954,0.004770165193347714,0.002429888385727722,0.03131402114914135,0.034450694520759675,-0.0048888132060895505,0.01448712889765859,0.024623800863580014,0.0018441583878136898,-0.01838662447655755,0.013029459348803379,0.002723542336519314,0.0032636120469860946,0.0235679850303717,0.00539206249878243,-0.007061847578783726
XLogP,0.0719250466333517,-0.021424733943657067,-0.011019752459153409,0.028297568651399554,0.04374772694926327,0.023808120033833185,0.04864891491167657,0.0731595634104551,-0.059230337007158726,0.027674808503045316,0.04695497201416422,-0.015007341105834264,0.049363317924054684,-0.008130933153209762,-0.07001525389148651,-0.06159883449718117,0.047115559529104116,0.0197322065243889,0.01752501115235456,0.07552370887222146
Zagreb,0.08117565820649027,0.06456216319686768,-0.006319693039095279,-0.0070827450524632435,-0.02606573111690375,-0.007918745950739364,0.01016503600606365,0.018323341033454264,0.01652119225874955,-0.006523465543919685,-0.0054932496883503545,0.002456677543654536,-0.004698919947213534,-0.013424862507516835,0.0007378480729955243,-0.006761545292585505,0.0017028623196763133,0.0019335808964780926,0.0030156218844194552,-0.009382253307117727
