descriptor,mean_standardised_value_high_residual,mean_standardised_value_other,mean_difference_high_minus_other,abs_mean_difference,descriptor_category,descriptor_numeric_type,candidate_super_block,is_near_constant,is_rare_binary_like,dominant_value_ratio,VIP,VIP_ge_1,coefficient_standardised_X,abs_coefficient_standardised_X
nHBd,0.6110501834426063,-0.03226344968576967,0.643313633128376,0.643313633128376,Atom type electrotopological state,integer_low_cardinality,block_X_local_electronic_atom_environment,True,False,0.4741641337386018,1.0217586379039636,True,0.0230692930199687,0.0230692930199687
nHBDon,0.5856019431014895,-0.03091978259575869,0.6165217256972482,0.6165217256972482,Hbond donor count,integer_low_cardinality,not_assigned,True,False,0.4772036474164133,1.0190669566340689,True,0.0210468098928007,0.0210468098928007
SHBd,0.568180536895816,-0.02999993234809899,0.598180469243915,0.598180469243915,Atom type electrotopological state,continuous_float_like,block_X_local_electronic_atom_environment,False,False,0.0633232016210739,1.1227919541192308,True,0.0765003458110495,0.0765003458110495
nHBint10,0.552300745494193,-0.029161479362093404,0.5814622248562864,0.5814622248562864,Atom type electrotopological state,integer_low_cardinality,block_X_local_electronic_atom_environment,True,False,0.5015197568389058,1.02330510581072,True,0.0639396043928023,0.0639396043928023
MLFER_A,0.5418808954444946,-0.028611311279469222,0.5704922067239638,0.5704922067239638,Molecular linear free energy relation,continuous_float_like,block_X_local_electronic_atom_environment,False,False,0.232016210739615,1.765960176241279,True,0.1464583023353383,0.1464583023353383
sumI,0.5346165011556994,-0.028227751261020756,0.5628442524167201,0.5628442524167201,Atom type electrotopological state,continuous_float_like,block_X_local_electronic_atom_environment,False,False,0.0070921985815602,1.0978426847648142,True,0.0366777593936031,0.0366777593936031
nBondsD2,0.5196821176050885,-0.02743921580954875,0.5471213334146373,0.5471213334146373,Bond count,integer_low_cardinality,block_Y_topological_connectivity_structure,True,False,0.32016210739615,1.3324595350548654,True,0.0460007071926685,0.0460007071926685
ATSm5,0.4728785617243995,-0.02496798805904838,0.4978465497834479,0.4978465497834479,Autocorrelation (mass),continuous_float_like,block_Y_topological_connectivity_structure,False,False,0.0055724417426545,1.118548784117825,True,0.1508216773128109,0.1508216773128109
TopoPSA,0.45208689653902034,-0.023870188137260447,0.4759570846762808,0.4759570846762808,Topological polar surface area,continuous_float_like,not_assigned,False,False,0.0531914893617021,1.0040155334046743,True,-0.029634496384071,0.029634496384071
ndO,0.447229517154179,-0.02361371850574066,0.4708432356599197,0.4708432356599197,Atom type electrotopological state,integer_low_cardinality,block_X_local_electronic_atom_environment,True,False,0.4680851063829787,1.4357127683534958,True,0.0733089688019811,0.0733089688019811
SHBint10,0.44677854935919126,-0.023589907406165456,0.4703684567653567,0.4703684567653567,Atom type electrotopological state,continuous_float_like,block_X_local_electronic_atom_environment,False,False,0.5015197568389058,1.0560327642407363,True,-0.1104831142886245,0.1104831142886245
ETA_Eta_R,0.4451488002860015,-0.02350385665510098,0.4686526569411025,0.4686526569411025,Extended topochemical atom,continuous_float_like,block_X_local_electronic_atom_environment,False,False,0.0055724417426545,1.2193537126122338,True,-0.0157416803134615,0.0157416803134615
ndssC,0.44130686902018185,-0.023301002684265496,0.46460787170444734,0.46460787170444734,Atom type electrotopological state,integer_low_cardinality,block_X_local_electronic_atom_environment,True,False,0.3824721377912867,1.114678295493964,True,-0.0002521455959905,0.0002521455959905
SdO,0.4408766998326962,-0.02327828975116634,0.46415498958386253,0.46415498958386253,Atom type electrotopological state,continuous_float_like,block_X_local_electronic_atom_environment,False,False,0.4680851063829787,1.409745015358176,True,0.0356530089053832,0.0356530089053832
ETA_Eta_F,0.4336690353040243,-0.0228977250640527,0.456566760368077,0.456566760368077,Extended topochemical atom,continuous_float_like,block_X_local_electronic_atom_environment,False,False,0.0030395136778115,1.110079201414412,True,-0.0394409457575479,0.0394409457575479
SPC-5,0.4252000906355091,-0.022450564785554645,0.44765065542106375,0.44765065542106375,Chi path cluster,continuous_float_like,block_Y_topological_connectivity_structure,False,False,0.0081053698074974,1.001028392712426,True,0.029241478735949,0.029241478735949
nHBAcc,0.42173515900881703,-0.022267616395665633,0.4440027754044827,0.4440027754044827,Hbond acceptor count,integer_low_cardinality,not_assigned,True,False,0.2968591691995947,1.5735413040510131,True,-0.2022439799229153,0.2022439799229153
ECCEN,0.41790455084205114,-0.022065360284460166,0.4399699111265113,0.4399699111265113,Eccentric connectivity index,integer_count_like,not_assigned,False,False,0.0106382978723404,1.1884859357976405,True,0.1110012732085332,0.1110012732085332
nHBAcc_Lipinski,0.41671857246551497,-0.02200274062617932,0.43872131309169426,0.43872131309169426,Hbond acceptor count,integer_low_cardinality,not_assigned,True,False,0.2537993920972644,1.1123606137090296,True,-0.0195786624218703,0.0195786624218703
Kier1,0.416624268936063,-0.02199776139982364,0.43862203033588665,0.43862203033588665,Kappa shape indices,continuous_float_like,not_assigned,False,False,0.0577507598784194,1.2420549361832909,True,0.0086815368298127,0.0086815368298127
SP-0,0.4144771198672756,-0.02188439192899256,0.43636151179626814,0.43636151179626814,Chi path,continuous_float_like,block_Y_topological_connectivity_structure,False,False,0.0263424518743667,1.3124455761820095,True,0.0090335070531508,0.0090335070531508
MW,0.4137983288022591,-0.02184855176075915,0.43564688056301826,0.43564688056301826,Weight,continuous_float_like,not_assigned,False,False,0.0106382978723404,1.291979873884447,True,-0.0014928434649715,0.0014928434649715
SsOH,0.41206351972274,-0.02175695384136073,0.43382047356410075,0.43382047356410075,Atom type electrotopological state,continuous_float_like,block_X_local_electronic_atom_environment,False,False,0.21580547112462,1.63299818099509,True,-0.0326351029164655,0.0326351029164655
SP-2,0.41141960800742117,-0.021722955302792085,0.4331425633102133,0.4331425633102133,Chi path,continuous_float_like,block_Y_topological_connectivity_structure,False,False,0.0055724417426545,1.3797468834480306,True,0.0159930902817188,0.0159930902817188
ATSm3,0.40388111492964834,-0.021324922868285422,0.42520603779793376,0.42520603779793376,Autocorrelation (mass),continuous_float_like,block_Y_topological_connectivity_structure,False,False,0.0055724417426545,1.215660622699671,True,0.0258953739059991,0.0258953739059991
nHsOH,0.4033502018089853,-0.02129689065551441,0.4246470924644997,0.4246470924644997,Atom type electrotopological state,integer_low_cardinality,block_X_local_electronic_atom_environment,True,False,0.4290780141843971,1.6413339551179102,True,-0.0182938574527107,0.0182938574527107
nsOH,0.4033502018089853,-0.02129689065551441,0.4246470924644997,0.4246470924644997,Atom type electrotopological state,integer_low_cardinality,block_X_local_electronic_atom_environment,True,False,0.4290780141843971,1.6413339551179102,True,-0.0182938574527107,0.0182938574527107
ETA_Eta,0.39586646819698745,-0.02090174952080086,0.4167682177177883,0.4167682177177883,Extended topochemical atom,continuous_float_like,block_X_local_electronic_atom_environment,False,False,0.0030395136778115,1.200420082093426,True,0.0058684632719554,0.0058684632719554
ETA_dEpsilon_D,0.3929799835048523,-0.020749343129055946,0.41372932663390827,0.41372932663390827,Extended topochemical atom,continuous_float_like,block_X_local_electronic_atom_environment,False,False,0.0633232016210739,1.0188064096320315,True,-0.0732616890068376,0.0732616890068376
ATSm4,0.3892552421258606,-0.020552676784245463,0.40980791891010604,0.40980791891010604,Autocorrelation (mass),continuous_float_like,block_Y_topological_connectivity_structure,False,False,0.0050658561296859,1.2067692998927804,True,0.029138548742162,0.029138548742162
fragC,0.38148117456567016,-0.020142206017067458,0.4016233805827376,0.4016233805827376,Fragment complexity,continuous_float_like,not_assigned,False,False,0.011144883485309,1.084814039477524,True,-0.0208058856525018,0.0208058856525018
WPOL,0.3787506838819245,-0.019998036108965608,0.3987487199908901,0.3987487199908901,Wiener numbers,integer_count_like,not_assigned,False,False,0.0415400202634245,1.408166000201465,True,0.0148003163750169,0.0148003163750169
SHssNH,0.37694277579796576,-0.019902578562132643,0.3968453543600984,0.3968453543600984,Atom type electrotopological state,continuous_float_like,block_X_local_electronic_atom_environment,False,False,0.8302938196555217,1.2156068614873028,True,0.0577460940020654,0.0577460940020654
nHeavyAtom,0.3765008851449804,-0.019879246735655002,0.3963801318806354,0.3963801318806354,Atom count,integer_count_like,block_Y_topological_connectivity_structure,False,False,0.0795339412360689,1.3722558843238348,True,0.0079365639793721,0.0079365639793721
SPC-6,0.3747676498189872,-0.019787731910442943,0.3945553817294301,0.3945553817294301,Chi path cluster,continuous_float_like,block_Y_topological_connectivity_structure,False,False,0.0055724417426545,1.006627026912028,True,-0.010468326580718,0.010468326580718
nHssNH,0.37373433415640667,-0.019733172843458262,0.39346750699986494,0.39346750699986494,Atom type electrotopological state,integer_low_cardinality,block_X_local_electronic_atom_environment,True,False,0.8302938196555217,1.103216215948416,True,0.043822125750918,0.043822125750918
nssNH,0.37373433415640667,-0.019733172843458262,0.39346750699986494,0.39346750699986494,Atom type electrotopological state,integer_low_cardinality,block_X_local_electronic_atom_environment,True,False,0.8302938196555217,1.103216215948416,True,0.043822125750918,0.043822125750918
VABC,0.37224988900529343,-0.019654794139479494,0.39190468314477295,0.39190468314477295,Van der Waals volume,continuous_float_like,not_assigned,False,False,0.0106382978723404,1.3730192564991075,True,0.0005518473402688,0.0005518473402688
Zagreb,0.37129765696106903,-0.019604516287544522,0.39090217324861354,0.39090217324861354,Zagreb index,integer_count_like,not_assigned,False,False,0.0349544072948328,1.4272259534974456,True,0.0127822727744498,0.0127822727744498
SssNH,0.3680780923824268,-0.01943452327779211,0.3875126156602189,0.3875126156602189,Atom type electrotopological state,continuous_float_like,block_X_local_electronic_atom_environment,False,False,0.8302938196555217,1.1025633674705717,True,0.0299317960095796,0.0299317960095796
Kier3,0.3660101612245142,-0.01932533651265479,0.38533549773716896,0.38533549773716896,Kappa shape indices,continuous_float_like,not_assigned,False,False,0.0162107396149949,1.013037889065968,True,0.0008281406793678,0.0008281406793678
MLFER_L,0.3612105681539737,-0.019071917998529957,0.38028248615250365,0.38028248615250365,Molecular linear free energy relation,continuous_float_like,block_X_local_electronic_atom_environment,False,False,0.0040526849037487,1.2467921508213795,True,-0.043600781057707,0.043600781057707
ATSm2,0.35994029169373204,-0.01900484740142932,0.37894513909516137,0.37894513909516137,Autocorrelation (mass),continuous_float_like,block_Y_topological_connectivity_structure,False,False,0.0116514690982776,1.2551463678491313,True,-0.0059715064680741,0.0059715064680741
ETA_Alpha,0.3585325044953705,-0.018930516237355248,0.37746302073272575,0.37746302073272575,Extended topochemical atom,continuous_float_like,block_X_local_electronic_atom_environment,False,False,0.0187436676798378,1.406464903407321,True,0.0024441743878191,0.0024441743878191
ATSc1,0.3583400414549281,-0.018920354188820238,0.37726039564374836,0.37726039564374836,Autocorrelation (charge),continuous_float_like,block_X_local_electronic_atom_environment,False,False,0.0035460992907801,1.0255260859398587,True,-0.0793947818326056,0.0793947818326056
WTPT-1,0.3552766392214775,-0.018758606550894303,0.3740352457723718,0.3740352457723718,Weighted path,continuous_float_like,block_Y_topological_connectivity_structure,False,False,0.0055724417426545,1.4100519277648336,True,0.0072021684899732,0.0072021684899732
nBondsS3,0.35167219332856536,-0.018568291807748348,0.3702404851363137,0.3702404851363137,Bond count,integer_count_like,block_Y_topological_connectivity_structure,False,False,0.0628166160081053,1.1595735030627836,True,0.0032947780249789,0.0032947780249789
SP-1,0.3511958614923113,-0.01854314148679414,0.36973900297910545,0.36973900297910545,Chi path,continuous_float_like,block_Y_topological_connectivity_structure,False,False,0.0116514690982776,1.394672176215552,True,0.0059740825459803,0.0059740825459803
ETA_Eta_R_L,0.35119534481897724,-0.01854311420644188,0.36973845902541913,0.36973845902541913,Extended topochemical atom,continuous_float_like,block_X_local_electronic_atom_environment,False,False,0.0116514690982776,1.394672231900146,True,0.0059737704145709,0.0059737704145709
nBonds,0.3489046298463514,-0.0184221644558873,0.3673267943022387,0.3673267943022387,Bond count,integer_count_like,block_Y_topological_connectivity_structure,False,False,0.0678824721377912,1.4287860027045003,True,0.0093023255000072,0.0093023255000072
Kier2,0.3480878360899835,-0.018379037745550917,0.36646687383553445,0.36646687383553445,Kappa shape indices,continuous_float_like,not_assigned,False,False,0.0288753799392097,1.1729930016935193,True,-0.0168163599264153,0.0168163599264153
ETA_Beta_s,0.34666349758096765,-0.018303832672275106,0.36496733025324274,0.36496733025324274,Extended topochemical atom,continuous_float_like,block_X_local_electronic_atom_environment,False,False,0.03596757852077,1.2983133207053636,True,-0.0135697189445232,0.0135697189445232
WTPT-3,0.343429813772974,-0.018133094167213374,0.36156290794018736,0.36156290794018736,Weighted path,continuous_float_like,block_Y_topological_connectivity_structure,False,False,0.0035460992907801,1.021274839584346,True,-0.0271698409505038,0.0271698409505038
McGowan_Volume,0.34263794580985146,-0.018091283538760414,0.3607292293486119,0.3607292293486119,McGowan volume,continuous_float_like,not_assigned,False,False,0.0106382978723404,1.3821425156381042,True,-0.0033147293090886,0.0033147293090886
SP-3,0.34237920385827403,-0.01807762196371741,0.36045682582199146,0.36045682582199146,Chi path,continuous_float_like,block_Y_topological_connectivity_structure,False,False,0.0055724417426545,1.440904273008526,True,0.0010614749521317,0.0010614749521317
VP-0,0.3401775476572023,-0.017961374516300203,0.3581389221735025,0.3581389221735025,Chi path,continuous_float_like,block_Y_topological_connectivity_structure,False,False,0.0060790273556231,1.3671253998029365,True,-0.0083055757263886,0.0083055757263886
ATSp1,0.3251190978591378,-0.017166288366962393,0.34228538622610016,0.34228538622610016,Autocorrelation (polarizability),continuous_float_like,block_X_local_electronic_atom_environment,False,False,0.0030395136778115,1.4857455153774255,True,-0.0290102370899233,0.0290102370899233
CrippenMR,0.3248339792778339,-0.017151234105869436,0.34198521338370336,0.34198521338370336,Crippen logP and MR,continuous_float_like,not_assigned,False,False,0.0040526849037487,1.4120493487353485,True,-0.0211479775944971,0.0211479775944971
ATSp2,0.319444245151517,-0.01686665614399937,0.33631090129551633,0.33631090129551633,Autocorrelation (polarizability),continuous_float_like,block_X_local_electronic_atom_environment,False,False,0.0030395136778115,1.4936379229632055,True,-0.0403995829413899,0.0403995829413899
SHsOH,0.31621515642623876,-0.016696160259305454,0.3329113166855442,0.3329113166855442,Atom type electrotopological state,continuous_float_like,block_X_local_electronic_atom_environment,False,False,0.21580547112462,1.6354710899352205,True,0.053009878140724,0.053009878140724
ATSp3,0.31252413231824855,-0.016501274186403604,0.3290254065046522,0.3290254065046522,Autocorrelation (polarizability),continuous_float_like,block_X_local_electronic_atom_environment,False,False,0.0030395136778115,1.464289946769849,True,-0.0640305257786044,0.0640305257786044
ATSp5,0.3118203299375784,-0.016464113420704068,0.3282844433582825,0.3282844433582825,Autocorrelation (polarizability),continuous_float_like,block_X_local_electronic_atom_environment,False,False,0.0030395136778115,1.4619354937589808,True,-0.1253170081379186,0.1253170081379186
VP-2,0.3113747422122232,-0.01644058638880556,0.3278153286010288,0.3278153286010288,Chi path,continuous_float_like,block_Y_topological_connectivity_structure,False,False,0.0035460992907801,1.4240319165790518,True,-0.0050622664028416,0.0050622664028416
AMR,0.31126319298412514,-0.016434696589561523,0.3276978895736867,0.3276978895736867,ALOGP,continuous_float_like,not_assigned,False,False,0.0045592705167173,1.55020851170119,True,0.0176349332814425,0.0176349332814425
apol,0.31121160205336346,-0.01643197258841733,0.3276435746417808,0.3276435746417808,APol,continuous_float_like,not_assigned,False,False,0.0106382978723404,1.4504885490346109,True,-0.0029706621143406,0.0029706621143406
SP-4,0.308778747863976,-0.01630351788721776,0.3250822657511938,0.3250822657511938,Chi path,continuous_float_like,block_Y_topological_connectivity_structure,False,False,0.0055724417426545,1.4474230709933806,True,0.0507914058652445,0.0507914058652445
nAtom,0.3064002380213853,-0.016177932567528964,0.32257817058891425,0.32257817058891425,Atom count,integer_count_like,block_Y_topological_connectivity_structure,False,False,0.0430597771023302,1.3953487391310442,True,-0.0042734902411356,0.0042734902411356
VAdjMat,0.30251202675578887,-0.015972635012707844,0.3184846617684967,0.3184846617684967,Vertex adjacency information (magnitude),continuous_float_like,not_assigned,False,False,0.0795339412360689,1.4793218826550132,True,0.0095298241809264,0.0095298241809264
ETA_Beta,0.3019580133612775,-0.015943383105475353,0.3179013964667528,0.3179013964667528,Extended topochemical atom,continuous_float_like,block_X_local_electronic_atom_environment,False,False,0.0217831813576494,1.2433435743468524,True,-0.0121990651976022,0.0121990651976022
ETA_Eta_L,0.29980078512785774,-0.015829481454750688,0.3156302665826084,0.3156302665826084,Extended topochemical atom,continuous_float_like,block_X_local_electronic_atom_environment,False,False,0.0045592705167173,1.3184844669499765,True,0.018544389500038,0.018544389500038
ATSp4,0.29932845208033715,-0.015804542269841675,0.31513299435017883,0.31513299435017883,Autocorrelation (polarizability),continuous_float_like,block_X_local_electronic_atom_environment,False,False,0.0030395136778115,1.4886801240398375,True,-0.0600909230011772,0.0600909230011772
nBonds2,0.2981238485414231,-0.015740939202987116,0.31386478774441023,0.31386478774441023,Bond count,integer_count_like,block_Y_topological_connectivity_structure,False,False,0.0450861195542046,1.4283885679715378,True,-0.0032055127462599,0.0032055127462599
VPC-4,0.2937444234541935,-0.015509705558381574,0.30925412901257504,0.30925412901257504,Chi path cluster,continuous_float_like,block_Y_topological_connectivity_structure,False,False,0.0070921985815602,1.011474453604221,True,0.0659719867136589,0.0659719867136589
minaaN,-0.29292829640176493,0.015466614050013042,-0.30839491045177797,0.30839491045177797,Atom type electrotopological state,continuous_float_like,block_X_local_electronic_atom_environment,False,False,0.7583586626139818,1.2483416520748545,True,0.0667755872830568,0.0667755872830568
MDEC-33,0.2915193193249166,-0.015392220060355623,0.3069115393852722,0.3069115393852722,Molecular distance edge,continuous_float_like,block_Y_topological_connectivity_structure,False,False,0.0167173252279635,1.0226712745966933,True,-0.0044150143677782,0.0044150143677782
nC,0.28920703550733856,-0.0152701314747873,0.30447716698212585,0.30447716698212585,Atom count,integer_count_like,block_Y_topological_connectivity_structure,False,False,0.0825734549138804,1.6512180909222172,True,0.016918044144624,0.016918044144624
nBondsS2,0.2891236274166122,-0.015265727527597103,0.30438935494420927,0.30438935494420927,Bond count,integer_count_like,block_Y_topological_connectivity_structure,False,False,0.0440729483282674,1.2784930863657742,True,-0.0064408304493896,0.0064408304493896
maxaaN,-0.2887845970081244,0.015247826722029012,-0.30403242373015343,0.30403242373015343,Atom type electrotopological state,continuous_float_like,block_X_local_electronic_atom_environment,False,False,0.7583586626139818,1.2598569727137905,True,0.0467311808139208,0.0467311808139208
ETA_Shape_P,0.2886937792349077,-0.015243031543603229,0.3039368107785109,0.3039368107785109,Extended topochemical atom,continuous_float_like,block_X_local_electronic_atom_environment,False,False,0.0070921985815602,1.158972414245563,True,0.0263252050737156,0.0263252050737156
BCUTc-1h,0.2884022461808097,-0.015227638598346523,0.3036298847791562,0.3036298847791562,BCUT,continuous_float_like,block_X_local_electronic_atom_environment,False,False,0.0030395136778115,1.2707280227957427,True,-0.0663233931235072,0.0663233931235072
SP-6,0.28736827555866157,-0.015173044949497838,0.3025413205081594,0.3025413205081594,Chi path,continuous_float_like,block_Y_topological_connectivity_structure,False,False,0.0055724417426545,1.491698093165243,True,-0.0659463527715412,0.0659463527715412
VP-1,0.2852418620483035,-0.0150607703161502,0.3003026323644537,0.3003026323644537,Chi path,continuous_float_like,block_Y_topological_connectivity_structure,False,False,0.0045592705167173,1.4383828912205494,True,0.0040172681873214,0.0040172681873214
SP-5,0.28259618145944,-0.014921078381058047,0.29751725984049804,0.29751725984049804,Chi path,continuous_float_like,block_Y_topological_connectivity_structure,False,False,0.0050658561296859,1.5484415669687273,True,0.0103815289541768,0.0103815289541768
ETA_Eta_F_L,0.28254783635971925,-0.014918525759793723,0.297466362119513,0.297466362119513,Extended topochemical atom,continuous_float_like,block_X_local_electronic_atom_environment,False,False,0.0050658561296859,1.0926368907143542,True,-0.0132708483864254,0.0132708483864254
ATSc2,-0.2754713729105554,0.014544888489677365,-0.2900162614002328,0.2900162614002328,Autocorrelation (charge),continuous_float_like,block_X_local_electronic_atom_environment,False,False,0.0035460992907801,1.0690742863249212,True,0.0198166528509721,0.0198166528509721
maxdO,0.27265789336427415,-0.014396336769633733,0.2870542301339079,0.2870542301339079,Atom type electrotopological state,continuous_float_like,block_X_local_electronic_atom_environment,False,False,0.4680851063829787,1.6047476128447529,True,-0.045638008340381,0.045638008340381
nBondsS,0.27220214509564344,-0.014372273261049956,0.2865744183566934,0.2865744183566934,Bond count,integer_count_like,block_Y_topological_connectivity_structure,False,False,0.0552178318135764,1.3908137656496735,True,-0.0102556163005626,0.0102556163005626
C1SP2,0.2699574369300971,-0.014253752669909105,0.2842111896000062,0.2842111896000062,Carbon types,integer_low_cardinality,block_Y_topological_connectivity_structure,True,False,0.4868287740628166,1.8014430772323016,True,-0.0524788140144844,0.0524788140144844
nBondsD,0.2695273712734167,-0.014231045203236104,0.2837584164766528,0.2837584164766528,Bond count,integer_low_cardinality,block_Y_topological_connectivity_structure,True,False,0.171225937183384,1.0095638029540794,True,0.0476326630476774,0.0476326630476774
mindO,0.2543283542311415,-0.013428537103404142,0.2677568913345456,0.2677568913345456,Atom type electrotopological state,continuous_float_like,block_X_local_electronic_atom_environment,False,False,0.4680851063829787,1.6403575978681952,True,-0.1111755415298596,0.1111755415298596
VP-3,0.25189677104593516,-0.013300149511225596,0.26519692055716076,0.26519692055716076,Chi path,continuous_float_like,block_Y_topological_connectivity_structure,False,False,0.0030395136778115,1.4474398194919966,True,0.00645918373055,0.00645918373055
minsssN,-0.25034388447389727,0.01321815710022172,-0.263562041574119,0.263562041574119,Atom type electrotopological state,continuous_float_like,block_X_local_electronic_atom_environment,False,False,0.5536980749746707,1.5717514824169978,True,0.0879031743794409,0.0879031743794409
BCUTc-1l,-0.2373464645843434,0.01253189333005204,-0.24987835791439542,0.24987835791439542,BCUT,continuous_float_like,block_X_local_electronic_atom_environment,False,False,0.0065856129685916,1.3408093223756363,True,0.0380190206762961,0.0380190206762961
ETA_EtaP,0.23506360885500277,-0.012411358547543947,0.2474749674025467,0.2474749674025467,Extended topochemical atom,continuous_float_like,block_X_local_electronic_atom_environment,False,False,0.0030395136778115,1.0290336979195311,True,0.0003243613986424,0.0003243613986424
SP-7,0.23443162351666424,-0.012377989721679887,0.24680961323834413,0.24680961323834413,Chi path,continuous_float_like,block_Y_topological_connectivity_structure,False,False,0.0050658561296859,1.5199438233434226,True,-0.1783873439230254,0.1783873439230254
maxHBint10,0.23382687477970585,-0.012346058988368396,0.24617293376807425,0.24617293376807425,Atom type electrotopological state,continuous_float_like,block_X_local_electronic_atom_environment,False,False,0.502532928064843,1.296240803038751,True,0.0111835639768219,0.0111835639768219
nH,0.23225914899127112,-0.012263283066739131,0.24452243205801025,0.24452243205801025,Atom count,integer_count_like,block_Y_topological_connectivity_structure,False,False,0.0536980749746707,1.3360874999472532,True,-0.0131207766513022,0.0131207766513022
WTPT-2,-0.2318075184144426,0.012239436972283647,-0.24404695538672624,0.24404695538672624,Weighted path,continuous_float_like,block_Y_topological_connectivity_structure,False,False,0.0055724417426545,1.09184570672739,True,0.0307054449984784,0.0307054449984784
VP-6,0.2306966944532784,-0.012180785467133099,0.2428774799204115,0.2428774799204115,Chi path,continuous_float_like,block_Y_topological_connectivity_structure,False,False,0.0030395136778115,1.2545059755910493,True,-0.0345966043025702,0.0345966043025702
bpol,0.22666579162541753,-0.011967953797821989,0.2386337454232395,0.2386337454232395,BPol,continuous_float_like,not_assigned,False,False,0.0136778115501519,1.261844543645333,True,-0.0403244452797719,0.0403244452797719
maxsssN,-0.22655430005565236,0.011962067042938573,-0.23851636709859092,0.23851636709859092,Atom type electrotopological state,continuous_float_like,block_X_local_electronic_atom_environment,False,False,0.5536980749746707,1.528423928038852,True,0.0583800537843982,0.0583800537843982
VP-4,0.22629623289551862,-0.01194844109688322,0.23824467399240185,0.23824467399240185,Chi path,continuous_float_like,block_Y_topological_connectivity_structure,False,False,0.0030395136778115,1.426660492373055,True,0.0675244320169367,0.0675244320169367
maxHBd,0.22343102251809088,-0.011797157988955557,0.23522818050704644,0.23522818050704644,Atom type electrotopological state,continuous_float_like,block_X_local_electronic_atom_environment,False,False,0.0633232016210739,1.6642807608849437,True,0.1173908456482969,0.1173908456482969
SaaN,-0.214952105635581,0.01134947117755878,-0.22630157681313978,0.22630157681313978,Atom type electrotopological state,continuous_float_like,block_X_local_electronic_atom_environment,False,False,0.7583586626139818,1.321411937162831,True,-0.114149347882995,0.114149347882995
VP-7,0.21311321675279468,-0.01125237784454755,0.22436559459734223,0.22436559459734223,Chi path,continuous_float_like,block_Y_topological_connectivity_structure,False,False,0.0030395136778115,1.192467425625832,True,-0.1141202570150301,0.1141202570150301
VP-5,0.20535507314087525,-0.010842747861838385,0.21619782100271365,0.21619782100271365,Chi path,continuous_float_like,block_Y_topological_connectivity_structure,False,False,0.0030395136778115,1.407780492845951,True,0.0545754521293723,0.0545754521293723
nwHBa,0.20336546038243447,-0.010737696308192577,0.21410315669062704,0.21410315669062704,Atom type electrotopological state,integer_count_like,block_X_local_electronic_atom_environment,False,False,0.1236068895643363,1.374213276871583,True,0.0404160475721229,0.0404160475721229
maxHsOH,0.20297910755486231,-0.010717296878896831,0.21369640443375915,0.21369640443375915,Atom type electrotopological state,continuous_float_like,block_X_local_electronic_atom_environment,False,False,0.21580547112462,1.9797777886546688,True,0.1097539865264736,0.1097539865264736
maxsOH,0.20211488210972461,-0.010671665775393498,0.2127865478851181,0.2127865478851181,Atom type electrotopological state,continuous_float_like,block_X_local_electronic_atom_environment,False,False,0.21580547112462,2.011757058257724,True,0.0658161889973714,0.0658161889973714
naaN,-0.19872878357211823,0.010492879772607738,-0.20922166334472597,0.20922166334472597,Atom type electrotopological state,integer_low_cardinality,block_X_local_electronic_atom_environment,True,False,0.7583586626139818,1.3106090241732429,True,-0.1092900675317813,0.1092900675317813
MLFER_E,0.19661017522668198,-0.010381017251968213,0.2069911924786502,0.2069911924786502,Molecular linear free energy relation,continuous_float_like,block_X_local_electronic_atom_environment,False,False,0.0075987841945288,1.083236239855976,True,0.0153579773413021,0.0153579773413021
minHBint5,-0.19393863538137918,0.010239959948136751,-0.20417859532951593,0.20417859532951593,Atom type electrotopological state,continuous_float_like,block_X_local_electronic_atom_environment,False,False,0.6388044579533941,1.0542632704821688,True,0.0466118347718149,0.0466118347718149
ETA_Beta_ns,0.1936459157538586,-0.010224504351803564,0.20387042010566214,0.20387042010566214,Extended topochemical atom,continuous_float_like,block_X_local_electronic_atom_environment,False,False,0.0633232016210739,1.0281794730760434,True,-0.0082464790323551,0.0082464790323551
SHCsats,0.18503058805611958,-0.009769615049363028,0.1948002031054826,0.1948002031054826,Atom type electrotopological state,continuous_float_like,block_X_local_electronic_atom_environment,False,False,0.3074974670719351,1.173912269094199,True,0.1264023433074554,0.1264023433074554
MDEO-12,0.18001789230984847,-0.009504944713960201,0.18952283702380868,0.18952283702380868,Molecular distance edge,continuous_float_like,block_Y_topological_connectivity_structure,False,False,0.3946301925025329,1.123800707067345,True,-0.1357658733927164,0.1357658733927164
SsssN,-0.17571953613543345,0.009277991507950953,-0.1849975276433844,0.1849975276433844,Atom type electrotopological state,continuous_float_like,block_X_local_electronic_atom_environment,False,False,0.5536980749746707,1.2064466939756793,True,-0.0214476764266903,0.0214476764266903
ATSc3,0.16748547083789955,-0.008843232860241097,0.17632870369814066,0.17632870369814066,Autocorrelation (charge),continuous_float_like,block_X_local_electronic_atom_environment,False,False,0.0030395136778115,1.5165571921451309,True,0.0714174845529387,0.0714174845529387
minsOH,0.16278053017577435,-0.008594811993280806,0.17137534216905514,0.17137534216905514,Atom type electrotopological state,continuous_float_like,block_X_local_electronic_atom_environment,False,False,0.21580547112462,2.009545844314274,True,0.0366852613678671,0.0366852613678671
maxssNH,0.1585636631428884,-0.00837216141394459,0.16693582455683298,0.16693582455683298,Atom type electrotopological state,continuous_float_like,block_X_local_electronic_atom_environment,False,False,0.8302938196555217,1.3086776177376531,True,-0.0594887108893556,0.0594887108893556
maxssCH2,-0.15661756677077543,0.008269407525496998,-0.16488697429627241,0.16488697429627241,Atom type electrotopological state,continuous_float_like,block_X_local_electronic_atom_environment,False,False,0.2649442755825734,1.3261153886383077,True,0.1068395228937629,0.1068395228937629
MDEC-23,0.15530301756419243,-0.008199999327389303,0.16350301689158173,0.16350301689158173,Molecular distance edge,continuous_float_like,block_Y_topological_connectivity_structure,False,False,0.0060790273556231,1.897333634009838,True,0.0172698949609102,0.0172698949609102
minHBd,-0.15194944054389128,0.008022930460717574,-0.15997237100460887,0.15997237100460887,Atom type electrotopological state,continuous_float_like,block_X_local_electronic_atom_environment,False,False,0.0633232016210739,1.5546667802371708,True,-0.0048431259705025,0.0048431259705025
ETA_Epsilon_2,0.14942133779622205,-0.00788944663563966,0.1573107844318617,0.1573107844318617,Extended topochemical atom,continuous_float_like,block_X_local_electronic_atom_environment,False,False,0.0151975683890577,1.1384117417463926,True,0.0318322867342742,0.0318322867342742
nN,0.14807526240460847,-0.007818373854963269,0.15589363625957173,0.15589363625957173,Atom count,integer_low_cardinality,block_Y_topological_connectivity_structure,True,False,0.3799392097264438,1.1904960591775011,True,-0.0395117205726937,0.0395117205726937
C3SP2,0.14560982784041604,-0.007688198909974013,0.15329802675039006,0.15329802675039006,Carbon types,integer_low_cardinality,block_Y_topological_connectivity_structure,True,False,0.2168186423505572,1.4862536107773856,True,0.2194645632451851,0.2194645632451851
ETA_BetaP_s,-0.14508624866997508,0.007660553929776263,-0.15274680259975135,0.15274680259975135,Extended topochemical atom,continuous_float_like,block_X_local_electronic_atom_environment,False,False,0.0764944275582573,1.1494091694733732,True,-0.099196305092659,0.099196305092659
ATSc4,-0.14412658375882953,0.007609883622466183,-0.1517364673812957,0.1517364673812957,Autocorrelation (charge),continuous_float_like,block_X_local_electronic_atom_environment,False,False,0.0030395136778115,1.3995295264347254,True,0.0981121698275995,0.0981121698275995
minssNH,0.1426631557914451,-0.007532614625788241,0.15019577041723334,0.15019577041723334,Atom type electrotopological state,continuous_float_like,block_X_local_electronic_atom_environment,False,False,0.8302938196555217,1.300511749609937,True,-0.0544454382635051,0.0544454382635051
ETA_dEpsilon_C,-0.13571507133564392,0.0071657557665223675,-0.1428808271021663,0.1428808271021663,Extended topochemical atom,continuous_float_like,block_X_local_electronic_atom_environment,False,False,0.011144883485309,1.3922166202407071,True,0.0046788425937112,0.0046788425937112
nHCsats,0.13321554478658743,-0.007033780764731811,0.14024932555131925,0.14024932555131925,Atom type electrotopological state,integer_count_like,block_X_local_electronic_atom_environment,False,False,0.3074974670719351,1.1688697187292378,True,0.0987242638027636,0.0987242638027636
MLogP,0.12909075812578683,-0.006815992029041748,0.13590675015482856,0.13590675015482856,Mannhold LogP,continuous_float_like,not_assigned,False,False,0.0587639311043566,1.8677030062125584,True,0.0260015674824355,0.0260015674824355
ALogP,-0.12557446946580897,0.006630331987794686,-0.13220480145360367,0.13220480145360367,ALOGP,continuous_float_like,not_assigned,False,False,0.0045592705167173,1.108535781696809,True,0.0210573091469138,0.0210573091469138
ETA_Epsilon_4,0.12451524679020132,-0.006574405030519248,0.13108965182072058,0.13108965182072058,Extended topochemical atom,continuous_float_like,block_X_local_electronic_atom_environment,False,False,0.011144883485309,1.3680799489015036,True,0.0008995475757348,0.0008995475757348
minHCsats,0.12445713002783367,-0.006571336465469555,0.13102846649330321,0.13102846649330321,Atom type electrotopological state,continuous_float_like,block_X_local_electronic_atom_environment,False,False,0.3074974670719351,1.0167611960752292,True,-0.0246197241740895,0.0246197241740895
WTPT-5,0.12360580530981981,-0.006526386520358468,0.13013219183017827,0.13013219183017827,Weighted path,continuous_float_like,block_Y_topological_connectivity_structure,False,False,0.2492401215805471,1.189931641037157,True,-0.0645648131562357,0.0645648131562357
SsF,0.12266310318812838,-0.006476611848333181,0.12913971503646157,0.12913971503646157,Atom type electrotopological state,continuous_float_like,block_X_local_electronic_atom_environment,False,False,0.8348530901722391,1.0001294415436424,True,0.0737101934365332,0.0737101934365332
SssCH2,-0.12234245000389925,0.006459681360205892,-0.12880213136410515,0.12880213136410515,Atom type electrotopological state,continuous_float_like,block_X_local_electronic_atom_environment,False,False,0.2548125633232016,1.2560293371146825,True,-0.1039354349428932,0.1039354349428932
naasC,0.1168026014000662,-0.006167177353923687,0.12296977875398989,0.12296977875398989,Atom type electrotopological state,integer_low_cardinality,block_X_local_electronic_atom_environment,True,False,0.2411347517730496,1.353753196610474,True,-0.0174917970217092,0.0174917970217092
maxaaCH,-0.11480952428840684,0.006061942882427919,-0.12087146717083476,0.12087146717083476,Atom type electrotopological state,continuous_float_like,block_X_local_electronic_atom_environment,False,False,0.0288753799392097,1.0411969095353422,True,0.127121774123043,0.127121774123043
SaasC,-0.11119720640193553,0.005871212498022237,-0.11706841889995777,0.11706841889995777,Atom type electrotopological state,continuous_float_like,block_X_local_electronic_atom_environment,False,False,0.0268490374873353,1.3171744354492056,True,0.0500865962234746,0.0500865962234746
maxHssNH,0.11031180119564157,-0.005824463103129922,0.1161362642987715,0.1161362642987715,Atom type electrotopological state,continuous_float_like,block_X_local_electronic_atom_environment,False,False,0.8302938196555217,1.4997473071945036,True,-0.0086212486551534,0.0086212486551534
naaO,-0.10810482518703346,0.005707934769875374,-0.11381275995690883,0.11381275995690883,Atom type electrotopological state,integer_low_cardinality,block_X_local_electronic_atom_environment,True,False,0.8556231003039514,1.0732969916206638,True,0.0083857090851057,0.0083857090851057
SHother,0.10248555196405387,-0.005411237143701782,0.10789678910775566,0.10789678910775566,Atom type electrotopological state,continuous_float_like,block_X_local_electronic_atom_environment,False,False,0.0060790273556231,1.3053486438176929,True,-0.0023808268029941,0.0023808268029941
C1SP3,-0.10174702308274212,0.005372242818768746,-0.10711926590151087,0.10711926590151087,Carbon types,integer_low_cardinality,block_Y_topological_connectivity_structure,True,False,0.2203647416413373,1.297704050916832,True,0.1904799604615939,0.1904799604615939
SaaO,-0.10067180784023817,0.005315471453964574,-0.10598727929420275,0.10598727929420275,Atom type electrotopological state,continuous_float_like,block_X_local_electronic_atom_environment,False,False,0.8556231003039514,1.0754780968820417,True,-0.040281788118147,0.040281788118147
CrippenLogP,-0.09812891724207652,0.005181206830381492,-0.10331012407245801,0.10331012407245801,Crippen logP and MR,continuous_float_like,not_assigned,False,False,0.0040526849037487,1.6322256521565923,True,-0.1643325955508122,0.1643325955508122
XLogP,0.09770638121867144,-0.005158896928345674,0.10286527814701711,0.10286527814701711,XLogP,continuous_float_like,not_assigned,False,False,0.0045592705167173,1.2455908174359929,True,0.1300730608775956,0.1300730608775956
MDEN-23,0.09369465548881474,-0.004947077809809359,0.09864173329862409,0.09864173329862409,Molecular distance edge,continuous_float_like,block_Y_topological_connectivity_structure,False,False,0.8247213779128673,1.2410856018305647,True,0.1567033577377443,0.1567033577377443
SssO,-0.09367949437423885,0.004946277302959834,-0.09862577167719869,0.09862577167719869,Atom type electrotopological state,continuous_float_like,block_X_local_electronic_atom_environment,False,False,0.4731509625126646,1.1004091342794833,True,-0.0090607972683793,0.0090607972683793
nT6Ring,0.09009244979498589,-0.004756881349175069,0.09484933114416096,0.09484933114416096,RingCountDescriptor,integer_low_cardinality,block_Y_topological_connectivity_structure,True,False,0.3632218844984802,1.66226684007877,True,-0.0362251836110605,0.0362251836110605
maxaaO,-0.08713678047077993,0.00460082200885707,-0.091737602479637,0.091737602479637,Atom type electrotopological state,continuous_float_like,block_X_local_electronic_atom_environment,False,False,0.8556231003039514,1.068715774899676,True,0.0007477333447422,0.0007477333447422
minaaO,-0.0862783627915624,0.00455549755539458,-0.09083386034695698,0.09083386034695698,Atom type electrotopological state,continuous_float_like,block_X_local_electronic_atom_environment,False,False,0.8556231003039514,1.0676676981041924,True,0.0015545432473901,0.0015545432473901
ETA_BetaP_ns_d,-0.0861584673342016,0.0045491670752461685,-0.09070763440944776,0.09070763440944776,Extended topochemical atom,continuous_float_like,block_X_local_electronic_atom_environment,False,False,0.1028368794326241,1.0344745410333012,True,0.0142586468817882,0.0142586468817882
nAromBond,-0.08383110030340132,0.00442628209601935,-0.08825738239942067,0.08825738239942067,Aromatic bonds count,integer_count_like,not_assigned,False,False,0.3297872340425531,1.199929527481246,True,-0.0019653198873167,0.0019653198873167
SwHBa,-0.0828784729917924,0.0043759833739662095,-0.08725445636575861,0.08725445636575861,Atom type electrotopological state,continuous_float_like,block_X_local_electronic_atom_environment,False,False,0.0030395136778115,1.5768584421709673,True,0.0453684658998668,0.0453684658998668
minssO,-0.08090471961801532,0.004271769195831,-0.08517648881384632,0.08517648881384632,Atom type electrotopological state,continuous_float_like,block_X_local_electronic_atom_environment,False,False,0.4731509625126646,1.046945020950652,True,-0.0370908198368637,0.0370908198368637
ETA_dEpsilon_A,0.08016192455116927,-0.004232549616301716,0.08439447416747099,0.08439447416747099,Extended topochemical atom,continuous_float_like,block_X_local_electronic_atom_environment,False,False,0.0106382978723404,1.1456651694372304,True,0.0205676191348783,0.0205676191348783
nssO,-0.07555738116605253,0.003989429725567577,-0.0795468108916201,0.0795468108916201,Atom type electrotopological state,integer_low_cardinality,block_X_local_electronic_atom_environment,True,False,0.4731509625126646,1.0448662110685505,True,-0.0406286238177186,0.0406286238177186
minHssNH,0.0751344083387208,-0.003967096760284494,0.07910150509900529,0.07910150509900529,Atom type electrotopological state,continuous_float_like,block_X_local_electronic_atom_environment,False,False,0.8302938196555217,1.5034313199676386,True,-0.0099853475565877,0.0099853475565877
BCUTp-1h,0.07426500262253477,-0.0039211921384712245,0.078186194761006,0.078186194761006,BCUT,continuous_float_like,block_X_local_electronic_atom_environment,False,False,0.0030395136778115,1.6313301267302185,True,0.1853907976818129,0.1853907976818129
ETA_Epsilon_1,0.07218241470750378,-0.0038112314965565094,0.0759936462040603,0.0759936462040603,Extended topochemical atom,continuous_float_like,block_X_local_electronic_atom_environment,False,False,0.0136778115501519,1.1248060411024643,True,0.0242006689283387,0.0242006689283387
maxssO,-0.0699838082642517,0.003695145076352598,-0.0736789533406043,0.0736789533406043,Atom type electrotopological state,continuous_float_like,block_X_local_electronic_atom_environment,False,False,0.4731509625126646,1.0607859550319756,True,-0.0112529274382925,0.0112529274382925
C2SP2,0.06801973359133959,-0.0035914419336226123,0.0716111755249622,0.0716111755249622,Carbon types,integer_count_like,block_Y_topological_connectivity_structure,False,False,0.1494427558257345,1.592896654511461,True,-0.0030593267538015,0.0030593267538015
nBondsM,0.0653645927730639,-0.0034512504984178577,0.06881584327148176,0.06881584327148176,Bond count,integer_count_like,block_Y_topological_connectivity_structure,False,False,0.1752786220871327,1.0264470950454296,True,0.010387990492405,0.010387990492405
nHother,0.06279370584508558,-0.0033155076686207092,0.06610921351370629,0.06610921351370629,Atom type electrotopological state,integer_count_like,block_X_local_electronic_atom_environment,False,False,0.1666666666666666,1.4753459811250391,True,0.0303428338644399,0.0303428338644399
SaaCH,-0.06204259123912821,0.003275848817425822,-0.06531844005655403,0.06531844005655403,Atom type electrotopological state,continuous_float_like,block_X_local_electronic_atom_environment,False,False,0.0288753799392097,1.54981589738568,True,0.0573181575337911,0.0573181575337911
ndsN,-0.05904343010292644,0.003117493109434512,-0.06216092321236095,0.06216092321236095,Atom type electrotopological state,integer_low_cardinality,block_X_local_electronic_atom_environment,True,False,0.9371833839918946,1.0835240309675047,True,-0.0175190562819351,0.0175190562819351
SdsN,-0.050630700022153564,0.002673300961169711,-0.053304000983323274,0.053304000983323274,Atom type electrotopological state,continuous_float_like,block_X_local_electronic_atom_environment,False,False,0.9371833839918946,1.1097030924801432,True,-0.0215280095245872,0.0215280095245872
maxHCsats,0.050075303121370436,-0.002643976004808481,0.052719279126178915,0.052719279126178915,Atom type electrotopological state,continuous_float_like,block_X_local_electronic_atom_environment,False,False,0.3074974670719351,1.1929233960472887,True,-0.0036657803903302,0.0036657803903302
hmin,-0.04841449645293198,0.0025562854127147,-0.05097078186564668,0.05097078186564668,Atom type electrotopological state,continuous_float_like,block_X_local_electronic_atom_environment,False,False,0.0075987841945288,1.5355260896569332,True,-0.1168409340579402,0.1168409340579402
MDEN-22,-0.04444441806346046,0.002346665273750788,-0.04679108333721125,0.04679108333721125,Molecular distance edge,continuous_float_like,block_Y_topological_connectivity_structure,False,False,0.8196555217831814,1.1090440639735673,True,0.1347694208935694,0.1347694208935694
naAromAtom,-0.043570515522123904,0.0023005232195679732,-0.04587103874169188,0.04587103874169188,Aromatic atoms count,integer_count_like,not_assigned,False,False,0.2806484295845998,1.298592760155148,True,0.0042214508114039,0.0042214508114039
nssCH2,0.042437528553156016,-0.00224070150760665,0.044678230060762665,0.044678230060762665,Atom type electrotopological state,integer_count_like,block_X_local_electronic_atom_environment,False,False,0.2548125633232016,1.152548980061604,True,-0.0471557123599708,0.0471557123599708
maxdsN,-0.04195606065755435,0.002215280002718911,-0.044171340660273256,0.044171340660273256,Atom type electrotopological state,continuous_float_like,block_X_local_electronic_atom_environment,False,False,0.9371833839918946,1.1332909922708614,True,-0.0402353525017003,0.0402353525017003
mindsN,-0.04154669496084568,0.0021936654939326596,-0.043740360454778346,0.043740360454778346,Atom type electrotopological state,continuous_float_like,block_X_local_electronic_atom_environment,False,False,0.9371833839918946,1.1333920807403997,True,-0.0436292372695341,0.0436292372695341
minHsOH,0.03961782994336991,-0.002091821421009869,0.04170965136437978,0.04170965136437978,Atom type electrotopological state,continuous_float_like,block_X_local_electronic_atom_environment,False,False,0.21580547112462,1.97539873965915,True,-0.0316626957145979,0.0316626957145979
LipoaffinityIndex,-0.034117042659503286,0.00180137985242136,-0.03591842251192465,0.03591842251192465,Atom type electrotopological state,continuous_float_like,block_X_local_electronic_atom_environment,False,False,0.0030395136778115,1.7552214901183771,True,0.0251056596095991,0.0251056596095991
maxsssCH,0.033035451963658556,-0.0017442718636811775,0.03477972382733974,0.03477972382733974,Atom type electrotopological state,continuous_float_like,block_X_local_electronic_atom_environment,False,False,0.7416413373860182,1.4287939706910555,True,0.136545223262874,0.136545223262874
minHBint10,0.032426326529313765,-0.0017121100407478632,0.03413843657006163,0.03413843657006163,Atom type electrotopological state,continuous_float_like,block_X_local_electronic_atom_environment,False,False,0.5015197568389058,1.4996253053566249,True,0.1291021489227757,0.1291021489227757
n6Ring,0.02047699213874919,-0.0010811851849259937,0.02155817732367518,0.02155817732367518,Ring count,integer_low_cardinality,block_Y_topological_connectivity_structure,True,False,0.3703140830800405,1.6487346892210262,True,-0.0278021217240489,0.0278021217240489
ETA_Beta_ns_d,0.0181202734895096,-0.0009567504402462418,0.01907702392975584,0.01907702392975584,Extended topochemical atom,continuous_float_like,block_X_local_electronic_atom_environment,True,False,0.3206686930091185,1.2519569276605091,True,-0.0230057694748156,0.0230057694748156
nRing,-0.016995705098620976,0.0008973732292073312,-0.017893078327828306,0.017893078327828306,Ring count,integer_low_cardinality,block_Y_topological_connectivity_structure,True,False,0.3115501519756838,1.4233077894317514,True,-0.0292652949692435,0.0292652949692435
minsF,-0.016801749027145766,0.0008871323486333362,-0.017688881375779102,0.017688881375779102,Atom type electrotopological state,continuous_float_like,block_X_local_electronic_atom_environment,False,False,0.8348530901722391,1.0047084027720476,True,-0.0010763343623168,0.0010763343623168
SHaaCH,0.015741703451730805,-0.0008311619422511664,0.01657286539398197,0.01657286539398197,Atom type electrotopological state,continuous_float_like,block_X_local_electronic_atom_environment,False,False,0.0288753799392097,1.3537472132802064,True,-0.0278710436032326,0.0278710436032326
MDEC-22,0.015305887733778077,-0.0008081508723435415,0.01611403860612162,0.01611403860612162,Molecular distance edge,continuous_float_like,block_Y_topological_connectivity_structure,False,False,0.0476190476190476,1.4854280253368857,True,0.0469114383137362,0.0469114383137362
maxsF,-0.012900117082704365,0.0006811261819667569,-0.013581243264671122,0.013581243264671122,Atom type electrotopological state,continuous_float_like,block_X_local_electronic_atom_environment,False,False,0.8348530901722391,1.0147348733176549,True,0.0171826855773272,0.0171826855773272
ETA_Epsilon_5,-0.010441214131172862,0.0005512961061277262,-0.010992510237300588,0.010992510237300588,Extended topochemical atom,continuous_float_like,block_X_local_electronic_atom_environment,False,False,0.0141843971631205,1.1385514398629906,True,0.0668291199296882,0.0668291199296882
nHaaCH,-0.009896673560227881,0.0005225443639799778,-0.01041921792420786,0.01041921792420786,Atom type electrotopological state,integer_count_like,block_X_local_electronic_atom_environment,False,False,0.2051671732522796,1.509742291621235,True,0.0246360307788219,0.0246360307788219
naaCH,-0.009896673560227881,0.0005225443639799778,-0.01041921792420786,0.01041921792420786,Atom type electrotopological state,integer_count_like,block_X_local_electronic_atom_environment,False,False,0.2051671732522796,1.509742291621235,True,0.0246360307788219,0.0246360307788219
ETA_Eta_B,0.6418586089875183,-0.033890134554540936,0.6757487435420593,0.6757487435420593,Extended topochemical atom,continuous_float_like,block_X_local_electronic_atom_environment,False,False,0.0278622087132725,0.8842813180636035,False,0.0382454943739472,0.0382454943739472
ETA_Eta_B_RC,0.6007326044448413,-0.03171868151468769,0.632451285959529,0.632451285959529,Extended topochemical atom,continuous_float_like,block_X_local_electronic_atom_environment,False,False,0.0278622087132725,0.99894905820117,False,0.0241244420513839,0.0241244420513839
SC-3,0.6006653011929007,-0.03171512790298502,0.6323804290958858,0.6323804290958858,Chi cluster,continuous_float_like,block_Y_topological_connectivity_structure,False,False,0.0141843971631205,0.979146956384104,False,0.0368435534852938,0.0368435534852938
SHBa,0.595146096553746,-0.03142371389803766,0.6265698104517836,0.6265698104517836,Atom type electrotopological state,continuous_float_like,block_X_local_electronic_atom_environment,False,False,0.0030395136778115,0.8418183398735416,False,0.0385174478928923,0.0385174478928923
SHBint6,0.5878745307936085,-0.03103977522590257,0.6189143060195111,0.6189143060195111,Atom type electrotopological state,continuous_float_like,block_X_local_electronic_atom_environment,False,False,0.538500506585613,0.926988126154954,False,-0.0684092740364112,0.0684092740364112
MDEO-11,0.5866207223299127,-0.030973574139019366,0.617594296468932,0.617594296468932,Molecular distance edge,continuous_float_like,block_Y_topological_connectivity_structure,False,False,0.2441742654508611,0.712503095860118,False,-0.0683726119713344,0.0683726119713344
DELS2,0.5764339060987345,-0.03043571024201327,0.6068696163407478,0.6068696163407478,Atom type electrotopological state,continuous_float_like,block_X_local_electronic_atom_environment,False,False,0.0030395136778115,0.8468567646341292,False,0.0003847309791942,0.0003847309791942
DELS,0.5737119425020902,-0.03029199056411041,0.6040039330662006,0.6040039330662006,Atom type electrotopological state,continuous_float_like,block_X_local_electronic_atom_environment,False,False,0.0030395136778115,0.8488549927253826,False,-0.0267355336190389,0.0267355336190389
ETA_dPsi_B,0.5729745987817423,-0.030253058815676,0.6032276575974183,0.6032276575974183,Extended topochemical atom,continuous_float_like,block_X_local_electronic_atom_environment,True,False,0.9979736575481256,0.4983140620926256,False,-0.0430449658964043,0.0430449658964043
nHBDon_Lipinski,0.5328415532756017,-0.02813403401295181,0.5609755872885535,0.5609755872885535,Hbond donor count,integer_low_cardinality,not_assigned,True,False,0.4726443768996961,0.9934262249117902,False,0.0181763734047431,0.0181763734047431
nI,0.5254476264695958,-0.027743634677594657,0.5531912611471904,0.5531912611471904,Atom count,integer_low_cardinality,block_Y_topological_connectivity_structure,True,False,0.9979736575481256,0.4631429250900393,False,0.0105800619727794,0.0105800619727794
nsI,0.5254476264695958,-0.027743634677594657,0.5531912611471904,0.5531912611471904,Atom type electrotopological state,integer_low_cardinality,block_X_local_electronic_atom_environment,True,False,0.9979736575481256,0.4631429250900393,False,0.0105800619727794,0.0105800619727794
SPC-4,0.5059831817270498,-0.026715911995188586,0.5326990937222384,0.5326990937222384,Chi path cluster,continuous_float_like,block_Y_topological_connectivity_structure,False,False,0.0091185410334346,0.996658375671541,False,-0.0148135100557982,0.0148135100557982
SsI,-0.5030842826670507,0.026562850124820295,-0.529647132791871,0.529647132791871,Atom type electrotopological state,continuous_float_like,block_X_local_electronic_atom_environment,True,False,0.9979736575481256,0.4648739912057161,False,0.0137744535868876,0.0137744535868876
nAcid,0.5014755243498734,-0.02647790768567332,0.5279534320355468,0.5279534320355468,Acidic group count,integer_low_cardinality,not_assigned,True,False,0.9017223910840932,0.6624181290718693,False,-0.0545945003175109,0.0545945003175109
SHBint2,0.49180249792421127,-0.025967171890398367,0.5177696698146096,0.5177696698146096,Atom type electrotopological state,continuous_float_like,block_X_local_electronic_atom_environment,False,False,0.7826747720364742,0.9641395183551108,False,0.0184402022938537,0.0184402022938537
nO,0.48251276488220546,-0.025476673985780417,0.5079894388679859,0.5079894388679859,Atom count,integer_low_cardinality,block_Y_topological_connectivity_structure,True,False,0.2953394123606889,0.8210429581823947,False,0.0157294954685356,0.0157294954685356
ATSm1,0.4822732429836396,-0.02546402722953629,0.5077372702131759,0.5077372702131759,Autocorrelation (mass),continuous_float_like,block_Y_topological_connectivity_structure,False,False,0.0151975683890577,0.6924477045720945,False,-0.01688232254016,0.01688232254016
SHAvin,0.4686386235462321,-0.02474411932324107,0.49338274286947315,0.49338274286947315,Atom type electrotopological state,continuous_float_like,block_X_local_electronic_atom_environment,False,False,0.8449848024316109,0.5614746556750662,False,-0.0552660389038702,0.0552660389038702
nHBint6,0.4635720260848426,-0.024476602977279684,0.48804862906212226,0.48804862906212226,Atom type electrotopological state,integer_low_cardinality,block_X_local_electronic_atom_environment,True,False,0.538500506585613,0.9455755720245728,False,-0.1245339249244021,0.1245339249244021
WPATH,0.46346488778120004,-0.024470946074847386,0.48793583385604744,0.48793583385604744,Wiener numbers,integer_count_like,not_assigned,False,False,0.0060790273556231,0.8608987616686545,False,0.0084016724851769,0.0084016724851769
StCH,0.4548882255725874,-0.0240180983102326,0.47890632388282,0.47890632388282,Atom type electrotopological state,continuous_float_like,block_X_local_electronic_atom_environment,True,False,0.991388044579534,0.5214804731960447,False,0.052622605919317,0.052622605919317
mintCH,0.4548882255725874,-0.0240180983102326,0.47890632388282,0.47890632388282,Atom type electrotopological state,continuous_float_like,block_X_local_electronic_atom_environment,True,False,0.991388044579534,0.5214804731960447,False,0.052622605919317,0.052622605919317
maxtCH,0.4548882255725874,-0.0240180983102326,0.47890632388282,0.47890632388282,Atom type electrotopological state,continuous_float_like,block_X_local_electronic_atom_environment,True,False,0.991388044579534,0.5214804731960447,False,0.052622605919317,0.052622605919317
nHBa,0.45346226221699387,-0.023942807445057345,0.4774050696620512,0.4774050696620512,Atom type electrotopological state,integer_low_cardinality,block_X_local_electronic_atom_environment,True,False,0.1965552178318135,0.9007162197942606,False,0.0259906536652606,0.0259906536652606
nHtCH,0.45338768782920486,-0.023938869917381995,0.47732655774658683,0.47732655774658683,Atom type electrotopological state,binary_like,block_X_local_electronic_atom_environment,True,True,0.991388044579534,0.515358955578174,False,0.0351188536443463,0.0351188536443463
ntCH,0.45338768782920486,-0.023938869917381995,0.47732655774658683,0.47732655774658683,Atom type electrotopological state,binary_like,block_X_local_electronic_atom_environment,True,True,0.991388044579534,0.515358955578174,False,0.0351188536443464,0.0351188536443464
nHAvin,0.45011715418192166,-0.023766185740805516,0.4738833399227272,0.4738833399227272,Atom type electrotopological state,integer_low_cardinality,block_X_local_electronic_atom_environment,True,False,0.8449848024316109,0.5666970273347851,False,-0.0811219576035317,0.0811219576035317
nHBAcc2,0.4465045580097631,-0.02357544066291539,0.47007999867267847,0.47007999867267847,Hbond acceptor count,integer_low_cardinality,not_assigned,True,False,0.2360688956433637,0.9589683429207698,False,-0.0071836902599928,0.0071836902599928
ETA_EtaP_B,0.44612079656842607,-0.023555178058812742,0.4696759746272388,0.4696759746272388,Extended topochemical atom,continuous_float_like,block_X_local_electronic_atom_environment,False,False,0.0131712259371833,0.946649766078208,False,-0.0265236262488653,0.0265236262488653
ALogp2,0.444641526405205,-0.02347707259419485,0.46811859899939984,0.46811859899939984,ALOGP,continuous_float_like,not_assigned,False,False,0.0045592705167173,0.7795622923264849,False,-0.0350084895746571,0.0350084895746571
SHtCH,0.44316664550591345,-0.023399198882712215,0.46656584438862564,0.46656584438862564,Atom type electrotopological state,continuous_float_like,block_X_local_electronic_atom_environment,True,False,0.991388044579534,0.5159036470874632,False,-0.0610935022829919,0.0610935022829919
minHtCH,0.44316664550591345,-0.023399198882712215,0.46656584438862564,0.46656584438862564,Atom type electrotopological state,continuous_float_like,block_X_local_electronic_atom_environment,True,False,0.991388044579534,0.5159036470874632,False,-0.0610935022829919,0.0610935022829919
maxHtCH,0.44316664550591345,-0.023399198882712215,0.46656584438862564,0.46656584438862564,Atom type electrotopological state,continuous_float_like,block_X_local_electronic_atom_environment,True,False,0.991388044579534,0.5159036470874632,False,-0.0610935022829919,0.0610935022829919
SHBint5,0.43894537789335336,-0.023176315952769002,0.46212169384612234,0.46212169384612234,Atom type electrotopological state,continuous_float_like,block_X_local_electronic_atom_environment,False,False,0.6388044579533941,0.9142386235456538,False,0.0594521460791962,0.0594521460791962
nHBint2,0.43347448597585,-0.02288745285952494,0.4563619388353749,0.4563619388353749,Atom type electrotopological state,integer_low_cardinality,block_X_local_electronic_atom_environment,True,False,0.7826747720364742,0.994701660435498,False,-0.0064942620323813,0.0064942620323813
nHBint5,0.42985990781808986,-0.02269660313279512,0.452556510950885,0.452556510950885,Atom type electrotopological state,integer_low_cardinality,block_X_local_electronic_atom_environment,True,False,0.6388044579533941,0.8866462079809929,False,-0.0261421020040585,0.0261421020040585
ndssS,0.4263856055712878,-0.022513159974164032,0.4488987655454518,0.4488987655454518,Atom type electrotopological state,binary_like,block_X_local_electronic_atom_environment,True,True,0.9994934143870314,0.2720801600322635,False,0.0200459296792549,0.0200459296792549
SdssS,-0.42638560557128774,0.022513159974164015,-0.44889876554545177,0.44889876554545177,Atom type electrotopological state,continuous_float_like,block_X_local_electronic_atom_environment,True,False,0.9994934143870314,0.2720801600322635,False,-0.0200459296792549,0.0200459296792549
mindssS,-0.42638560557128774,0.022513159974164015,-0.44889876554545177,0.44889876554545177,Atom type electrotopological state,continuous_float_like,block_X_local_electronic_atom_environment,True,False,0.9994934143870314,0.2720801600322635,False,-0.0200459296792549,0.0200459296792549
nAtomLC,0.42388745573926306,-0.022381257663033043,0.4462687134022961,0.4462687134022961,Largest chain,integer_count_like,not_assigned,False,False,0.2467071935157041,0.8580790156458765,False,0.035059050147611,0.035059050147611
WTPT-4,0.42320718249246847,-0.022345339235602144,0.44555252172807064,0.44555252172807064,Weighted path,continuous_float_like,block_Y_topological_connectivity_structure,False,False,0.0253292806484295,0.8382087209355806,False,0.031216381685645,0.031216381685645
nHBAcc3,0.42056324261860734,-0.0222057392102623,0.44276898182886965,0.44276898182886965,Hbond acceptor count,integer_low_cardinality,not_assigned,True,False,0.270516717325228,0.8139007764002217,False,0.0027962358554311,0.0027962358554311
VC-3,0.4074188417388316,-0.021511714843810568,0.4289305565826422,0.4289305565826422,Chi cluster,continuous_float_like,block_Y_topological_connectivity_structure,False,False,0.0091185410334346,0.9670372932726718,False,-0.0004182860574506,0.0004182860574506
SC-5,0.40130189003977396,-0.021188739794100245,0.4224906298338742,0.4224906298338742,Chi cluster,continuous_float_like,block_Y_topological_connectivity_structure,False,False,0.0354609929078014,0.8366186927098194,False,-0.1338227759372154,0.1338227759372154
SHdsCH,0.3993398339857574,-0.02108514323444791,0.42042497722020533,0.42042497722020533,Atom type electrotopological state,continuous_float_like,block_X_local_electronic_atom_environment,False,False,0.7781155015197568,0.6099985986290201,False,0.1074200655818567,0.1074200655818567
nHBint8,0.39258989734288297,-0.020728746579704225,0.4133186439225872,0.4133186439225872,Atom type electrotopological state,integer_low_cardinality,block_X_local_electronic_atom_environment,True,False,0.7330293819655522,0.9413914594484872,False,0.0619359924829412,0.0619359924829412
maxHAvin,0.3883540478638526,-0.0205050937272115,0.40885914159106407,0.40885914159106407,Atom type electrotopological state,continuous_float_like,block_X_local_electronic_atom_environment,False,False,0.8449848024316109,0.6872558074662729,False,0.1395100446007871,0.1395100446007871
minHAvin,0.38362945519913016,-0.020255635234514104,0.4038850904336443,0.4038850904336443,Atom type electrotopological state,continuous_float_like,block_X_local_electronic_atom_environment,False,False,0.8449848024316109,0.6925957843755427,False,0.1403590412080858,0.1403590412080858
SHBint3,0.37563717573948185,-0.01983364287904463,0.3954708186185265,0.3954708186185265,Atom type electrotopological state,continuous_float_like,block_X_local_electronic_atom_environment,False,False,0.7938196555217831,0.9418063475612514,False,-0.0629637558981815,0.0629637558981815
MLFER_S,0.3685437607004069,-0.019459110564981515,0.3880028712653884,0.3880028712653884,Molecular linear free energy relation,continuous_float_like,block_X_local_electronic_atom_environment,False,False,0.008611955420466,0.9151511984683648,False,0.0575817531943603,0.0575817531943603
minsI,-0.3681196508487758,0.01943671756481536,-0.38755636841359115,0.38755636841359115,Atom type electrotopological state,continuous_float_like,block_X_local_electronic_atom_environment,True,False,0.9979736575481256,0.4453179863612783,False,0.0290624405832896,0.0290624405832896
SdssC,-0.36593908301641254,0.01932158358326655,-0.38526066659967906,0.38526066659967906,Atom type electrotopological state,continuous_float_like,block_X_local_electronic_atom_environment,False,False,0.3824721377912867,0.8534380485758523,False,-0.0671440652605954,0.0671440652605954
nHBint3,0.3655633620145984,-0.019301745514370798,0.3848651075289692,0.3848651075289692,Atom type electrotopological state,integer_low_cardinality,block_X_local_electronic_atom_environment,True,False,0.7938196555217831,0.9720804119307008,False,-0.0646677967554735,0.0646677967554735
SdNH,0.3588078685353996,-0.01894505545866908,0.3777529239940687,0.3777529239940687,Atom type electrotopological state,continuous_float_like,block_X_local_electronic_atom_environment,True,False,0.9924012158054712,0.8935339109950252,False,-0.0255481981455156,0.0255481981455156
maxHBint6,0.3574169840397582,-0.018871616757299245,0.37628860079705745,0.37628860079705745,Atom type electrotopological state,continuous_float_like,block_X_local_electronic_atom_environment,False,False,0.6099290780141844,0.7620041653049366,False,0.0218976633041106,0.0218976633041106
nHdNH,0.3565244613685796,-0.018824491560261006,0.37534895292884063,0.37534895292884063,Atom type electrotopological state,integer_low_cardinality,block_X_local_electronic_atom_environment,True,False,0.9924012158054712,0.8972824410067307,False,-0.023593706549798,0.023593706549798
ndNH,0.3565244613685796,-0.018824491560261006,0.37534895292884063,0.37534895292884063,Atom type electrotopological state,integer_low_cardinality,block_X_local_electronic_atom_environment,True,False,0.9924012158054712,0.8972824410067307,False,-0.023593706549798,0.023593706549798
nHdsCH,0.3533801547335017,-0.01865847216992887,0.3720386269034306,0.3720386269034306,Atom type electrotopological state,integer_low_cardinality,block_X_local_electronic_atom_environment,True,False,0.7781155015197568,0.5895712936617493,False,0.0254602139548059,0.0254602139548059
ndsCH,0.3533801547335017,-0.01865847216992887,0.3720386269034306,0.3720386269034306,Atom type electrotopological state,integer_low_cardinality,block_X_local_electronic_atom_environment,True,False,0.7781155015197568,0.5895712936617493,False,0.025460213954806,0.025460213954806
nAtomLAC,0.34992152743965765,-0.01847585664881388,0.36839738408847156,0.36839738408847156,Longest aliphatic chain,integer_low_cardinality,not_assigned,True,False,0.4088145896656535,0.8561026320105337,False,0.0989581910399394,0.0989581910399394
SHdNH,0.3488256615192284,-0.018417994928215265,0.36724365644744367,0.36724365644744367,Atom type electrotopological state,continuous_float_like,block_X_local_electronic_atom_environment,True,False,0.9924012158054712,0.901003718007358,False,-0.0173326550861139,0.0173326550861139
SHBint8,0.34602096490371087,-0.01826990694691593,0.3642908718506268,0.3642908718506268,Atom type electrotopological state,continuous_float_like,block_X_local_electronic_atom_environment,False,False,0.7330293819655522,0.986641910357004,False,0.1048848245035352,0.1048848245035352
SC-4,0.3396275531081478,-0.01793233480411005,0.35755988791225785,0.35755988791225785,Chi cluster,continuous_float_like,block_Y_topological_connectivity_structure,False,False,0.7223910840932117,0.6179361444005879,False,-0.0223532602179837,0.0223532602179837
ETA_EtaP_B_RC,0.3357592290542355,-0.017728087294063957,0.35348731634829944,0.35348731634829944,Extended topochemical atom,continuous_float_like,block_X_local_electronic_atom_environment,False,False,0.0126646403242147,0.9247210990920358,False,-0.0229578594438416,0.0229578594438416
maxHdsCH,0.33240839487023466,-0.017551163249148325,0.349959558119383,0.349959558119383,Atom type electrotopological state,continuous_float_like,block_X_local_electronic_atom_environment,False,False,0.7781155015197568,0.6364101071490036,False,-0.0441945301023595,0.0441945301023595
nRotB,0.33201526358888384,-0.017530405917493105,0.34954566950637694,0.34954566950637694,Rotatable bonds count,integer_count_like,not_assigned,False,False,0.171225937183384,0.9442463615213385,False,-0.0305175895885057,0.0305175895885057
C3SP3,0.3294688164414199,-0.017395953508106975,0.34686476994952686,0.34686476994952686,Carbon types,integer_low_cardinality,block_Y_topological_connectivity_structure,True,False,0.7639311043566362,0.7171460029406914,False,-0.1255626745724471,0.1255626745724471
MAXDN2,0.32704258212805526,-0.01726784833636125,0.3443104304644165,0.3443104304644165,Atom type electrotopological state,continuous_float_like,block_X_local_electronic_atom_environment,False,False,0.0035460992907801,0.6680623742526912,False,-0.085398378201947,0.085398378201947
minHdsCH,0.3234180280757049,-0.01707647188239718,0.3404944999581021,0.3404944999581021,Atom type electrotopological state,continuous_float_like,block_X_local_electronic_atom_environment,False,False,0.7781155015197568,0.6562997891095095,False,-0.0458866793167452,0.0458866793167452
nHBint9,0.3128590428867643,-0.01651895746442114,0.3293780003511855,0.3293780003511855,Atom type electrotopological state,integer_low_cardinality,block_X_local_electronic_atom_environment,True,False,0.7548125633232016,0.909095769211569,False,0.0174778053699456,0.0174778053699456
nHBint7,0.3122138464683215,-0.016484891093527368,0.32869873756184886,0.32869873756184886,Atom type electrotopological state,integer_low_cardinality,block_X_local_electronic_atom_environment,True,False,0.6514690982776089,0.8827348335100463,False,-0.1618939452407505,0.1618939452407505
nsssCH,0.3014911384034581,-0.01591873210770262,0.3174098705111607,0.3174098705111607,Atom type electrotopological state,integer_low_cardinality,block_X_local_electronic_atom_environment,True,False,0.6063829787234043,0.98623703234613,False,0.1286431768365419,0.1286431768365419
maxHBint2,0.29965275297979715,-0.01582166535733322,0.31547441833713036,0.31547441833713036,Atom type electrotopological state,continuous_float_like,block_X_local_electronic_atom_environment,False,False,0.7847011144883486,0.7158981676160892,False,-0.0870686060691869,0.0870686060691869
SHCsatu,0.29922450567197767,-0.0157990538994805,0.31502355957145817,0.31502355957145817,Atom type electrotopological state,continuous_float_like,block_X_local_electronic_atom_environment,False,False,0.6170212765957447,0.8856294605085364,False,0.0438700358398902,0.0438700358398902
minHBint2,0.2979201171798437,-0.01573018218709567,0.31365029936693933,0.31365029936693933,Atom type electrotopological state,continuous_float_like,block_X_local_electronic_atom_environment,False,False,0.7826747720364742,0.4969964769640768,False,0.0584901890510668,0.0584901890510668
SHBint7,0.2965339475513252,-0.015656992430709896,0.3121909399820351,0.3121909399820351,Atom type electrotopological state,continuous_float_like,block_X_local_electronic_atom_environment,False,False,0.6514690982776089,0.718775968641736,False,-0.059758441516825,0.059758441516825
MLFER_BO,0.29611365350655555,-0.01563480090514616,0.31174845441170174,0.31174845441170174,Molecular linear free energy relation,continuous_float_like,block_X_local_electronic_atom_environment,False,False,0.0101317122593718,0.942802690596546,False,0.0224977614587732,0.0224977614587732
LipinskiFailures,0.2955199801463358,-0.015603454951726584,0.3111234350980624,0.3111234350980624,Rule of five,integer_low_cardinality,not_assigned,True,False,0.89209726443769,0.6519087101703023,False,0.0107180811001077,0.0107180811001077
SHBint9,0.2904863698591201,-0.015337680328561582,0.30582405018768166,0.30582405018768166,Atom type electrotopological state,continuous_float_like,block_X_local_electronic_atom_environment,False,False,0.7548125633232016,0.8272555031319401,False,0.0273695023384148,0.0273695023384148
SC-6,0.2902975619783385,-0.015327711272456267,0.30562527325079475,0.30562527325079475,Chi cluster,continuous_float_like,block_Y_topological_connectivity_structure,False,False,0.7477203647416414,0.6928941712386568,False,-0.0907183531402791,0.0907183531402791
MLFER_BH,0.289924032614804,-0.015307988922061842,0.30523202153686585,0.30523202153686585,Molecular linear free energy relation,continuous_float_like,block_X_local_electronic_atom_environment,False,False,0.0101317122593718,0.9263673525263438,False,0.0031785492386482,0.0031785492386482
maxdsCH,0.28260839500881335,-0.014921723256465232,0.2975301182652786,0.2975301182652786,Atom type electrotopological state,continuous_float_like,block_X_local_electronic_atom_environment,False,False,0.7781155015197568,0.786123975319885,False,-0.0530659426946029,0.0530659426946029
SdsCH,0.27787557953182884,-0.014671830599280625,0.29254741013110946,0.29254741013110946,Atom type electrotopological state,continuous_float_like,block_X_local_electronic_atom_environment,False,False,0.7781155015197568,0.6700285600765954,False,-0.0514924677934612,0.0514924677934612
MAXDN,0.27504734942909614,-0.014522500049856247,0.28956984947895237,0.28956984947895237,Atom type electrotopological state,continuous_float_like,block_X_local_electronic_atom_environment,False,False,0.0035460992907801,0.6261661653363209,False,0.0183809510999628,0.0183809510999628
BCUTp-1l,-0.2745869886572239,0.014498193001100867,-0.2890851816583248,0.2890851816583248,BCUT,continuous_float_like,block_X_local_electronic_atom_environment,False,False,0.0030395136778115,0.8533484285381185,False,0.0016151569020717,0.0016151569020717
nHCsatu,0.2645415149969015,-0.01396779199183643,0.27850930698873794,0.27850930698873794,Atom type electrotopological state,integer_low_cardinality,block_X_local_electronic_atom_environment,True,False,0.6170212765957447,0.9178471253015664,False,-0.0431147282153744,0.0431147282153744
mindsCH,0.26036097622399723,-0.0137470595446272,0.2741080357686244,0.2741080357686244,Atom type electrotopological state,continuous_float_like,block_X_local_electronic_atom_environment,False,False,0.7781155015197568,0.9039647394127748,False,-0.1074976609384396,0.1074976609384396
FMF,-0.2565284733646375,0.013544703393652784,-0.2700731767582903,0.2700731767582903,FMFDescriptor,continuous_float_like,not_assigned,False,False,0.0673758865248227,0.6701612572149256,False,0.0711054518449191,0.0711054518449191
minsssCH,-0.25188698554245237,0.013299632836641498,-0.26518661837909385,0.26518661837909385,Atom type electrotopological state,continuous_float_like,block_X_local_electronic_atom_environment,False,False,0.6063829787234043,0.6701954798374449,False,-0.0716963146765369,0.0716963146765369
VPC-5,0.251756150580517,-0.013292724750651424,0.2650488753311684,0.2650488753311684,Chi path cluster,continuous_float_like,block_Y_topological_connectivity_structure,False,False,0.0045592705167173,0.9780389355300502,False,0.114329753988737,0.114329753988737
C2SP1,0.24980637562872848,-0.01318977663319683,0.2629961522619253,0.2629961522619253,Carbon types,integer_low_cardinality,block_Y_topological_connectivity_structure,True,False,0.9883485309017224,0.4249984703324895,False,0.02381221893665,0.02381221893665
minwHBa,-0.2472289139816975,0.013053686658233619,-0.26028260063993114,0.26028260063993114,Atom type electrotopological state,continuous_float_like,block_X_local_electronic_atom_environment,False,False,0.0030395136778115,0.786327452256719,False,0.1777846419935087,0.1777846419935087
SsNH2,0.24587212109308393,-0.01298204799371484,0.25885416908679876,0.25885416908679876,Atom type electrotopological state,continuous_float_like,block_X_local_electronic_atom_environment,True,False,0.9746707193515703,0.9232124450186754,False,-0.0065085616841679,0.0065085616841679
nHsNH2,0.24386015226458826,-0.01287581603957022,0.25673596830415846,0.25673596830415846,Atom type electrotopological state,integer_low_cardinality,block_X_local_electronic_atom_environment,True,False,0.9746707193515703,0.9262799981390122,False,0.0042520500616498,0.0042520500616498
nsNH2,0.24386015226458826,-0.01287581603957022,0.25673596830415846,0.25673596830415846,Atom type electrotopological state,integer_low_cardinality,block_X_local_electronic_atom_environment,True,False,0.9746707193515703,0.9262799981390122,False,0.0042520500616498,0.0042520500616498
VC-5,0.2405909402915744,-0.01270320164739524,0.25329414193896965,0.25329414193896965,Chi cluster,continuous_float_like,block_Y_topological_connectivity_structure,False,False,0.0253292806484295,0.7255263607735163,False,0.1100067265875565,0.1100067265875565
VC-4,0.23218711587104324,-0.012259479717991167,0.2444465955890344,0.2444465955890344,Chi cluster,continuous_float_like,block_Y_topological_connectivity_structure,False,False,0.7223910840932117,0.7473611867693296,False,-0.0516077236907808,0.0516077236907808
nT7Ring,-0.23150971854531038,0.012223713139192448,-0.24373343168450284,0.24373343168450284,RingCountDescriptor,integer_low_cardinality,block_Y_topological_connectivity_structure,True,False,0.9457953394123608,0.9477941849599156,False,0.0517175137465631,0.0517175137465631
SHsNH2,0.23071697692059953,-0.012181856381407627,0.24289883330200715,0.24289883330200715,Atom type electrotopological state,continuous_float_like,block_X_local_electronic_atom_environment,True,False,0.9746707193515703,0.9248963303975644,False,0.0225755887722109,0.0225755887722109
nssssC,0.22957898981130362,-0.01212177066203692,0.24170076047334055,0.24170076047334055,Atom type electrotopological state,integer_low_cardinality,block_X_local_electronic_atom_environment,True,False,0.779128672745694,0.7058595518186048,False,-0.0532424867904725,0.0532424867904725
VCH-7,0.22903268794338105,-0.012092925923410405,0.24112561386679146,0.24112561386679146,Chi chain,continuous_float_like,block_Y_topological_connectivity_structure,False,False,0.0146909827760891,0.7884715588261185,False,-0.0583733967353457,0.0583733967353457
MDEC-14,0.22456923397570644,-0.011857255553917269,0.2364264895296237,0.2364264895296237,Molecular distance edge,continuous_float_like,block_Y_topological_connectivity_structure,False,False,0.8115501519756839,0.699436233197243,False,0.0911401256020597,0.0911401256020597
n7Ring,-0.22368735811617635,0.011810692508534141,-0.2354980506247105,0.2354980506247105,Ring count,integer_low_cardinality,block_Y_topological_connectivity_structure,True,False,0.9493414387031408,0.9213081366521628,False,0.0602325705027179,0.0602325705027179
VPC-6,0.22355316639974315,-0.011803607185906397,0.23535677358564955,0.23535677358564955,Chi path cluster,continuous_float_like,block_Y_topological_connectivity_structure,False,False,0.0045592705167173,0.9686057637471204,False,0.1232627917810582,0.1232627917810582
SCH-7,0.22246169236642793,-0.011745977356947135,0.23420766972337506,0.23420766972337506,Chi chain,continuous_float_like,block_Y_topological_connectivity_structure,False,False,0.0162107396149949,0.8201978631626883,False,-0.0433834746057304,0.0433834746057304
minssCH2,-0.2218361827622435,0.0117129504498465,-0.23354913321209,0.23354913321209,Atom type electrotopological state,continuous_float_like,block_X_local_electronic_atom_environment,False,False,0.2548125633232016,0.911199861442616,False,0.0118388168886275,0.0118388168886275
nF6Ring,0.221767295810829,-0.01170931321881178,0.23347660902964076,0.23347660902964076,Ring count,integer_low_cardinality,block_Y_topological_connectivity_structure,True,False,0.9696048632218844,0.6023219157632512,False,-0.0299470359585106,0.0299470359585106
SssssC,-0.21855325630576872,0.01153961193294463,-0.23009286823871333,0.23009286823871333,Atom type electrotopological state,continuous_float_like,block_X_local_electronic_atom_environment,False,False,0.779128672745694,0.6724876828535157,False,0.1249289628121935,0.1249289628121935
minssssC,-0.21796347492745038,0.011508471476169355,-0.22947194640361973,0.22947194640361973,Atom type electrotopological state,continuous_float_like,block_X_local_electronic_atom_environment,False,False,0.779128672745694,0.6312933802607399,False,-0.0319042429783168,0.0319042429783168
hmax,0.21747606226312077,-0.011482736087492807,0.22895879835061358,0.22895879835061358,Atom type electrotopological state,continuous_float_like,block_X_local_electronic_atom_environment,False,False,0.022289766970618,0.6251142186170805,False,0.0479513183401238,0.0479513183401238
C2SP3,0.21652159921209557,-0.011432340438398584,0.22795393965049415,0.22795393965049415,Carbon types,integer_count_like,block_Y_topological_connectivity_structure,False,False,0.342451874366768,0.950315211709582,False,-0.011307273455934,0.011307273455934
gmin,-0.21509928974342024,0.011357242498452646,-0.2264565322418729,0.2264565322418729,Atom type electrotopological state,continuous_float_like,block_X_local_electronic_atom_environment,False,False,0.0035460992907801,0.707918335500146,False,-0.1195436176222975,0.1195436176222975
mintsC,0.2123739811642431,-0.011213346205471994,0.2235873273697151,0.2235873273697151,Atom type electrotopological state,continuous_float_like,block_X_local_electronic_atom_environment,False,False,0.9483282674772036,0.5744298824181105,False,0.0436621585295736,0.0436621585295736
minHBa,0.21210477606489297,-0.011199132176226279,0.22330390824111926,0.22330390824111926,Atom type electrotopological state,continuous_float_like,block_X_local_electronic_atom_environment,False,False,0.0035460992907801,0.8936265341898804,False,-0.106104440648532,0.106104440648532
ETA_dAlpha_A,0.2117072051812305,-0.011178140433569008,0.22288534561479953,0.22288534561479953,Extended topochemical atom,continuous_float_like,block_X_local_electronic_atom_environment,False,False,0.9275582573454914,0.6641365197503931,False,-0.0387312368240853,0.0387312368240853
maxtsC,0.209811234424454,-0.011078033177611156,0.22088926760206518,0.22088926760206518,Atom type electrotopological state,continuous_float_like,block_X_local_electronic_atom_environment,False,False,0.9483282674772036,0.5728183952409396,False,0.0415532684662715,0.0415532684662715
mindssC,-0.20735891053179428,0.010948550476078678,-0.21830746100787296,0.21830746100787296,Atom type electrotopological state,continuous_float_like,block_X_local_electronic_atom_environment,False,False,0.3824721377912867,0.823347725074385,False,-0.0168694057054559,0.0168694057054559
ETA_dAlpha_B,0.20676757679489075,-0.010917328054770165,0.2176849048496609,0.2176849048496609,Extended topochemical atom,continuous_float_like,block_X_local_electronic_atom_environment,False,False,0.0759878419452887,0.7824352889415366,False,0.0357381437231022,0.0357381437231022
nHBint4,0.19820738198466414,-0.010465349768790318,0.20867273175345447,0.20867273175345447,Atom type electrotopological state,integer_low_cardinality,block_X_local_electronic_atom_environment,True,False,0.5785207700101317,0.6409784742646029,False,-0.0107702319863446,0.0107702319863446
MAXDP2,0.19659586216626934,-0.010380261522378616,0.20697612368864796,0.20697612368864796,Atom type electrotopological state,continuous_float_like,block_X_local_electronic_atom_environment,False,False,0.0030395136778115,0.7779987642747686,False,0.0200147202433544,0.0200147202433544
SsssCH,-0.19643479779823028,0.010371757323746547,-0.20680655512197682,0.20680655512197682,Atom type electrotopological state,continuous_float_like,block_X_local_electronic_atom_environment,False,False,0.6063829787234043,0.9183774610836768,False,0.1255223314804573,0.1255223314804573
minHBint7,0.19587203290915906,-0.010342043337603654,0.20621407624676272,0.20621407624676272,Atom type electrotopological state,continuous_float_like,block_X_local_electronic_atom_environment,False,False,0.6514690982776089,0.7907668837004106,False,0.1066243541220273,0.1066243541220273
VC-6,0.19168379909014974,-0.010120904591959884,0.20180470368210962,0.20180470368210962,Chi cluster,continuous_float_like,block_Y_topological_connectivity_structure,False,False,0.7477203647416414,0.8236678121687823,False,0.1180531712196704,0.1180531712196704
BCUTw-1l,0.1884587620498863,-0.00995062263623029,0.19840938468611657,0.19840938468611657,BCUT,continuous_float_like,block_X_local_electronic_atom_environment,False,False,0.2537993920972644,0.7531358974982364,False,-0.0413915915148792,0.0413915915148792
naaaC,-0.18610672900178923,0.009826435291294532,-0.19593316429308377,0.19593316429308377,Atom type electrotopological state,integer_low_cardinality,block_X_local_electronic_atom_environment,True,False,0.6448834853090172,0.6641874777387171,False,0.1041226135019123,0.1041226135019123
ndS,0.18474906474849487,-0.009754750618720573,0.19450381536721545,0.19450381536721545,Atom type electrotopological state,binary_like,block_X_local_electronic_atom_environment,True,True,0.9832826747720363,0.7514458018700428,False,-0.0764311202433576,0.0764311202433576
MAXDP,0.18418666061457117,-0.009725055680449944,0.19391171629502113,0.19391171629502113,Atom type electrotopological state,continuous_float_like,block_X_local_electronic_atom_environment,False,False,0.0030395136778115,0.7780708119992986,False,0.0375029917163191,0.0375029917163191
MDEC-44,0.1836790910534051,-0.009698256007619822,0.1933773470610249,0.1933773470610249,Molecular distance edge,continuous_float_like,block_Y_topological_connectivity_structure,True,False,0.9544072948328268,0.7216515198617958,False,0.0246521320928207,0.0246521320928207
maxaaaC,-0.18260896472713203,0.009641753337592467,-0.1922507180647245,0.1922507180647245,Atom type electrotopological state,continuous_float_like,block_X_local_electronic_atom_environment,False,False,0.6474164133738601,0.6467824803941732,False,-0.0208690407172137,0.0208690407172137
minaaaC,-0.17850399696309502,0.009425011039651576,-0.1879290080027466,0.1879290080027466,Atom type electrotopological state,continuous_float_like,block_X_local_electronic_atom_environment,False,False,0.6448834853090172,0.680704698036918,False,-0.1204690533885887,0.1204690533885887
ETA_EtaP_F,0.17675881714690922,-0.009332865545356435,0.18609168269226564,0.18609168269226564,Extended topochemical atom,continuous_float_like,block_X_local_electronic_atom_environment,False,False,0.0030395136778115,0.6613234474400307,False,-0.0356943373706283,0.0356943373706283
SaaaC,-0.1740440089422482,0.009189523672150729,-0.18323353261439893,0.18323353261439893,Atom type electrotopological state,continuous_float_like,block_X_local_electronic_atom_environment,False,False,0.6448834853090172,0.6128925861421429,False,0.0108399027780925,0.0108399027780925
nF11Ring,-0.1716916649747863,0.009065319910668692,-0.180756984885455,0.180756984885455,Ring count,integer_low_cardinality,block_Y_topological_connectivity_structure,True,False,0.9579533941236068,0.8672273277104736,False,-0.0022112524528374,0.0022112524528374
nT11Ring,-0.1716916649747863,0.009065319910668692,-0.180756984885455,0.180756984885455,RingCountDescriptor,integer_low_cardinality,block_Y_topological_connectivity_structure,True,False,0.9579533941236068,0.8672273277104736,False,-0.0022112524528374,0.0022112524528374
C1SP1,0.1716466681673302,-0.00906294407923507,0.1807096122465653,0.1807096122465653,Carbon types,integer_low_cardinality,block_Y_topological_connectivity_structure,True,False,0.9513677811550152,0.5548358707748744,False,-0.0115178109262562,0.0115178109262562
MDEC-11,0.16841815664770796,-0.008892478670998934,0.1773106353187069,0.1773106353187069,Molecular distance edge,continuous_float_like,block_Y_topological_connectivity_structure,False,False,0.6732522796352584,0.7876155651704251,False,-0.1295043765328002,0.1295043765328002
nssS,-0.16732660709226235,0.008834844854471438,-0.1761614519467338,0.1761614519467338,Atom type electrotopological state,integer_low_cardinality,block_X_local_electronic_atom_environment,True,False,0.8880445795339412,0.8959458965787074,False,-0.0269368101185181,0.0269368101185181
ETA_Epsilon_3,-0.1669759033557735,0.008816327697166419,-0.17579223105293992,0.17579223105293992,Extended topochemical atom,continuous_float_like,block_X_local_electronic_atom_environment,False,False,0.083080040526849,0.8817230348720216,False,0.0700693600049028,0.0700693600049028
ETA_BetaP,-0.16382547534365272,0.008649985098144589,-0.1724754604417973,0.1724754604417973,Extended topochemical atom,continuous_float_like,block_X_local_electronic_atom_environment,False,False,0.0227963525835866,0.8058095850037076,False,0.0033677424778174,0.0033677424778174
ETA_dBeta,-0.16000977039522088,0.008448515876867705,-0.1684582862720886,0.1684582862720886,Extended topochemical atom,continuous_float_like,block_X_local_electronic_atom_environment,False,False,0.0329280648429584,0.8099199152534466,False,0.0055191160575398,0.0055191160575398
minssS,0.1586797405899405,-0.008378290303148832,0.16705803089308932,0.16705803089308932,Atom type electrotopological state,continuous_float_like,block_X_local_electronic_atom_environment,False,False,0.8880445795339412,0.9413483941719027,False,-0.0527749272653576,0.0527749272653576
maxHBint7,0.15497130528729441,-0.008182484919169147,0.16315379020646356,0.16315379020646356,Atom type electrotopological state,continuous_float_like,block_X_local_electronic_atom_environment,False,False,0.6636271529888551,0.5620869969305977,False,0.0574064278363801,0.0574064278363801
nBase,0.15484675729172986,-0.008175908785003268,0.16302266607673313,0.16302266607673313,Basic group count,integer_low_cardinality,not_assigned,True,False,0.6621073961499493,0.9277219459894148,False,-0.013852439213357,0.013852439213357
nBondsT,0.15464627752273086,-0.00816532345320024,0.1628116009759311,0.1628116009759311,Bond count,integer_low_cardinality,block_Y_topological_connectivity_structure,True,False,0.9483282674772036,0.5569818007559911,False,-0.0108805576956473,0.0108805576956473
gmax,0.15301817833255063,-0.008079359815959022,0.16109753814850966,0.16109753814850966,Atom type electrotopological state,continuous_float_like,block_X_local_electronic_atom_environment,False,False,0.0030395136778115,0.6137178857163402,False,-0.0455259941409811,0.0455259941409811
StsC,0.15144334713978047,-0.007996208728980412,0.15943955586876088,0.15943955586876088,Atom type electrotopological state,continuous_float_like,block_X_local_electronic_atom_environment,False,False,0.9483282674772036,0.5276564180902754,False,-0.0052292122185411,0.0052292122185411
nG12Ring,0.15056537812705628,-0.007949851965108588,0.15851523009216487,0.15851523009216487,Ring count,binary_like,block_Y_topological_connectivity_structure,True,True,0.997467071935157,0.8841404118578382,False,0.0918370164728133,0.0918370164728133
ETA_Shape_X,0.1494742562341251,-0.007892240729161688,0.1573664969632868,0.1573664969632868,Extended topochemical atom,continuous_float_like,block_X_local_electronic_atom_environment,False,False,0.7223910840932117,0.6954790869047165,False,0.0836849129771554,0.0836849129771554
minHCsatu,0.1486784459792093,-0.007850221947702267,0.15652866792691156,0.15652866792691156,Atom type electrotopological state,continuous_float_like,block_X_local_electronic_atom_environment,False,False,0.6170212765957447,0.8031393306418184,False,-0.0645629440253038,0.0645629440253038
maxwHBa,0.1476460709988685,-0.0077957125487399135,0.15544178354760843,0.15544178354760843,Atom type electrotopological state,continuous_float_like,block_X_local_electronic_atom_environment,False,False,0.0035460992907801,0.5976298754321959,False,-0.0690889132210439,0.0690889132210439
ETA_BetaP_ns,-0.14727603514365895,0.0077761746555854265,-0.15505220979924436,0.15505220979924436,Extended topochemical atom,continuous_float_like,block_X_local_electronic_atom_environment,False,False,0.0217831813576494,0.797501510775098,False,0.019110826542982,0.019110826542982
ETA_dPsi_A,0.14645254555853843,-0.007732694405491395,0.15418523996402983,0.15418523996402983,Extended topochemical atom,continuous_float_like,block_X_local_electronic_atom_environment,False,False,0.0157041540020263,0.977006121002354,False,0.0238545489142687,0.0238545489142687
maxdNH,0.14551427379067383,-0.007683153656147609,0.15319742744682144,0.15319742744682144,Atom type electrotopological state,continuous_float_like,block_X_local_electronic_atom_environment,True,False,0.9924012158054712,0.772214045096907,False,-0.0117513573493949,0.0117513573493949
minHBint6,0.14477187062251082,-0.007643954768868586,0.1524158253913794,0.1524158253913794,Atom type electrotopological state,continuous_float_like,block_X_local_electronic_atom_environment,False,False,0.538500506585613,0.650691175556538,False,0.0300886719301324,0.0300886719301324
mindNH,0.14384996096272612,-0.007595277938831896,0.151445238901558,0.151445238901558,Atom type electrotopological state,continuous_float_like,block_X_local_electronic_atom_environment,True,False,0.9924012158054712,0.7651693080464019,False,-0.012462533713435,0.012462533713435
VCH-6,0.14374270244310586,-0.007589614688996005,0.15133231713210185,0.15133231713210185,Chi chain,continuous_float_like,block_Y_topological_connectivity_structure,False,False,0.022289766970618,0.9482132342528418,False,-0.0118640212416553,0.0118640212416553
maxHBa,0.14310737046645877,-0.007556069160628919,0.1506634396270877,0.1506634396270877,Atom type electrotopological state,continuous_float_like,block_X_local_electronic_atom_environment,False,False,0.0030395136778115,0.5443015667000797,False,0.0336739399581027,0.0336739399581027
maxHdNH,0.141840886205186,-0.007489198791633771,0.14933008499681977,0.14933008499681977,Atom type electrotopological state,continuous_float_like,block_X_local_electronic_atom_environment,True,False,0.9924012158054712,0.7792767935063605,False,0.0049660497795963,0.0049660497795963
maxHBint8,0.14098633343228367,-0.007444078405224597,0.14843041183750827,0.14843041183750827,Atom type electrotopological state,continuous_float_like,block_X_local_electronic_atom_environment,False,False,0.7406281661600811,0.7405407775317648,False,0.0132662082631449,0.0132662082631449
SCH-6,0.14056019466311054,-0.0074215782782119395,0.14798177294132248,0.14798177294132248,Chi chain,continuous_float_like,block_Y_topological_connectivity_structure,False,False,0.0243161094224924,0.9261381450100749,False,0.0176994890123536,0.0176994890123536
minHdNH,0.1365346287738091,-0.007209028399257113,0.1437436571730662,0.1437436571730662,Atom type electrotopological state,continuous_float_like,block_X_local_electronic_atom_environment,True,False,0.9924012158054712,0.7640073864962368,False,0.0041920800333092,0.0041920800333092
nF10Ring,0.13493313550443178,-0.007124469554633996,0.14205760505906578,0.14205760505906578,Ring count,integer_low_cardinality,block_Y_topological_connectivity_structure,True,False,0.4989868287740628,0.8280488796120106,False,-0.0131190382666183,0.0131190382666183
nT10Ring,0.13493313550443178,-0.007124469554633996,0.14205760505906578,0.14205760505906578,RingCountDescriptor,integer_low_cardinality,block_Y_topological_connectivity_structure,True,False,0.4989868287740628,0.8280488796120106,False,-0.0131190382666183,0.0131190382666183
ntsC,0.13193088769286884,-0.006965950870183394,0.13889683856305224,0.13889683856305224,Atom type electrotopological state,integer_low_cardinality,block_X_local_electronic_atom_environment,True,False,0.9483282674772036,0.5398771656272788,False,-0.0097894669333273,0.0097894669333273
SdS,0.1318420866965032,-0.00696126217757541,0.13880334887407864,0.13880334887407864,Atom type electrotopological state,continuous_float_like,block_X_local_electronic_atom_environment,True,False,0.9832826747720363,0.7563962747207833,False,0.0446557051113382,0.0446557051113382
mindS,0.1318420866965032,-0.00696126217757541,0.13880334887407864,0.13880334887407864,Atom type electrotopological state,continuous_float_like,block_X_local_electronic_atom_environment,True,False,0.9832826747720363,0.7563962747207833,False,0.0446557051113382,0.0446557051113382
maxdS,0.1318420866965032,-0.00696126217757541,0.13880334887407864,0.13880334887407864,Atom type electrotopological state,continuous_float_like,block_X_local_electronic_atom_environment,True,False,0.9832826747720363,0.7563962747207833,False,0.0446557051113382,0.0446557051113382
nF,0.13149432120074714,-0.006942900159399481,0.1384372213601466,0.1384372213601466,Atom count,integer_low_cardinality,block_Y_topological_connectivity_structure,True,False,0.8348530901722391,0.9824427044477664,False,0.0592393003771711,0.0592393003771711
nsF,0.13149432120074714,-0.006942900159399481,0.1384372213601466,0.1384372213601466,Atom type electrotopological state,integer_low_cardinality,block_X_local_electronic_atom_environment,True,False,0.8348530901722391,0.9824427044477664,False,0.0592393003771711,0.0592393003771711
maxHCsatu,0.1309781750139043,-0.006915647640734066,0.13789382265463837,0.13789382265463837,Atom type electrotopological state,continuous_float_like,block_X_local_electronic_atom_environment,False,False,0.6170212765957447,0.7382336210380692,False,0.0460909222791971,0.0460909222791971
ETA_Psi_1,-0.13090494093038105,0.006911780881123927,-0.13781672181150498,0.13781672181150498,Extended topochemical atom,continuous_float_like,block_X_local_electronic_atom_environment,False,False,0.0157041540020263,0.97211267230585,False,-0.024903289895943,0.024903289895943
SHBint4,0.1305107184501949,-0.006890965934170269,0.13740168438436517,0.13740168438436517,Atom type electrotopological state,continuous_float_like,block_X_local_electronic_atom_environment,False,False,0.5785207700101317,0.9106024507522475,False,0.0120583350075621,0.0120583350075621
SssS,0.1297038824874528,-0.006848364995337473,0.13655224748279027,0.13655224748279027,Atom type electrotopological state,continuous_float_like,block_X_local_electronic_atom_environment,False,False,0.8880445795339412,0.9109473785237308,False,0.0479933077745363,0.0479933077745363
ETA_dBetaP,-0.12625862498938187,0.006666455399439398,-0.13292508038882125,0.13292508038882125,Extended topochemical atom,continuous_float_like,block_X_local_electronic_atom_environment,False,False,0.0243161094224924,0.8100436714190397,False,0.0352430071293427,0.0352430071293427
MDEC-24,0.12444207558328589,-0.006570541590797359,0.13101261717408325,0.13101261717408325,Molecular distance edge,continuous_float_like,block_Y_topological_connectivity_structure,False,False,0.779128672745694,0.7816551393446567,False,-0.1015926114173093,0.1015926114173093
nX,0.12382434684063331,-0.0065379255131854585,0.13036227235381878,0.13036227235381878,Atom count,integer_low_cardinality,block_Y_topological_connectivity_structure,True,False,0.7077001013171226,0.928683251498028,False,0.0438648150398034,0.0438648150398034
nsssN,-0.1214038559065775,0.006410123591867209,-0.1278139794984447,0.1278139794984447,Atom type electrotopological state,integer_low_cardinality,block_X_local_electronic_atom_environment,True,False,0.5536980749746707,0.9823955538229046,False,-0.0712578865934076,0.0712578865934076
nTG12Ring,0.12138815575389025,-0.006409294623805318,0.12779745037769558,0.12779745037769558,RingCountDescriptor,integer_low_cardinality,block_Y_topological_connectivity_structure,True,False,0.7811550151975684,0.7498542698408571,False,-0.0408978186305926,0.0408978186305926
nsCH3,0.11767761282193212,-0.00621337795699801,0.12389099077893014,0.12389099077893014,Atom type electrotopological state,integer_low_cardinality,block_X_local_electronic_atom_environment,True,False,0.3642350557244174,0.8258458763474553,False,-0.0223697287613854,0.0223697287613854
nAtomP,0.11719143191926412,-0.006187707605337126,0.12337913952460125,0.12337913952460125,Largest Pi system,integer_count_like,not_assigned,False,False,0.119047619047619,0.6432676645826408,False,-0.0561505318899837,0.0561505318899837
nFRing,0.11424779316784511,-0.006032283479262158,0.12028007664710727,0.12028007664710727,Ring count,integer_low_cardinality,block_Y_topological_connectivity_structure,True,False,0.5668693009118541,0.6525258304275307,False,0.004979306791732,0.004979306791732
nT12Ring,-0.11374093691784712,0.0060055214692623544,-0.11974645838710947,0.11974645838710947,RingCountDescriptor,integer_low_cardinality,block_Y_topological_connectivity_structure,True,False,0.958966565349544,0.7682511539815866,False,0.0046341512510092,0.0046341512510092
nFG12Ring,0.11360818272401278,-0.005998512047827838,0.11960669477184062,0.11960669477184062,Ring count,integer_low_cardinality,block_Y_topological_connectivity_structure,True,False,0.7836879432624113,0.759075203119355,False,-0.0456597113039169,0.0456597113039169
nF12Ring,-0.11212557742212667,0.005920230487888269,-0.11804580791001494,0.11804580791001494,Ring count,integer_low_cardinality,block_Y_topological_connectivity_structure,True,False,0.9594731509625126,0.7589145789260154,False,0.003189519901432,0.003189519901432
ETA_EtaP_F_L,-0.10796966254515573,0.005700798182384081,-0.11367046072753982,0.11367046072753982,Extended topochemical atom,continuous_float_like,block_X_local_electronic_atom_environment,False,False,0.0045592705167173,0.7741063946524644,False,-0.0166763265557243,0.0166763265557243
ETA_Shape_Y,0.10736029214602986,-0.005668623425309655,0.11302891557133952,0.11302891557133952,Extended topochemical atom,continuous_float_like,block_X_local_electronic_atom_environment,False,False,0.0096251266464032,0.8031693052590901,False,0.0674198137733572,0.0674198137733572
minHBint9,-0.10709882167903645,0.005654817784653141,-0.11275363946368959,0.11275363946368959,Atom type electrotopological state,continuous_float_like,block_X_local_electronic_atom_environment,False,False,0.7548125633232016,0.7259017845821742,False,0.0214765229297055,0.0214765229297055
n4Ring,0.10299623701123346,-0.005438201314193164,0.10843443832542662,0.10843443832542662,Ring count,integer_low_cardinality,block_Y_topological_connectivity_structure,True,False,0.9908814589665652,0.3342605278634618,False,-0.0071521564275697,0.0071521564275697
nT4Ring,0.10299623701123346,-0.005438201314193164,0.10843443832542662,0.10843443832542662,RingCountDescriptor,integer_low_cardinality,block_Y_topological_connectivity_structure,True,False,0.9908814589665652,0.3342605278634618,False,-0.0071521564275697,0.0071521564275697
minaasC,-0.10138965607719123,0.005353373840875687,-0.10674302991806692,0.10674302991806692,Atom type electrotopological state,continuous_float_like,block_X_local_electronic_atom_environment,False,False,0.0268490374873353,0.865485503351744,False,-0.0123164540450625,0.0123164540450625
MDEC-13,0.10005334555231209,-0.005282816645162165,0.10533616219747426,0.10533616219747426,Molecular distance edge,continuous_float_like,block_Y_topological_connectivity_structure,False,False,0.3520770010131712,0.7814213961026598,False,0.016659294281533,0.016659294281533
SHdCH2,-0.09875141457749116,0.005214074689691517,-0.10396548926718267,0.10396548926718267,Atom type electrotopological state,continuous_float_like,block_X_local_electronic_atom_environment,True,False,0.9766970618034448,0.5010271529125438,False,0.0073107309682946,0.0073107309682946
minHdCH2,-0.09875141457749116,0.005214074689691517,-0.10396548926718267,0.10396548926718267,Atom type electrotopological state,continuous_float_like,block_X_local_electronic_atom_environment,True,False,0.9766970618034448,0.5010271529125438,False,0.0073107309682946,0.0073107309682946
maxHdCH2,-0.09875141457749116,0.005214074689691517,-0.10396548926718267,0.10396548926718267,Atom type electrotopological state,continuous_float_like,block_X_local_electronic_atom_environment,True,False,0.9766970618034448,0.5010271529125438,False,0.0073107309682946,0.0073107309682946
nF8Ring,0.09731144080460828,-0.005138044074483313,0.1024494848790916,0.1024494848790916,Ring count,integer_low_cardinality,block_Y_topological_connectivity_structure,True,False,0.9701114488348532,0.6037030581323217,False,0.0298451380878864,0.0298451380878864
C4SP3,0.09700801048301752,-0.005122022953503377,0.1021300334365209,0.1021300334365209,Carbon types,integer_low_cardinality,block_Y_topological_connectivity_structure,True,False,0.8632218844984803,0.7326507779582718,False,-0.0153977199659535,0.0153977199659535
MDEC-12,0.09646033833133578,-0.00509310586389447,0.10155344419523026,0.10155344419523026,Molecular distance edge,continuous_float_like,block_Y_topological_connectivity_structure,False,False,0.3520770010131712,0.7549118250475745,False,0.1556556061420337,0.1556556061420337
maxHBint3,0.0960259897902623,-0.005070172260925877,0.10109616205118818,0.10109616205118818,Atom type electrotopological state,continuous_float_like,block_X_local_electronic_atom_environment,False,False,0.8095238095238095,0.8305915094097243,False,-0.1239736893931997,0.1239736893931997
maxssssC,0.09407498365507495,-0.004967159136987971,0.09904214279206293,0.09904214279206293,Atom type electrotopological state,continuous_float_like,block_X_local_electronic_atom_environment,False,False,0.9199594731509624,0.4963256554980377,False,-0.0291889939556638,0.0291889939556638
minHBint4,0.0919323563713089,-0.004854028416405125,0.09678638478771402,0.09678638478771402,Atom type electrotopological state,continuous_float_like,block_X_local_electronic_atom_environment,False,False,0.5785207700101317,0.7536309165120166,False,-0.0150511591358121,0.0150511591358121
MDEC-34,0.08935865296516211,-0.004718136876560557,0.09407678984172267,0.09407678984172267,Molecular distance edge,continuous_float_like,block_Y_topological_connectivity_structure,False,False,0.779128672745694,0.8308064961463103,False,-0.1730454484177793,0.1730454484177793
nT8Ring,0.0891644823961953,-0.00470788467051915,0.09387236706671445,0.09387236706671445,RingCountDescriptor,integer_low_cardinality,block_Y_topological_connectivity_structure,True,False,0.9680851063829788,0.6035833202203663,False,0.0284639926550469,0.0284639926550469
nHdCH2,-0.08750887098701375,0.0046204683881143375,-0.09212933937512809,0.09212933937512809,Atom type electrotopological state,binary_like,block_X_local_electronic_atom_environment,True,True,0.9766970618034448,0.5201518183785473,False,0.0066399681740315,0.0066399681740315
ndCH2,-0.08750887098701375,0.0046204683881143375,-0.09212933937512809,0.09212933937512809,Atom type electrotopological state,binary_like,block_X_local_electronic_atom_environment,True,True,0.9766970618034448,0.5201518183785471,False,0.0066399681740314,0.0066399681740314
minwHBd,0.08664241102629791,-0.004574719302188552,0.09121713032848647,0.09121713032848647,Atom type electrotopological state,continuous_float_like,block_X_local_electronic_atom_environment,True,False,0.9822695035460992,0.6249151791144448,False,-0.0610722949552444,0.0610722949552444
BCUTw-1h,0.0846272569603643,-0.004468319167507343,0.08909557612787164,0.08909557612787164,BCUT,continuous_float_like,block_X_local_electronic_atom_environment,False,False,0.0146909827760891,0.7389299572661049,False,0.1212392491789911,0.1212392491789911
nCl,-0.08438613281377841,0.004455587812567558,-0.08884172062634596,0.08884172062634596,Atom count,integer_low_cardinality,block_Y_topological_connectivity_structure,True,False,0.9123606889564336,0.4332439090892231,False,-0.0085939491869879,0.0085939491869879
nsCl,-0.08438613281377841,0.004455587812567558,-0.08884172062634596,0.08884172062634596,Atom type electrotopological state,integer_low_cardinality,block_X_local_electronic_atom_environment,True,False,0.9123606889564336,0.4332439090892231,False,-0.0085939491869879,0.0085939491869879
SdCH2,-0.08397962369737204,0.0044341241312212485,-0.08841374782859329,0.08841374782859329,Atom type electrotopological state,continuous_float_like,block_X_local_electronic_atom_environment,True,False,0.9766970618034448,0.5252744757285576,False,-0.0010872195486885,0.0010872195486885
mindCH2,-0.08397962369737204,0.0044341241312212485,-0.08841374782859329,0.08841374782859329,Atom type electrotopological state,continuous_float_like,block_X_local_electronic_atom_environment,True,False,0.9766970618034448,0.5252744757285576,False,-0.0010872195486885,0.0010872195486885
maxdCH2,-0.08397962369737204,0.0044341241312212485,-0.08841374782859329,0.08841374782859329,Atom type electrotopological state,continuous_float_like,block_X_local_electronic_atom_environment,True,False,0.9766970618034448,0.5252744757285576,False,-0.0010872195486885,0.0010872195486885
SsCH3,0.08249402773190374,-0.004355684664244336,0.08684971239614808,0.08684971239614808,Atom type electrotopological state,continuous_float_like,block_X_local_electronic_atom_environment,False,False,0.3642350557244174,0.7746695318839141,False,-0.0457987504919631,0.0457987504919631
maxHBint4,0.08154733844975544,-0.004305699470147063,0.08585303791990251,0.08585303791990251,Atom type electrotopological state,continuous_float_like,block_X_local_electronic_atom_environment,False,False,0.6940222897669707,0.836774755156309,False,0.025906766736268,0.025906766736268
maxwHBd,0.08123887975285327,-0.00428941285095065,0.08552829260380392,0.08552829260380392,Atom type electrotopological state,continuous_float_like,block_X_local_electronic_atom_environment,True,False,0.9822695035460992,0.6245258251189748,False,-0.0178300141595085,0.0178300141595085
nTRing,0.07886224915786681,-0.004163926755535336,0.08302617591340215,0.08302617591340215,RingCountDescriptor,integer_low_cardinality,block_Y_topological_connectivity_structure,True,False,0.2487335359675785,0.8796086864641304,False,-0.0092029749036663,0.0092029749036663
minHCHnX,0.07806276666318375,-0.0041217140798161115,0.08218448074299986,0.08218448074299986,Atom type electrotopological state,continuous_float_like,block_X_local_electronic_atom_environment,True,False,0.9802431610942248,0.6449124812994722,False,-0.0983256507954646,0.0983256507954646
SddssS,-0.0768389654078906,0.004057097373536692,-0.0808960627814273,0.0808960627814273,Atom type electrotopological state,continuous_float_like,block_X_local_electronic_atom_environment,False,False,0.9376899696048632,0.5616277547730444,False,0.0289891153531942,0.0289891153531942
minddssS,-0.0768389654078906,0.004057097373536692,-0.0808960627814273,0.0808960627814273,Atom type electrotopological state,continuous_float_like,block_X_local_electronic_atom_environment,False,False,0.9376899696048632,0.5616277547730444,False,0.0289891153531942,0.0289891153531942
nddssS,0.07652746756055082,-0.004040650287197116,0.08056811784774794,0.08056811784774794,Atom type electrotopological state,binary_like,block_X_local_electronic_atom_environment,True,False,0.9376899696048632,0.5569704520751656,False,0.0128103150987693,0.0128103150987693
SwHBd,0.07506326099614934,-0.003963340180596712,0.07902660117674605,0.07902660117674605,Atom type electrotopological state,continuous_float_like,block_X_local_electronic_atom_environment,True,False,0.9822695035460992,0.6274318516613191,False,0.0216622349600749,0.0216622349600749
HybRatio,0.07300953834604837,-0.003854903624671086,0.07686444197071945,0.07686444197071945,HybridizationRatioDescriptor,continuous_float_like,not_assigned,False,False,0.1357649442755825,0.7892495668748173,False,-0.0072532100537311,0.0072532100537311
maxHCHnX,0.0729870524560689,-0.003853716369680387,0.07684076882574929,0.07684076882574929,Atom type electrotopological state,continuous_float_like,block_X_local_electronic_atom_environment,True,False,0.9802431610942248,0.6341409643891276,False,-0.0546757115788467,0.0546757115788467
naaS,-0.0690665138079364,0.003646711929059044,-0.07271322573699544,0.07271322573699544,Atom type electrotopological state,integer_low_cardinality,block_X_local_electronic_atom_environment,True,False,0.9052684903748732,0.6681600883712322,False,-0.0607905261544368,0.0607905261544368
SHCHnX,0.06725576546926014,-0.003551104416776949,0.07080686988603709,0.07080686988603709,Atom type electrotopological state,continuous_float_like,block_X_local_electronic_atom_environment,True,False,0.9802431610942248,0.6277006387010527,False,-0.0141839658477174,0.0141839658477174
minaaCH,-0.06557131064291973,0.003462165201946194,-0.06903347584486592,0.06903347584486592,Atom type electrotopological state,continuous_float_like,block_X_local_electronic_atom_environment,False,False,0.0288753799392097,0.6995185267913544,False,0.0117213469872244,0.0117213469872244
ETA_AlphaP,-0.06517676783433286,0.0034413333416536715,-0.06861810117598653,0.06861810117598653,Extended topochemical atom,continuous_float_like,block_X_local_electronic_atom_environment,False,False,0.0238095238095238,0.6189502939083115,False,-0.0441639927624177,0.0441639927624177
SCH-4,0.06392544762167039,-0.003375263634424123,0.06730071125609452,0.06730071125609452,Chi chain,continuous_float_like,block_Y_topological_connectivity_structure,True,False,0.9842958459979736,0.5439849341428807,False,0.0191563627907158,0.0191563627907158
maxsBr,0.06378516849034135,-0.0033678568962900272,0.06715302538663138,0.06715302538663138,Atom type electrotopological state,continuous_float_like,block_X_local_electronic_atom_environment,True,False,0.9594731509625126,0.6212572521563136,False,-0.0946348573769938,0.0946348573769938
nS,-0.061825404866071784,0.0032643813769286227,-0.06508978624300041,0.06508978624300041,Atom count,integer_low_cardinality,block_Y_topological_connectivity_structure,True,False,0.7325227963525835,0.8702369052015778,False,-0.0652966828429538,0.0652966828429538
PetitjeanNumber,0.061217168380651416,-0.0032322664904978335,0.06444943487114925,0.06444943487114925,Petitjean number,continuous_float_like,not_assigned,True,False,0.4792299898682877,0.4003317190452827,False,-0.0307465770448981,0.0307465770448981
minsBr,0.06101025578112559,-0.003221341505243417,0.064231597286369,0.064231597286369,Atom type electrotopological state,continuous_float_like,block_X_local_electronic_atom_environment,False,False,0.941742654508612,0.5766255796874384,False,0.0581814410615493,0.0581814410615493
ETA_EtaP_L,0.06065596593503016,-0.0032026350013692802,0.06385860093639943,0.06385860093639943,Extended topochemical atom,continuous_float_like,block_X_local_electronic_atom_environment,False,False,0.0045592705167173,0.8262068188281433,False,0.0200588903762498,0.0200588903762498
SHaaNH,-0.05758572866498203,0.003040526473511136,-0.060626255138493165,0.060626255138493165,Atom type electrotopological state,continuous_float_like,block_X_local_electronic_atom_environment,False,False,0.9275582573454914,0.8819979144516235,False,0.0519277222524131,0.0519277222524131
nF7Ring,-0.05703239112046832,0.003011310251160717,-0.06004370137162904,0.06004370137162904,Ring count,integer_low_cardinality,block_Y_topological_connectivity_structure,True,False,0.99645390070922,0.4074193338691133,False,-0.0225832129030671,0.0225832129030671
MDEN-13,0.05533589422101223,-0.00292173521486947,0.058257629435881704,0.058257629435881704,Molecular distance edge,continuous_float_like,block_Y_topological_connectivity_structure,True,False,0.9772036474164134,0.8267862697400852,False,0.0085640264247734,0.0085640264247734
VCH-4,0.05407573566731747,-0.0028551988432343554,0.056930934510551826,0.056930934510551826,Chi chain,continuous_float_like,block_Y_topological_connectivity_structure,True,False,0.9842958459979736,0.5560571855614104,False,0.0017896128043046,0.0017896128043046
maxHaaNH,-0.05281231148324709,0.0027884900463154283,-0.05560080152956252,0.05560080152956252,Atom type electrotopological state,continuous_float_like,block_X_local_electronic_atom_environment,False,False,0.9275582573454914,0.8852878901090903,False,-0.0228599757104631,0.0228599757104631
minHaaNH,-0.051981471478045216,0.0027446216940407186,-0.05472609317208593,0.05472609317208593,Atom type electrotopological state,continuous_float_like,block_X_local_electronic_atom_environment,False,False,0.9275582573454914,0.8859009940526995,False,-0.0189875411635703,0.0189875411635703
SaaS,0.05117754366429032,-0.002702174305474629,0.05387971796976495,0.05387971796976495,Atom type electrotopological state,continuous_float_like,block_X_local_electronic_atom_environment,False,False,0.9052684903748732,0.6477269168829302,False,-0.0369872951789702,0.0369872951789702
SCH-3,0.050729966033033216,-0.0026785422065441706,0.053408508239577386,0.053408508239577386,Chi chain,continuous_float_like,block_Y_topological_connectivity_structure,True,False,0.9934143870314084,0.440286313917598,False,-0.0083901831687708,0.0083901831687708
VCH-3,0.050729966033033216,-0.0026785422065441706,0.053408508239577386,0.053408508239577386,Chi chain,continuous_float_like,block_Y_topological_connectivity_structure,True,False,0.9934143870314084,0.4402863139175982,False,-0.0083901831687708,0.0083901831687708
SsBr,0.050314056220973825,-0.0026565821684673818,0.05297063838944121,0.05297063838944121,Atom type electrotopological state,continuous_float_like,block_X_local_electronic_atom_environment,False,False,0.941742654508612,0.5837252674614843,False,0.0267038919583123,0.0267038919583123
maxaasC,-0.0496814777893066,0.0026231820272753148,-0.05230465981658192,0.05230465981658192,Atom type electrotopological state,continuous_float_like,block_X_local_electronic_atom_environment,False,False,0.0288753799392097,0.9800022421128808,False,-0.0405531419843051,0.0405531419843051
minsCl,-0.04531665938627879,0.0023927196155955517,-0.047709379001874344,0.047709379001874344,Atom type electrotopological state,continuous_float_like,block_X_local_electronic_atom_environment,False,False,0.9123606889564336,0.4620923764382406,False,0.0515290377916028,0.0515290377916028
n8Ring,-0.0450605909059333,0.0023791991998332717,-0.04743979010576657,0.04743979010576657,Ring count,binary_like,block_Y_topological_connectivity_structure,True,True,0.9979736575481256,0.2514671559744947,False,-0.0066793291018922,0.0066793291018922
maxsCl,-0.04471778533436331,0.0023610990656543636,-0.04707888440001767,0.04707888440001767,Atom type electrotopological state,continuous_float_like,block_X_local_electronic_atom_environment,False,False,0.9123606889564336,0.4539534270430624,False,0.0369549336369998,0.0369549336369998
n3Ring,0.04346213630327868,-0.0022948007968130926,0.04575693710009177,0.04575693710009177,Ring count,binary_like,block_Y_topological_connectivity_structure,True,True,0.9934143870314084,0.4420421587394715,False,-0.0020625748741165,0.0020625748741165
minaasN,-0.04317289895079662,0.002279529064601972,-0.045452428015398595,0.045452428015398595,Atom type electrotopological state,continuous_float_like,block_X_local_electronic_atom_environment,False,False,0.903242147922999,0.8072745425312949,False,-0.0475506040784344,0.0475506040784344
maxaasN,-0.04283042687399736,0.0022614465389470526,-0.04509187341294441,0.04509187341294441,Atom type electrotopological state,continuous_float_like,block_X_local_electronic_atom_environment,False,False,0.903242147922999,0.8091611608588526,False,-0.051238011749773,0.051238011749773
naasN,0.04040448947828895,-0.0021333570444536537,0.0425378465227426,0.0425378465227426,Atom type electrotopological state,integer_low_cardinality,block_X_local_electronic_atom_environment,True,False,0.903242147922999,0.7723699591098252,False,0.0903497402545719,0.0903497402545719
maxsNH2,0.039622523003922765,-0.0020920692146071587,0.041714592218529925,0.041714592218529925,Atom type electrotopological state,continuous_float_like,block_X_local_electronic_atom_environment,True,False,0.9746707193515703,0.6471959524983127,False,-0.0411097593525868,0.0411097593525868
SsCl,-0.036797357164886316,0.0019429004583060069,-0.038740257623192324,0.038740257623192324,Atom type electrotopological state,continuous_float_like,block_X_local_electronic_atom_environment,False,False,0.9123606889564336,0.4279838671012555,False,-0.060370365197065,0.060370365197065
maxHBint9,-0.0360403901646528,0.0019029326006936723,-0.03794332276534647,0.03794332276534647,Atom type electrotopological state,continuous_float_like,block_X_local_electronic_atom_environment,False,False,0.7563323201621074,0.6075747454160373,False,0.0172573852312166,0.0172573852312166
maxHBint5,0.03509574766240763,-0.0018530554765751276,0.03694880313898276,0.03694880313898276,Atom type electrotopological state,continuous_float_like,block_X_local_electronic_atom_environment,False,False,0.6524822695035462,0.931758142886399,False,-0.044652656195852,0.044652656195852
maxHaaCH,-0.03480817724478528,0.0018378717585248523,-0.03664604900331013,0.03664604900331013,Atom type electrotopological state,continuous_float_like,block_X_local_electronic_atom_environment,False,False,0.0288753799392097,0.6365824016314054,False,0.002663708077259,0.002663708077259
minsNH2,0.034084921049413255,-0.0017996838314089474,0.0358846048808222,0.0358846048808222,Atom type electrotopological state,continuous_float_like,block_X_local_electronic_atom_environment,True,False,0.9746707193515703,0.6296886507606396,False,-0.0454688149849425,0.0454688149849425
minaaS,0.03329087133231439,-0.0017577580063461483,0.03504862933866054,0.03504862933866054,Atom type electrotopological state,continuous_float_like,block_X_local_electronic_atom_environment,False,False,0.9052684903748732,0.6512141711038377,False,-0.030084923282196,0.030084923282196
minHBint3,0.03298052744516274,-0.0017413718491045983,0.03472189929426734,0.03472189929426734,Atom type electrotopological state,continuous_float_like,block_X_local_electronic_atom_environment,False,False,0.7938196555217831,0.8102424125767558,False,0.0570957509390213,0.0570957509390213
SCH-5,-0.032866868017504575,0.0017353706313242507,-0.034602238648828824,0.034602238648828824,Chi chain,continuous_float_like,block_Y_topological_connectivity_structure,False,False,0.4265450861195542,0.953225656810327,False,-0.0191313104129685,0.0191313104129685
maxsCH3,-0.032765120635315934,0.001729998369544425,-0.03449511900486036,0.03449511900486036,Atom type electrotopological state,continuous_float_like,block_X_local_electronic_atom_environment,False,False,0.3642350557244174,0.6395146622324249,False,0.0070720666057331,0.0070720666057331
nP,-0.03184648776492411,0.0016814945539879963,-0.0335279823189121,0.0335279823189121,Atom count,binary_like,block_Y_topological_connectivity_structure,True,True,0.9989868287740628,0.2844338394402036,False,0.0058491052293041,0.0058491052293041
ndsssP,-0.03184648776492411,0.0016814945539879963,-0.0335279823189121,0.0335279823189121,Atom type electrotopological state,binary_like,block_X_local_electronic_atom_environment,True,True,0.9989868287740628,0.2844338394402036,False,0.0058491052293041,0.0058491052293041
SdsssP,0.03184647259029794,-0.001681493752767731,0.03352796634306567,0.03352796634306567,Atom type electrotopological state,continuous_float_like,block_X_local_electronic_atom_environment,True,False,0.9989868287740628,0.2844850629985826,False,-0.0058035159014629,0.0058035159014629
mindsssP,0.03184647259029794,-0.001681493752767731,0.03352796634306567,0.03352796634306567,Atom type electrotopological state,continuous_float_like,block_X_local_electronic_atom_environment,True,False,0.9989868287740628,0.2844850629985826,False,-0.0058035159014629,0.0058035159014629
minsCH3,-0.03144695238227723,0.0016603990857840321,-0.033107351468061263,0.033107351468061263,Atom type electrotopological state,continuous_float_like,block_X_local_electronic_atom_environment,False,False,0.3642350557244174,0.6262246026963474,False,-0.0877312653732943,0.0877312653732943
MDEN-11,-0.029296403144074463,0.0015468500860071268,-0.03084325323008159,0.03084325323008159,Molecular distance edge,continuous_float_like,block_Y_topological_connectivity_structure,True,False,0.9883485309017224,0.8081379888926254,False,-0.0418927384359305,0.0418927384359305
nssssNp,-0.022513159974164032,0.0011886948466358527,-0.023701854820799884,0.023701854820799884,Atom type electrotopological state,binary_like,block_X_local_electronic_atom_environment,True,True,0.9994934143870314,0.191200108314413,False,0.0038562520580413,0.0038562520580413
SssssNp,-0.022513159974164032,0.0011886948466358527,-0.023701854820799884,0.023701854820799884,Atom type electrotopological state,continuous_float_like,block_X_local_electronic_atom_environment,True,False,0.9994934143870314,0.191200108314413,False,0.0038562520580413,0.0038562520580413
minssssNp,-0.022513159974164032,0.0011886948466358527,-0.023701854820799884,0.023701854820799884,Atom type electrotopological state,continuous_float_like,block_X_local_electronic_atom_environment,True,False,0.9994934143870314,0.191200108314413,False,0.0038562520580413,0.0038562520580413
maxssssNp,-0.022513159974164032,0.0011886948466358527,-0.023701854820799884,0.023701854820799884,Atom type electrotopological state,continuous_float_like,block_X_local_electronic_atom_environment,True,False,0.9994934143870314,0.191200108314413,False,0.0038562520580413,0.0038562520580413
n12Ring,-0.022513159974164032,0.0011886948466358527,-0.023701854820799884,0.023701854820799884,Ring count,binary_like,block_Y_topological_connectivity_structure,True,True,0.9994934143870314,0.395105541518263,False,0.0161773432187953,0.0161773432187953
SsSH,-0.022513159974164032,0.0011886948466358414,-0.023701854820799874,0.023701854820799874,Atom type electrotopological state,continuous_float_like,block_X_local_electronic_atom_environment,True,False,0.9994934143870314,0.2618341071474339,False,-0.0021195681230724,0.0021195681230724
minsSH,-0.022513159974164032,0.0011886948466358414,-0.023701854820799874,0.023701854820799874,Atom type electrotopological state,continuous_float_like,block_X_local_electronic_atom_environment,True,False,0.9994934143870314,0.2618341071474339,False,-0.0021195681230724,0.0021195681230724
maxsSH,-0.022513159974164032,0.0011886948466358414,-0.023701854820799874,0.023701854820799874,Atom type electrotopological state,continuous_float_like,block_X_local_electronic_atom_environment,True,False,0.9994934143870314,0.2618341071474339,False,-0.0021195681230724,0.0021195681230724
nHsSH,-0.022513159974164032,0.0011886948466358338,-0.023701854820799867,0.023701854820799867,Atom type electrotopological state,binary_like,block_X_local_electronic_atom_environment,True,True,0.9994934143870314,0.2618341071474338,False,-0.0021195681230724,0.0021195681230724
nsSH,-0.022513159974164032,0.0011886948466358338,-0.023701854820799867,0.023701854820799867,Atom type electrotopological state,binary_like,block_X_local_electronic_atom_environment,True,True,0.9994934143870314,0.2618341071474338,False,-0.0021195681230724,0.0021195681230724
SHsSH,-0.022513159974164025,0.0011886948466358319,-0.023701854820799857,0.023701854820799857,Atom type electrotopological state,continuous_float_like,block_X_local_electronic_atom_environment,True,False,0.9994934143870314,0.2618341071474338,False,-0.0021195681230724,0.0021195681230724
minHsSH,-0.022513159974164025,0.0011886948466358319,-0.023701854820799857,0.023701854820799857,Atom type electrotopological state,continuous_float_like,block_X_local_electronic_atom_environment,True,False,0.9994934143870314,0.2618341071474338,False,-0.0021195681230724,0.0021195681230724
maxHsSH,-0.022513159974164025,0.0011886948466358319,-0.023701854820799857,0.023701854820799857,Atom type electrotopological state,continuous_float_like,block_X_local_electronic_atom_environment,True,False,0.9994934143870314,0.2618341071474338,False,-0.0021195681230724,0.0021195681230724
minHBint8,0.022368477624356814,-0.0011810556185660366,0.02354953324292285,0.02354953324292285,Atom type electrotopological state,continuous_float_like,block_X_local_electronic_atom_environment,False,False,0.7330293819655522,0.729991289301405,False,-0.0513884044258493,0.0513884044258493
MDEN-12,-0.021781320177776807,0.0011500537053865932,-0.0229313738831634,0.0229313738831634,Molecular distance edge,continuous_float_like,block_Y_topological_connectivity_structure,True,False,0.9650455927051672,0.8892855471608193,False,0.1018592736653134,0.1018592736653134
minHother,-0.020645290012749912,0.001090071312673831,-0.021735361325423745,0.021735361325423745,Atom type electrotopological state,continuous_float_like,block_X_local_electronic_atom_environment,False,False,0.0060790273556231,0.6790559242449126,False,0.0867832018798928,0.0867832018798928
minHaaCH,0.014587091776923279,-0.0007701984458215899,0.015357290222744869,0.015357290222744869,Atom type electrotopological state,continuous_float_like,block_X_local_electronic_atom_environment,False,False,0.0288753799392097,0.6256892668687128,False,0.0092490405072565,0.0092490405072565
minHsNH2,-0.014580653151463261,0.000769858486397311,-0.015350511637860572,0.015350511637860572,Atom type electrotopological state,continuous_float_like,block_X_local_electronic_atom_environment,True,False,0.9746707193515703,0.6203674597311869,False,0.028684941406203,0.028684941406203
nwHBd,0.014286148135538237,-0.0007543086215563865,0.015040456757094624,0.015040456757094624,Atom type electrotopological state,integer_low_cardinality,block_X_local_electronic_atom_environment,True,False,0.9822695035460992,0.669825927872126,False,0.0960022933900262,0.0960022933900262
SaasN,0.01405211801291831,-0.0007419518310821332,0.014794069844000442,0.014794069844000442,Atom type electrotopological state,continuous_float_like,block_X_local_electronic_atom_environment,False,False,0.903242147922999,0.8153581001998764,False,-0.0636440053416122,0.0636440053416122
nHaaNH,-0.013922496842733476,0.0007351078332962516,-0.014657604676029728,0.014657604676029728,Atom type electrotopological state,integer_low_cardinality,block_X_local_electronic_atom_environment,True,False,0.9275582573454914,0.8431168044219128,False,0.0453371114232662,0.0453371114232662
naaNH,-0.013922496842733476,0.0007351078332962516,-0.014657604676029728,0.014657604676029728,Atom type electrotopological state,integer_low_cardinality,block_X_local_electronic_atom_environment,True,False,0.9275582573454914,0.8431168044219128,False,0.0453371114232662,0.0453371114232662
minaaNH,0.012758544576971119,-0.0006736511536641577,0.013432195730635275,0.013432195730635275,Atom type electrotopological state,continuous_float_like,block_X_local_electronic_atom_environment,False,False,0.9275582573454914,0.8247837299967081,False,-0.0492282164989409,0.0492282164989409
maxaaNH,0.01242559046457675,-0.0006560711765296522,0.013081661641106402,0.013081661641106402,Atom type electrotopological state,continuous_float_like,block_X_local_electronic_atom_environment,False,False,0.9275582573454914,0.8249701612478084,False,-0.050637942631809,0.050637942631809
maxdssC,0.010683706097419102,-0.0005640996819436396,0.01124780577936274,0.01124780577936274,Atom type electrotopological state,continuous_float_like,block_X_local_electronic_atom_environment,False,False,0.6266464032421479,0.762896120982602,False,0.0960303248253724,0.0960303248253724
ntN,-0.01004141660096386,0.0005301867965308342,-0.010571603397494694,0.010571603397494694,Atom type electrotopological state,integer_low_cardinality,block_X_local_electronic_atom_environment,True,False,0.9599797365754812,0.4906163827136525,False,-0.0276219078726422,0.0276219078726422
minsOm,0.009443042254012017,-0.0004985926310118808,0.009941634885023897,0.009941634885023897,Atom type electrotopological state,continuous_float_like,block_X_local_electronic_atom_environment,True,False,0.9908814589665652,0.4207563084628279,False,0.0335119147755259,0.0335119147755259
ETA_dEpsilon_B,-0.00944193307168084,0.000498534066184584,-0.009940467137865424,0.009940467137865424,Extended topochemical atom,continuous_float_like,block_X_local_electronic_atom_environment,False,False,0.0106382978723404,0.8673494370262719,False,0.0462615814096991,0.0462615814096991
maxHother,-0.009256118961422508,0.00048872308116309,-0.009744842042585598,0.009744842042585598,Atom type electrotopological state,continuous_float_like,block_X_local_electronic_atom_environment,False,False,0.0060790273556231,0.7090095563876979,False,-0.1229223584985713,0.1229223584985713
maxsOm,0.008998524307304166,-0.00047512208342564765,0.009473646390729814,0.009473646390729814,Atom type electrotopological state,continuous_float_like,block_X_local_electronic_atom_environment,True,False,0.9908814589665652,0.4201415002574976,False,0.0322040926765582,0.0322040926765582
StN,-0.008599424426930413,0.0004540496097418744,-0.009053474036672287,0.009053474036672287,Atom type electrotopological state,continuous_float_like,block_X_local_electronic_atom_environment,True,False,0.9599797365754812,0.4912167683872854,False,-0.0360465141716726,0.0360465141716726
n5Ring,-0.008097183356133594,0.0004275312812039071,-0.008524714637337501,0.008524714637337501,Ring count,integer_low_cardinality,block_Y_topological_connectivity_structure,True,False,0.4356636271529888,0.9763829901588302,False,-0.0277793240027616,0.0277793240027616
nT5Ring,-0.008097183356133594,0.0004275312812039071,-0.008524714637337501,0.008524714637337501,RingCountDescriptor,integer_low_cardinality,block_Y_topological_connectivity_structure,True,False,0.4356636271529888,0.9763829901588302,False,-0.0277793240027616,0.0277793240027616
MDEO-22,-0.007787110640982981,0.0004111594418439381,-0.00819827008282692,0.00819827008282692,Molecular distance edge,continuous_float_like,block_Y_topological_connectivity_structure,False,False,0.7137791286727457,0.8680271309253246,False,0.1028699501684334,0.1028699501684334
nF9Ring,0.006298508289633203,-0.000332561237692668,0.006631069527325871,0.006631069527325871,Ring count,integer_low_cardinality,block_Y_topological_connectivity_structure,True,False,0.6058763931104356,0.7755133818272653,False,0.0855676075095463,0.0855676075095463
nT9Ring,0.006298508289633203,-0.000332561237692668,0.006631069527325871,0.006631069527325871,RingCountDescriptor,integer_low_cardinality,block_Y_topological_connectivity_structure,True,False,0.6058763931104356,0.7755133818272653,False,0.0855676075095463,0.0855676075095463
MDEN-33,-0.0058148281638478105,0.0003070229270511618,-0.006121851090898973,0.006121851090898973,Molecular distance edge,continuous_float_like,block_Y_topological_connectivity_structure,False,False,0.8708206686930091,0.5908575360522048,False,0.0193844212190602,0.0193844212190602
SsOm,-0.005371483208257586,0.000283614313395996,-0.005655097521653583,0.005655097521653583,Atom type electrotopological state,continuous_float_like,block_X_local_electronic_atom_environment,True,False,0.9908814589665652,0.4076515416335924,False,-0.0300457853771092,0.0300457853771092
nsOm,-0.004613206011954082,0.0002435772774312075,-0.004856783289385289,0.004856783289385289,Atom type electrotopological state,integer_low_cardinality,block_X_local_electronic_atom_environment,True,False,0.9908814589665652,0.4075855015524308,False,-0.0331398646632528,0.0331398646632528
VCH-5,-0.004564443978539704,0.0002410026420668525,-0.004805446620606556,0.004805446620606556,Chi chain,continuous_float_like,block_Y_topological_connectivity_structure,False,False,0.4265450861195542,0.8816235653793312,False,0.1426396307589335,0.1426396307589335
SaaNH,0.004363117789524775,-0.00023037261928683393,0.004593490408811609,0.004593490408811609,Atom type electrotopological state,continuous_float_like,block_X_local_electronic_atom_environment,False,False,0.9275582573454914,0.8165604155198294,False,0.0438717018642996,0.0438717018642996
mintN,0.003476004816378892,-0.0001835330543048485,0.0036595378706837404,0.0036595378706837404,Atom type electrotopological state,continuous_float_like,block_X_local_electronic_atom_environment,True,False,0.9599797365754812,0.4805579438000094,False,0.0170805205641415,0.0170805205641415
maxtN,0.0033973760627577054,-0.00017938145611365902,0.0035767575188713646,0.0035767575188713646,Atom type electrotopological state,continuous_float_like,block_X_local_electronic_atom_environment,True,False,0.9599797365754812,0.4805191166024947,False,0.0167778242794235,0.0167778242794235
ATSc5,-0.0027419442171506703,0.0001447746546655632,-0.0028867188718162337,0.0028867188718162337,Autocorrelation (charge),continuous_float_like,block_X_local_electronic_atom_environment,False,False,0.0030395136778115,0.8749945354845327,False,-0.0168553293441421,0.0168553293441421
nBr,-0.0027172428741585666,0.00014347042375563129,-0.002860713297914198,0.002860713297914198,Atom count,integer_low_cardinality,block_Y_topological_connectivity_structure,True,False,0.941742654508612,0.500778276508819,False,-0.0203596619570719,0.0203596619570719
nsBr,-0.0027172428741585666,0.00014347042375563129,-0.002860713297914198,0.002860713297914198,Atom type electrotopological state,integer_low_cardinality,block_X_local_electronic_atom_environment,True,False,0.941742654508612,0.500778276508819,False,-0.0203596619570719,0.0203596619570719
maxHsNH2,0.0024499240059670923,-0.00012935598751506253,0.002579279993482155,0.002579279993482155,Atom type electrotopological state,continuous_float_like,block_X_local_electronic_atom_environment,True,False,0.9746707193515703,0.6574650952949418,False,0.0353458431980821,0.0353458431980821
nHCHnX,-0.000425088554937443,2.244467570069825e-05,-0.00044753323063814125,0.00044753323063814125,Atom type electrotopological state,integer_low_cardinality,block_X_local_electronic_atom_environment,True,False,0.9802431610942248,0.6404461450794509,False,0.0279652639741048,0.0279652639741048
